price;area;lat;lon
6554145;43,5;55,186757;61,226865
5840640;40,56;55,213324;61,30255
29800000;102,93;55,15713553;61,41171927
7849000;48,45;55,186378;61,226709
14691280;81,8;55,16002;61,43216
7406920;32,04;55,17205061;61,29205778
18855720;79,55;55,16976;61,3722
6545000;38,5;55,17230151;61,29111409
4630547;38,15;55,173447;61,321741
6102750;61,59;55,10314;61,247069
19558300;72,94;55,169879;61,371867
10136100;44,06;55,148498;61,363387
5418000;30,1;55,17319;61,289033
6050000;38,58;55,17454;61,41601
8302500;55,34;55,173447;61,321741
3888610;24,37;55,104096;61,350497
6483269;38,18;55,172805;61,365669
6314000;41;55,172661;61,473134
7832650;56,34;55,21335569;61,30290753
7530213;51,08;55,18692;61,23104
6500000;39,27;55,17454;61,41601
9751966;66,51;55,250793;61,403197
5725500;34,7;55,17282962;61,29152178
5142720;38,95;55,10547;61,34532
10199000;72,84;55,173447;61,321741
10430000;67,05;55,197718;61,185027
13189200;45,47;55,1485743;61,36363528
6450000;41,72;55,17454;61,41601
7319000;56,29;55,170912;61,318013
5868000;40,75;55,21298762;61,30193121
10936800;55,79;55,160746;61,431749
8259550;38,22;55,17205061;61,29205778
5235000;34,9;55,17306391;61,31981861
7142064;49,45;55,173447;61,321741
12574000;89,76;55,186378;61,226709
10610964;56,88;55,15142;61,30195
4168980;24,37;55,10907;61,35937
33783750;123,75;55,16916799;61,37096213
8890000;52,25;55,11612993;61,45367541
9480276;51,79;55,157389;61,402709
15613700;80,9;55,096178;61,240866
11080020;80,29;55,108254;61,249729
9176200;40,27;55,178617;61,359747
10012500;66,75;55,170912;61,318013
11615940;61,45;55,11713;61,24662
14280900;78,9;55,116062;61,253549
9096080;61,45;55,11131;61,248762
6840000;63,25;55,12582;61,24988
10478160;56,7;55,17994;61,341
9424000;62,04;55,113143;61,274678
11906400;54,25;55,17179;61,29243
32455500;137,72;55,11205672;61,32504179
4639536;28,6;55,170912;61,318013
10324400;48,7;55,115635;61,245187
7387595;51,15;55,16907225;61,31212603
15748200;80,76;55,09343218;61,24079687
16883400;59,24;55,122712;61,37265
9538946;76,05;55,16907225;61,31212603
5372850;36,54;55,108254;61,249729
15743000;60,54;55,122712;61,37265
11890000;81,76;55,197718;61,185027
3434213;29,69;55,13106596;61,26330208
15260040;73,16;55,174775;61,393563
7356799;33,4;55,169946;61,377931
10461680;52,09;55,16002;61,43216
5188278;45,06;55,13106596;61,26330208
3912000;24,45;55,213324;61,30255
5669400;37,84;55,170912;61,318013
17299200;81,59;55,115635;61,245187
9678000;72,86;55,18692798;61,22776039
7000000;40;55,17230151;61,29111409
16999000;95,5;55,208243;61,188443
3788900;26,42;55,12082;61,246166
9439200;62,09;55,113143;61,274678
5439000;38,84;55,173447;61,321741
10831990;57,5;55,171139;61,292474
17320400;81,69;55,112625;61,250663
22436100;131,36;55,171139;61,292474
13459896;79;55,157389;61,402709
9745290;79,23;55,10547;61,34532
5500000;49,99;55,12471;61,24962
8452500;56,34;55,21298762;61,30193121
10706730;60,49;55,118179;61,253873
3879900;23,95;55,10907;61,35937
5188278;45,06;55,13106596;61,26330208
14228180;78,09;55,17019956;61,29454777
5362999;31,54;55,16907225;61,31212603
6094950;37,5;55,172805;61,365669
7600000;47,15;55,17446777;61,41569903
8882290;53,09;55,171139;61,292474
5115650;36,7;55,170912;61,318013
9768000;44,4;55,115743;61,246804
11382950;65,19;55,17205061;61,29205778
7719060;60,77;55,10542441;61,34532177
12167580;51,34;55,16976;61,3722
5770000;51,4;55,12582;61,24988
6314000;41;55,1726;61,47311
14928296;82,01;55,173372;61,36710624
7519900;54,09;55,213324;61,30255
13321000;60,54;55,1485743;61,36363528
8074720;46,29;55,169946;61,377931
7896000;37,59;55,17994;61,341
11524800;47,04;55,122712;61,37265
4947000;29,1;55,170912;61,318013
11560000;72,29;55,197718;61,185027
24246528;89,69;55,11193;61,325796
9443070;34,59;55,169879;61,371867
6495400;46,5;55,173447;61,321741
9445800;48,43;55,09343218;61,24079687
10625914;74,66;55,252399;61,384974
6245714;37,77;55,172805;61,365669
4642036;31;55,170912;61,318013
5840640;40,56;55,21277904;61,30311138
7187400;36,29;55,095451;61,246004
5973138;37,9;55,17336;61,36843
12295900;59,97;55,14897983;61,36362455
6567051;37,24;55,172805;61,365669
8677500;48;55,17349829;61,36949225
6351647;37,79;55,172979;61,367986
12392820;51,2;55,16976;61,3722
11300000;83,55;55,13655;61,42469
5128180;38,27;55,10547;61,34532
11900000;83,55;55,17454;61,41601
5015000;29,5;55,170912;61,318013
10109650;65,4;55,182297;61,234912
6702500;38,29;55,17230151;61,29111409
10149266;67,02;55,173447;61,321741
7817400;38,7;55,16002;61,43216
9359902;65,55;55,250793;61,403197
8506220;42,11;55,169946;61,377931
6287673;36,97;55,17336;61,36843
13186400;62,2;55,112625;61,250663
11799000;69;55,17994;61,341
5034750;28,77;55,250895;61,24728
12513900;59,59;55,1485743;61,36363528
41633700;148,97;55,11145;61,32772
10005660;52,93;55,10908385;61,25782762
4177880;24,29;55,111258;61,357638
5644000;33,2;55,17319;61,289033
5238000;29,1;55,173447;61,321741
4574543;39,65;55,08973;61,23944
7362880;48,43;55,113143;61,274678
9528480;81,44;55,10542441;61,34532177
8932000;46,4;55,17992613;61,34096187
7358000;56,59;55,170912;61,318013
8417552;56,59;55,186757;61,226865
3869470;24,26;55,10231;61,34543
10819928;97,44;55,173447;61,321741
5117000;30,1;55,17319;61,289033
4951505;30,7;55,173447;61,321741
5609500;37,45;55,170912;61,318013
9856396;62,95;55,17336;61,36843
5678500;41;55,10231;61,34543
6976000;43,59;55,17282962;61,29152178
9096080;61,45;55,11131;61,248762
9352398;70,15;55,173447;61,321741
14860100;82,09;55,116062;61,253549
3048890;24,45;55,12719;61,622804
7012697;50,61;55,187887;61,231487
11037579;56,83;55,173372;61,36710624
7889000;56,34;55,21355;61,30287
10136100;44,06;55,148498;61,363387
6103692;37,52;55,172805;61,365669
4168980;24,37;55,111258;61,357638
5281260;38,27;55,10547;61,34532
10511000;45,7;55,122712;61,37265
5408000;33,79;55,17319;61,289033
6702500;38,29;55,17319;61,289033
12276300;81,3;55,113143;61,274678
21806600;101,9;55,116768;61,249804
6102750;61,59;55,103719;61,251798
6191440;36,97;55,172979;61,367986
4175000;25,52;55,186104;61,226133
6351647;37,79;55,172979;61,367986
11801400;90,77;55,250895;61,24728
6150000;38,86;55,17446777;61,41569903
7683370;39,52;55,17128914;61,29316285
7319000;56,29;55,173447;61,321741
22768250;74,69;55,17019956;61,29454777
6275484;51,34;55,16907225;61,31212603
8417552;56,59;55,186757;61,226865
7399020;58,25;55,10547;61,34532
13459896;79;55,157389;61,402709
3434213;29,69;55,13106596;61,26330208
19253520;79,55;55,16989266;61,37174534
19253520;79,55;55,16989266;61,37174534
5346000;32,4;55,17319;61,289033
19744200;78,34;55,169879;61,371867
21024360;83,43;55,16916799;61,37096213
4057500;32,18;55,12719;61,622804
9827000;63,4;55,173781;61,329179
11620000;78,95;55,197718;61,185027
14943240;80,33;55,114982;61,244986
6715000;69,5;55,103719;61,251798
28710000;98,3;55,157305;61,411689
12634930;67,09;55,180537;61,339986
9133014;54,99;55,17299;61,37108
9211920;35,15;55,16989;61,3723
8438001;76,05;55,16907225;61,31212603
6417457;37,79;55,172979;61,371274
8660925;58,75;55,18748;61,2327
10015500;66,72;55,18707;61,22825
8860320;35,15;55,16916799;61,37096213
4606000;32,9;55,173447;61,321741
4864160;32,31;55,10222425;61,34539511
3271048;29,38;55,08973;61,23944
11615940;61,45;55,114982;61,244986
6314000;41;55,172661;61,473134
11344000;70,9;55,17230151;61,29111409
7863230;56,56;55,213324;61,30255
17335080;68,79;55,169879;61,371867
8387808;56,4;55,186757;61,226865
5720000;42,79;55,121033;61,242418
10520880;59,43;55,118179;61,253873
10537500;70,25;55,173447;61,321741
10563210;56,7;55,17992613;61,34096187
7295937;59,7;55,16907225;61,31212603
10781400;59,5;55,160355;61,431929
5226977;30,39;55,170912;61,318013
4047080;24,37;55,10903154;61,35920441
5669500;38,09;55,173447;61,321741
10131765;70,15;55,173447;61,321741
12424280;51,34;55,16989266;61,37174534
6340056;37,81;55,172805;61,365669
8083740;60,77;55,10542441;61,34532177
4169200;29,78;55,250895;61,24728
9555000;73,5;55,173447;61,321741
9624120;72,91;55,21277904;61,30311138
10207400;72,91;55,21277904;61,30311138
15997800;58,59;55,169879;61,371867
5669500;38,09;55,170912;61,318013
5177025;36,33;55,104096;61,350497
3992800;28,52;55,250895;61,24728
7863230;56,56;55,213324;61,30255
10648872;66,05;55,169946;61,377931
19399380;82,27;55,16989;61,3723
9925600;65,05;55,113143;61,274678
10159050;77,55;55,10887778;61,35977304
6715500;40,7;55,17319;61,289033
6760480;35,95;55,116042;61,255014
6222000;36,59;55,173447;61,321741
9694000;45,9;55,169946;61,377931
4951505;30,7;55,170912;61,318013
9175801;48,15;55,173372;61,36710624
6071021;37,9;55,172805;61,365669
13079000;59,45;55,122712;61,37265
9766900;36,5;55,17102;61,29359
5238000;29,1;55,170912;61,318013
4864160;32,31;55,10231;61,34543
6528000;38,4;55,17230151;61,29111409
8171405;73,55;55,173447;61,321741
7892500;45,09;55,17319;61,289033
9497600;44,79;55,112625;61,250663
5188278;45,06;55,13106596;61,26330208
15170999;95,19;55,171745;61,377967
16229400;98,36;55,250895;61,24728
10715580;60,54;55,116042;61,255014
5546080;40,77;55,10542441;61,34532177
9112000;53,59;55,17230151;61,29111409
17978400;90,9;55,170575;61,271488
6801000;45,34;55,11131;61,248762
4260300;22,7;55,18606474;61,2272569
11902800;61,04;55,14897983;61,36362455
5473000;42,09;55,17306391;61,31981861
11251800;53,58;55,148498;61,363387
11773368;72,65;55,173308;61,369697
9818200;70,12;55,21355;61,30287
12771600;44,04;55,122712;61,37265
12126287;103,94;55,16907225;61,31212603
9745290;79,23;55,10547;61,34532
5604682;35,65;55,18692;61,23104
5006500;32,29;55,111258;61,357638
19896800;83,59;55,166588;61,390938
3999000;32,2;55,122184;61,244297
9332400;84;55,173447;61,321741
5337809;46,22;55,08973;61,23944
8789000;51,7;55,17282962;61,29152178
9309039;48,79;55,173372;61,36710624
12209200;52,4;55,16976;61,3722
7122500;40,7;55,17282962;61,29152178
3897520;26,42;55,120405;61,245889
11707276;74,19;55,158549;61,468086
14943240;80,33;55,10908385;61,25782762
7712640;40,16;55,10908385;61,25782762
7706300;55,04;55,16907225;61,31212603
10819200;47,04;55,122712;61,37265
23190000;74,16;55,157305;61,411689
4606000;32,9;55,173447;61,321741
9670000;59,79;55,186378;61,226709
8419600;39,77;55,17469173;61,39388388
6910515;50,29;55,186772;61,23314
21099840;85,08;55,113998;61,27928
15167400;59,47;55,1485743;61,36363528
10625914;74,66;55,25239182;61,38401031
3655790;32,24;55,13106596;61,26330208
12210000;59,75;55,17179;61,29243
5868000;40,75;55,213324;61,30255
7152057;50,79;55,187887;61,231487
10631140;65,94;55,169946;61,377931
7366696;49,11;55,172979;61,367986
5232500;29,89;55,17230151;61,29111409
11550000;82,81;55,13655;61,42469
15728700;80,66;55,09343218;61,24079687
5454000;30,29;55,17319;61,289033
9469200;62,5;55,11098;61,35252
7495000;68,26;55,12471;61,24962
8530500;51,7;55,17282962;61,29152178
10722000;60;55,16002;61,43216
6974060;59,18;55,12719;61,622804
12690000;108,12;55,16814;61,53102
18530122;85,5;55,170065;61,294848
10751650;59,5;55,16002;61,43216
9568000;73,59;55,170912;61,318013
5188278;45,06;55,13106596;61,26330208
4047080;24,37;55,111258;61,357638
16068460;61,33;55,169879;61,371867
8639527;59,65;55,173447;61,321741
16505520;85,08;55,108256;61,249732
8438001;76,05;55,173447;61,321741
5729000;38,5;55,170912;61,318013
7832650;56,34;55,21355;61,30287
10750000;65,43;55,197718;61,185027
7919800;56,56;55,2129;61,30134
12767040;64,48;55,171077;61,377832
6138182;37,52;55,172805;61,365669
10198360;61,5;55,17299;61,37108
10999340;57,79;55,180537;61,339986
7026694;50,2;55,18748227;61,23197736
12406600;60,52;55,148498;61,363387
10594740;57,79;55,17992613;61,34096187
9857120;67,69;55,186757;61,226865
20396700;77,84;55,16989;61,3723
6877500;39,29;55,17319;61,289033
10511992;56,7;55,173372;61,36710624
6110000;48,47;55,12719;61,622804
6528000;38,4;55,17230151;61,29111409
7026694;50,61;55,187887;61,231487
9728870;50,22;55,15142;61,30195
13919600;60,52;55,14799671;61,36368892
12126287;103,94;55,16907225;61,31212603
9676800;43,2;55,113915;61,248933
13472250;78,09;55,180537;61,339986
9071200;46,4;55,17992613;61,34096187
7464300;53,7;55,187887;61,231487
5467000;39,04;55,173447;61,321741
36352980;133,58;55,11145;61,32772
4574543;30,2;55,170912;61,318013
4057500;32,18;55,12719;61,622804
9624120;72,91;55,213324;61,30255
6650000;41,93;55,17446777;61,41569903
7710000;46,97;55,197718;61,185027
9096080;61,45;55,11131;61,248762
10483200;43,68;55,122712;61,37265
3295280;24,22;55,214029;61,298371
4193360;24,37;55,10854;61,35956
14957400;73,41;55,17469173;61,39388388
8172000;68,09;55,17343849;61,31978642
8982663;66,51;55,250793;61,403197
7668750;61,34;55,17343849;61,31978642
11298420;59,77;55,10908385;61,25782762
13525174;79;55,157389;61,402709
8500237;57,65;55,18766;61,23199
10785992;97,44;55,173447;61,321741
12520760;64,54;55,10849233;61,25690017
7040692;50,61;55,187887;61,231487
6300000;35;55,11612993;61,45367541
5066000;29,79;55,17319;61,289033
4401000;24,45;55,213324;61,30255
5868000;40,75;55,213324;61,30255
4204200;25,61;55,18641;61,22835
4482639;26,95;55,186743;61,232097
9848190;81,38;55,10542441;61,34532177
17335080;68,79;55,16916799;61,37096213
5418000;30,1;55,17230151;61,29111409
17605500;106,69;55,17019956;61,29454777
8778000;53,2;55,17319;61,289033
10199000;72,84;55,173447;61,321741
5017579;38,59;55,173447;61,321741
8114400;48,61;55,108254;61,249729
6700000;42,22;55,17446777;61,41569903
4193360;24,37;55,10854;61,35956
9452792;66,51;55,250793;61,403197
12486000;104,05;55,173447;61,321741
12909100;77,3;55,108254;61,249729
13625200;59,24;55,122712;61,37265
9428370;79,23;55,10547;61,34532
7246080;33,29;55,16011945;61,43196358
6071040;37,52;55,172805;61,365669
8204735;73,84;55,173447;61,321741
14142600;72,88;55,17469173;61,39388388
17260800;74,4;55,114023;61,25137
6109000;41;55,10854;61,35956
6554145;43,5;55,186757;61,226865
3596600;25,75;55,121263;61,242779
29610000;84,36;55,15713553;61,41171927
4256000;35,4;55,127295;61,260969
5117000;30,1;55,17319;61,289033
8904470,8;47,79;55,16002;61,43216
6664000;39,2;55,17319;61,289033
6300000;35;55,11611;61,45367
6990000;45,7;55,17454;61,41601
9962569;61,5;55,172805;61,365669
9925600;65,3;55,113143;61,274678
4168980;24,37;55,111258;61,357638
13673500;59,45;55,14799671;61,36368892
6274343;37,81;55,172979;61,367986
6760480;35,95;55,116042;61,255014
11517000;69,8;55,17282962;61,29152178
4000000;35,5;55,125922;61,253945
5083000;29,89;55,17319;61,289033
4169200;29,78;55,250895;61,24728
12424280;51,34;55,16989266;61,37174534
5558490;36,33;55,10907;61,35937
7743360;40,33;55,10908385;61,25782762
15997800;58,59;55,16916799;61,37096213
15229320;85,08;55,108256;61,249732
4574543;30,2;55,170912;61,318013
20319390;72,73;55,169879;61,371867
10129200;55,2;55,180537;61,339986
5699200;38,29;55,173447;61,321741
7152057;50,81;55,187887;61,231487
7890000;51,13;55,16814;61,53102
12551800;70,86;55,174775;61,393563
6441906;37,77;55,172805;61,365669
18537200;96,8;55,17908192;61,34101551
13150696;81,58;55,169946;61,377931
9414568;66,18;55,172805;61,365669
23269600;100,3;55,113993;61,251376
15353200;58,59;55,169879;61,371867
5604682;35,65;55,18692;61,23104
5834880;40,52;55,21316;61,30282
8628492;58,52;55,18766;61,23199
6069169;37,59;55,172805;61,365669
9624120;72,91;55,21277904;61,30311138
12498000;104,15;55,173447;61,321741
7224000;60,2;55,17306391;61,31981861
4762049;31,75;55,16907225;61,31212603
17130160;73,51;55,16989266;61,37174534
9010000;53;55,17230151;61,29111409
16121000;98;55,17992613;61,34096187
7628100;54,09;55,21277904;61,30311138
5767730;35,24;55,18748;61,2327
10349316;70,86;55,17336;61,36843
7456250;59,65;55,173447;61,321741
22626235;125,19;55,157389;61,402709
6700000;37,34;55,11611;61,45367
18618600;102,3;55,108254;61,249729
17332560;68,77;55,169879;61,371867
9951900;47,38;55,122712;61,37265
12954904;81,58;55,169946;61,377931
6138182;37,52;55,17336;61,36843
5868000;40,75;55,2129;61,30134
4168980;24,37;55,10903154;61,35920441
7709240;50,06;55,17096;61,434045
6245691;37,59;55,172805;61,365669
9096080;61,45;55,11131;61,248762
3138890;27,45;55,12719;61,622804
4452374;37,36;55,08973;61,23944
9332400;84;55,173447;61,321741
7723426;40,72;55,15142;61,30195
13321000;60,54;55,122712;61,37265
14103000;78,4;55,16990478;61,29537389
9827000;63,4;55,173769;61,329517
6974060;59,18;55,12719;61,622804
9480276;51,79;55,16990478;61,29537389
4971170;39,25;55,173447;61,321741
6700000;42,22;55,17454;61,41601
6245691;37,59;55,17336;61,36843
17536200;106,3;55,157389;61,402709
8074720;46,29;55,169946;61,377931
7393940;58,22;55,10547;61,34532
4320011;35,97;55,13106596;61,26330208
25443000;131,36;55,17179;61,29243
8641760;58,61;55,186757;61,226865
10306710;58,22;55,116042;61,255014
5742000;42,79;55,121033;61,242418
13623750;60,54;55,14799671;61,36368892
11168000;69,8;55,17282962;61,29152178
13798250;85,05;55,171139;61,292474
6740500;39,65;55,173447;61,321741
9587160;72,62;55,213324;61,30255
10640000;67,05;55,197718;61,185027
5232500;29,89;55,17319;61,289033
5759424;38,4;55,16907225;61,31212603
11916847;81,23;55,17336;61,36843
9827000;63,4;55,173781;61,329179
4606000;32,9;55,173447;61,321741
14262800;78,8;55,116062;61,253549
7531000;44,29;55,17230151;61,29111409
7840000;44,79;55,17319;61,289033
15445080;61,29;55,16989;61,3723
3888610;24,37;55,10222425;61,34539511
4883725;32,45;55,104096;61,350497
18931050;113,69;55,16011945;61,43196358
9687300;46,13;55,122712;61,37265
6528000;38,4;55,17319;61,289033
7773540;59,34;55,214029;61,298371
6528000;38,4;55,17319;61,289033
12022800;69,9;55,17994;61,341
12199690;72,9;55,171139;61,292474
17536200;106,3;55,157389;61,402709
5615000;44,91;55,13106596;61,26330208
5834880;40,52;55,213324;61,30255
10792980;59,4;55,16002;61,43216
11632500;75;55,208243;61,188443
5478000;33,2;55,17319;61,289033
9374000;70,84;55,173781;61,329179
6096856;37,31;55,17336;61,36843
4916600;37,81;55,10547;61,34532
5935500;39,56;55,173447;61,321741
9892654;68,3;55,186757;61,226865
6567051;37,24;55,172979;61,367986
9703201;79,8;55,08973;61,23944
7024160;40,65;55,250793;61,403197
15445080;61,29;55,16916799;61,37096213
6441906;37,77;55,172979;61,371274
4930000;35,65;55,121705;61,247684
6274343;37,81;55,172805;61,365669
8148000;67,9;55,17343849;61,31978642
5188278;45,06;55,13106596;61,26330208
15703600;79,55;55,17102;61,29359
12233970;64,73;55,10908385;61,25782762
3931510;26,42;55,120405;61,245889
6351647;37,79;55,172805;61,365669
9001600;46,4;55,17994;61,341
11773368;72,65;55,172805;61,365669
7832650;56,34;55,21355;61,30287
5834880;40,52;55,21316;61,30282
6700000;43,22;55,17446777;61,41569903
32550880;124,23;55,169879;61,371867
6564000;43,75;55,250895;61,24728
9374000;70,84;55,173781;61,329179
9345000;53,4;55,17230151;61,29111409
33910000;102,84;55,157305;61,411689
9848280;67;55,11098;61,35252
9751410;51,75;55,17128914;61,29316285
9257160;70,12;55,2129;61,30134
12148500;62,29;55,098511;61,239446
16670600;77,9;55,115743;61,246804
6238750;54,25;55,173447;61,321741
7889000;56,34;55,213324;61,30255
9983830;70,61;55,17336;61,36843
8853240;62,7;55,208243;61,188443
15325200;77,4;55,160355;61,431929
13119750;53,54;55,1485743;61,36363528
21869140;83,47;55,16916799;61,37096213
10506860;59,79;55,16002;61,43216
13263536;82,27;55,169946;61,377931
11251800;53,58;55,122712;61,37265
13920000;42,99;55,157305;61,411689
4256015;35,29;55,113138;61,274687
5973125;37,52;55,17336;61,36843
6043950;40,9;55,16382;61,43562
11213200;57,79;55,160746;61,431749
12129000;62,2;55,09489;61,243489
9309039;48,79;55,173372;61,36710624
5669400;37,84;55,170912;61,318013
5117600;42,9;55,12082;61,246166
16790325;106,09;55,16990478;61,29537389
6285802;38,18;55,172979;61,367986
12567830;67,09;55,180537;61,339986
6340034;38;55,17336;61,36843
6064425;37,31;55,172979;61,371274
12743680;83,83;55,250895;61,24728
3498600;25,86;55,121263;61,242779
5117600;42,9;55,121705;61,247684
5973138;37,9;55,172979;61,367986
12827520;83,83;55,250895;61,24728
3920180;26,35;55,120405;61,245889
6049500;40,33;55,11131;61,248762
11832623;80,94;55,17336;61,36843
5935500;39,56;55,1737459;61,32446462
7000000;40;55,17230151;61,29111409
4056430;24,29;55,10854;61,35956
6071021;37,9;55,17336;61,36843
9454400;62,2;55,113143;61,274678
5859354;35,24;55,18748;61,2327
5201250;36,5;55,104096;61,350497
6860000;39,2;55,17319;61,289033
11519700;53,58;55,122712;61,37265
6311098;37,59;55,17336;61,36843
6700000;42,22;55,17454;61,41601
11155200;58,09;55,17994;61,341
12100000;90;55,1384635;61,45219134
9648000;60,29;55,17282962;61,29152178
8905570;40,27;55,174775;61,393563
12606149;78,19;55,169946;61,377931
5493984;45,29;55,125443;61,254763
13750000;89,79;55,11611;61,45367
7196130;33,29;55,16002;61,43216
7152057;50,59;55,18748227;61,23197736
29858954;104,81;55,11145;61,32772
6894000;38,29;55,17230151;61,29111409
11698500;70,9;55,17319;61,289033
14385100;85,59;55,171139;61,292474
14411970;60,81;55,16989266;61,37174534
8224000;51,4;55,17282962;61,29152178
7832650;56,34;55,21298762;61,30193121
7203749;61,61;55,13106596;61,26330208
9678000;72,86;55,186378;61,226709
21785300;83,15;55,16989;61,3723
8500237;57,65;55,18766;61,23199
11430540;82,83;55,108254;61,249729
5301400;40,77;55,10542441;61,34532177
4320011;35,97;55,13106596;61,26330208
7499970;66,09;55,126456;61,255112
13623750;60,54;55,148498;61,363387
5859354;35,24;55,18748;61,2327
6664000;39,2;55,17230151;61,29111409
4754639;39,65;55,08973;61,23944
9796950;47,79;55,14897983;61,36362455
4831840;38,15;55,16907225;61,31212603
6340056;37,81;55,17336;61,36843
5644000;33,2;55,17282962;61,29152178
9586830;79,23;55,10547;61,34532
9352398;70,15;55,173447;61,321741
9096080;61,45;55,11131;61,248762
8860750;77,05;55,173447;61,321741
17617200;83,09;55,115635;61,245187
13921400;59,24;55,122712;61,37265
8408064;86,69;55,10314;61,247069
7032883;60,25;55,173447;61,321741
6311098;37,59;55,172979;61,367986
7573335;45,41;55,250793;61,403197
17426200;92,59;55,17102;61,29359
5226977;30,39;55,173447;61,321741
4709473;31,2;55,173447;61,321741
4709529;31,39;55,16907225;61,31212603
7326000;40,7;55,17319;61,289033
40103680;130,22;55,16916799;61,37096213
4686198;37;55,173447;61,321741
9160815;50,2;55,15142;61,30195
5604682;35,65;55,18692;61,23104
23803200;102,59;55,113993;61,251376
6110000;48,47;55,12719;61,622804
18600000;110;55,197718;61,185027
7851279;67,61;55,08973;61,23944
6800000;42,11;55,17454;61,41601
11704000;64,15;55,18603075;61,22790641
6792440;36,13;55,116042;61,255014
11916847;81,23;55,17336;61,36843
8890000;52,25;55,11612993;61,45367541
12690000;108,12;55,16814;61,53102
12817920;100,13;55,250895;61,24728
6311111;37,77;55,17336;61,36843
5530000;31,6;55,17230151;61,29111409
8704000;51,2;55,17319;61,289033
10778000;53,88;55,122712;61,37265
10005660;52,93;55,114982;61,244986
16731000;87;55,17179;61,29243
3618600;24,45;55,21355;61,30287
5439000;38,84;55,170912;61,318013
5559400;35,88;55,113143;61,274678
17285599;94,5;55,169946;61,377931
14516250;59,25;55,122712;61,37265
9477200;65,36;55,173447;61,321741
21099840;85,08;55,113998;61,27928
13018250;60,54;55,122712;61,37265
12406600;60,52;55,148498;61,363387
6351625;38,18;55,172979;61,367986
10199000;72,84;55,173447;61,321741
6314000;41;55,172661;61,473134
4990000;45,4;55,124681;61,249481
7724160;40,22;55,10908385;61,25782762
5868000;40,75;55,21335569;61,30290753
7056000;39,2;55,17230151;61,29111409
9096080;61,45;55,11131;61,248762
33910000;102,93;55,15713553;61,41171927
8629140;62,52;55,108254;61,249729
6197608;40,9;55,16382;61,43562
7062000;43,41;55,108254;61,249729
12051000;61,79;55,095827;61,244693
10168200;72,62;55,21316;61,30282
21845560;83,37;55,16989;61,3723
3817600;23,86;55,10887778;61,35977304
9925560;69,8;55,208243;61,188443
6257549;27,5;55,169946;61,377931
9796950;47,79;55,14897983;61,36362455
3434213;29,69;55,13106596;61,26330208
7558900;53,79;55,16907225;61,31212603
6150000;35;55,11611;61,45367
4056800;25,27;55,18641;61,22835
4642036;30,7;55,170912;61,318013
6471438;38;55,172805;61,365669
12233970;64,73;55,11713;61,24662
5500000;49,2;55,124681;61,249481
8452500;56,34;55,21335569;61,30290753
9796950;47,79;55,122712;61,37265
5868000;40,75;55,213324;61,30255
8789850;45,9;55,180537;61,339986
36016931;141,08;55,11205672;61,32504179
5729000;38,5;55,170912;61,318013
8799360;45,83;55,10908385;61,25782762
9691360;81,44;55,10542441;61,34532177
4168980;24,37;55,10907;61,35937
5436000;30,2;55,17230151;61,29111409
5083000;29,89;55,17230151;61,29111409
12392820;51,2;55,16989266;61,37174534
9893532;62,29;55,160704;61,460663
5765298;40,9;55,16382;61,43562
10241000;73,15;55,173447;61,321741
15840000;77,65;55,17102;61,29359
7743360;40,33;55,11713;61,24662
7026694;50,61;55,187887;61,231487
5372412;45,5;55,126452;61,255131
33128021;118,73;55,11205672;61,32504179
15450120;61,31;55,169879;61,371867
10583610;58,7;55,16011945;61,43196358
16321200;93,8;55,160355;61,431929
12204500;63,4;55,180537;61,339986
20903400;80,16;55,16989266;61,37174534
6351647;37,79;55,172979;61,367986
6874868;47,59;55,16907225;61,31212603
5758500;34,9;55,17319;61,289033
6274343;37,81;55,172979;61,367986
8590000;77,4;55,12471;61,24962
13180440;90,69;55,11098;61,35252
11746700;54,16;55,174775;61,393563
6300000;41,56;55,17446777;61,41569903
17680000;80;55,113591;61,254484
5150485;30,1;55,173447;61,321741
12392820;51,2;55,16976;61,3722
9380000;53,59;55,17319;61,289033
6221600;40,52;55,113143;61,274678
6300000;35,06;55,11611;61,45367
5177025;36,33;55,104096;61,350497
12859200;53,58;55,14799671;61,36368892
7012697;50,09;55,18748227;61,23197736
3912000;24,45;55,213324;61,30255
4587783;26,95;55,186757;61,226865
11265000;75,09;55,173781;61,329179
12126287;103,94;55,16907225;61,31212603
16970200;79,3;55,114982;61,244986
10716000;53,58;55,14799671;61,36368892
7525000;60,2;55,17306391;61,31981861
12217060;93,26;55,250895;61,24728
9547200;44,2;55,115635;61,245187
6550000;41,93;55,17454;61,41601
8890123;54,99;55,172979;61,367986
6971350;33,5;55,16002;61,43216
6578449;27,29;55,171745;61,377967
8786460;63,66;55,108254;61,249729
8991450;46,11;55,09343218;61,24079687
3888610;24,37;55,104096;61,350497
7743360;40,33;55,11713;61,24662
7979202;59,84;55,16907225;61,31212603
8597474;70,34;55,16907225;61,31212603
10508550;53,88;55,14897983;61,36362455
15127500;60,5;55,122712;61,37265
10432500;75;55,208243;61,188443
16242600;75,9;55,106021;61,252925
10083171;63,65;55,172979;61,371274
6545000;38,5;55,17319;61,289033
5000000;42,4;55,243988;61,253829
5083000;39,09;55,17306391;61,31981861
3869470;24,26;55,10222425;61,34539511
5878463;40,9;55,16382;61,43562
5839580;49,38;55,13106596;61,26330208
7009000;40,43;55,182297;61,234912
7520240;51,65;55,18748;61,2327
12127500;69,3;55,17994;61,341
8340800;41,59;55,16011945;61,43196358
21049560;81,83;55,16916799;61,37096213
32140000;103,75;55,15713553;61,41171927
9878400;47,04;55,14897983;61,36362455
5600000;32,52;55,173781;61,329179
5669400;37,84;55,170912;61,318013
13114400;75,43;55,174775;61,393563
7342500;30,5;55,17102;61,29359
10780580;52,29;55,17128914;61,29316285
7979202;59,84;55,173447;61,321741
12949500;65,77;55,174775;61,393563
7889000;56,34;55,213324;61,30255
8013600;48,61;55,108254;61,249729
9368541;50,22;55,15142;61,30195
5361230;40,13;55,10547;61,34532
6552638;43,49;55,186743;61,232097
12656000;79,09;55,17319;61,289033
12380160;64,48;55,171077;61,377832
9345000;53,4;55,17230151;61,29111409
4754639;39,65;55,08973;61,23944
7963600;46,29;55,169946;61,377931
5441360;40;55,10542441;61,34532177
9961900;53,84;55,17128914;61,29316285
8103138;40,75;55,15142;61,30195
12234830;52,5;55,16976;61,3722
5584000;34,9;55,17282962;61,29152178
8452500;56,34;55,213324;61,30255
12122600;61,84;55,171077;61,377832
22213200;103,8;55,106021;61,252925
9600000;70,84;55,173769;61,329517
5418000;30,1;55,17319;61,289033
4831840;38,15;55,173447;61,321741
32492460;119,01;55,16989;61,3723
9892060;43,95;55,174775;61,393563
9440000;59,9;55,186378;61,226709
11570000;72,4;55,197718;61,185027
12674500;78,3;55,171745;61,377967
14103000;78,4;55,170065;61,294848
3295280;24,22;55,214029;61,298371
4879512;30,2;55,173447;61,321741
7074000;39,29;55,17230151;61,29111409
16883400;59,24;55,14897983;61,36362455
9010000;53;55,17319;61,289033
11892180;90,77;55,250895;61,24728
15277500;83,8;55,174775;61,393563
4582413;39,79;55,113138;61,274687
3888610;24,37;55,10222425;61,34539511
8250000;47,68;55,11611;61,45367
7706300;55,04;55,173447;61,321741
7756800;40,4;55,10908385;61,25782762
7659512;59,95;55,173447;61,321741
5117600;42,9;55,121705;61,247684
30390000;102,87;55,15713553;61,41171927
12357800;70,48;55,17469173;61,39388388
6136302;37,9;55,172979;61,367986
8332300;32,15;55,171139;61,292474
11902800;61,04;55,122712;61,37265
7889000;56,34;55,21335569;61,30290753
6128370;41,13;55,10854;61,35956
3048890;24,45;55,12719;61,622804
7721000;55,15;55,170912;61,318013
15979500;95,4;55,180537;61,339986
4071460;24,37;55,10854;61,35956
12674499;78,19;55,171745;61,377967
4593926;39,9;55,113138;61,274687
6698000;48,79;55,16382;61,43562
4630547;38,15;55,16907225;61,31212603
10430951;74,66;55,25239182;61,38401031
5411991;45,29;55,125436;61,254759
6073125;61,59;55,103719;61,251798
14609480;81,8;55,16002;61,43216
10188850;47,38;55,122712;61,37265
9693999;46,4;55,171745;61,377967
7953746;67,65;55,13106596;61,26330208
9111450;79,23;55,10547;61,34532
9439200;62,09;55,113143;61,274678
8432000;52,7;55,17319;61,289033
5653670;42,9;55,120405;61,245889
3890016;26,95;55,18672;61,23403
12731550;65,29;55,09343218;61,24079687
18342705;107,31;55,17349829;61,36949225
17526097;103,48;55,17349829;61,36949225
8089510;56,56;55,21355;61,30287
6136302;37,9;55,17336;61,36843
3593200;26,42;55,121705;61,247684
14482100;93,12;55,17205061;61,29205778
7718734;46,7;55,250793;61,403197
11519700;53,58;55,148498;61,363387
8417552;56,59;55,186757;61,226865
18980246;107,3;55,17019956;61,29454777
5721300;33;55,182297;61,234912
5117000;30,1;55,17282962;61,29152178
6285797;38,16;55,17336;61,36843
10950350;56,29;55,180537;61,339986
12316500;53,54;55,1485743;61,36363528
12392820;51,2;55,16989266;61,37174534
11066092;71,16;55,172805;61,365669
8997950;70,84;55,173781;61,329179
11663614;74,19;55,160741;61,460675
12070500;61,9;55,097131;61,242249
8288000;59,2;55,173447;61,321741
3796091;35,29;55,127295;61,260969
7889000;56,34;55,21335569;61,30290753
13350840;78,4;55,16990478;61,29537389
3912000;24,45;55,213324;61,30255
10214876;71,16;55,172979;61,367986
4587783;26,95;55,186757;61,226865
10584600;71,9;55,11098;61,35252
6340034;38;55,172979;61,367986
8690000;77,61;55,12471;61,24962
9445800;48,43;55,09343218;61,24079687
5586030;36,5;55,10907;61,35937
4176900;24,56;55,173447;61,321741
11100600;63;55,16011945;61,43196358
11450000;83,55;55,13655;61,42469
6860129;57,93;55,13106596;61,26330208
5312000;33,2;55,17319;61,289033
5558490;36,33;55,10903154;61,35920441
16845713;106,5;55,16990478;61,29537389
10483900;59,5;55,160355;61,431929
9488800;46,4;55,17992613;61,34096187
12323400;53,58;55,14799671;61,36368892
8343192;56,09;55,186743;61,232097
5000000;42,58;55,243988;61,253829
3138890;27,45;55,12719;61,622804
16389120;84,06;55,178617;61,359747
5434000;37,68;55,121033;61,242418
9951900;47,38;55,14799671;61,36368892
4269301;35,5;55,113138;61,274687
16883400;59,24;55,122712;61,37265
15006870;93,19;55,171139;61,292474
8417552;56,59;55,186757;61,226865
8701870;40,27;55,17469173;61,39388388
9044000;53,2;55,17319;61,289033
9555000;73,5;55,173447;61,321741
5824500;35,29;55,17282962;61,29152178
7753210;40,5;55,17128914;61,29316285
15432600;60,52;55,14799671;61,36368892
8887860;61,29;55,10941;61,35114
6727500;51,75;55,17343849;61,31978642
8883438;47,79;55,160355;61,431929
14222200;60,52;55,148498;61,363387
6922500;53,25;55,170912;61,318013
5190616;46,2;55,127295;61,260969
7667000;45,09;55,17319;61,289033
8681563;58,88;55,18748;61,2327
7246982;59,08;55,187887;61,231487
5285000;30,2;55,17319;61,289033
6475294;53,79;55,13106596;61,26330208
27000000;108,06;55,15713553;61,41171927
5066000;29,79;55,17230151;61,29111409
6811000;48,65;55,170912;61,318013
18574608;107,19;55,170065;61,294848
7207200;36,4;55,09489;61,243489
14943240;80,33;55,114982;61,244986
5574800;36,18;55,113143;61,274678
17605500;106,69;55,157389;61,402709
7726800;56,4;55,10854;61,35956
13772880;69,55;55,169946;61,377931
8660925;58,75;55,18748;61,2327
7112880;33,29;55,160355;61,431929
6110000;48,47;55,12719;61,622804
6311111;37,77;55,17336;61,36843
31174500;132,3;55,11205672;61,32504179
8387808;56,4;55,186757;61,226865
8417552;56,59;55,186757;61,226865
5478000;33,2;55,17282962;61,29152178
6622000;37,11;55,186757;61,226865
7999200;40,4;55,095451;61,246004
9520000;42,5;55,112625;61,250663
21029400;83,44;55,16989;61,3723
10633140;56,25;55,10908385;61,25782762
8438001;76,05;55,173447;61,321741
9903480;67,02;55,17360031;61,32317977
12100000;89,25;55,13848;61,45237
10472860;65,94;55,171077;61,377832
11265000;75,09;55,173781;61,329179
6811000;48,65;55,170912;61,318013
11371200;47,38;55,122712;61,37265
24566044;89,98;55,11145;61,32772
14097980;77,65;55,171139;61,292474
6285800;37,79;55,17336;61,36843
10797150;44,06;55,148498;61,363387
14426010;80,09;55,160355;61,431929
6274343;37,81;55,17336;61,36843
9096080;61,45;55,11131;61,248762
6285802;38,18;55,172979;61,367986
5066000;29,79;55,17319;61,289033
11996000;59,97;55,122712;61,37265
15980000;53,93;55,157305;61,411689
7709000;59,29;55,173447;61,321741
10965960;66,05;55,169946;61,377931
7506000;54;55,187887;61,231487
6300000;39,27;55,17446777;61,41569903
8246000;58,9;55,173447;61,321741
8192000;51,2;55,17282962;61,29152178
5030507;38,7;55,173447;61,321741
6552638;43,49;55,186757;61,226865
6856092;48,79;55,16382;61,43562
9155830;44,29;55,17469173;61,39388388
12731550;65,29;55,09343218;61,24079687
10873110;61,43;55,116042;61,255014
4220000;37,72;55,12582;61,24988
12408720;80,69;55,182297;61,234912
6136302;37,9;55,172979;61,367986
7742761;45,41;55,250793;61,403197
7519900;54,09;55,21316;61,30282
4071460;24,37;55,10854;61,35956
6366030;47,75;55,16907225;61,31212603
5478000;33,2;55,17282962;61,29152178
8793968;61,31;55,250793;61,403197
9078000;53,4;55,17319;61,289033
9903750;79,23;55,10547;61,34532
12930100;66;55,174775;61,393563
12276300;81,3;55,113143;61,274678
12123800;93,26;55,250895;61,24728
8847440;59,77;55,11131;61,248762
6664000;39,2;55,17319;61,289033
17440115;106,69;55,157389;61,402709
5729000;38,5;55,173447;61,321741
11607640;78,43;55,250895;61,24728
12406600;60,52;55,122712;61,37265
9115700;53,86;55,18707;61,22825
10017120;81,44;55,10542441;61,34532177
12655300;70,69;55,17994;61,341
7577500;43,29;55,108254;61,249729
6069168;37,77;55,172805;61,365669
5868000;40,75;55,21355;61,30287
6623903;37,09;55,172805;61,365669
6222000;36,59;55,173447;61,321741
3647700;32,18;55,08973;61,23944
4168980;24,37;55,10903154;61,35920441
6209000;34,7;55,186104;61,226133
7366696;49,11;55,17336;61,36843
10412720;58,4;55,160355;61,431929
6405732;37,81;55,172805;61,365669
7984240;46,41;55,171077;61,377832
4793225;35,86;55,121705;61,247684
11833500;69;55,17992613;61,34096187
6871400;36,54;55,116042;61,255014
11112000;60;55,16011945;61,43196358
10137400;55,7;55,17994;61,341
10543890;59,56;55,116042;61,255014
11184300;73,09;55,208243;61,188443
3869470;24,26;55,10222425;61,34539511
18945648;107,3;55,17019956;61,29454777
9661500;48,4;55,169946;61,377931
3869470;24,26;55,10231;61,34543
9345000;66,75;55,170912;61,318013
6860129;57,93;55,13106596;61,26330208
9352398;70,15;55,173447;61,321741
9360000;58,5;55,17319;61,289033
9936000;62,09;55,173447;61,321741
14103000;78,4;55,16990478;61,29537389
7520240;51,65;55,18766;61,23199
6287673;36,97;55,17336;61,36843
4168980;24,37;55,10903154;61,35920441
10983900;53,58;55,148498;61,363387
20393100;73;55,169879;61,371867
5006500;32,29;55,10907;61,35937
5313770;35;55,120405;61,245889
9680000;60,5;55,17319;61,289033
5467202;45,09;55,125443;61,254763
3869470;24,26;55,10222425;61,34539511
10881000;55,79;55,160355;61,431929
4169200;29,78;55,250895;61,24728
21892720;81,86;55,16916799;61,37096213
10112000;63,2;55,173769;61,329517
3897520;26,42;55,120405;61,245889
9324575;66,51;55,250793;61,403197
5584000;34,9;55,17319;61,289033
16949900;81,09;54,86688;61,161429
7190000;44,52;55,17454;61,41601
13018250;60,54;55,14799671;61,36368892
9705000;66,34;55,186378;61,226709
7840000;44,79;55,17319;61,289033
17621240;107,19;55,170065;61,294848
7863230;56,56;55,213324;61,30255
8997950;70,84;55,173769;61,329517
6727500;51,75;55,17343849;61,31978642
11245500;53,54;55,1485743;61,36363528
11265000;75,09;55,173769;61,329517
12428900;59,04;55,17179;61,29243
10243280;58,59;55,16002;61,43216
6311098;37,59;55,172979;61,367986
15581250;83,09;55,17908192;61,34101551
6566979;41,36;55,25239182;61,38401031
10517520;71,5;55,11098;61,35252
13995390;79,06;55,118179;61,253873
4671533;28,79;55,170912;61,318013
8206601;46,7;55,250793;61,403197
6495400;46,5;55,173447;61,321741
7583460;43,36;55,17128914;61,29316285
6810000;36,97;55,197718;61,185027
6511000;38,29;55,17230151;61,29111409
14927330;66;55,178617;61,359747
10983900;53,58;55,14799671;61,36368892
19744200;78,34;55,16989;61,3723
18855720;79,55;55,16989266;61,37174534
7559697;51,27;55,18692;61,23104
10354320;58,4;55,160355;61,431929
4945869;39,04;55,16907225;61,31212603
6351625;38,18;55,172805;61,365669
13459896;79;55,170065;61,294848
5586030;36,5;55,111258;61,357638
10596560;59,79;55,16011945;61,43196358
10497270;57,9;55,160355;61,431929
10214876;71,16;55,172979;61,367986
10573150;59,5;55,16002;61,43216
15624106;85,3;55,157389;61,402709
5594820;36,33;55,10854;61,35956
4831517;30,2;55,170912;61,318013
5725500;34,7;55,17319;61,289033
5839619;48,93;55,13106596;61,26330208
15997800;58,59;55,16989;61,3723
13876800;83,12;55,108254;61,249729
4642036;31;55,173447;61,321741
11615940;61,45;55,10908385;61,25782762
6382381;42,36;55,186757;61,226865
8417136;56,4;55,186757;61,226865
12859200;53,58;55,148498;61,363387
5868000;40,75;55,21335569;61,30290753
33294850;118,9;55,14799671;61,36368892
6110000;48,47;55,12719;61,622804
6280500;61,5;55,10314;61,247069
4582413;39,79;55,125922;61,253945
10528395;74,66;55,25239182;61,38401031
13631800;74,9;55,108254;61,249729
6285800;37,79;55,172805;61,365669
21440880;130,88;55,171139;61,292474
12200800;80,8;55,113143;61,274678
10607725;44,2;55,157389;61,402709
4864160;32,31;55,10222425;61,34539511
11139000;79;55,108254;61,249729
9071200;46,4;55,180537;61,339986
6727500;51,75;55,17343849;61,31978642
5533000;37,5;55,121033;61,242418
17978400;90,8;55,169889;61,272289
20470060;78,12;55,169879;61,371867
7542500;43,09;55,17319;61,289033
7006700;50,04;55,187887;61,231487
8285976;41,09;55,16990478;61,29537389
17418100;104,3;55,108254;61,249729
7628100;54,09;55,21316;61,30282
3180000;29,69;55,12582;61,24988
8257500;55,04;55,170912;61,318013
3912000;24,45;55,213324;61,30255
4978600;32,11;55,111258;61,357638
7712640;40,16;55,10908385;61,25782762
10900400;59,5;55,160355;61,431929
8089510;56,56;55,21355;61,30287
15671600;81,19;55,095451;61,246004
24541270;85,61;55,11145;61,32772
8165000;48,02;55,186378;61,226709
3434213;29,69;55,13106596;61,26330208
5899000;34,7;55,17319;61,289033
12012000;61,59;55,093617;61,240075
18052892;93,83;55,171077;61,377832
14587800;82;55,16011945;61,43196358
15728700;80,66;55,09343218;61,24079687
7295937;59,7;55,173447;61,321741
4927200;46,22;55,08973;61,23944
10144200;46,11;55,122712;61,37265
8990000;52,25;55,11612993;61,45367541
10476816;71,16;55,17299;61,37108
9424000;62,22;55,113143;61,274678
6708000;51,59;55,17343849;61,31978642
8629140;62,52;55,108254;61,249729
5834880;40,52;55,21316;61,30282
13494640;69,55;55,169946;61,377931
16805250;83,8;55,178617;61,359747
5005000;26,45;55,186757;61,226865
5792791;49,36;55,08973;61,23944
14105610;80,09;55,16011945;61,43196358
11251800;53,58;55,14799671;61,36368892
37206000;163,83;55,11145;61,32772
3888610;24,37;55,10231;61,34543
9172800;63;55,18766;61,23199
27407584;101,48;55,11193;61,325796
9352398;70,15;55,16907225;61,31212603
3869470;24,26;55,10231;61,34543
6682766;37,81;55,172979;61,367986
4400000;37,88;55,124681;61,249481
9996285;72,18;55,187887;61,231487
5824500;35,29;55,17319;61,289033
9624120;72,91;55,213324;61,30255
10715580;60,54;55,116042;61,255014
8745000;53;55,17319;61,289033
10424249;48,29;55,169946;61,377931
7616000;44,79;55,17319;61,289033
7892420;56,77;55,1726;61,47311
6554145;43,5;55,186757;61,226865
12246100;81,09;55,113143;61,274678
8410870;40,27;55,174775;61,393563
4587783;26,95;55,186757;61,226865
15170999;95,19;55,169946;61,377931
9983000;64,59;55,182297;61,234912
7128000;36;55,095827;61,244693
6134425;37,59;55,172979;61,367986
3869470;24,26;55,104096;61,350497
7840620;60,77;55,10542441;61,34532177
9169999;47;55,171745;61,377967
7650000;44,18;55,11612993;61,45367541
6611899;31,6;55,171745;61,377967
5594820;36,33;55,10887778;61,35977304
6238750;54,25;55,170912;61,318013
9891030;71,8;55,16382;61,43562
10324400;48,7;55,115635;61,245187
8513910;41,2;55,16990478;61,29537389
4177880;24,29;55,111258;61,357638
7356799;34,09;55,171745;61,377967
33871110;124,06;55,169879;61,371867
52810000;185,89;55,157305;61,411689
7490410;50,81;55,18748;61,2327
6262905;51,15;55,16907225;61,31212603
9831821;50,22;55,15142;61,30195
5117000;30,1;55,17319;61,289033
11074490;57;55,17205061;61,29205778
8443989;41,2;55,16990478;61,29537389
5792791;49,36;55,08973;61,23944
14229250;60,54;55,148498;61,363387
19055080;78,73;55,16976;61,3722
4978600;32,11;55,10903154;61,35920441
14404980;81,8;55,16011945;61,43196358
10022057;63,65;55,172805;61,365669
13821660;74,3;55,10908385;61,25782762
5177025;36,33;55,10231;61,34543
7832650;56,34;55,21355;61,30287
4709529;31,39;55,173447;61,321741
8621360;40;55,178617;61,359747
12170600;80,59;55,113143;61,274678
10873110;61,43;55,116042;61,255014
12690000;108,12;55,16814;61,53102
9526320;76,05;55,173447;61,321741
8597474;70,34;55,173447;61,321741
10810852;71,69;55,172979;61,367986
9428370;79,23;55,10547;61,34532
5006500;32,29;55,10907;61,35937
5839580;49,38;55,13106596;61,26330208
9150000;58,29;55,13564955;61,42441978
8922900;60,7;55,108254;61,249729
15980000;53,93;55,15713553;61,41171927
17605500;106,69;55,170065;61,294848
12126287;103,94;55,173447;61,321741
8900000;53,49;55,17446777;61,41569903
4546593;39,15;55,13106596;61,26330208
17028179;102,48;55,17349829;61,36949225
9113850;38,7;55,16011945;61,43196358
7839600;56,4;55,1726;61,47311
9112000;53,59;55,17319;61,289033
6262905;51,15;55,173447;61,321741
10314580;65,94;55,169946;61,377931
12770850;44,81;55,14897983;61,36362455
6798080;36,15;55,116042;61,255014
3912000;24,45;55,213324;61,30255
4884920;35;55,12082;61,246166
5594820;36,33;55,10887778;61,35977304
8234800;48,43;55,113143;61,274678
10835850;46,11;55,1485743;61,36363528
5076058;39,04;55,173447;61,321741
8801500;62,79;55,11098;61,35252
12155500;80,5;55,113143;61,274678
8767067;59,47;55,18692;61,23104
4342447;26,95;55,186757;61,226865
6300000;39,27;55,17454;61,41601
15555800;80,59;55,095997;61,242833
12486000;104,05;55,173447;61,321741
11615940;61,45;55,10908385;61,25782762
7519900;54,09;55,21316;61,30282
4249810;35,45;55,13106596;61,26330208
4177880;24,29;55,111258;61,357638
22896428;83,41;55,11193;61,325796
13751690;77,34;55,171139;61,292474
9624120;72,91;55,213324;61,30255
11615940;61,45;55,10908385;61,25782762
6351647;37,79;55,17336;61,36843
12060174;80,94;55,172805;61,365669
11511212;103,8;55,16907225;61,31212603
16068460;61,33;55,16989;61,3723
13670750;74,5;55,17994;61,341
7697280;40,09;55,10908385;61,25782762
5935500;39,56;55,173447;61,321741
6314000;41;55,172661;61,473134
33783750;123,75;55,16989;61,3723
7302252;45,41;55,250793;61,403197
5066000;29,79;55,17230151;61,29111409
7719816;63;55,187887;61,231487
7319000;56,29;55,173447;61,321741
14244700;78,69;55,115985;61,253505
13139900;66,69;55,17928;61,34155
7709000;59,29;55,173447;61,321741
12712983;69,29;55,15142;61,30195
17536200;106,3;55,170065;61,294848
13479360;73,9;55,16002;61,43216
10190000;76,16;55,16814;61,53102
5839619;48,93;55,13106596;61,26330208
6134425;37,59;55,172805;61,365669
7901880;57,25;55,108254;61,249729
7979202;59,84;55,173447;61,321741
6860000;39,2;55,17230151;61,29111409
4574543;30,2;55,173447;61,321741
8709573;59,08;55,186743;61,232097
6835680;48,47;55,21316;61,30282
6896500;53,04;55,173447;61,321741
6782800;43,75;55,250895;61,24728
4642685;38,34;55,173447;61,321741
11773368;72,65;55,173308;61,369697
5302500;30,29;55,17319;61,289033
9424000;62;55,113143;61,274678
5600000;32,52;55,173769;61,329517
4494300;31,64;55,10907;61,35937
6441911;37,59;55,172805;61,365669
7287280;50,04;55,186757;61,226865
11136650;47,38;55,148498;61,363387
5868000;40,75;55,213324;61,30255
5067880;37,81;55,10547;61,34532
11670152;80,61;55,17336;61,36843
13722940;89,11;55,171077;61,377832
10625914;74,66;55,25239182;61,38401031
8828970;60,5;55,10941;61,35114
8354520;60,54;55,108254;61,249729
12090000;62;55,097548;61,237722
7840620;60,77;55,10542441;61,34532177
10070000;66,88;55,186378;61,226709
9062580;34,59;55,169879;61,371867
6554145;43,5;55,18692;61,23104
8887860;61,29;55,10995;61,351691
12122600;61,84;55,171077;61,377832
4121000;22,7;55,186378;61,226709
7889000;56,34;55,21298762;61,30193121
21879620;81,8;55,16916799;61,37096213
6275484;51,34;55,173447;61,321741
9309039;48,79;55,173372;61,36710624
6405732;37,81;55,17299;61,37108
9452570;49,59;55,173372;61,36710624
10863060;73,3;55,208243;61,188443
3594000;26,42;55,121705;61,247684
13522600;74,3;55,108254;61,249729
11690000;91,61;55,16814;61,53102
13705700;59,59;55,122712;61,37265
7840000;44,79;55,17230151;61,29111409
14540300;90,44;55,17205061;61,29205778
5066000;29,79;55,17230151;61,29111409
10825940;57,79;55,17992613;61,34096187
12136770;51,2;55,16976;61,3722
9595647;62,9;55,172979;61,367986
8569000;48,38;55,18641;61,22835
5973138;37,9;55,17336;61,36843
6000000;33,36;55,197718;61,185027
10083171;63,65;55,17299;61,37108
16670600;77,9;55,106021;61,252925
5011600;37,4;55,250895;61,24728
5142720;38,95;55,10547;61,34532
21766960;81,37;55,16916799;61,37096213
13051500;79,09;55,17319;61,289033
12896000;64,48;55,169946;61,377931
7550399;33,79;55,171745;61,377967
12486000;104,05;55,170912;61,318013
12155500;80,5;55,113143;61,274678
5650000;49,99;55,124681;61,249481
7550399;33,79;55,169946;61,377931
10218400;48,2;55,115635;61,245187
6600000;41,88;55,17454;61,41601
10692150;59,5;55,16002;61,43216
9982500;60,5;55,17282962;61,29152178
10012500;66,75;55,170912;61,318013
7394800;53,38;55,187887;61,231487
14233840;78,3;55,157389;61,402709
14780000;89,19;55,197718;61,185027
6394240;30,79;55,171139;61,292474
5133540;38,31;55,10547;61,34532
6600000;37,34;55,11612993;61,45367541
6727500;51,75;55,17343849;61,31978642
4071460;24,37;55,10887778;61,35977304
4945869;39,04;55,173447;61,321741
10543400;59,5;55,16011945;61,43196358
8889657;44,09;55,16990478;61,29537389
10511000;45,7;55,14897983;61,36362455
13828320;70,81;55,178617;61,359747
7029600;48,47;55,21277904;61,30311138
6650000;41,93;55,17454;61,41601
11696100;59,97;55,122712;61,37265
6715000;69,09;55,10314;61,247069
21774820;81,41;55,169879;61,371867
11188729;70,9;55,158549;61,468086
17605500;106,69;55,157389;61,402709
19001700;98,19;55,17908192;61,34101551
11892180;90,77;55,250895;61,24728
7203749;61,61;55,13106596;61,26330208
4342447;26,95;55,186757;61,226865
14233840;78,3;55,17019956;61,29454777
8697050;56;55,17096;61,434045
11258100;63;55,16002;61,43216
5846960;40,9;55,16382;61,43562
4945869;39,04;55,16907225;61,31212603
15994800;59,24;55,14897983;61,36362455
5280000;33;55,17319;61,289033
5262500;42,09;55,17306391;61,31981861
5215000;29,79;55,17230151;61,29111409
9289500;56,29;55,17230151;61,29111409
6849700;38,27;55,18707;61,22825
5182990;40,97;55,12719;61,622804
7840000;44,79;55,17319;61,289033
10853864;97,94;55,16907225;61,31212603
9962569;61,5;55,172979;61,367986
8811000;53,4;55,17319;61,289033
11771790;49,66;55,16989266;61,37174534
10180000;81,44;55,10542441;61,34532177
18359870;106,3;55,16990478;61,29537389
9261725;60,79;55,17336;61,36843
3325950;26,53;55,12082;61,246166
11450400;44,04;55,122712;61,37265
7985250;68,25;55,187887;61,231487
3912000;24,45;55,213324;61,30255
5935500;39,56;55,1737459;61,32446462
5850000;49,2;55,124681;61,249481
4269301;35,5;55,125922;61,253945
6071021;37,9;55,17336;61,36843
9983830;70,61;55,172805;61,365669
7492100;53,9;55,18672;61,23403
11450400;44,04;55,122712;61,37265
5285000;30,2;55,17230151;61,29111409
6285800;37,79;55,172805;61,365669
11550019;80,09;55,172979;61,367986
5604682;35,65;55,18692;61,23104
5184000;32,4;55,17282962;61,29152178
5453820;45;55,113138;61,274687
5303470;31,2;55,173447;61,321741
6136302;37,9;55,172805;61,365669
27310000;105,86;55,11205672;61,32504179
5688000;31,6;55,17319;61,289033
4595203;39,9;55,113138;61,274687
10425800;47,38;55,148498;61,363387
7531000;44,29;55,17230151;61,29111409
3890016;26,95;55,187887;61,231487
4169000;22,38;55,186104;61,226133
8449155;76,05;55,173447;61,321741
15162750;87,9;55,17992613;61,34096187
8795580;62,38;55,17096;61,434045
13917300;60,5;55,122712;61,37265
8639600;59,65;55,17325086;61,32330453
6285802;38,18;55,172979;61,367986
8709573;59,08;55,186743;61,232097
6483269;38,18;55,17299;61,37108
7839600;56,4;55,172661;61,473134
3912000;24,45;55,213324;61,30255
12879200;68;55,17928;61,34155
4168980;24,37;55,111258;61,357638
9744048;51,79;55,16990478;61,29537389
13784670;80,65;55,171139;61,292474
5604682;35,65;55,18692;61,23104
17668800;81,8;55,112625;61,250663
32432400;140,39;55,166588;61,390938
6096700;61,79;55,103719;61,251798
17376800;74,9;55,113993;61,251376
13219300;81,09;55,108254;61,249729
8230550;39,09;55,17992613;61,34096187
6110000;48,47;55,12719;61,622804
9695400;44,06;55,14799671;61,36368892
6134425;37,59;55,17336;61,36843
7559697;51,27;55,18692;61,23104
28710000;98,3;55,15713553;61,41171927
13180440;90,69;55,110934;61,352464
6191440;36,97;55,17336;61,36843
12222434;81,23;55,17299;61,37108
11297000;53,84;55,17102;61,29359
15884100;95,4;55,180537;61,339986
5204720;38,27;55,10547;61,34532
9215360;41,2;55,170065;61,294848
20496260;78,23;55,16989;61,3723
6136302;37,9;55,17336;61,36843
14516250;59,25;55,14897983;61,36362455
8976170;47,79;55,160355;61,431929
8340800;41,59;55,160355;61,431929
9443070;34,59;55,16989;61,3723
7319620;32,04;55,171139;61,292474
13018250;60,54;55,148498;61,363387
5724634;37,34;55,18766;61,23199
13383000;59,47;55,122712;61,37265
12276300;81,3;55,113143;61,274678
11998900;61,84;55,169946;61,377931
8289200;39,09;55,17994;61,341
7953746;67,65;55,13106596;61,26330208
7667000;45,09;55,17230151;61,29111409
5312000;33,2;55,17319;61,289033
3888610;24,37;55,10222425;61,34539511
14299000;79;55,117128;61,252858
14516250;59,25;55,122712;61,37265
11800000;86,62;55,13655;61,42469
9595647;62,9;55,17336;61,36843
13410000;59,59;55,148498;61,363387
5600000;45,5;55,124681;61,249481
18855720;79,55;55,16989266;61,37174534
33928440;124,27;55,169879;61,371867
6136305;37,52;55,172979;61,367986
8770140;61,4;55,10995;61,351691
5758500;34,9;55,17319;61,289033
12298461;86,75;55,172805;61,365669
7919800;56,56;55,21355;61,30287
5286120;35,95;55,108254;61,249729
7758000;43,09;55,17319;61,289033
5973138;37,9;55,172979;61,367986
9955999;46,4;55,171745;61,377967
5169100;42,9;55,121705;61,247684
8514380;42,7;55,16011945;61,43196358
8708348;42,11;55,169946;61,377931
20402980;126,09;55,17908192;61,34101551
11142600;53,06;55,122712;61,37265
12952500;79,08;55,108254;61,249729
4168980;24,37;55,10907;61,35937
13376250;59,45;55,148498;61,363387
4831840;38,15;55,16907225;61,31212603
9345000;66,75;55,170912;61,318013
6030117;37,31;55,172805;61,365669
5479320;41,5;55,10542441;61,34532177
11430540;82,83;55,108254;61,249729
14212720;80,8;55,160355;61,431929
7194000;43,59;55,17319;61,289033
21099840;85,08;55,113998;61,27928
14775950;60,31;55,14897983;61,36362455
7706300;55,04;55,16907225;61,31212603
9951900;47,38;55,148498;61,363387
4883725;32,45;55,10222425;61,34539511
7694273;46,77;55,172979;61,367986
6275484;51,34;55,16907225;61,31212603
9493900;70,84;55,173781;61,329179
15770260;73,11;55,178617;61,359747
5215000;29,79;55,17319;61,289033
17928660;68,43;55,16916799;61,37096213
18618600;102,3;55,108254;61,249729
11269590;63,66;55,116042;61,255014
8660925;58,75;55,18748;61,2327
4978600;32,11;55,111258;61,357638
5558490;36,33;55,10907;61,35937
33901140;124,18;55,16916799;61,37096213
9410324;57,68;55,250793;61,403197
7358000;56,59;55,170912;61,318013
11672100;51,45;55,17179;61,29243
8324799;33,7;55,171745;61,377967
10137400;55,7;55,17994;61,341
17285599;96,19;55,171745;61,377967
3888610;24,37;55,104096;61,350497
3675600;26,42;55,12082;61,246166
4047080;24,37;55,10907;61,35937
4864160;32,31;55,10231;61,34543
6274332;38;55,172979;61,367986
12260500;79,09;55,17319;61,289033
7530213;51,08;55,18692;61,23104
10168200;72,62;55,21277904;61,30311138
5385588;45,59;55,126452;61,255131
4249810;35,45;55,13106596;61,26330208
6351853;36,97;55,172979;61,367986
6245905;55,02;55,17270144;61,49115693
8438001;76,05;55,16907225;61,31212603
8736109;59,25;55,186757;61,226865
11263006;97,12;55,13106596;61,26330208
5586030;36,5;55,10907;61,35937
8987000;48,22;55,18606474;61,2272569
8531393;54,61;55,17299;61,37108
10331784;66,05;55,169946;61,377931
6134452;37,77;55,172979;61,367986
6441906;37,77;55,172805;61,365669
9528480;81,44;55,10542441;61,34532177
9673984;71,8;55,16382;61,43562
7295937;59,7;55,173447;61,321741
12117584;72,65;55,172805;61,365669
6380414;37,59;55,17299;61,37108
9763050;42,04;55,178617;61,359747
7863230;56,56;55,213324;61,30255
11698500;70,9;55,17319;61,289033
12838400;68;55,180537;61,339986
10513650;59,5;55,16002;61,43216
5758500;34,9;55,17282962;61,29152178
9912448;68,08;55,186743;61,232097
21142573;125,09;55,17019956;61,29454777
9407249;48,2;55,169946;61,377931
5586030;36,5;55,111258;61,357638
9092300;56,29;55,182297;61,234912
12299600;70,45;55,17469173;61,39388388
7110246;51,65;55,187887;61,231487
7743360;40,33;55,11713;61,24662
10584400;56,29;55,17994;61,341
8204735;73,84;55,16907225;61,31212603
13931190;81,9;55,160355;61,431929
7616000;44,79;55,17230151;61,29111409
9289500;56,29;55,17230151;61,29111409
4879512;30,2;55,170912;61,318013
12733500;65,3;55,094091;61,242321
17356579;85,09;55,157389;61,402709
12424280;51,34;55,16976;61,3722
27225000;120,72;55,17179;61,29243
9909000;44,04;55,122712;61,37265
5006500;32,29;55,10907;61,35937
7889000;56,34;55,21355;61,30287
9352398;70,15;55,173447;61,321741
15536500;80,5;55,094519;61,244809
24007500;120,72;55,171139;61,292474
8482485;76,34;55,173447;61,321741
4450000;37,88;55,12471;61,24962
9753059;61,88;55,17336;61,36843
11488650;57,29;55,180537;61,339986
27330000;108,58;55,157305;61,411689
9774050;64,48;55,170984;61,434093
11251800;53,58;55,122712;61,37265
23826400;102,69;55,114023;61,25137
7142064;49,45;55,16907225;61,31212603
12251050;90,9;55,110934;61,352464
12126287;103,94;55,16907225;61,31212603
6351647;37,79;55,172805;61,365669
10250000;59,75;55,115574;61,450108
12954904;81,58;55,169946;61,377931
5454000;30,29;55,17230151;61,29111409
7366696;49,11;55,17336;61,36843
10804223;71,16;55,17299;61,37108
4168980;24,37;55,111258;61,357638
7413710;36,59;55,17128914;61,29316285
5241200;42,9;55,12082;61,246166
3938000;25,86;55,121033;61,242418
24151016;124,4;55,157389;61,402709
8471680;42,7;55,160355;61,431929
7519900;54,09;55,213324;61,30255
7903500;48,61;55,108254;61,249729
7748449;55,34;55,16907225;61,31212603
7456250;59,65;55,1737459;61,32446462
10826695;97,44;55,16907225;61,31212603
7950872;55,04;55,173447;61,321741
6126440;61,79;55,10314;61,247069
8641760;58,61;55,186757;61,226865
9818200;70,12;55,21355;61,30287
18342705;107,31;55,17349829;61,36949225
4847515;30,1;55,173447;61,321741
5083000;29,89;55,17230151;61,29111409
4587783;26,95;55,186757;61,226865
7450000;47,04;55,17454;61,41601
6285802;38,18;55,17336;61,36843
6049500;40,33;55,11131;61,248762
8791000;55,06;55,18717966;61,22635491
5839580;49,38;55,13106596;61,26330208
5478000;33,2;55,17282962;61,29152178
9695400;44,06;55,148498;61,363387
29980500;126,5;55,166588;61,390938
5839580;49,38;55,13106596;61,26330208
17196900;60,34;55,14897983;61,36362455
7025300;40,43;55,182297;61,234912
12260500;79,09;55,17282962;61,29152178
9357590;44,45;55,178617;61,359747
7706300;55,04;55,16907225;61,31212603
10819928;97,44;55,173447;61,321741
14425840;75,43;55,178617;61,359747
10922800;58,09;55,17994;61,341
8058050;56,34;55,21355;61,30287
6314000;41;55,1726;61,47311
7892420;56,77;55,10854;61,35956
3890016;26,95;55,18672;61,23403
20527700;78,34;55,16916799;61,37096213
10430000;62,18;55,197718;61,185027
12989840;81,8;55,171077;61,377832
9493900;70,84;55,173781;61,329179
6283200;29,92;55,169946;61,377931
7229430;33,29;55,16002;61,43216
12486000;104,05;55,173447;61,321741
4168980;24,37;55,10907;61,35937
17327070;73,11;55,16989266;61,37174534
8500237;57,65;55,18766;61,23199
5933000;34,9;55,17319;61,289033
7129530;33,29;55,16002;61,43216
3295280;24,22;55,214029;61,298371
12417900;62,54;55,17102;61,29359
5095490;36,59;55,173447;61,321741
7009000;40,43;55,182297;61,234912
4400000;37,88;55,124681;61,249481
8677500;48;55,17349829;61,36949225
6873900;45,95;55,18641;61,22835
9153850;67,09;55,11098;61,35252
7743360;40,33;55,10908385;61,25782762
14031050;65,73;55,178617;61,359747
7366696;49,11;55,172805;61,365669
4582413;39,79;55,125922;61,253945
7595000;43,4;55,108254;61,249729
13383000;59,47;55,122712;61,37265
6287673;36,97;55,172805;61,365669
6094950;37,5;55,172979;61,367986
11455763;103,3;55,173447;61,321741
9459120;71,66;55,21316;61,30282
7510380;58,22;55,10547;61,34532
15345400;83,8;55,17469173;61,39388388
8490000;70,75;55,173769;61,329517
23910000;85,05;55,15713553;61,41171927
6274332;38;55,17336;61,36843
31175800;160,69;55,17205061;61,29205778
7946400;48,61;55,108254;61,249729
8328320;56;55,18692;61,23104
11265000;75,09;55,173781;61,329179
7008950;70,69;55,10314;61,247069
9380000;53,59;55,17230151;61,29111409
12016000;75,09;55,17282962;61,29152178
7124133;51,65;55,187887;61,231487
12448800;43,68;55,14897983;61,36362455
36352980;133,58;55,11205672;61,32504179
8417552;56,59;55,186757;61,226865
5814000;34,2;55,17282962;61,29152178
4762049;31,75;55,16907225;61,31212603
6351647;37,79;55,172979;61,367986
6340034;38;55,17336;61,36843
6860000;39,2;55,17319;61,289033
6245691;37,59;55,17336;61,36843
5746000;33,79;55,17319;61,289033
21190000;72,81;55,15713553;61,41171927
10374001;55,77;55,172805;61,365669
9153850;67,19;55,11098;61,35252
11938080;62,7;55,17928;61,34155
7863230;56,56;55,2129;61,30134
13977700;80,44;55,17205061;61,29205778
8285976;41,09;55,16990478;61,29537389
5971280;37,77;55,17336;61,36843
6715000;69,3;55,103719;61,251798
20976000;87,4;55,166588;61,390938
11242350;58,09;55,17992613;61,34096187
17928660;68,43;55,169879;61,371867
17109345;106,69;55,170065;61,294848
5868000;40,75;55,21335569;61,30290753
12802500;51,2;55,16976;61,3722
7840000;44,79;55,17230151;61,29111409
11827200;49,27;55,16976;61,3722
13618800;66,09;55,174775;61,393563
7982509;68,31;55,13106596;61,26330208
6978673;50,04;55,187887;61,231487
32553500;124,25;55,169879;61,371867
9150000;56,4;55,17446777;61,41569903
6290200;44,93;55,250895;61,24728
7058743;59,83;55,13106596;61,26330208
5378806;35,65;55,187887;61,231487
10006896;66,5;55,250793;61,403197
13256999;78,9;55,169946;61,377931
8626403;46,02;55,173372;61,36710624
13497550;70,48;55,178617;61,359747
5616097;58,29;55,127295;61,260969
7985760;62,88;55,10542441;61,34532177
12070000;83,83;55,197718;61,185027
8438001;76,05;55,16907225;61,31212603
5064800;38,95;55,10547;61,34532
6285800;37,79;55,172979;61,367986
13776000;82,84;55,108254;61,249729
9949800;47,38;55,122712;61,37265
7207200;36,4;55,094091;61,242321
9452520;65,09;55,208243;61,188443
5935500;39,56;55,173447;61,321741
8890000;52,25;55,11611;61,45367
5220640;38,95;55,10547;61,34532
9555000;73,5;55,170912;61,318013
4612300;25,27;55,18641;61,22835
9571000;56,29;55,17319;61,289033
8704000;51,2;55,17282962;61,29152178
11975040;49,27;55,16989266;61,37174534
13429572;83,3;55,171077;61,377832
5600000;32,52;55,173769;61,329517
14335200;79,19;55,115985;61,253505
11771790;49,66;55,16989266;61,37174534
15229320;85,08;55,108256;61,249732
10199000;72,84;55,173447;61,321741
6896500;53,04;55,173447;61,321741
9580040;64,73;55,11131;61,248762
7203749;61,61;55,13106596;61,26330208
8792235;41,2;55,16990478;61,29537389
8081652;55,4;55,11098;61,35252
9775900;71,5;55,11098;61,35252
9667800;61,5;55,172805;61,365669
11058960;62,47;55,118179;61,253873
7301920;38,84;55,116042;61,255014
5069493;39;55,16907225;61,31212603
3889180;23,86;55,111258;61,357638
6250250;54,34;55,170912;61,318013
6089700;38,29;55,208243;61,188443
6280600;40,52;55,213324;61,30255
18980246;107,3;55,170065;61,294848
10859870;59,9;55,160355;61,431929
4919508;30,39;55,170912;61,318013
7169971;61,34;55,13106596;61,26330208
7531000;44,29;55,17230151;61,29111409
11265000;75,09;55,173781;61,329179
6340056;37,81;55,17336;61,36843
3577000;26,3;55,121263;61,242779
6311111;37,77;55,172979;61,367986
5445000;33;55,17282962;61,29152178
15353200;58,59;55,169879;61,371867
11450000;83,55;55,13564955;61,42441978
6340034;38;55,172979;61,367986
10903410;56,7;55,180537;61,339986
8789180;59,61;55,18692;61,23104
5117000;30,1;55,17230151;61,29111409
6222000;36,59;55,170912;61,318013
9345000;66,75;55,173447;61,321741
19855900;100,51;55,174775;61,393563
12731550;65,29;55,09343218;61,24079687
15555800;80,59;55,097131;61,242249
5552000;34,7;55,17319;61,289033
6502365;37,24;55,172979;61,367986
7832650;56,34;55,2129;61,30134
6126400;43,75;55,250895;61,24728
12392820;51,2;55,16976;61,3722
10528395;74,66;55,25239182;61,38401031
10190000;76,16;55,16814;61,53102
8095098;46,47;55,250793;61,403197
10156920;62,95;55,172979;61,367986
6993000;49,95;55,170912;61,318013
10035150;65;55,182297;61,234912
5184000;32,4;55,17319;61,289033
11524800;47,04;55,14897983;61,36362455
16651250;60,54;55,122712;61,37265
10218400;48,2;55,112625;61,250663
6351853;36,97;55,172805;61,365669
12509120;64,48;55,171077;61,377832
7897730;40,09;55,10908385;61,25782762
5612020;40,52;55,10231;61,34543
16819000;88,84;55,17179;61,29243
11615940;61,45;55,10908385;61,25782762
9568200;51,79;55,16990478;61,29537389
11117829;70,9;55,158549;61,468086
9178400;37,91;55,17179;61,29243
6311098;37,59;55,172805;61,365669
7832650;56,34;55,21298762;61,30193121
6275484;51,34;55,16907225;61,31212603
10472860;65,94;55,171077;61,377832
15432600;60,52;55,122712;61,37265
7460926;50,61;55,18748;61,2327
11771790;49,66;55,16989266;61,37174534
17605500;106,69;55,17019956;61,29454777
14299000;79;55,117403;61,25269
13398000;94,19;55,173447;61,321741
5286120;35,95;55,108254;61,249729
5362999;31,54;55,16907225;61,31212603
11110800;78,8;55,108254;61,249729
14338000;104,77;55,186378;61,226709
5724634;37,34;55,18766;61,23199
6540600;59,45;55,17270144;61,49115693
16777199;95,19;55,171745;61,377967
3048890;24,45;55,12719;61,622804
9691360;81,44;55,10542441;61,34532177
5069493;39;55,173447;61,321741
14650380;81,8;55,16011945;61,43196358
4709473;31,2;55,16907225;61,31212603
4582413;39,79;55,127295;61,260969
5188278;45,06;55,13106596;61,26330208
4582413;39,79;55,113138;61,274687
7953000;48,93;55,108254;61,249729
5586030;36,5;55,111258;61,357638
4606000;32,9;55,16907225;61,31212603
4684400;33,77;55,121263;61,242779
7027507;60,2;55,13106596;61,26330208
10864000;59,75;55,171139;61,292474
4338405;35,29;55,126256;61,25616
17356579;85,09;55,157389;61,402709
7832650;56,34;55,213324;61,30255
6715500;40,7;55,17319;61,289033
8717100;59,29;55,108254;61,249729
20276880;126,09;55,17928;61,34155
7319000;56,29;55,170912;61,318013
7187400;36,29;55,095997;61,242833
6919000;40,7;55,17319;61,289033
5095490;36,59;55,173447;61,321741
6136302;37,9;55,17336;61,36843
7919800;56,56;55,21298762;61,30193121
5840640;40,56;55,213324;61,30255
9345000;53,4;55,17319;61,289033
14317100;79,09;55,117128;61,252858
9096080;61,45;55,11131;61,248762
7154416;58;55,125443;61,254763
14831300;88,84;55,171139;61,292474
6013030;26,47;55,17205061;61,29205778
24246528;89,69;55,11205672;61,32504179
3655790;32,24;55,13106596;61,26330208
5758500;34,9;55,17319;61,289033
5200000;42,9;55,121705;61,247684
9093000;43,29;55,16002;61,43216
9796950;47,79;55,14897983;61,36362455
7953746;67,65;55,13106596;61,26330208
12136770;51,2;55,16976;61,3722
4734515;35,86;55,12082;61,246166
9317773;65,55;55,250793;61,403197
16670600;77,9;55,114982;61,244986
5232500;29,89;55,17319;61,289033
12351600;65,69;55,116062;61,253549
10241000;73,15;55,173447;61,321741
11400000;72,22;55,11611;61,45367
5236000;37,4;55,250895;61,24728
7366696;49,11;55,172979;61,367986
4978600;32,11;55,10903154;61,35920441
3149903;29,38;55,08973;61,23944
31174500;132,3;55,11145;61,32772
5478000;33,2;55,17319;61,289033
9687300;46,13;55,148498;61,363387
6030117;37,31;55,172979;61,367986
11640500;75,09;55,17282962;61,29152178
5232500;29,89;55,17319;61,289033
10023856;70,86;55,17336;61,36843
16415000;98;55,17992613;61,34096187
9865440;49,59;55,160355;61,431929
20592000;95,33;55,17179;61,29243
7110246;51,65;55,187887;61,231487
7295120;37,22;55,171077;61,377832
5400000;49,2;55,12471;61,24962
11845000;47,38;55,122712;61,37265
7300000;69,19;55,243988;61,253829
11570490;65,37;55,118179;61,253873
5493984;45,29;55,113138;61,274687
12140400;80,4;55,113143;61,274678
8929804;47,79;55,160355;61,431929
18924000;76;55,166588;61,390938
5311110;36,13;55,108254;61,249729
5678500;41;55,104096;61,350497
7319000;56,29;55,173447;61,321741
6896500;53,04;55,170912;61,318013
8683038;58,9;55,18748;61,2327
6899349;27,2;55,171745;61,377967
12203800;53,06;55,14897983;61,36362455
13075785;81,87;55,173308;61,369697
6035000;36,99;55,186378;61,226709
8354520;60,54;55,108254;61,249729
8778000;53,2;55,17282962;61,29152178
5115650;36,7;55,170912;61,318013
13387000;91,83;55,18722;61,22869
11464329;88,2;55,250793;61,403197
4951505;30,7;55,170912;61,318013
10175130;52,09;55,160355;61,431929
12392820;51,2;55,16976;61,3722
9750832;66,97;55,186757;61,226865
3912000;24,45;55,213324;61,30255
15321060;84,59;55,16011945;61,43196358
6999300;27,64;55,17179;61,29243
19855900;100,51;55,17469173;61,39388388
6564960;30,79;55,171139;61,292474
3675600;26,42;55,121705;61,247684
11263006;97,12;55,13106596;61,26330208
12020140;49,66;55,16989266;61,37174534
11524800;47,04;55,14897983;61,36362455
9374000;70,84;55,173781;61,329179
7034726;50,04;55,187887;61,231487
12584250;53,54;55,1485743;61,36363528
12392820;51,2;55,16989266;61,37174534
5267500;30,1;55,17282962;61,29152178
6071021;37,9;55,172979;61,367986
7835120;52,93;55,11131;61,248762
5280000;33;55,17282962;61,29152178
16274300;93,8;55,16002;61,43216
6285800;37,79;55,17336;61,36843
7706300;55,04;55,173447;61,321741
18342705;107,31;55,172805;61,365669
6142525;54,29;55,08973;61,23944
11578140;61,25;55,11713;61,24662
5292700;42,9;55,12082;61,246166
14647000;73,41;55,174775;61,393563
9439200;46;55,180537;61,339986
10423600;47,38;55,122712;61,37265
6031994;37,31;55,172979;61,367986
7542500;43,09;55,108254;61,249729
4990897;38,5;55,16907225;61,31212603
7798380;56,5;55,108254;61,249729
10151900;53,09;55,17102;61,29359
12442500;59,25;55,122712;61,37265
5859354;35,24;55,18766;61,23199
6974060;59,18;55,12719;61,622804
7919800;56,56;55,2129;61,30134
7773540;59,34;55,214029;61,298371
6030112;37,5;55,17336;61,36843
7754880;40,38;55,11713;61,24662
13005000;78,5;55,169946;61,377931
9363200;61,84;55,113143;61,274678
6245714;37,77;55,172979;61,367986
14775950;60,31;55,14897983;61,36362455
21806600;101,9;55,106021;61,252925
12260320;80,66;55,113143;61,274678
9975550;64,59;55,182297;61,234912
6262905;51,15;55,16907225;61,31212603
12879360;99,83;55,250895;61,24728
8724100;40,5;55,17102;61,29359
5083000;29,89;55,17319;61,289033
6554145;43,5;55,18692;61,23104
5586030;36,5;55,10903154;61,35920441
8778000;62,7;55,208243;61,188443
17526097;103,48;55,173308;61,369697
6998038;59,95;55,173447;61,321741
7937599;33,59;55,169946;61,377931
7637300;35,75;55,17102;61,29359
31589408;118,69;55,11205672;61,32504179
5604682;35,65;55,18692;61,23104
17440115;106,69;55,17019956;61,29454777
10633140;56,25;55,10908385;61,25782762
11022000;60;55,16002;61,43216
9945936;68,3;55,186743;61,232097
7025300;40,43;55,182297;61,234912
8843000;59,75;55,11131;61,248762
5570380;46,2;55,113138;61,274687
11035600;58,7;55,115985;61,253505
7712640;40,16;55,114982;61,244986
12014730;63,56;55,10908385;61,25782762
6136302;37,9;55,17336;61,36843
10950350;56,29;55,17992613;61,34096187
6030572;49,45;55,16907225;61,31212603
5006500;32,29;55,10903154;61,35920441
8792235;41,2;55,157389;61,402709
10983900;53,58;55,122712;61,37265
11800000;85,94;55,13564955;61,42441978
7206040;38,33;55,116042;61,255014
6311098;37,59;55,17336;61,36843
8257500;55,04;55,173447;61,321741
3618600;24,45;55,2129;61,30134
9659660;70,61;55,172805;61,365669
6274332;38;55,172979;61,367986
6274332;38;55,172979;61,367986
7206040;38,33;55,116042;61,255014
12140400;80,4;55,113143;61,274678
7542500;43,09;55,17319;61,289033
4249810;35,45;55,13106596;61,26330208
12999700;53,06;55,122712;61,37265
4864160;32,31;55,104096;61,350497
9257160;70,12;55,2129;61,30134
12564860;81,58;55,169946;61,377931
14280900;78,9;55,115985;61,253505
10020250;64,9;55,182297;61,234912
5604682;35,65;55,18692;61,23104
10210140;77,94;55,250895;61,24728
21845560;81,68;55,16916799;61,37096213
17513724;103,41;55,17349829;61,36949225
8448000;51,2;55,17319;61,289033
8354520;60,54;55,108254;61,249729
35360000;108,48;55,157305;61,411689
7710400;48,79;55,16382;61,43562
5604682;35,65;55,18692;61,23104
6830000;36,29;55,197718;61,185027
26910000;105,12;55,11193;61,325796
10565500;63,63;55,18606474;61,2272569
11257200;63,59;55,118179;61,253873
6134452;37,77;55,17336;61,36843
10285000;60,5;55,17282962;61,29152178
5868000;40,75;55,2129;61,30134
13623750;60,54;55,14799671;61,36368892
10472860;65,94;55,169946;61,377931
12125300;80,59;55,113143;61,274678
12155500;80,5;55,113143;61,274678
8758880;42,11;55,171077;61,377832
7515540;58,25;55,10547;61,34532
5517900;35,88;55,186378;61,226709
9925600;65,3;55,113143;61,274678
4168980;24,37;55,111258;61,357638
10006840;64,8;55,182297;61,234912
4731844;31,54;55,173447;61,321741
3903850;23,95;55,10887778;61,35977304
6512000;40,7;55,17282962;61,29152178
11799000;82,41;55,18717966;61,22635491
11078381;97,12;55,13106596;61,26330208
9428370;79,23;55,10547;61,34532
7436000;55,52;55,12082;61,246166
32241300;118,09;55,16989;61,3723
12020140;49,66;55,16989266;61,37174534
14468520;66,37;55,178617;61,359747
3912000;24,45;55,213324;61,30255
4490965;37;55,173447;61,321741
5552000;34,7;55,17282962;61,29152178
10022057;63,65;55,172979;61,367986
9982500;60,5;55,17282962;61,29152178
5594820;36,33;55,111258;61,357638
5020615;31,79;55,18748227;61,23197736
9279990;44,29;55,174775;61,393563
9983830;70,61;55,172979;61,367986
4027800;28,77;55,250895;61,24728
6071040;37,52;55,172979;61,367986
4176900;24,56;55,1737459;61,32446462
4168980;24,37;55,10907;61,35937
7976444;45,4;55,250793;61,403197
27100000;104,66;55,11205672;61,32504179
15231660;82,19;55,180537;61,339986
10002270;56,5;55,116042;61,255014
4168980;24,37;55,111258;61,357638
4950000;25,14;55,197718;61,185027
6495400;46,5;55,170912;61,318013
7756800;40,4;55,114982;61,244986
12039600;50,79;55,16976;61,3722
8639600;59,65;55,173447;61,321741
9700000;65,61;55,1384635;61,45219134
7983800;38,2;55,17994;61,341
7032883;60,25;55,16907225;61,31212603
5859354;35,24;55,18748;61,2327
19055080;78,73;55,16976;61,3722
9302966;71,8;55,16382;61,43562
17376800;74,9;55,114023;61,25137
5899000;34,7;55,17319;61,289033
9062400;47,2;55,17994;61,341
7840000;44,79;55,17230151;61,29111409
5987800;55,66;55,121263;61,242779
7706300;55,04;55,16907225;61,31212603
12155500;80,5;55,113143;61,274678
3618600;24,45;55,2129;61,30134
31584000;113,01;55,11205672;61,32504179
38409000;142,63;55,11193;61,325796
18985200;121,9;55,208243;61,188443
11190267;66,48;55,18641;61,22835
5363525;35,09;55,18710168;61,23087229
27100000;104,66;55,11145;61,32772
11610550;47,38;55,122712;61,37265
12733500;65,3;55,097677;61,241037
7863230;56,56;55,21355;61,30287
12243120;83,4;55,208243;61,188443
6283200;29,92;55,171077;61,377832
7203749;61,61;55,13106596;61,26330208
8828970;60,9;55,10995;61,351691
8860320;35,15;55,169879;61,371867
8035500;48,93;55,108254;61,249729
14299000;79;55,117128;61,252858
7460926;50,61;55,18748;61,2327
11344000;70,9;55,17319;61,289033
7484030;57,13;55,10542441;61,34532177
12709200;60,52;55,14799671;61,36368892
4762049;31,75;55,173447;61,321741
10087799;55,59;55,169946;61,377931
12674500;78;55,169946;61,377931
5243000;42,79;55,121263;61,242779
5120500;42,9;55,121705;61,247684
10052444;44,2;55,157389;61,402709
9703201;79,8;55,08973;61,23944
4879512;30,2;55,173447;61,321741
4193360;24,37;55,10854;61,35956
14813460;84,59;55,16011945;61,43196358
4947000;29,1;55,170912;61,318013
13579500;82,84;55,108254;61,249729
8387808;56,4;55,186757;61,226865
9493900;70,84;55,173769;61,329517
6285800;37,79;55,17336;61,36843
7863230;56,56;55,21298762;61,30193121
14943240;80,33;55,11713;61,24662
5298560;38,95;55,10547;61,34532
9693999;46,59;55,169946;61,377931
17356579;85,09;55,16990478;61,29537389
8058050;56,34;55,213324;61,30255
12563760;95,18;55,250895;61,24728
7282500;58,25;55,10547;61,34532
11778450;79,05;55,182297;61,234912
8118000;45,09;55,17230151;61,29111409
10165250;55,7;55,180537;61,339986
9233566;66,18;55,172979;61,367986
7154416;58;55,125443;61,254763
4168980;24,37;55,10907;61,35937
8917700;48,54;55,18606474;61,2272569
14520900;85;55,17205061;61,29205778
5724634;37,34;55,18766;61,23199
4734279;35;55,121705;61,247684
5840640;40,56;55,213324;61,30255
4315500;28,77;55,250895;61,24728
11698500;70,9;55,17319;61,289033
5605600;36,18;55,113143;61,274678
8064000;44,79;55,17319;61,289033
9721600;43,4;55,114023;61,25137
14476800;99,83;55,250895;61,24728
6877500;39,29;55,17319;61,289033
11117829;70,9;55,158549;61,468086
6351630;37,79;55,17336;61,36843
6340034;38;55,17336;61,36843
13415478;78,3;55,170065;61,294848
17012800;99,19;55,17992613;61,34096187
10810852;71,69;55,172805;61,365669
13809600;82,19;55,108254;61,249729
5495050;42,9;55,120405;61,245889
6092169;49,84;55,173447;61,321741
4482639;26,95;55,186743;61,232097
16642000;78,5;55,115635;61,245187
7074000;39,29;55,17230151;61,29111409
5599000;49,99;55,12471;61,24962
6314000;41;55,172661;61,473134
10028460;50,7;55,160355;61,431929
6057430;60,9;55,103719;61,251798
11263006;97,12;55,13106596;61,26330208
3912000;24,45;55,213324;61,30255
7919800;56,56;55,213324;61,30255
11570000;72,4;55,197718;61,185027
6075496;40,9;55,16382;61,43562
10860000;62,31;55,197718;61,185027
8246000;58,9;55,173447;61,321741
6664000;39,2;55,17230151;61,29111409
6285800;37,79;55,17336;61,36843
7105186;49,11;55,172979;61,367986
23525170;102,73;55,114;61,24535
7719060;60,77;55,10542441;61,34532177
11196500;45,7;55,14897983;61,36362455
5030507;38,7;55,16907225;61,31212603
8058050;56,34;55,21355;61,30287
8690000;77,61;55,12471;61,24962
5375523;38,4;55,173447;61,321741
6300000;38,97;55,17454;61,41601
4772600;33,47;55,121263;61,242779
7838700;46,11;55,113143;61,274678
14262800;78,8;55,116062;61,253549
9078000;53,4;55,17230151;61,29111409
8665347;58,77;55,186757;61,226865
6600000;37,34;55,11612993;61,45367541
6257549;27,5;55,171745;61,377967
16291800;60,34;55,14897983;61,36362455
6782800;43,75;55,250895;61,24728
15690900;81,3;55,095451;61,246004
3295280;24,22;55,214029;61,298371
9714100;40,25;55,17179;61,29243
6314000;41;55,172661;61,473134
4256015;35,29;55,127295;61,260969
17690400;81,9;55,112625;61,250663
15748200;80,76;55,09343218;61,24079687
13041600;67,3;55,17102;61,29359
7520240;51,65;55,18766;61,23199
4847515;30,1;55,173447;61,321741
11066092;71,16;55,172979;61,367986
9078000;53,4;55,17230151;61,29111409
12453420;81;55,182297;61,234912
10528395;74,66;55,25239182;61,38401031
10785992;97,44;55,173447;61,321741
8792956;54,99;55,172979;61,367986
10819000;69,8;55,17319;61,289033
6471438;38;55,172805;61,365669
5758500;34,9;55,17319;61,289033
6702500;38,29;55,17319;61,289033
4831517;30,2;55,170912;61,318013
7200000;40;55,17319;61,289033
7840000;44,79;55,17319;61,289033
4413650;45,4;55,10314;61,247069
6483330;43,02;55,186757;61,226865
6909000;36,75;55,116042;61,255014
20064000;83,59;55,166588;61,390938
14897500;59,59;55,122712;61,37265
5767730;35,24;55,18766;61,23199
9775900;71,69;55,110934;61,352464
5403460;38,59;55,16907225;61,31212603
5478000;33,2;55,17319;61,289033
6314000;41;55,172661;61,473134
5189700;42,9;55,121705;61,247684
7055014;60,08;55,08973;61,23944
5552000;34,7;55,17282962;61,29152178
17371466;106,3;55,157389;61,402709
10325120;58,4;55,16002;61,43216
10168200;72,62;55,213324;61,30255
6473249;33,29;55,171745;61,377967
12141100;63,4;55,180537;61,339986
14180980;80,3;55,16002;61,43216
11140483;71,69;55,172805;61,365669
6800000;42,74;55,13655;61,42469
9102500;38,22;55,17179;61,29243
8417552;56,59;55,186757;61,226865
16814400;99,19;55,17992613;61,34096187
7169971;61,34;55,13106596;61,26330208
13398000;94,19;55,16907225;61,31212603
55766200;182,89;55,17019956;61,29454777
7399020;58,25;55,10547;61,34532
17537750;59,45;55,14799671;61,36368892
5302500;30,29;55,17319;61,289033
16156320;91,75;55,171139;61,292474
13623750;60,54;55,122712;61,37265
16221200;75,8;55,106021;61,252925
8432000;52,7;55,17319;61,289033
4612300;25,42;55,18606474;61,2272569
4027800;28,77;55,250895;61,24728
5900000;27,5;55,171745;61,377967
3180000;30,12;55,12582;61,24988
7863230;56,56;55,2129;61,30134
4919508;30,39;55,170912;61,318013
5774473;38,5;55,173447;61,321741
6030112;37,5;55,172979;61,367986
5132500;46,22;55,08973;61,23944
12424280;51,34;55,16989266;61,37174534
9856396;62,95;55,172979;61,367986
7890000;51,13;55,16814;61,53102
13664200;60,95;55,17102;61,29359
5643000;34,2;55,17319;61,289033
9892060;43,95;55,17469173;61,39388388
4168980;24,37;55,10903154;61,35920441
6239000;36,7;55,173447;61,321741
12117584;72,65;55,172805;61,365669
5238000;29,1;55,170912;61,318013
4639536;28,6;55,170912;61,318013
8220660;59,56;55,108254;61,249729
15353200;58,59;55,169879;61,371867
6702500;38,29;55,17319;61,289033
7616000;44,79;55,17230151;61,29111409
6939080;36,9;55,118179;61,253873
11513250;53,54;55,122712;61,37265
5604682;35,65;55,18692;61,23104
8328320;56;55,18692;61,23104
8704000;51,2;55,17319;61,289033
9283500;69,26;55,186378;61,226709
9813971;71,8;55,16382;61,43562
12038400;62,7;55,16063;61,43206
6071021;37,9;55,17336;61,36843
8830880;42,04;55,17469173;61,39388388
11251800;53,58;55,148498;61,363387
10873110;61,43;55,116042;61,255014
18508839;103,41;55,17349829;61,36949225
7628100;54,09;55,21277904;61,30311138
13784670;80,65;55,17205061;61,29205778
9796950;47,79;55,122712;61,37265
6542000;68;55,103719;61,251798
24360000;86,69;55,11205672;61,32504179
9960650;64,5;55,182297;61,234912
4168980;24,37;55,10907;61,35937
14972000;78,8;55,16063;61,43206
5767730;35,24;55,18766;61,23199
4971170;39,25;55,173447;61,321741
8997950;70,84;55,173769;61,329517
5188278;45,06;55,13106596;61,26330208
15353200;58,59;55,16989;61,3723
6351641;38,16;55,172805;61,365669
8224000;51,4;55,17319;61,289033
9521100;61,83;55,182297;61,234912
6126400;43,75;55,250895;61,24728
10050000;59,75;55,115574;61,450108
5411991;45,29;55,125436;61,254759
3912000;24,45;55,213324;61,30255
6304880;61,7;55,10314;61,247069
9791100;55,9;55,171745;61,377967
4490965;37;55,16907225;61,31212603
12427500;49,7;55,16976;61,3722
6860000;39,2;55,17230151;61,29111409
22768250;74,69;55,170065;61,294848
4782400;36,81;55,121263;61,242779
7399020;58,25;55,10547;61,34532
6804750;52,75;55,10542441;61,34532177
16250280;85,08;55,108256;61,249732
12109500;62,09;55,16063;61,43206
3912000;24,45;55,213324;61,30255
6110000;48,47;55,12719;61,622804
7439953;46,7;55,250793;61,403197
4193360;24,37;55,111258;61,357638
10693931;83,69;55,16907225;61,31212603
14814000;98,76;55,250895;61,24728
5933000;34,9;55,17319;61,289033
20319390;72,73;55,16989;61,3723
3912000;24,45;55,21335569;61,30290753
5631010;42,9;55,120405;61,245889
14222200;60,52;55,148498;61,363387
7693070;38,93;55,17128914;61,29316285
9709700;40,27;55,178617;61,359747
10968939;70,9;55,160704;61,460663
7696000;59,2;55,173447;61,321741
8354520;60,54;55,108254;61,249729
11578140;61,25;55,114982;61,244986
9648000;60,29;55,17282962;61,29152178
5066000;29,79;55,17230151;61,29111409
10288300;53,09;55,17102;61,29359
9936000;62,09;55,173447;61,321741
8192000;51,2;55,17319;61,289033
5590000;34,63;55,16814;61,53102
8438001;76,05;55,173447;61,321741
10113600;47,04;55,14897983;61,36362455
7559697;51,27;55,18692;61,23104
18855720;79,55;55,16989266;61,37174534
8358660;60,56;55,108254;61,249729
9465000;59,9;55,186378;61,226709
6394100;61,7;55,10314;61,247069
10116550;92,59;55,17909;61,319795
12275520;80,76;55,113143;61,274678
8889657;44,09;55,16990478;61,29537389
4864000;42,9;55,120424;61,244423
10960030;59,04;55,171139;61,292474
5441360;40;55,10542441;61,34532177
7863230;56,56;55,21335569;61,30290753
16435200;76,8;55,114982;61,244986
6351647;37,79;55,172979;61,367986
13983480;64,44;55,09343218;61,24079687
10150016;88,59;55,127295;61,260969
10648872;66,05;55,169946;61,377931
5859354;35,24;55,18766;61,23199
5188278;45,06;55,13106596;61,26330208
5971284;37,59;55,17336;61,36843
10893120;67,19;55,208243;61,188443
20436300;84,09;55,166588;61,390938
12117584;72,65;55,172805;61,365669
9775900;71,5;55,110934;61,352464
4027800;28,77;55,250895;61,24728
9443070;34,59;55,169879;61,371867
12008600;59,59;55,17205061;61,29205778
7225394;47,74;55,187887;61,231487
4792200;33,47;55,121263;61,242779
12172949;104,34;55,16907225;61,31212603
9848280;67,3;55,110934;61,352464
9073600;42,79;55,112625;61,250663
10873110;61,43;55,116042;61,255014
8628900;58,7;55,108254;61,249729
5612020;40,52;55,10222425;61,34539511
7520240;51,65;55,18748;61,2327
6680747;37,36;55,172979;61,367986
10048800;47,4;55,112625;61,250663
9800000;65;55,13848;61,45237
13698300;64,3;55,17102;61,29359
8535030;44,45;55,174775;61,393563
11615940;61,45;55,10908385;61,25782762
4169200;29,78;55,250895;61,24728
17028179;102,48;55,173308;61,369697
7982509;68,31;55,13106596;61,26330208
9586830;79,23;55,10547;61,34532
5174000;39,79;55,17343849;61,31978642
10810000;74,95;55,18717966;61,22635491
6755000;38,59;55,108254;61,249729
8485500;56,56;55,21335569;61,30290753
10454150;59,5;55,16002;61,43216
4650493;39,5;55,113138;61,274687
6797000;48,54;55,173447;61,321741
11898000;79,31;55,250895;61,24728
7319000;56,29;55,173447;61,321741
11615940;61,45;55,10908385;61,25782762
9500000;57,95;55,17454;61,41601
11771790;49,66;55,16989266;61,37174534
6287673;36,97;55,172979;61,367986
14172850;60,31;55,14897983;61,36362455
14952960;79,25;55,118179;61,253873
9077260;43,81;55,17469173;61,39388388
4168980;24,37;55,10903154;61,35920441
6126440;61,79;55,10314;61,247069
4379562;28,79;55,173447;61,321741
8557080;42,7;55,160355;61,431929
5493984;45,29;55,113138;61,274687
7813560;56,61;55,108254;61,249729
17295035;107,19;55,157389;61,402709
7889000;56,34;55,2129;61,30134
6314700;30,5;55,171139;61,292474
18158400;95,33;55,17205061;61,29205778
4168980;24,37;55,111258;61,357638
20396700;77,84;55,169879;61,371867
7774000;59,79;55,173447;61,321741
6351647;37,79;55,172805;61,365669
7032883;60,25;55,173447;61,321741
10186700;47,38;55,122712;61,37265
9261560;42,04;55,178617;61,359747
5500000;49,2;55,124681;61,249481
5177810;34,84;55,120405;61,245889
5044000;42,9;55,121705;61,247684
6057430;60,79;55,10314;61,247069
11245500;53,54;55,122712;61,37265
6314000;41;55,1726;61,47311
12675000;65;55,09659;61,243812
10207400;72,91;55,21316;61,30282
5840640;40,56;55,21316;61,30282
6817000;35,5;55,18692798;61,22776039
23610000;74,16;55,157305;61,411689
8477340;61,43;55,108254;61,249729
8568010;40,79;55,171139;61,292474
9393600;61,79;55,113143;61,274678
12404550;60,5;55,122712;61,37265
11899115;89,72;55,17336;61,36843
4168980;24,37;55,10903154;61,35920441
7694273;46,77;55,172805;61,365669
9949800;47,38;55,122712;61,37265
5605600;36,4;55,113143;61,274678
13459896;79;55,157389;61,402709
4071460;24,37;55,10854;61,35956
16250280;85,08;55,108256;61,249732
9750832;66,97;55,186757;61,226865
10419000;45,29;55,14799671;61,36368892
5868000;40,75;55,213324;61,30255
12370000;61,84;55,169946;61,377931
17371466;106,3;55,170065;61,294848
6134452;37,77;55,172805;61,365669
8900000;53,49;55,17446777;61,41569903
13321000;60,54;55,122712;61,37265
17447600;82,3;55,112625;61,250663
23524800;101,4;55,114023;61,25137
6030112;37,5;55,17336;61,36843
4269301;35,5;55,127295;61,260969
11773368;72,65;55,17349829;61,36949225
3903850;23,95;55,10907;61,35937
5604682;35,65;55,18692;61,23104
10050441;61,88;55,17336;61,36843
12567830;67,09;55,180537;61,339986
6974060;59,18;55,12719;61,622804
16684400;78,69;55,112625;61,250663
9165150;36,5;55,16011945;61,43196358
5597760;38,08;55,108254;61,249729
17447600;82,3;55,115635;61,245187
10605280;77,98;55,10854;61,35956
6483330;43,02;55,186757;61,226865
12788200;59,47;55,122712;61,37265
20396700;77,84;55,16916799;61,37096213
9951900;47,38;55,148498;61,363387
7974000;44,29;55,17230151;61,29111409
12658600;75;55,108254;61,249729
3048890;24,45;55,12719;61,622804
5508000;32,4;55,17282962;61,29152178
9000000;57,65;55,13564955;61,42441978
11153100;79,09;55,108254;61,249729
7067728;60,54;55,16907225;61,31212603
6979000;49,84;55,173447;61,321741
4595203;39,9;55,125922;61,253945
6134452;37,77;55,172979;61,367986
6136305;37,52;55,172805;61,365669
9459120;71,66;55,213324;61,30255
18855720;79,55;55,16989266;61,37174534
13153200;66,37;55,17469173;61,39388388
7207200;36,4;55,093061;61,238593
6340034;38;55,172805;61,365669
4256000;35,4;55,125922;61,253945
5563030;42,9;55,120405;61,245889
18530122;85,5;55,17019956;61,29454777
10129200;55,2;55,17992613;61,34096187
9279990;44,29;55,17469173;61,39388388
8860750;77,05;55,173447;61,321741
12316500;53,54;55,122712;61,37265
9330000;62,2;55,170912;61,318013
12231100;60,54;55,122712;61,37265
10528395;74,66;55,25239182;61,38401031
6030117;37,31;55,17336;61,36843
4168980;24,37;55,10903154;61,35920441
5393080;35,86;55,120405;61,245889
5176160;38,06;55,10542441;61,34532177
23802000;105,09;55,14799671;61,36368892
19563540;72,97;55,16989;61,3723
5750000;49,99;55,124681;61,249481
13009650;60,5;55,1485743;61,36363528
7605120;39,61;55,10908385;61,25782762
6964659;49,7;55,18710168;61,23087229
4482639;26,95;55,186743;61,232097
7832650;56,34;55,2129;61,30134
7147800;36,09;55,093061;61,238593
8770140;61,2;55,10941;61,35114
17440115;106,69;55,157389;61,402709
9493900;70,84;55,173769;61,329517
10656360;59,79;55,16011945;61,43196358
5402250;36,75;55,108254;61,249729
5411991;45,29;55,125436;61,254759
6136302;37,9;55,172805;61,365669
9454400;62,22;55,113143;61,274678
9949800;47,38;55,122712;61,37265
6874868;47,59;55,16907225;61,31212603
4719000;24,2;55,095827;61,244693
10804223;71,16;55,17299;61,37108
6690000;43,29;55,17454;61,41601
12746000;87,47;55,186378;61,226709
9571000;56,29;55,17230151;61,29111409
9903750;79,23;55,10547;61,34532
10327562;63,65;55,172979;61,367986
5267500;30,1;55,17319;61,289033
15517200;80,4;55,09659;61,243812
7889000;56,34;55,21355;61,30287
8626403;46,02;55,173372;61,36710624
5632000;43,7;55,121033;61,242418
11444674;103,19;55,173447;61,321741
10951850;58,09;55,180537;61,339986
10154025;70,86;55,172979;61,367986
5634510;38,33;55,108254;61,249729
27930000;108,48;55,157305;61,411689
12363574;80,94;55,172805;61,365669
14562018;78,9;55,157389;61,402709
18705811;106,3;55,157389;61,402709
7188800;44,93;55,250895;61,24728
7835120;52,93;55,11131;61,248762
6790000;30,01;55,171139;61,292474
9555000;73,5;55,170912;61,318013
12295900;59,97;55,122712;61,37265
8531393;54,61;55,172805;61,365669
33871110;124,06;55,16989;61,3723
4988753;45,06;55,13106596;61,26330208
9374000;70,84;55,173769;61,329517
9400000;57,95;55,17446777;61,41569903
7889000;56,34;55,213324;61,30255
7823050;40,5;55,17128914;61,29316285
9121750;56,5;55,182297;61,234912
19055080;78,73;55,16976;61,3722
11845000;47,38;55,122712;61,37265
15353200;58,59;55,16916799;61,37096213
9153850;67,19;55,110934;61,352464
7709000;59,29;55,170912;61,318013
9693999;46,4;55,169946;61,377931
8991450;46,11;55,09343218;61,24079687
18661380;78,73;55,16976;61,3722
5859354;35,24;55,18766;61,23199
4256015;35,29;55,125922;61,253945
10006840;64,8;55,182297;61,234912
7863230;56,56;55,213324;61,30255
8683038;58,9;55,18748;61,2327
10168200;72,62;55,21316;61,30282
5188278;45,06;55,13106596;61,26330208
9010000;53;55,17319;61,289033
11458200;44,06;55,148498;61,363387
3311563;29,69;55,08973;61,23944
4168980;24,37;55,10907;61,35937
5834880;40,52;55,21277904;61,30311138
3593200;26,42;55,12082;61,246166
8860750;77,05;55,173447;61,321741
5188278;45,06;55,13106596;61,26330208
12412750;60,54;55,122712;61,37265
4800000;40,7;55,243988;61,253829
8083740;60,77;55,10542441;61,34532177
13970750;59,45;55,14799671;61,36368892
9791099;55,7;55,171745;61,377967
9949800;47,38;55,1485743;61,36363528
4249783;34,84;55,13106596;61,26330208
8442880;41,15;55,171139;61,292474
9520772;41,2;55,170065;61,294848
10822680;59,4;55,16011945;61,43196358
4057500;32,18;55,12719;61,622804
7519900;54,09;55,213324;61,30255
20319390;72,73;55,16916799;61,37096213
13708000;74,5;55,180537;61,339986
5362999;31,54;55,173447;61,321741
5267500;30,1;55,17282962;61,29152178
9414568;66,18;55,172979;61,367986
15080880;81,08;55,10849233;61,25690017
17605500;106,69;55,170065;61,294848
10693931;83,69;55,173447;61,321741
7724160;40,22;55,10908385;61,25782762
13398000;94,19;55,16907225;61,31212603
10050050;65,09;55,182297;61,234912
7100600;54,61;55,250895;61,24728
10693931;83,69;55,173447;61,321741
7764480;40,43;55,10849233;61,25690017
5445000;33;55,17319;61,289033
12109500;62,09;55,09659;61,243812
10251000;60,29;55,17319;61,289033
7956000;68;55,18696663;61,23160185
9452550;46,11;55,122712;61,37265
6340034;38;55,172979;61,367986
7722000;59,4;55,170912;61,318013
12417500;49,66;55,16976;61,3722
8387808;56,4;55,186757;61,226865
9014500;38,22;55,17179;61,29243
11625656;74,19;55,160704;61,460663
6300000;35,06;55,11612993;61,45367541
5699200;38,29;55,173447;61,321741
11615940;61,45;55,10908385;61,25782762
8811000;53,4;55,17319;61,289033
12999700;53,06;55,14897983;61,36362455
9555000;73,5;55,170912;61,318013
15517200;80,4;55,09489;61,243489
5189700;42,9;55,12082;61,246166
14637300;81,88;55,174775;61,393563
9066480;61,25;55,11131;61,248762
8316000;59,4;55,173447;61,321741
7709000;59,29;55,170912;61,318013
14172850;60,31;55,122712;61,37265
8890000;52,25;55,11611;61,45367
9443070;34,59;55,169879;61,371867
7206040;38,33;55,116042;61,255014
9379800;69,26;55,18742594;61,2285301
5729000;38,5;55,173447;61,321741
6030572;49,45;55,173447;61,321741
6913000;44,59;55,173769;61,329517
7684099;31,5;55,171745;61,377967
8744400;64,83;55,18742594;61,2285301
24007500;120,72;55,17205061;61,29205778
6842500;39,09;55,108254;61,249729
6275484;51,34;55,173447;61,321741
5478000;33,2;55,17319;61,289033
17009190;75,9;55,166588;61,390938
9920000;90,8;55,17909;61,319795
12101100;62,7;55,160746;61,431749
7026694;50,2;55,18748227;61,23197736
4642685;38,34;55,16907225;61,31212603
7773540;59,34;55,214029;61,298371
5822709;49,59;55,08973;61,23944
21057120;81,86;55,16916799;61,37096213
9518800;44,9;55,112625;61,250663
10517520;71,09;55,110934;61,352464
10571060;57,59;55,17128914;61,29316285
6720000;38,4;55,17319;61,289033
6298600;40,9;55,208243;61,188443
15497900;80,3;55,093617;61,240075
9299070;83,69;55,173447;61,321741
20527700;78,34;55,16989;61,3723
4582413;39,79;55,127295;61,260969
9332400;84;55,16907225;61,31212603
3520800;24,45;55,213324;61,30255
13896468;66,9;55,16990478;61,29537389
5709480;38,84;55,108254;61,249729
4459350;28,77;55,250895;61,24728
15575100;80,69;55,097131;61,242249
4695900;44,7;55,10314;61,247069
9366946;41,2;55,157389;61,402709
8738000;51,4;55,17282962;61,29152178
9600000;70,84;55,173781;61,329179
8814722;49,59;55,173308;61,369697
5204720;38,27;55,10547;61,34532
8628492;58,52;55,18766;61,23199
6351625;38,18;55,17336;61,36843
35758022;141,47;55,11193;61,325796
14535420;82,01;55,173372;61,36710624
11771790;49,66;55,16976;61,3722
19055080;78,73;55,16989266;61,37174534
5215000;29,79;55,17319;61,289033
7889000;56,34;55,21355;61,30287
11987000;90,8;55,186378;61,226709
4883725;32,45;55,10231;61,34543
8121960;35,15;55,16989;61,3723
14280900;78,9;55,115985;61,253505
4168980;24,37;55,10907;61,35937
5372000;31,6;55,17319;61,289033
10032400;71,66;55,213324;61,30255
12674499;78,19;55,169946;61,377931
6727500;51,75;55,17343849;61,31978642
5758500;34,9;55,17319;61,289033
11576100;82,09;55,108254;61,249729
5678500;41;55,10231;61,34543
16354000;96,19;55,160355;61,431929
5215000;29,79;55,17230151;61,29111409
5773600;38,79;55,170912;61,318013
10021740;56,61;55,116042;61,255014
9363200;61,84;55,113143;61,274678
7696000;59,2;55,170912;61,318013
17196900;60,34;55,122712;61,37265
10543890;59,56;55,116042;61,255014
6658200;32,9;55,171745;61,377967
6495400;46,5;55,170912;61,318013
6275484;51,34;55,16907225;61,31212603
12690000;108,12;55,16814;61,53102
9308000;65;55,208243;61,188443
9700000;65,61;55,13848;61,45237
4780160;45,5;55,10314;61,247069
5107300;42,9;55,12082;61,246166
4168980;24,37;55,10907;61,35937
10977750;53,54;55,122712;61,37265
8952000;48,15;55,173372;61,36710624
10819928;97,44;55,16907225;61,31212603
9597000;64,61;55,186378;61,226709
5950000;33,34;55,197718;61,185027
31584000;117,54;55,11193;61,325796
9439200;62,09;55,113143;61,274678
17740600;82,9;55,116768;61,249804
5286120;35,95;55,108254;61,249729
14606040;82,51;55,118179;61,253873
3869470;24,26;55,10222425;61,34539511
6792440;36,13;55,116042;61,255014
9408800;61,9;55,113143;61,274678
6150000;38,86;55,17454;61,41601
4945869;39,04;55,173447;61,321741
6611899;31,79;55,169946;61,377931
8840700;64,83;55,18742594;61,2285301
13376250;59,45;55,14799671;61,36368892
9062580;34,59;55,169879;61,371867
6314000;41;55,172661;61,473134
4168980;24,37;55,111258;61,357638
9945000;58,5;55,17282962;61,29152178
6943787;51,08;55,187887;61,231487
5688000;31,6;55,17230151;61,29111409
17692620;73,11;55,16989266;61,37174534
7542500;43,09;55,17230151;61,29111409
6743000;36,02;55,18692798;61,22776039
7616000;44,79;55,17319;61,289033
5201300;40;55,10542441;61,34532177
7751040;40,36;55,10849233;61,25690017
6340056;37,81;55,172979;61,367986
22464560;122,08;55,169946;61,377931
5176160;38,06;55,10542441;61,34532177
5675740;39,9;55,17096;61,434045
9540000;45;55,112625;61,250663
4990000;45,4;55,110813;61,258703
3434213;29,69;55,13106596;61,26330208
11681100;90,77;55,18742594;61,2285301
24314400;130,88;55,17102;61,29359
17053376;85,09;55,157389;61,402709
8338619;54,61;55,172805;61,365669
8714550;70,84;55,173781;61,329179
9652500;58,5;55,17282962;61,29152178
11729640;80,33;55,11131;61,248762
6853000;48,95;55,173447;61,321741
11010580;60,2;55,160355;61,431929
7300000;68,8;55,243988;61,253829
13782500;74,5;55,180537;61,339986
6680747;37,36;55,17336;61,36843
12451584;81,23;55,17299;61,37108
22669169;83,41;55,11193;61,325796
3999490;26,42;55,120405;61,245889
6550000;36,97;55,197718;61,185027
5311110;36,13;55,108254;61,249729
4971170;39,25;55,173447;61,321741
9818200;70,12;55,21335569;61,30290753
4168980;24,37;55,10907;61,35937
5150485;30,1;55,173447;61,321741
3655790;32,24;55,13106596;61,26330208
6011621;38,65;55,173447;61,321741
14943240;80,33;55,11713;61,24662
13919600;60,52;55,122712;61,37265
8905570;40,27;55,17469173;61,39388388
9913650;46,11;55,122712;61,37265
7628100;54,09;55,213324;61,30255
8387808;56,4;55,186757;61,226865
4176900;24,56;55,1737459;61,32446462
5699200;38,29;55,170912;61,318013
9015200;47,2;55,17994;61,341
5286120;35,95;55,108254;61,249729
8274100;40,13;55,17469173;61,39388388
9012270;53,09;55,171139;61,292474
11265000;75,09;55,173781;61,329179
13623750;60,54;55,122712;61,37265
14943240;80,33;55,10908385;61,25782762
17327070;73,11;55,16989266;61,37174534
10819928;97,44;55,173447;61,321741
16646880;70,23;55,16976;61,3722
13410000;82,47;55,197718;61,185027
10022057;63,65;55,17336;61,36843
13612500;87,47;55,18707;61,22825
17371466;106,3;55,157389;61,402709
13459896;79;55,170065;61,294848
5644000;33,2;55,17282962;61,29152178
5467000;39,04;55,173447;61,321741
40131000;170,27;55,11145;61,32772
7582950;32,79;55,171745;61,377967
10303200;47,7;55,112625;61,250663
9936000;62,09;55,173447;61,321741
5493984;45,29;55,125443;61,254763
9744048;51,79;55,157389;61,402709
6400000;41,75;55,17446777;61,41569903
8064000;44,79;55,17319;61,289033
10186700;47,38;55,1485743;61,36363528
7919800;56,56;55,21335569;61,30290753
14138000;104,77;55,18717966;61,22635491
8860320;35,15;55,169879;61,371867
8204735;73,84;55,16907225;61,31212603
7582950;32,79;55,169946;61,377931
9149259;65,55;55,250793;61,403197
12851250;74,5;55,17994;61,341
9652500;58,5;55,17319;61,289033
5859354;35,24;55,18748;61,2327
8397760;86,5;55,10314;61,247069
7142064;49,45;55,16907225;61,31212603
11245500;53,54;55,122712;61,37265
6071021;37,9;55,172805;61,365669
6715500;40,7;55,17282962;61,29152178
14105610;80,09;55,160355;61,431929
8364000;49,2;55,17319;61,289033
10819928;97,44;55,16907225;61,31212603
9693999;46,5;55,169946;61,377931
10459440;59,7;55,16011945;61,43196358
6982360;45,34;55,11131;61,248762
10872000;60;55,16011945;61,43196358
12167580;51,34;55,16976;61,3722
10566660;59,79;55,16002;61,43216
5652625;35,61;55,25239182;61,38401031
12077700;63,4;55,17928;61,34155
8970513;65,26;55,172979;61,367986
13174899;74,73;55,15142;61,30195
12051000;61,79;55,09489;61,243489
5558490;36,33;55,10903154;61,35920441
9568000;73,59;55,170912;61,318013
10561280;59,2;55,16002;61,43216
5600000;32,52;55,173781;61,329179
6110030;26,18;55,171139;61,292474
6860129;57,93;55,13106596;61,26330208
17537750;59,45;55,122712;61,37265
9486288;65,55;55,250793;61,403197
21054600;81,84;55,16916799;61,37096213
6895900;26,18;55,17179;61,29243
4864160;32,31;55,104096;61,350497
4452374;37,36;55,08973;61,23944
10894050;56,29;55,17992613;61,34096187
3048890;24,45;55,12719;61,622804
13586280;79;55,170065;61,294848
10072700;53,09;55,17102;61,29359
10421460;56,7;55,17994;61,341
4057500;32,18;55,12719;61,622804
12070500;61,9;55,093617;61,240075
20396700;77,84;55,16916799;61,37096213
7000000;40;55,17319;61,289033
7626360;38,9;55,171077;61,377832
3634400;26,42;55,121705;61,247684
10306710;58,22;55,116042;61,255014
5115650;36,7;55,170912;61,318013
6700000;42,22;55,17446777;61,41569903
6222000;36,59;55,170912;61,318013
18773380;88,8;55,171139;61,292474
4639536;28,6;55,170912;61,318013
10668640;52,4;55,17928;61,34155
10214876;71,16;55,172979;61,367986
9949500;60,29;55,17319;61,289033
5609500;37,45;55,173447;61,321741
8035050;41,09;55,160355;61,431929
9983830;70,61;55,172805;61,365669
12363574;80,94;55,172979;61,371274
8192000;51,2;55,17282962;61,29152178
5145000;42,79;55,121263;61,242779
7839600;56,4;55,10854;61,35956
11578140;61,25;55,10908385;61,25782762
4990897;38,5;55,16907225;61,31212603
5558490;36,33;55,10907;61,35937
14097980;77,65;55,17128914;61,29316285
7832650;56,34;55,213324;61,30255
5402250;36,75;55,108254;61,249729
12999700;53,06;55,14897983;61,36362455
7319000;56,29;55,173447;61,321741
10443320;52,4;55,17908192;61,34101551
6201607;37,52;55,17299;61,37108
7863230;56,56;55,2129;61,30134
4482639;26,95;55,186743;61,232097
8738000;51,4;55,17282962;61,29152178
11103300;73;55,208243;61,188443
7684099;31,2;55,169946;61,377931
5859354;35,24;55,18748;61,2327
7659512;59,95;55,173447;61,321741
11938080;62,7;55,17928;61,34155
7892500;45,09;55,17230151;61,29111409
6715000;69,3;55,103719;61,251798
13263536;82,27;55,171077;61,377832
35298000;141,05;55,11193;61,325796
6340056;37,81;55,172805;61,365669
7754880;40,38;55,11713;61,24662
13079000;59,45;55,148498;61,363387
5418000;30,1;55,17319;61,289033
7863230;56,56;55,2129;61,30134
3872000;25,86;55,121033;61,242418
3311563;29,69;55,08973;61,23944
9750832;66,97;55,186757;61,226865
8629140;62,52;55,108254;61,249729
15353200;58,59;55,16916799;61,37096213
10241000;73,15;55,170912;61,318013
11648835;104,84;55,173447;61,321741
6969299;31,39;55,171745;61,377967
10620480;59,2;55,16002;61,43216
8155700;38,2;55,17992613;61,34096187
5083000;29,89;55,17319;61,289033
4057500;32,18;55,12719;61,622804
10098000;64,83;55,18722;61,22869
7407400;51,79;55,208243;61,188443
8889657;44,09;55,157389;61,402709
11292750;59,75;55,10908385;61,25782762
15556860;72,88;55,178617;61,359747
15693300;95,4;55,17992613;61,34096187
4168980;24,37;55,111258;61,357638
12053000;70,9;55,17319;61,289033
35758022;141,47;55,11145;61,32772
13759200;83,12;55,108254;61,249729
11447100;63;55,16002;61,43216
10220100;53,09;55,17102;61,29359
7366696;49,11;55,17336;61,36843
4115060;37,36;55,08973;61,23944
7124133;51,65;55,187887;61,231487
8822675;54,77;55,250793;61,403197
5500000;49,2;55,124681;61,249481
12871100;66,27;55,17102;61,29359
5600000;45,59;55,110813;61,258703
7851279;67,61;55,08973;61,23944
7659512;59,95;55,173447;61,321741
4056430;24,29;55,10887778;61,35977304
5861017;35,25;55,18766;61,23199
5375523;38,4;55,16907225;61,31212603
5824500;35,29;55,17319;61,289033
4300000;37,88;55,12471;61,24962
11430540;82,83;55,108254;61,249729
11168000;69,8;55,17282962;61,29152178
7207200;36,4;55,093617;61,240075
7025300;40,43;55,182297;61,234912
9211920;35,15;55,16916799;61,37096213
8148000;67,9;55,17343849;61,31978642
4177880;24,29;55,10854;61,35956
10543890;59,56;55,116042;61,255014
5612020;40,52;55,10231;61,34543
7687485;66,3;55,125436;61,254759
15006870;93,19;55,17128914;61,29316285
8358660;60,56;55,108254;61,249729
7142850;50;55,17096;61,434045
6542000;68;55,10314;61,247069
13112919;88,2;55,250793;61,403197
12501100;81,3;55,182297;61,234912
7224850;59,08;55,187887;61,231487
24225600;87,9;55,11145;61,32772
7558900;53,79;55,16907225;61,31212603
9650580;78,45;55,10547;61,34532
11729640;80,33;55,11131;61,248762
12185700;80,69;55,113143;61,274678
17513724;103,41;55,172805;61,365669
9269910;79,23;55,10547;61,34532
5203000;33,81;55,121033;61,242418
5267500;30,1;55,17282962;61,29152178
6939080;36,9;55,118179;61,253873
8664040;40,79;55,17205061;61,29205778
7152057;50,59;55,18748227;61,23197736
4490965;37;55,173447;61,321741
8681563;58,88;55,18748;61,2327
9775900;70,9;55,110934;61,352464
14390460;84,59;55,16011945;61,43196358
9431106;48,29;55,173372;61,36710624
12008600;59,59;55,171139;61,292474
8865670;41,2;55,170065;61,294848
10327562;63,65;55,172805;61,365669
7666976;36,43;55,169946;61,377931
3311563;29,69;55,08973;61,23944
8844000;53,59;55,17230151;61,29111409
15080880;81,08;55,10849233;61,25690017
3903850;23,95;55,111258;61,357638
13189200;45,47;55,1485743;61,36363528
16684400;78,69;55,115635;61,245187
5758500;34,9;55,17282962;61,29152178
5006500;32,29;55,10907;61,35937
7490410;50,81;55,18748;61,2327
9096080;61,45;55,11131;61,248762
14335200;79,19;55,117403;61,25269
16764800;99,19;55,17994;61,341
6860129;57,93;55,13106596;61,26330208
9078000;53,4;55,17319;61,289033
6554145;43,5;55,186743;61,232097
14660910;82,83;55,116042;61,255014
17371466;106,3;55,170065;61,294848
11698500;70,9;55,17230151;61,29111409
3434213;29,69;55,13106596;61,26330208
6128370;41,13;55,10854;61,35956
19950000;63,5;55,11193;61,325796
5824500;35,29;55,17282962;61,29152178
15127500;60,5;55,122712;61,37265
6708000;35,5;55,18692798;61,22776039
4777700;35;55,12082;61,246166
9775900;71,19;55,11098;61,35252
7207200;36,4;55,093617;61,240075
15497900;80,3;55,093679;61,243624
14569000;85,69;55,180537;61,339986
16063220;61,31;55,169879;61,371867
4269301;35,5;55,127295;61,260969
7558900;53,79;55,16907225;61,31212603
4847515;30,1;55,173447;61,321741
9856396;62,95;55,17336;61,36843
6896500;53,04;55,173447;61,321741
5229700;24,1;55,10849233;61,25690017
9452570;49,59;55,173372;61,36710624
15555800;80,59;55,094091;61,242321
4342447;26,95;55,186757;61,226865
5590000;34,63;55,16814;61,53102
5302500;30,29;55,17230151;61,29111409
5724634;37,34;55,18766;61,23199
9818200;70,12;55,21298762;61,30193121
5201250;36,5;55,10222425;61,34539511
5211800;35;55,120405;61,245889
5010720;32,11;55,10854;61,35956
17285599;94,8;55,171745;61,377967
5971280;37,77;55,172805;61,365669
7074000;39,29;55,17319;61,289033
4047080;24,37;55,10903154;61,35920441
8713100;39,52;55,17102;61,29359
9956000;46,5;55,171745;61,377967
29337000;124,51;55,11193;61,325796
33797400;123,8;55,16989;61,3723
13950000;43,06;55,157305;61,411689
9415000;80,52;55,12471;61,24962
9096080;61,45;55,11131;61,248762
14103000;78,4;55,157389;61,402709
13009300;77,9;55,108254;61,249729
5767730;35,24;55,18748;61,2327
11103400;53;55,17102;61,29359
5134000;30,2;55,17230151;61,29111409
9472359;42,09;55,17019956;61,29454777
6471446;37,81;55,17299;61,37108
9300000;56,84;55,17454;61,41601
4978600;32,11;55,10903154;61,35920441
16085510;91,75;55,17128914;61,29316285
15869000;113,34;55,250895;61,24728
4168980;24,37;55,111258;61,357638
7194000;43,59;55,17319;61,289033
9536000;61,83;55,182297;61,234912
7434270;57,63;55,10542441;61,34532177
6382381;42,36;55,186757;61,226865
5115650;36,7;55,173447;61,321741
5134000;30,2;55,17319;61,289033
21054600;81,84;55,16989;61,3723
10692000;60;55,16011945;61,43196358
10096980;52,09;55,16002;61,43216
9624120;72,91;55,21277904;61,30311138
6351625;38,18;55,17336;61,36843
4027800;28,77;55,250895;61,24728
10190000;74,8;55,16814;61,53102
18521885;103,48;55,17349829;61,36949225
8452500;56,34;55,213324;61,30255
18855720;79,55;55,16976;61,3722
5210300;42,9;55,121705;61,247684
5064800;38,95;55,10547;61,34532
10168922;45,2;55,17019956;61,29454777
10052444;44,2;55,170065;61,294848
6726640;35,77;55,118179;61,253873
7367440;56,24;55,214717;61,29745
5594820;36,33;55,10854;61,35956
5418000;30,1;55,17282962;61,29152178
9053000;42,34;55,17102;61,29359
17371466;106,3;55,16990478;61,29537389
11265000;75,09;55,173769;61,329517
8770140;61,4;55,10995;61,351691
17341600;81,8;55,115635;61,245187
8118000;45,09;55,17230151;61,29111409
22890825;82,56;55,11193;61,325796
9766400;43,59;55,112625;61,250663
15260040;73,16;55,17469173;61,39388388
10100000;70,62;55,13848;61,45237
11265000;75,09;55,173769;61,329517
14516250;59,25;55,122712;61,37265
13623750;60,54;55,1485743;61,36363528
13623750;60,54;55,122712;61,37265
3205200;26,7;55,25536;61,39563
6238750;54,25;55,170912;61,318013
12323400;53,58;55,122712;61,37265
6285802;38,18;55,172805;61,365669
33783750;123,75;55,16916799;61,37096213
8475500;77,05;55,1737459;61,32446462
3593200;26,42;55,12082;61,246166
9913650;46,11;55,1485743;61,36363528
10081500;59,9;55,186757;61,226865
14297800;70,66;55,178617;61,359747
12102000;60,5;55,122712;61,37265
4990897;38,5;55,173447;61,321741
10012500;66,75;55,173447;61,321741
10218400;48,2;55,115635;61,245187
11443300;53,84;55,17102;61,29359
7616000;44,79;55,17319;61,289033
4971170;39,25;55,16907225;61,31212603
13926500;60,54;55,148498;61,363387
10083171;63,65;55,17299;61,37108
12650000;86,9;55,186378;61,226709
5530000;31,6;55,17230151;61,29111409
8704000;51,2;55,17282962;61,29152178
21766960;81,37;55,16989;61,3723
6792440;36,13;55,116042;61,255014
5584000;34,9;55,17282962;61,29152178
5678500;41;55,10231;61,34543
7722000;59,4;55,170912;61,318013
9366946;41,2;55,16990478;61,29537389
9789300;70,61;55,172805;61,365669
20319390;72,73;55,16989;61,3723
10198360;61,5;55,172979;61,371274
4686198;37;55,173447;61,321741
9459120;71,66;55,213324;61,30255
9044000;53,2;55,17319;61,289033
10648872;66,05;55,171077;61,377832
12159720;83,4;55,208243;61,188443
5461060;35,86;55,120405;61,245889
6682766;37,81;55,172805;61,365669
7832650;56,34;55,21298762;61,30193121
9571000;56,29;55,17230151;61,29111409
6680747;37,36;55,172979;61,367986
5226977;30,39;55,173447;61,321741
13429572;83,3;55,171077;61,377832
17526130;102,48;55,173308;61,369697
4593926;39,9;55,127295;61,260969
5100040;38,06;55,10542441;61,34532177
17690400;81,9;55,115635;61,245187
5570380;46,2;55,113138;61,274687
8135950;56;55,17096;61,434045
9936000;62,09;55,170912;61,318013
4401000;24,45;55,213324;61,30255
12368000;89,83;55,186378;61,226709
7756800;40,4;55,114982;61,244986
38081300;136,75;55,11145;61,32772
6311098;37,59;55,172979;61,367986
9580040;64,73;55,11131;61,248762
13398000;94,19;55,173447;61,321741
5168000;30,39;55,170912;61,318013
4490965;37;55,173447;61,321741
6441142;42,75;55,18692;61,23104
7287280;50,04;55,186757;61,226865
9491300;61,59;55,182297;61,234912
9270000;71,8;55,16382;61,43562
9424990;76,13;55,08973;61,23944
14390460;84,59;55,160355;61,431929
4674600;35,91;55,121263;61,242779
5017579;38,59;55,16907225;61,31212603
4919508;30,39;55,170912;61,318013
10018800;55,2;55,180537;61,339986
9568000;73,59;55,170912;61,318013
24502990;89,76;55,11205672;61,32504179
7743360;40,33;55,11713;61,24662
5372000;31,6;55,17230151;61,29111409
7721000;55,15;55,173447;61,321741
5758500;34,9;55,17319;61,289033
6191440;36,97;55,172805;61,365669
9565800;61,83;55,182297;61,234912
14269610;59,2;55,16989;61,3723
6790599;31,6;55,169946;61,377931
8552200;61;55,208243;61,188443
6128370;41,13;55,10854;61,35956
5493984;45,29;55,113138;61,274687
13553858;68,5;55,170065;61,294848
14244700;78,69;55,116062;61,253549
9818200;70,12;55,21355;61,30287
4320011;35,97;55,13106596;61,26330208
6103692;37,52;55,172979;61,371274
5558490;36,33;55,10903154;61,35920441
6245691;37,59;55,172979;61,367986
20396700;77,84;55,16989;61,3723
9714950;47,38;55,122712;61,37265
8712030;61,09;55,10941;61,35114
5303000;42,9;55,121705;61,247684
13570300;68,69;55,174775;61,393563
9827000;63,4;55,173769;61,329517
3912000;24,45;55,213324;61,30255
11406250;62,5;55,180537;61,339986
12109500;62,09;55,095343;61,241692
12012000;61,59;55,093617;61,240075
9313920;48,5;55,114982;61,244986
3750230;26,53;55,120405;61,245889
18440400;96,8;55,17928;61,34155
8871500;40,5;55,17102;61,29359
4370000;26,84;55,186378;61,226709
9068141;66,51;55,250793;61,403197
13798250;85,05;55,17128914;61,29316285
7002600;29,5;55,17102;61,29359
7187516;66,09;55,126456;61,255112
5669500;38,09;55,173447;61,321741
15927400;93,97;55,17469173;61,39388388
8792956;54,99;55,17336;61,36843
9024800;46,4;55,17992613;61,34096187
5364000;29,79;55,17230151;61,29111409
7301920;38,84;55,116042;61,255014
6894000;38,29;55,17319;61,289033
10559420;55,59;55,17205061;61,29205778
13119750;53,54;55,1485743;61,36363528
13228743;88,2;55,250793;61,403197
8600000;51,91;55,11611;61,45367
7696000;59,2;55,170912;61,318013
7696000;59,2;55,173447;61,321741
10220890;56;55,17128914;61,29316285
11800000;86,62;55,13564955;61,42441978
10624900;70,73;55,18707;61,22825
4957463;31,39;55,18757434;61,23137654
8350000;48,54;55,186104;61,226133
7020000;36,97;55,197718;61,185027
12392820;51,2;55,16976;61,3722
17196900;60,34;55,122712;61,37265
11257200;63,59;55,118179;61,253873
7919800;56,56;55,213324;61,30255
7697280;40,09;55,10908385;61,25782762
6364360;61,7;55,103719;61,251798
12788200;59,47;55,1485743;61,36363528
13012895;68,5;55,157389;61,402709
6790599;31,6;55,171745;61,377967
7484030;57,13;55,10542441;61,34532177
14788620;66;55,178617;61,359747
7524000;36;55,17994;61,341
8452500;56,34;55,21335569;61,30290753
10272580;58,59;55,16011945;61,43196358
5372850;36,54;55,108254;61,249729
9659660;70,61;55,17336;61,36843
12016000;75,09;55,173769;61,329517
11517000;69,8;55,17282962;61,29152178
6528000;38,4;55,17230151;61,29111409
5130000;46,65;55,124681;61,249481
13415478;78,3;55,17019956;61,29454777
19750000;63,5;55,11193;61,325796
10199000;72,84;55,173447;61,321741
12039600;50,79;55,16989266;61,37174534
6069169;37,59;55,172805;61,365669
12272260;85,81;55,17096;61,434045
3562300;26,42;55,12082;61,246166
6740500;39,65;55,170912;61,318013
14417110;89,55;55,17128914;61,29316285
12876600;66;55,17179;61,29243
7206040;38,33;55,116042;61,255014
36614600;151,3;55,166588;61,390938
17109345;106,69;55,157389;61,402709
6405736;38;55,17299;61,37108
5357000;35,91;55,121033;61,242418
7616000;44,79;55,17230151;61,29111409
25367565;94,8;55,11145;61,32772
4645350;30,7;55,170984;61,434093
6405732;37,81;55,172979;61,371274
5160000;51,15;55,12582;61,24988
15519000;73,9;55,169889;61,272289
11263006;97,12;55,13106596;61,26330208
18359870;106,3;55,170065;61,294848
16963200;99,19;55,17994;61,341
5767730;35,24;55,18748;61,2327
6201583;37,9;55,17299;61,37108
10714000;69,26;55,18722;61,22869
10113026;44,29;55,178617;61,359747
6511000;38,29;55,17319;61,289033
7863230;56,56;55,21335569;61,30290753
5933000;34,9;55,17319;61,289033
7863230;56,56;55,2129;61,30134
9595647;62,9;55,172805;61,365669
9368476;67,02;55,173447;61,321741
7000000;40;55,17230151;61,29111409
10022057;63,65;55,172805;61,365669
8072838;60,54;55,16907225;61,31212603
4642036;30,7;55,170912;61,318013
5699200;38,29;55,173447;61,321741
14943240;80,33;55,10908385;61,25782762
14897500;59,59;55,1485743;61,36363528
10198360;61,5;55,172805;61,365669
10966860;79,47;55,108254;61,249729
5375523;38,4;55,16907225;61,31212603
4978600;32,11;55,10903154;61,35920441
8726641;65,55;55,250793;61,403197
5594820;36,33;55,10887778;61,35977304
7124133;51,29;55,18748227;61,23197736
5868000;40,75;55,213324;61,30255
7542500;43,09;55,108254;61,249729
8860750;77,05;55,1737459;61,32446462
4176900;24,56;55,1737459;61,32446462
12295900;59,97;55,122712;61,37265
6102750;61,59;55,10314;61,247069
4978600;32,11;55,111258;61,357638
10720890;60,56;55,116042;61,255014
18521885;103,48;55,17349829;61,36949225
3912000;24,45;55,213324;61,30255
23525170;102,73;55,114;61,24535
11670152;80,61;55,172805;61,365669
9849600;65,16;55,113143;61,274678
4945869;39,04;55,173447;61,321741
5083000;29,89;55,17319;61,289033
5188278;45,06;55,13106596;61,26330208
5859354;35,24;55,18748;61,2327
5390000;37,68;55,121033;61,242418
7952850;32,79;55,169946;61,377931
12060174;80,94;55,172805;61,365669
6899349;27,29;55,169946;61,377931
12954904;81,58;55,171077;61,377832
13586280;79;55,16990478;61,29537389
11610550;47,38;55,14799671;61,36368892
10605280;77,98;55,10887778;61,35977304
8860750;77,05;55,1737459;61,32446462
21785300;83,15;55,169879;61,371867
11773360;80,19;55,208243;61,188443
9443070;34,59;55,16916799;61,37096213
11265000;75,09;55,173781;61,329179
5669500;38,09;55,173447;61,321741
5348245;35;55,18710168;61,23087229
6664000;39,2;55,17230151;61,29111409
6096856;37,31;55,172979;61,367986
3434213;29,69;55,13106596;61,26330208
6238750;54,25;55,170912;61,318013
6275468;51,34;55,173447;61,321741
9456650;46,13;55,148498;61,363387
6060000;40,4;55,11131;61,248762
7693070;40,5;55,17128914;61,29316285
5017579;38,59;55,16907225;61,31212603
9595647;62,9;55,17336;61,36843
9133200;47,2;55,180537;61,339986
6369375;61,59;55,10314;61,247069
15050800;78,8;55,160355;61,431929
5767730;35,24;55,18748;61,2327
11469600;64,8;55,116042;61,255014
4401000;24,45;55,213324;61,30255
4694200;33,47;55,121263;61,242779
4945869;39,04;55,16907225;61,31212603
17553600;82,8;55,115635;61,245187
7719060;60,77;55,10542441;61,34532177
9624120;72,91;55,213324;61,30255
5973138;37,9;55,17336;61,36843
5148000;33,81;55,121033;61,242418
10504559;56,29;55,169946;61,377931
12486000;104,05;55,170912;61,318013
4919508;30,39;55,170912;61,318013
23525170;102,73;55,114;61,24535
8789000;51,7;55,17282962;61,29152178
12370050;69,3;55,17992613;61,34096187
11265000;75,09;55,173781;61,329179
14911800;85,69;55,180537;61,339986
18855720;79,55;55,16976;61,3722
6894000;38,29;55,17319;61,289033
6706500;39,45;55,170912;61,318013
13461008;82,27;55,171077;61,377832
4762031;31,75;55,173447;61,321741
6760480;35,95;55,116042;61,255014
7892500;45,09;55,17230151;61,29111409
10450000;62,31;55,197718;61,185027
3903850;23,95;55,10854;61,35956
5011600;37,4;55,250895;61,24728
6860129;57,93;55,13106596;61,26330208
8246000;58,9;55,173447;61,321741
3869470;24,26;55,10222425;61,34539511
11578140;61,25;55,114982;61,244986
5493984;45,29;55,113138;61,274687
8835750;45,9;55,17992613;61,34096187
16949900;81,09;55,117973;61,252256
17889999;100,9;55,169946;61,377931
7362000;61,34;55,17343849;61,31978642
5403460;38,59;55,16907225;61,31212603
10066440;65,19;55,182297;61,234912
13977700;80,44;55,171139;61,292474
21029400;83,44;55,169879;61,371867
7520240;51,65;55,18766;61,23199
8573032;70,15;55,173447;61,321741
16114200;75,3;55,106021;61,252925
12606149;78,09;55,171745;61,377967
12823360;88,2;55,250793;61,403197
13863538;81,87;55,173308;61,369697
10156920;62,95;55,17336;61,36843
7058746;60,45;55,13106596;61,26330208
5332964;35,65;55,187887;61,231487
3434213;29,69;55,13106596;61,26330208
8792235;41,2;55,170065;61,294848
7628100;54,09;55,213324;61,30255
11444674;103,19;55,16907225;61,31212603
14262800;78,8;55,115985;61,253505
17053376;85,09;55,170065;61,294848
17435212;106,69;55,17019956;61,29454777
13329000;59,24;55,122712;61,37265
9090750;56,29;55,182297;61,234912
7667000;45,09;55,17319;61,289033
8512000;53,2;55,17282962;61,29152178
8758880;42,11;55,169946;61,377931
4338405;35,29;55,126086;61,2562
10307080;52,4;55,17928;61,34155
11344000;70,9;55,17230151;61,29111409
4071460;24,37;55,111258;61,357638
11519700;53,58;55,14799671;61,36368892
16900000;53,97;55,15713553;61,41171927
8593230;44,45;55,174775;61,393563
13165014;78,3;55,170065;61,294848
14066190;79,47;55,116042;61,255014
5115650;36,7;55,173447;61,321741
5594820;36,33;55,10854;61,35956
12392820;51,2;55,16976;61,3722
18042970;106,69;55,170065;61,294848
12047400;62,66;55,174775;61,393563
17013135;106,09;55,16990478;61,29537389
15321060;84,59;55,16011945;61,43196358
3295280;24,22;55,214029;61,298371
10472860;65,94;55,171077;61,377832
10470000;65,18;55,11611;61,45367
9624120;72,91;55,21277904;61,30311138
13305490;55,29;55,178617;61,359747
7032883;60,25;55,16907225;61,31212603
14550000;83,63;55,174775;61,393563
6285802;38,18;55,172805;61,365669
19950000;63,5;55,11205672;61,32504179
5933000;34,9;55,17319;61,289033
7110246;51,65;55,187887;61,231487
9110400;36,5;55,16002;61,43216
8150000;47,68;55,11611;61,45367
18200000;100;55,108254;61,249729
7743360;40,33;55,114982;61,244986
10350000;70,95;55,1384635;61,45219134
5943190;50,93;55,121705;61,247684
12020140;49,66;55,16989266;61,37174534
12827520;83,83;55,250895;61,24728
6069169;37,59;55,17336;61,36843
4176900;24,56;55,1737459;61,32446462
6919000;40,7;55,17319;61,289033
4574543;30,2;55,170912;61,318013
9945936;68,3;55,186743;61,232097
8981230;44,29;55,17469173;61,39388388
9996285;71,4;55,18757434;61,23137654
17028900;95,4;55,180537;61,339986
9595647;62,9;55,172805;61,365669
18931050;113,69;55,160355;61,431929
12016000;75,09;55,173781;61,329179
9528416;65,55;55,250793;61,403197
6758120;67,3;55,103719;61,251798
8044000;48,22;55,186104;61,226133
12574000;89,76;55,18717966;61,22635491
13919600;60,52;55,148498;61,363387
6369375;61,59;55,103719;61,251798
7295937;59,7;55,16907225;61,31212603
10706730;60,49;55,118179;61,253873
6528000;38,4;55,17230151;61,29111409
9200000;76,84;55,124681;61,249481
9044000;53,2;55,17282962;61,29152178
8818240;62,59;55,170984;61,434093
9459120;71,66;55,213324;61,30255
16473600;99,83;55,250895;61,24728
9082022;48,79;55,173372;61,36710624
9480276;51,79;55,16990478;61,29537389
10850000;62,18;55,197718;61,185027
6554145;43,5;55,186743;61,232097
12261200;81,19;55,113143;61,274678
5400000;49,2;55,12471;61,24962
19896800;83,59;55,166588;61,390938
5729000;38,5;55,170912;61,318013
5076058;39,04;55,16907225;61,31212603
5839619;48,93;55,13106596;61,26330208
5337809;46,22;55,08973;61,23944
4978600;32,11;55,10903154;61,35920441
9397116;73,55;55,173447;61,321741
33783750;123,75;55,169879;61,371867
4582413;39,79;55,127295;61,260969
19558300;72,94;55,16989;61,3723
8358064;56,2;55,18692;61,23104
13150696;81,58;55,171077;61,377832
7203749;61,61;55,13106596;61,26330208
9000000;57,65;55,13655;61,42469
7851279;67,61;55,08973;61,23944
16221200;75,8;55,116768;61,249804
3271048;29,38;55,08973;61,23944
6976000;43,59;55,17282962;61,29152178
55153150;180,89;55,17019956;61,29454777
8942400;64,8;55,108254;61,249729
33871110;124,06;55,16916799;61,37096213
19384890;107,31;55,172805;61,365669
8081652;55,5;55,110934;61,352464
3889180;23,86;55,111258;61,357638
7110246;51,2;55,18748227;61,23197736
18600400;102,19;55,108254;61,249729
9857120;67,69;55,186757;61,226865
8387808;56,4;55,186757;61,226865
6285802;38,18;55,172979;61,367986
18359870;106,3;55,157389;61,402709
7582949;32,7;55,171745;61,377967
7696000;59,2;55,170912;61,318013
32394180;118,66;55,16989;61,3723
12509120;64,48;55,169946;61,377931
5418000;30,1;55,17319;61,289033
5006500;32,29;55,111258;61,357638
13633760;69,55;55,169946;61,377931
18638999;99,4;55,171745;61,377967
14433600;85;55,171139;61,292474
5637300;49,02;55,17270144;61,49115693
7722000;59,4;55,173447;61,321741
7909260;36,59;55,16011945;61,43196358
9721600;43,4;55,112625;61,250663
11527500;46,11;55,1485743;61,36363528
6706500;39,45;55,170912;61,318013
4990897;38,5;55,173447;61,321741
7412000;43,59;55,17282962;61,29152178
10895010;60,9;55,16011945;61,43196358
6340034;38;55,172805;61,365669
11444674;103,19;55,16907225;61,31212603
5699200;38,29;55,170912;61,318013
5493984;45,29;55,125443;61,254763
4181320;24,3;55,111258;61,357638
17299880;107,19;55,157389;61,402709
6511000;38,29;55,17230151;61,29111409
7758000;43,09;55,17319;61,289033
9459120;71,66;55,213324;61,30255
9683100;46,11;55,122712;61,37265
8636351;61,31;55,250793;61,403197
16351500;100,25;55,108254;61,249729
12143439;84,23;55,186757;61,226865
10785992;97,44;55,16907225;61,31212603
7045360;32,2;55,16002;61,43216
8520600;49,63;55,18641;61,22835
10207400;72,91;55,21277904;61,30311138
29980500;126,5;55,166588;61,390938
3912000;24,45;55,213324;61,30255
7863230;56,56;55,21335569;61,30290753
4192270;33;55,13106596;61,26330208
12562000;83,08;55,18722;61,22869
10327562;63,65;55,172805;61,365669
10504559;56,4;55,171745;61,377967
12534490;70,3;55,16011945;61,43196358
8990000;52,25;55,11611;61,45367
11444674;103,19;55,173447;61,321741
12486000;104,05;55,170912;61,318013
13461008;82,27;55,169946;61,377931
3855950;23,95;55,10903154;61,35920441
10217527;44,2;55,16990478;61,29537389
11615940;61,45;55,11713;61,24662
5609500;37,45;55,173447;61,321741
5669500;38,09;55,173447;61,321741
7963600;46,29;55,169946;61,377931
6743000;38,66;55,18722;61,22869
11322300;80,3;55,108254;61,249729
23710781;125,69;55,17019956;61,29454777
19047200;82,09;55,113993;61,251376
5302500;30,29;55,17319;61,289033
6274343;37,81;55,17336;61,36843
7402200;32,79;55,171745;61,377967
6045000;59,9;55,12582;61,24988
6094950;37,5;55,172979;61,367986
8685380;42,04;55,17469173;61,39388388
9962810;69,66;55,170984;61,434093
19555680;72,94;55,16989;61,3723
9096080;61,45;55,11131;61,248762
7892500;45,09;55,17319;61,289033
4686198;37;55,173447;61,321741
11615940;61,45;55,114982;61,244986
6218150;41,27;55,18766;61,23199
7474800;46,7;55,250793;61,403197
3869470;24,26;55,104096;61,350497
8612630;36,5;55,17128914;61,29316285
11117829;70,9;55,160741;61,460675
7889000;56,34;55,2129;61,30134
10190000;74,8;55,16814;61,53102
5933000;34,9;55,17282962;61,29152178
8257500;55,04;55,170912;61,318013
5067880;37,81;55,10547;61,34532
8438001;76,05;55,173447;61,321741
6528000;38,4;55,17319;61,289033
11066092;71,16;55,172805;61,365669
9066480;61,25;55,11131;61,248762
9332400;84;55,16907225;61,31212603
9818200;70,12;55,21335569;61,30290753
5151000;30,29;55,17319;61,289033
17712200;106,69;55,157389;61,402709
12714000;65,19;55,093061;61,238593
10364760;56,7;55,17994;61,341
11092400;51,29;55,17102;61,29359
13863538;81,87;55,172805;61,365669
8350000;47,68;55,11611;61,45367
4780160;45,5;55,10314;61,247069
11140483;71,69;55,17336;61,36843
8932740;64,73;55,10854;61,35956
11578140;61,25;55,10908385;61,25782762
5688000;31,6;55,17319;61,289033
9945936;68,3;55,186743;61,232097
5385616;45,09;55,125436;61,254759
6909000;36,75;55,116042;61,255014
6136305;37,52;55,17336;61,36843
3048890;24,45;55,12719;61,622804
6161719;37,31;55,17299;61,37108
19384890;107,31;55,173308;61,369697
8443989;41,2;55,16990478;61,29537389
7203749;61,61;55,13106596;61,26330208
16285400;76,09;55,116768;61,249804
10826695;97,44;55,16907225;61,31212603
6871400;36,54;55,116042;61,255014
10528395;74,66;55,25239182;61,38401031
10154800;47,9;55,112625;61,250663
13917300;60,5;55,122712;61,37265
7221850;69,69;55,10314;61,247069
12079410;64,3;55,17128914;61,29316285
12200800;80,8;55,113143;61,274678
4945869;39,04;55,16907225;61,31212603
6340034;38;55,172805;61,365669
9949160;49,4;55,16002;61,43216
12053000;70,9;55,17230151;61,29111409
5729000;38,5;55,173447;61,321741
33901140;124,18;55,169879;61,371867
4606000;32,9;55,16907225;61,31212603
5006500;32,29;55,10907;61,35937
9078000;53,4;55,17319;61,289033
11999340;82,3;55,208243;61,188443
9555000;73,5;55,170912;61,318013
6511000;38,29;55,17230151;61,29111409
18321600;91,75;55,17102;61,29359
6682000;51,4;55,17343849;61,31978642
9568200;51,79;55,170065;61,294848
8358064;56,2;55,186757;61,226865
9568200;51,79;55,157389;61,402709
5840640;40,56;55,21316;61,30282
19563540;72,97;55,16916799;61,37096213
5678500;41;55,10231;61,34543
9818200;70,12;55,21335569;61,30290753
6441142;42,75;55,18692;61,23104
11450000;83,55;55,13655;61,42469
10258927;70,61;55,17299;61,37108
12513900;59,59;55,1485743;61,36363528
5210300;42,9;55,12082;61,246166
6998038;59,95;55,16907225;61,31212603
18572430;79,7;55,16989266;61,37174534
13037500;74,5;55,180537;61,339986
4370000;26,84;55,186104;61,226133
5190616;46,2;55,127295;61,260969
10849260;74,3;55,11131;61,248762
16994999;100,3;55,169946;61,377931
6495400;46,5;55,173447;61,321741
6351641;38,16;55,172979;61,367986
18537200;96,8;55,180537;61,339986
12309338;67,08;55,15142;61,30195
6028025;60,9;55,103719;61,251798
9368476;67,02;55,17360031;61,32317977
6664000;39,2;55,17319;61,289033
10708500;64,05;55,18641;61,22835
9495200;38,25;55,17102;61,29359
7620480;38,88;55,169946;61,377931
17500868;110,59;55,17019956;61,29454777
13708000;59,59;55,122712;61,37265
15693300;95,4;55,180537;61,339986
9454400;62,2;55,113143;61,274678
4168980;24,37;55,10907;61,35937
6366030;47,75;55,16907225;61,31212603
3890016;26,95;55,187887;61,231487
12584250;53,54;55,122712;61,37265
3048890;24,45;55,12719;61,622804
11517000;69,8;55,17319;61,289033
6752900;29,89;55,17102;61,29359
7889000;56,34;55,21335569;61,30290753
6311098;37,59;55,172805;61,365669
10818360;56,7;55,17994;61,341
9106250;56,4;55,182297;61,234912
6257550;27,29;55,169946;61,377931
11135682;56,88;55,15142;61,30195
9218930;42,7;55,160355;61,431929
10036640;65;55,182297;61,234912
12656000;79,09;55,17319;61,289033
5669500;38,09;55,173447;61,321741
12136770;51,2;55,16989266;61,37174534
12567830;67,09;55,17908192;61,34101551
5903226;50,93;55,121705;61,247684
9572360;80,44;55,10542441;61,34532177
10017120;81,44;55,10542441;61,34532177
8778000;53,2;55,17282962;61,29152178
7832650;56,34;55,21298762;61,30193121
6471438;38;55,17299;61,37108
9962140;64,5;55,182297;61,234912
5948000;62;55,103719;61,251798
26635700;118,9;55,14799671;61,36368892
8704000;51,2;55,17319;61,289033
8558368;58,77;55,186757;61,226865
5375523;38,4;55,173447;61,321741
17196900;60,34;55,14897983;61,36362455
12334380;72,3;55,16002;61,43216
6604500;38,84;55,170912;61,318013
19750000;63,5;55,11145;61,32772
11577570;65,41;55,118179;61,253873
17500868;110,59;55,157389;61,402709
13079000;59,45;55,148498;61,363387
15997800;58,59;55,16989;61,3723
7026270;59,84;55,08973;61,23944
9493900;70,84;55,173781;61,329179
5115650;36,7;55,173447;61,321741
5117000;30,1;55,17319;61,289033
7832650;56,34;55,213324;61,30255
8415995;48,77;55,173372;61,36710624
10819928;97,44;55,16907225;61,31212603
9936000;62,09;55,170912;61,318013
7620480;38,88;55,171077;61,377832
6736798;42,43;55,25239182;61,38401031
4990897;38,5;55,16907225;61,31212603
11916847;81,23;55,17336;61,36843
8032708;60,25;55,16907225;61,31212603
9153850;66,8;55,11098;61,35252
10804000;73;55,208243;61,188443
9699200;43,29;55,113993;61,251376
4929507;28,6;55,170912;61,318013
9770320;47,79;55,17908192;61,34101551
9828000;43,68;55,14897983;61,36362455
8847440;59,77;55,11131;61,248762
6664000;39,2;55,17230151;61,29111409
13673500;59,45;55,122712;61,37265
13742400;83,12;55,108254;61,249729
9000000;57,65;55,13655;61,42469
30870000;119,04;55,11145;61,32772
6285797;38,16;55,172805;61,365669
4193360;24,37;55,111258;61,357638
8887860;61;55,10941;61,35114
6623893;37,52;55,172805;61,365669
8083740;60,77;55,10542441;61,34532177
5500000;49,2;55,124681;61,249481
7639125;82,5;55,10314;61,247069
4494000;32,09;55,17343849;61,31978642
6554145;43,5;55,18692;61,23104
6554145;43,5;55,186743;61,232097
9061942;44,2;55,157389;61,402709
21099840;85,08;55,113998;61,27928
7490410;50,81;55,18748;61,2327
13078384;78,3;55,157389;61,402709
7840620;60,77;55,10542441;61,34532177
4800000;40,7;55,243988;61,253829
12140400;80,4;55,113143;61,274678
10087799;55,59;55,171745;61,377967
9950000;76,63;55,124681;61,249481
4047080;24,37;55,10907;61,35937
15517200;80,4;55,093617;61,240075
7889000;56,34;55,213324;61,30255
5619680;42,9;55,120405;61,245889
18042970;106,69;55,157389;61,402709
10850924;63,52;55,171077;61,377832
5669400;37,84;55,173447;61,321741
8357700;60,9;55,16382;61,43562
18661380;78,73;55,16976;61,3722
13085600;59,47;55,122712;61,37265
5868000;40,75;55,213324;61,30255
6073125;61,7;55,103719;61,251798
9072650;62,56;55,17096;61,434045
6071040;37,52;55,17336;61,36843
7889000;56,34;55,213324;61,30255
8373040;38,25;55,171139;61,292474
3311563;29,69;55,08973;61,23944
12299600;72,9;55,171139;61,292474
7877200;37,59;55,180537;61,339986
8192000;51,2;55,17282962;61,29152178
9694000;46,9;55,169946;61,377931
7357042;60,2;55,16907225;61,31212603
11729640;80,33;55,11131;61,248762
11793600;43,68;55,14897983;61,36362455
11196500;45,7;55,122712;61,37265
7488936;50,79;55,18766;61,23199
3552000;26,42;55,121705;61,247684
4664800;33,77;55,121263;61,242779
9624120;72,91;55,21316;61,30282
6394100;61,7;55,10314;61,247069
17690400;81,9;55,115635;61,245187
13018370;80,59;55,171139;61,292474
7558900;53,79;55,16907225;61,31212603
9880780;42,7;55,16002;61,43216
5478000;33,2;55,17319;61,289033
29341900;116,9;55,166588;61,390938
8997950;70,84;55,173769;61,329517
6339750;61,79;55,103719;61,251798
5594820;36,33;55,10854;61,35956
11349970;66,27;55,17128914;61,29316285
32467890;118,93;55,16989;61,3723
5868000;40,75;55,2129;61,30134
21766960;81,37;55,169879;61,371867
17776800;82,3;55,112625;61,250663
9965661;66,51;55,250793;61,403197
17196900;60,34;55,14897983;61,36362455
18673200;102,59;55,108254;61,249729
13859360;75,19;55,16011945;61,43196358
11328800;57,79;55,160355;61,431929
18705811;106,3;55,16990478;61,29537389
11850000;83,55;55,17446777;61,41569903
20759520;103,3;55,11372;61,24745
8865670;41,2;55,16990478;61,29537389
6094962;37,31;55,17336;61,36843
6071040;37,52;55,172805;61,365669
10893750;58,09;55,17992613;61,34096187
8246000;58,9;55,170912;61,318013
9253405;74,66;55,252399;61,384974
6604500;38,84;55,170912;61,318013
3295280;24,22;55,214029;61,298371
3888610;24,37;55,104096;61,350497
12077700;63,4;55,17928;61,34155
10495980;59,4;55,16002;61,43216
14414200;85,09;55,17205061;61,29205778
8789000;51,7;55,17282962;61,29152178
6600000;41,93;55,17446777;61,41569903
11875200;61,84;55,169946;61,377931
4047080;24,37;55,10907;61,35937
6877500;39,29;55,17319;61,289033
19410000;74,15;55,15713553;61,41171927
11168000;69,8;55,17319;61,289033
7525000;60,2;55,17306391;61,31981861
6715000;69,09;55,103719;61,251798
14996800;82,4;55,108254;61,249729
10819000;69,8;55,17319;61,289033
6650000;43,29;55,17446777;61,41569903
9580040;64,73;55,11131;61,248762
7028099;32,79;55,169946;61,377931
13189200;45,47;55,122712;61,37265
11165000;67,76;55,186757;61,226865
30202200;126,9;55,166588;61,390938
4886000;34,9;55,17306391;61,31981861
10605280;77,98;55,10854;61,35956
10591560;56,7;55,17994;61,341
4919508;30,7;55,173447;61,321741
6136302;37,9;55,172805;61,365669
13179570;50,79;55,16989266;61,37174534
5083000;39,09;55,17306391;61,31981861
9299070;83,69;55,173447;61,321741
11773368;72,65;55,173308;61,369697
14983100;104,77;55,18641;61,22835
8192000;51,2;55,17319;61,289033
4056430;24,29;55,10887778;61,35977304
5688000;31,6;55,17230151;61,29111409
10780000;41,95;55,17102;61,29359
10326800;59,79;55,186757;61,226865
7863230;56,56;55,213324;61,30255
21766960;81,37;55,169879;61,371867
5669500;38,09;55,170912;61,318013
4988753;45,06;55,13106596;61,26330208
5933000;34,9;55,17282962;61,29152178
12520200;63,7;55,17102;61,29359
6554145;43,5;55,186757;61,226865
7968030;59,9;55,10547;61,34532
5699200;38,29;55,173447;61,321741
4600000;37,88;55,124681;61,249481
6351647;37,79;55,172805;61,365669
21024360;83,43;55,16989;61,3723
18886434;106,69;55,170065;61,294848
10840550;46,13;55,14799671;61,36368892
23849600;102,8;55,114023;61,25137
11771790;49,66;55,16989266;61,37174534
16883400;59,24;55,14897983;61,36362455
6109000;41;55,10854;61,35956
17299880;107,19;55,170065;61,294848
3652500;24,35;55,17306391;61,31981861
12053000;70,9;55,17230151;61,29111409
9257160;70,12;55,213324;61,30255
5045500;42,9;55,121705;61,247684
13546500;83,12;55,108254;61,249729
7755570;50,84;55,17096;61,434045
9913650;46,11;55,1485743;61,36363528
11670000;65,34;55,197718;61,185027
10192500;45,29;55,148498;61,363387
11263006;97,12;55,13106596;61,26330208
5644000;33,2;55,17319;61,289033
9536106;48,79;55,173372;61,36710624
16838085;86,45;55,15142;61,30195
4027800;28,77;55,250895;61,24728
5584000;34,9;55,17319;61,289033
7488750;59,9;55,10547;61,34532
8204735;73,84;55,16907225;61,31212603
11640500;75,09;55,17319;61,289033
12196800;69,3;55,180537;61,339986
9518800;44,9;55,112625;61,250663
6351647;37,79;55,172979;61,367986
19890000;79,55;55,16976;61,3722
3311563;29,69;55,08973;61,23944
9299070;83,69;55,16907225;61,31212603
16068460;61,33;55,16916799;61,37096213
7773540;59,34;55,214029;61,298371
7402199;33;55,171745;61,377967
18661380;78,73;55,16989266;61,37174534
6110000;48,47;55,12719;61,622804
15517200;80,4;55,09489;61,243489
8639600;59,65;55,17325086;61,32330453
11265000;75,09;55,173769;61,329517
7029600;48,47;55,21277904;61,30311138
12406600;60,52;55,14799671;61,36368892
8477340;61,43;55,108254;61,249729
12136770;51,2;55,16989266;61,37174534
17028900;95,4;55,17992613;61,34096187
8770140;61,29;55,10995;61,351691
7229430;33,29;55,16002;61,43216
5669400;37,84;55,173447;61,321741
5899000;34,7;55,17319;61,289033
5634510;38,33;55,108254;61,249729
10174780;66,06;55,169946;61,377931
14089400;108,37;55,250895;61,24728
6860000;39,2;55,17319;61,289033
6736798;42,43;55,25239182;61,38401031
23390000;76,91;55,15713553;61,41171927
12468500;83,93;55,18641;61,22835
11450000;83,55;55,13564955;61,42441978
10005600;45,47;55,1485743;61,36363528
4840960;37,81;55,10547;61,34532
3869470;24,26;55,10231;61,34543
15594400;80,8;55,093061;61,238593
4269301;35,5;55,113138;61,274687
5182990;40,97;55,12719;61,622804
10967620;66,06;55,169946;61,377931
9624120;72,91;55,21277904;61,30311138
17712200;106,69;55,157389;61,402709
13256999;78,59;55,169946;61,377931
8811000;53,4;55,17230151;61,29111409
4754639;39,65;55,08973;61,23944
11950000;85,23;55,13848;61,45237
6311111;37,77;55,172805;61,365669
4057500;32,18;55,12719;61,622804
24671584;87,75;55,11205672;61,32504179
3655790;32,24;55,13106596;61,26330208
13156500;74,8;55,171745;61,377967
10778000;53,88;55,14897983;61,36362455
7863230;56,56;55,213324;61,30255
9951900;47,38;55,122712;61,37265
15581250;83,09;55,17908192;61,34101551
9522630;81,38;55,10542441;61,34532177
12222434;81,23;55,172979;61,371274
11134300;47,38;55,1485743;61,36363528
8205596;46,02;55,173372;61,36710624
6351647;37,79;55,17336;61,36843
6041903;39,41;55,18766;61,23199
6220935;54,81;55,172606;61,491112
5409420;40,52;55,104096;61,350497
12136024;80,94;55,17299;61,37108
9465000;59,9;55,186561;61,227535
20231200;83,59;55,166588;61,390938
5868000;40,75;55,21355;61,30287
4587783;26,95;55,186757;61,226865
5280000;33;55,17319;61,289033
10032400;71,66;55,21277904;61,30311138
7892500;45,09;55,17230151;61,29111409
6727500;51,75;55,17343849;61,31978642
12606149;78,09;55,169946;61,377931
17327070;73,11;55,16976;61,3722
8160000;45,33;55,173781;61,329179
5669500;38,09;55,170912;61,318013
7832650;56,34;55,2129;61,30134
7027507;60,2;55,13106596;61,26330208
13476200;78,4;55,16990478;61,29537389
17109345;106,69;55,17019956;61,29454777
13321000;60,54;55,148498;61,363387
6441142;42,75;55,18692;61,23104
6285802;38,18;55,172805;61,365669
7863230;56,56;55,21355;61,30287
7773540;59,34;55,214029;61,298371
5006500;32,29;55,10907;61,35937
8442880;41,15;55,17128914;61,29316285
9379800;69,26;55,186378;61,226709
8568010;40,79;55,17205061;61,29205778
10238932;43,81;55,178617;61,359747
11834000;62,66;55,174775;61,393563
5182990;40,97;55,12719;61,622804
4649986;39,9;55,127295;61,260969
3271048;29,38;55,08973;61,23944
4056430;24,29;55,10887778;61,35977304
6974060;59,18;55,12719;61,622804
8981230;44,29;55,174775;61,393563
10225740;51,75;55,17205061;61,29205778
9983830;70,61;55,17336;61,36843
5590200;36,2;55,113143;61,274678
7905000;46,5;55,170912;61,318013
10459440;59,7;55,160355;61,431929
13170000;93,56;55,197718;61,185027
3675600;26,42;55,121705;61,247684
7494510;57,2;55,10547;61,34532
13761390;77,05;55,17205061;61,29205778
15997800;58,59;55,169879;61,371867
9172800;63;55,18748;61,2327
7743360;40,33;55,114982;61,244986
15594700;77,34;55,17179;61,29243
12638080;64,48;55,169946;61,377931
3890016;26,95;55,187887;61,231487
10983900;53,58;55,122712;61,37265
10022057;63,65;55,17336;61,36843
5411991;45,29;55,125436;61,254759
6340034;38;55,17336;61,36843
6937200;36,9;55,118179;61,253873
5556985;35;55,18748227;61,23197736
9777603;63,65;55,17299;61,37108
5669500;38,09;55,173447;61,321741
9568200;51,79;55,16990478;61,29537389
6964659;50,04;55,187887;61,231487
6285797;38,16;55,17336;61,36843
9438000;65;55,208243;61,188443
3802400;26,2;55,121263;61,242779
11710620;90,77;55,250895;61,24728
13328500;78,5;55,171745;61,377967
13759200;82,84;55,108254;61,249729
9555000;73,5;55,170912;61,318013
9374000;70,84;55,173769;61,329517
7722000;59,4;55,173447;61,321741
6964150;44,93;55,250895;61,24728
12101100;62,7;55,160355;61,431929
4754639;39,65;55,08973;61,23944
8080000;61,77;55,12082;61,246166
4269301;35,5;55,125922;61,253945
13348124;81,58;55,171077;61,377832
5973125;37,52;55,172805;61,365669
5927600;40,97;55,170984;61,434093
7696000;59,2;55,173447;61,321741
18855720;79,55;55,16976;61,3722
5363525;35,65;55,187887;61,231487
6041903;39,41;55,18766;61,23199
11615940;61,45;55,10908385;61,25782762
11298420;59,77;55,11713;61,24662
14411970;60,81;55,16989266;61,37174534
4269346;35,4;55,113138;61,274687
8695500;52,7;55,17319;61,289033
11298420;59,77;55,114982;61,244986
5722878;41,36;55,252399;61,384974
14066190;79,47;55,116042;61,255014
6311111;37,77;55,172979;61,367986
6528000;38,4;55,17230151;61,29111409
4857583;41,95;55,08973;61,23944
5456239;27,8;55,172979;61,371274
11298420;59,77;55,114982;61,244986
4978600;32,11;55,111258;61,357638
6102750;61,59;55,103719;61,251798
7180326;50,79;55,18710168;61,23087229
12140400;80,4;55,113143;61,274678
3888610;24,37;55,104096;61,350497
6495400;46,5;55,173447;61,321741
13011800;60,52;55,14799671;61,36368892
14616720;80,8;55,160355;61,431929
6351625;38,18;55,172805;61,365669
7207200;36,4;55,093617;61,240075
3295280;24,22;55,214029;61,298371
5164600;42,79;55,121263;61,242779
7074000;39,29;55,17319;61,289033
3869470;24,26;55,10222425;61,34539511
6554145;43,5;55,186757;61,226865
5834400;60,9;55,103719;61,251798
3311563;29,69;55,08973;61,23944
5759424;38,4;55,16907225;61,31212603
4256015;35,29;55,113138;61,274687
6280200;60,9;55,10314;61,247069
7748449;55,34;55,173447;61,321741
5015000;29,5;55,170912;61,318013
11690000;91,61;55,16814;61,53102
19055080;78,73;55,16989266;61,37174534
12260320;80,66;55,113143;61,274678
24541270;85,61;55,11205672;61,32504179
25367565;94,8;55,11193;61,325796
9402030;65,55;55,250793;61,403197
5302500;30,29;55,17230151;61,29111409
9175801;48,15;55,173372;61,36710624
10921920;44,04;55,122712;61,37265
7207200;36,4;55,093061;61,238593
6134425;37,59;55,17336;61,36843
17440115;106,69;55,17019956;61,29454777
5006500;32,29;55,111258;61,357638
9066480;61,25;55,11131;61,248762
5023920;38,06;55,10542441;61,34532177
4007850;24,29;55,10887778;61,35977304
31174500;132,3;55,11193;61,325796
12109500;62,09;55,093061;61,238593
6441142;42,75;55,18692;61,23104
9428370;79,23;55,10547;61,34532
7203773;60,99;55,13106596;61,26330208
7982509;68,31;55,13106596;61,26330208
12167580;51,34;55,16989266;61,37174534
7919800;56,56;55,213324;61,30255
14975970;79,37;55,116042;61,255014
7773540;59,34;55,214029;61,298371
4574543;30,2;55,170912;61,318013
6896500;53,04;55,170912;61,318013
7950872;55,04;55,173447;61,321741
6821280;67,3;55,103719;61,251798
14299000;79;55,117403;61,25269
3992800;28,52;55,250895;61,24728
8081652;55,5;55,11098;61,35252
6877500;39,29;55,17230151;61,29111409
5669500;38,09;55,170912;61,318013
9180400;47,2;55,17992613;61,34096187
23129200;89,11;55,11205672;61,32504179
8690000;77,61;55,12471;61,24962
3912000;24,45;55,213324;61,30255
8987000;65,36;55,173447;61,321741
15931800;95,4;55,17994;61,341
12421719;69,25;55,15142;61,30195
15353200;58,59;55,16916799;61,37096213
11265000;75,09;55,173769;61,329517
10968600;60,59;55,17994;61,341
8245970;40,27;55,17469173;61,39388388
9431999;47,29;55,171745;61,377967
4256015;35,29;55,127295;61,260969
12558400;75,19;55,108254;61,249729
13150696;81,58;55,169946;61,377931
7978000;49,63;55,18717966;61,22635491
9818200;70,12;55,21355;61,30287
6745215;59,84;55,08973;61,23944
5850000;49,2;55,12471;61,24962
5464520;40,77;55,10542441;61,34532177
10800000;71,66;55,11547808;61,45024218
12406600;60,52;55,14799671;61,36368892
9443070;34,59;55,16989;61,3723
8211000;39,09;55,17994;61,341
13926500;60,54;55,122712;61,37265
6257549;27,39;55,169946;61,377931
11281480;60,2;55,16002;61,43216
17594400;73,3;55,16976;61,3722
5313000;36,81;55,121033;61,242418
7282500;58,25;55,10547;61,34532
7356799;33,5;55,171745;61,377967
5839600;44,91;55,13106596;61,26330208
9789300;70,61;55,172979;61,367986
7892500;45,09;55,17230151;61,29111409
9587160;72,62;55,213324;61,30255
4584895;36,2;55,173447;61,321741
9753059;61,88;55,172979;61,367986
5107300;42,9;55,121705;61,247684
9568000;73,59;55,170912;61,318013
7812491;66,09;55,126452;61,255131
12566800;71,19;55,17992613;61,34096187
9595647;62,9;55,17336;61,36843
7862750;44,93;55,250895;61,24728
7192800;49,95;55,17096;61,434045
8869500;65,06;55,186378;61,226709
11064900;67,05;55,18641;61,22835
20001000;118;55,16002;61,43216
7840000;44,79;55,17319;61,289033
3879900;23,95;55,10903154;61,35920441
11998900;61,84;55,171077;61,377832
8767067;59,47;55,18692;61,23104
3138890;27,45;55,12719;61,622804
6990000;45,63;55,17446777;61,41569903
9694000;45,9;55,171745;61,377967
9096080;61,45;55,11131;61,248762
6702500;38,29;55,17230151;61,29111409
5835505;47,75;55,16907225;61,31212603
3625000;26,42;55,12082;61,246166
5076058;39,04;55,16907225;61,31212603
3295280;24,22;55,214029;61,298371
10250000;59,75;55,11547808;61,45024218
12591600;59,95;55,122712;61,37265
10537500;70,25;55,173447;61,321741
9408800;62,22;55,113143;61,274678
9424000;62;55,113143;61,274678
9399602;48,15;55,173372;61,36710624
5609500;37,45;55,170912;61,318013
5117000;30,1;55,17319;61,289033
4059770;24,3;55,111258;61,357638
7694273;46,77;55,172805;61,365669
10148600;46,13;55,122712;61,37265
5436000;30,2;55,17230151;61,29111409
9061942;44,2;55,16990478;61,29537389
7090000;45,88;55,17454;61,41601
9384161;61,43;55,172979;61,367986
7170000;60,72;55,13106596;61,26330208
4256000;35,4;55,113138;61,274687
9407250;48,4;55,171745;61,377967
9924080;65,29;55,113143;61,274678
6274343;37,81;55,172979;61,367986
9289500;56,29;55,17319;61,289033
5600990;35,61;55,25239182;61,38401031
18508839;103,41;55,173308;61,369697
4193360;24,37;55,111258;61,357638
7773540;59,34;55,214029;61,298371
10591930;52,09;55,160355;61,431929
7287280;50,04;55,186757;61,226865
12038796;103,19;55,16907225;61,31212603
6441911;37,59;55,172805;61,365669
9721423;79,94;55,08973;61,23944
6126248;54,16;55,08973;61,23944
6838000;70,8;55,103719;61,251798
6191440;36,97;55,172979;61,367986
33920250;124,25;55,16916799;61,37096213
5678500;41;55,10222425;61,34539511
7696000;59,2;55,173447;61,321741
14505568;86,3;55,170065;61,294848
10954800;64,44;55,113143;61,274678
10890000;67,05;55,197718;61,185027
6450000;41,72;55,17446777;61,41569903
15581250;83,09;55,17908192;61,34101551
6136305;37,52;55,17336;61,36843
7890000;51,13;55,16814;61,53102
7706300;55,04;55,173447;61,321741
18570000;74,19;55,157305;61,411689
24151016;124,4;55,16990478;61,29537389
6238750;54,25;55,173447;61,321741
13190000;93,55;55,197718;61,185027
4334320;31,87;55,214029;61,298371
9025402;66,51;55,250793;61,403197
8991450;46,11;55,09343218;61,24079687
7147800;36,09;55,093061;61,238593
13673500;59,45;55,148498;61,363387
5835505;47,75;55,16907225;61,31212603
11245500;53,54;55,122712;61,37265
8573032;70,15;55,16907225;61,31212603
9055800;38,7;55,16002;61,43216
13018250;60,54;55,148498;61,363387
11140483;71,69;55,17336;61,36843
16221200;75,8;55,106021;61,252925
12246300;61,84;55,169946;61,377931
10432800;48,29;55,112625;61,250663
6860129;57,93;55,13106596;61,26330208
7026270;59,84;55,08973;61,23944
4945869;39,04;55,16907225;61,31212603
6998038;59,95;55,173447;61,321741
9472359;42,09;55,170065;61,294848
7319000;56,29;55,170912;61,318013
5868000;40,75;55,213324;61,30255
12656000;79,09;55,17319;61,289033
12256640;70,4;55,16011945;61,43196358
16646880;70,23;55,16976;61,3722
6109000;41;55,10887778;61,35977304
6913000;44,59;55,173769;61,329517
13078384;78,3;55,170065;61,294848
52110000;189,49;55,11193;61,325796
4071460;24,37;55,10887778;61,35977304
6287673;36,97;55,172979;61,367986
14158120;77,65;55,171139;61,292474
5117600;42,9;55,12082;61,246166
9915750;44,06;55,148498;61,363387
6311098;37,59;55,172979;61,367986
6835680;48,47;55,21316;61,30282
6700000;42,22;55,17454;61,41601
3138890;27,45;55,12719;61,622804
6863130;33,29;55,16002;61,43216
13917300;60,5;55,1485743;61,36363528
6340034;38;55,172979;61,367986
12170600;80,59;55,113143;61,274678
6982920;40,29;55,182297;61,234912
8438001;76,05;55,173447;61,321741
3976830;26,35;55,120405;61,245889
10681200;55,7;55,171745;61,377967
15415405;99,19;55,250793;61,403197
5834880;40,52;55,21277904;61,30311138
4168980;24,37;55,10903154;61,35920441
3912000;24,45;55,213324;61,30255
7122500;40,7;55,17319;61,289033
7974000;44,29;55,17319;61,289033
4978600;32,11;55,10907;61,35937
5835528;47,75;55,173447;61,321741
7530213;51,08;55,18692;61,23104
15419220;61,86;55,16989266;61,37174534
14222200;60,52;55,14799671;61,36368892
16900000;53,97;55,157305;61,411689
12136024;80,94;55,17299;61,37108
4168980;24,37;55,111258;61,357638
7525000;60,2;55,17306391;61,31981861
8907999;46,79;55,169946;61,377931
9424000;62;55,113143;61,274678
6314000;41;55,172661;61,473134
3912000;24,45;55,213324;61,30255
30670000;119,04;55,11205672;61,32504179
17371466;106,3;55,170065;61,294848
9624120;72,91;55,21277904;61,30311138
10693650;64,8;55,250895;61,24728
7056000;39,2;55,17230151;61,29111409
5590200;36,18;55,113143;61,274678
5312000;33,2;55,17282962;61,29152178
11047450;53,88;55,122712;61,37265
11110739;70,9;55,160704;61,460663
4642036;30,7;55,173447;61,321741
12014730;63,56;55,10908385;61,25782762
6285802;38,18;55,172805;61,365669
4059770;24,3;55,10887778;61,35977304
4168980;24,37;55,10907;61,35937
6682000;51,4;55,17343849;61,31978642
7056000;39,2;55,17319;61,289033
7597500;60,77;55,10542441;61,34532177
6311111;37,77;55,172805;61,365669
6118829;40,9;55,16382;61,43562
6126400;43,75;55,250895;61,24728
17013135;106,09;55,157389;61,402709
3500000;30,12;55,12471;61,24962
9421610;41,45;55,17128914;61,29316285
14644260;84,59;55,160355;61,431929
35360000;108,5;55,157305;61,411689
13590210;73,9;55,160355;61,431929
11474910;64,83;55,116042;61,255014
11031116;52,79;55,170065;61,294848
6877500;39,29;55,17319;61,289033
11344000;70,9;55,17319;61,289033
4731844;31,54;55,16907225;61,31212603
3912000;24,45;55,213324;61,30255
7559697;51,27;55,18692;61,23104
5729000;38,5;55,170912;61,318013
14278400;85,09;55,171139;61,292474
29830000;98,3;55,15713553;61,41171927
9983830;70,61;55,172805;61,365669
15888180;68,77;55,16989;61,3723
17249200;59,47;55,1485743;61,36363528
11298420;59,77;55,114982;61,244986
9586830;79,23;55,10547;61,34532
18537200;96,8;55,180537;61,339986
9571000;56,29;55,17319;61,289033
8118000;49,2;55,17319;61,289033
14654700;85,69;55,17992613;61,34096187
5883244;50,93;55,121705;61,247684
5586030;36,5;55,10907;61,35937
10136100;44,06;55,122712;61,37265
7919800;56,56;55,213324;61,30255
10584600;71,9;55,110934;61,352464
4317500;22,7;55,18606474;61,2272569
14124890;79;55,157389;61,402709
6727500;51,75;55,17343849;61,31978642
5362999;31,54;55,173447;61,321741
7979202;59,84;55,16907225;61,31212603
6760480;35,95;55,116042;61,255014
10977899;55,7;55,171745;61,377967
4151000;29,64;55,250895;61,24728
3897520;26,42;55,120405;61,245889
9818200;70,12;55,21335569;61,30290753
10327562;63,65;55,17336;61,36843
9683100;46,11;55,122712;61,37265
4886000;34,9;55,17306391;61,31981861
13189200;45,47;55,122712;61,37265
9047500;51,7;55,17319;61,289033
5174000;39,79;55,17343849;61,31978642
11519700;53,58;55,148498;61,363387
7979202;59,84;55,173447;61,321741
9587160;72,62;55,213324;61,30255
5584000;34,9;55,17282962;61,29152178
3863530;26,42;55,120405;61,245889
4584895;36,2;55,173447;61,321741
7032883;60,25;55,16907225;61,31212603
11360000;72,4;55,197718;61,185027
9456650;46,13;55,14799671;61,36368892
20319390;72,73;55,169879;61,371867
6285800;37,79;55,172979;61,367986
5188278;45,06;55,13106596;61,26330208
7515540;58,25;55,10547;61,34532
6351647;37,79;55,172805;61,365669
8477340;61,43;55,108254;61,249729
6069168;37,77;55,172979;61,367986
12606150;78,4;55,171745;61,377967
11237700;79,69;55,108254;61,249729
18521885;103,48;55,172805;61,365669
14611850;85,69;55,17994;61,341
5303470;31,2;55,173447;61,321741
9330000;62,2;55,173447;61,321741
6593400;36,83;55,18641;61,22835
9332400;84;55,173447;61,321741
14167930;65,29;55,09343218;61,24079687
6919000;40,7;55,17319;61,289033
13708000;59,59;55,14799671;61,36368892
4572431;37,84;55,13106596;61,26330208
12406600;60,52;55,122712;61,37265
11838050;79,44;55,182297;61,234912
7863230;56,56;55,21298762;61,30193121
13917300;60,5;55,122712;61,37265
14222200;60,52;55,14799671;61,36368892
5643000;34,2;55,17282962;61,29152178
12501100;86,48;55,182297;61,234912
3311563;29,69;55,08973;61,23944
5652625;35,61;55,25239182;61,38401031
7659512;59,95;55,16907225;61,31212603
11918000;59,59;55,122712;61,37265
17335080;68,79;55,169879;61,371867
3846821;35,45;55,13106596;61,26330208
6351647;37,79;55,172805;61,365669
26910000;105,12;55,11205672;61,32504179
11590000;85,69;55,1384635;61,45219134
19950000;63,5;55,11145;61,32772
7929900;55,45;55,120405;61,245889
11250000;72,22;55,11611;61,45367
18880000;77,79;55,15713553;61,41171927
14899050;87,9;55,180537;61,339986
21766960;81,37;55,16916799;61,37096213
14899200;84,06;55,174775;61,393563
5372850;36,54;55,108254;61,249729
6405736;38;55,17299;61,37108
6351647;37,79;55,172805;61,365669
6520000;40;55,182297;61,234912
10218400;48,2;55,112625;61,250663
11827620;62,58;55,10849233;61,25690017
4342447;26,95;55,186757;61,226865
10537500;70,25;55,173447;61,321741
12234830;52,5;55,16976;61,3722
12665290;62,45;55,178617;61,359747
17620200;70,19;55,166588;61,390938
6201607;37,52;55,172979;61,371274
7046014;58;55,125436;61,254759
9854240;81,44;55,10542441;61,34532177
6380414;37,59;55,172805;61,365669
8224000;51,4;55,17282962;61,29152178
5176160;38,06;55,10542441;61,34532177
10288284;61,88;55,172805;61,365669
3593200;26,42;55,121705;61,247684
27682345;101,48;55,11145;61,32772
5558490;36,33;55,10907;61,35937
7530213;51,08;55,18692;61,23104
5706540;38,81;55,108254;61,249729
32140000;103,75;55,157305;61,411689
9612673;65,55;55,250793;61,403197
5456239;27,8;55,172979;61,371274
13122860;78,59;55,170065;61,294848
10656360;59,79;55,160355;61,431929
24468462;87,9;55,11205672;61,32504179
18359870;106,3;55,16990478;61,29537389
10066440;65,19;55,182297;61,234912
7326699;31,1;55,171745;61,377967
5586030;36,5;55,10903154;61,35920441
9345000;53,4;55,17319;61,289033
4177880;24,29;55,111258;61,357638
5834880;40,52;55,21277904;61,30311138
10810800;54,59;55,180537;61,339986
8942400;64,8;55,108254;61,249729
17511200;82,59;55,112625;61,250663
5868000;40,75;55,213324;61,30255
4452374;37,36;55,08973;61,23944
9538946;76,05;55,173447;61,321741
9733240;80,44;55,10542441;61,34532177
4482450;44,7;55,103719;61,251798
8369961;56,27;55,186743;61,232097
6071021;37,9;55,172979;61,367986
10148600;46,13;55,148498;61,363387
4919508;30,39;55,170912;61,318013
7408500;45,38;55,108254;61,249729
8660925;58,75;55,18748;61,2327
9590000;58,79;55,11611;61,45367
5281260;38,27;55,10547;61,34532
22896428;83,41;55,11145;61,32772
5644000;33,2;55,17282962;61,29152178
9369224;41,2;55,16990478;61,29537389
6262905;51,15;55,173447;61,321741
9789300;70,61;55,17336;61,36843
14647000;73,41;55,17469173;61,39388388
11998900;61,84;55,169946;61,377931
9903750;79,23;55,10547;61,34532
5840640;40,56;55,213324;61,30255
14420000;103,01;55,197718;61,185027
11892180;90,77;55,250895;61,24728
12709200;60,52;55,122712;61,37265
12424280;51,34;55,16989266;61,37174534
12788200;59,47;55,1485743;61,36363528
7889000;56,34;55,213324;61,30255
11450850;65,19;55,171139;61,292474
3869470;24,26;55,10231;61,34543
11132100;63;55,16002;61,43216
7227000;36,5;55,093061;61,238593
14253120;80,8;55,16002;61,43216
6201583;37,9;55,17299;61,37108
5725500;34,7;55,17282962;61,29152178
9408800;61,9;55,113143;61,274678
5017579;38,59;55,173447;61,321741
5174000;39,79;55,17343849;61,31978642
4342447;26,95;55,186757;61,226865
8665347;58,77;55,186757;61,226865
8712030;60,79;55,10995;61,351691
15851000;80,44;55,17179;61,29243
6351625;38,18;55,17336;61,36843
5758500;34,9;55,17282962;61,29152178
4916600;37,81;55,10547;61,34532
10156300;65,94;55,171077;61,377832
9878400;47,04;55,14897983;61,36362455
5030507;38,7;55,16907225;61,31212603
6011621;38,65;55,16907225;61,31212603
5372850;36,54;55,108254;61,249729
6351647;37,79;55,17336;61,36843
9078000;53,4;55,17230151;61,29111409
5634510;38,33;55,108254;61,249729
3912000;24,45;55,213324;61,30255
6454380;32,97;55,17128914;61,29316285
14927330;68,69;55,178617;61,359747
12486000;104,05;55,173447;61,321741
6974060;59,18;55,12719;61,622804
9536106;48,79;55,173372;61,36710624
3988160;26,42;55,120405;61,245889
9211920;35,15;55,16916799;61,37096213
5859354;35,24;55,18748;61,2327
3138890;27,45;55,12719;61,622804
4807095;32,04;55,173447;61,321741
8736109;59,25;55,186757;61,226865
38794050;142,63;55,11205672;61,32504179
9571000;56,29;55,17230151;61,29111409
9313920;48,5;55,10908385;61,25782762
5899000;34,7;55,17319;61,289033
6658200;32,9;55,171745;61,377967
12275520;80,76;55,113143;61,274678
5168000;30,39;55,173447;61,321741
4269346;35,4;55,113138;61,274687
13586280;79;55,170065;61,294848
5612020;40,52;55,10222425;61,34539511
13705700;59,59;55,1485743;61,36363528
3295280;24,22;55,214029;61,298371
7559697;51,27;55,18692;61,23104
5729000;38,5;55,173447;61,321741
4929507;28,6;55,173447;61,321741
6096856;37,31;55,172979;61,367986
9892654;68,3;55,186757;61,226865
7889000;56,34;55,21298762;61,30193121
36689934;133,49;55,11145;61,32772
6112500;40,75;55,213324;61,30255
5973138;37,9;55,172805;61,365669
6797000;48,54;55,170912;61,318013
9624120;72,91;55,213324;61,30255
6311098;37,59;55,172979;61,367986
7450000;47,04;55,17454;61,41601
7561633;46,77;55,172805;61,365669
9788800;43,7;55,112625;61,250663
11990000;85,23;55,1384635;61,45219134
15445080;61,29;55,169879;61,371867
12406600;60,52;55,14799671;61,36368892
4664800;33,81;55,121263;61,242779
5100040;38,06;55,10542441;61,34532177
9047500;51,7;55,17282962;61,29152178
3655790;32,24;55,13106596;61,26330208
9956000;46,5;55,169946;61,377931
12050000;84,9;55,1384635;61,45219134
7863230;56,56;55,21298762;61,30193121
12117584;72,65;55,173308;61,369697
16205600;86,19;55,160746;61,431749
10123030;52,09;55,16011945;61,43196358
3863530;26,07;55,120405;61,245889
14103000;78,4;55,16990478;61,29537389
4978600;32,11;55,10907;61,35937
5051640;38,27;55,10547;61,34532
18359870;106,3;55,170065;61,294848
5604682;35,65;55,18692;61,23104
7558900;53,79;55,173447;61,321741
8715000;41,5;55,17994;61,341
5600000;45,4;55,110813;61,258703
6274343;37,81;55,172805;61,365669
6252680;36,4;55,182297;61,234912
7919800;56,56;55,21335569;61,30290753
8900016;48;55,172805;61,365669
7375500;45,56;55,108254;61,249729
10715580;60,54;55,116042;61,255014
12275520;80,76;55,113143;61,274678
19399380;82,27;55,16916799;61,37096213
11134300;47,38;55,122712;61,37265
7919800;56,56;55,21298762;61,30193121
5583474;40,59;55,187887;61,231487
7813560;56,61;55,108254;61,249729
3892440;23,87;55,111258;61,357638
16285400;76,09;55,106021;61,252925
7358000;56,59;55,170912;61,318013
32553500;124,25;55,169879;61,371867
4056430;24,29;55,10887778;61,35977304
6840000;63,25;55,12582;61,24988
11833500;69;55,180537;61,339986
8907999;46,79;55,171745;61,377967
6844200;32;55,17102;61,29359
13448760;90,87;55,250895;61,24728
7979202;59,84;55,16907225;61,31212603
6394100;61,7;55,10314;61,247069
9768000;44,4;55,108254;61,249729
9408800;62,04;55,113143;61,274678
5117000;30,1;55,17319;61,289033
4121000;22,7;55,186104;61,226133
9555000;73,5;55,170912;61,318013
13459896;79;55,157389;61,402709
6275468;51,34;55,16907225;61,31212603
7953746;67,65;55,13106596;61,26330208
13920000;89,79;55,11611;61,45367
8786460;63,66;55,108254;61,249729
14827400;60,52;55,148498;61,363387
13995390;79,06;55,118179;61,253873
5574800;35,88;55,113143;61,274678
5597020;42,9;55,120405;61,245889
5286120;35,95;55,108254;61,249729
11949430;64,3;55,171139;61,292474
12215950;59,59;55,122712;61,37265
5661515;48,7;55,08973;61,23944
9010000;53;55,17319;61,289033
6304880;61,7;55,103719;61,251798
8224000;51,4;55,17282962;61,29152178
7668750;61,34;55,17343849;61,31978642
6666000;55,66;55,121033;61,242418
3500000;30,12;55,12471;61,24962
5840640;40,56;55,21316;61,30282
12386290;93,12;55,17360031;61,32317977
4960000;25,19;55,197718;61,185027
7180326;51,27;55,187887;61,231487
9393600;61,79;55,113143;61,274678
5594820;36,33;55,111258;61,357638
7985250;68,25;55,187887;61,231487
15157220;93,3;55,17128914;61,29316285
10052444;44,2;55,157389;61,402709
9721423;79,94;55,08973;61,23944
5530000;31,6;55,17230151;61,29111409
6993000;49,95;55,170912;61,318013
6245691;37,59;55,172979;61,367986
14860100;82,09;55,115985;61,253505
8714550;70,84;55,173769;61,329517
6542000;67,8;55,10314;61,247069
11640500;75,09;55,17282962;61,29152178
20387640;72,98;55,169879;61,371867
9848280;67,09;55,110934;61,352464
5030507;38,7;55,173447;61,321741
7889000;56,34;55,213324;61,30255
7207200;36,4;55,093617;61,240075
7754880;40,38;55,11713;61,24662
33797400;123,8;55,16916799;61,37096213
6715500;40,7;55,17282962;61,29152178
13329000;59,24;55,14897983;61,36362455
8405580;60,9;55,108254;61,249729
4864160;32,31;55,10231;61,34543
17668800;81,8;55,112625;61,250663
9016150;40,13;55,178617;61,359747
6737505;57,5;55,126456;61,255112
7743360;40,33;55,114982;61,244986
6964150;44,93;55,250895;61,24728
14943240;80,33;55,11713;61,24662
5411991;45,29;55,125436;61,254759
12310320;93,26;55,250895;61,24728
9823317;65,55;55,250793;61,403197
9424000;62,04;55,113143;61,274678
4256015;35,29;55,127295;61,260969
9886765;41,2;55,157389;61,402709
7889000;56,34;55,213324;61,30255
8639600;59,65;55,173447;61,321741
11895000;79,3;55,186104;61,226133
5868000;40,75;55,21298762;61,30193121
24225600;87,9;55,11193;61,325796
9568200;51,79;55,157389;61,402709
9365600;81,44;55,10542441;61,34532177
10706730;60,49;55,118179;61,253873
7287280;50,04;55,18692;61,23104
3890016;26,95;55,187887;61,231487
7128000;36;55,093617;61,240075
6488000;46,65;55,12082;61,246166
13153200;66,37;55,174775;61,393563
7668750;61,34;55,17343849;61,31978642
3205200;26,7;55,25536;61,39563
5552000;34,7;55,17319;61,289033
7863230;56,56;55,213324;61,30255
6538000;35,7;55,186378;61,226709
4978600;32,11;55,10903154;61,35920441
12760676;81,58;55,169946;61,377931
6142525;54,29;55,08973;61,23944
7832650;56,34;55,2129;61,30134
6057430;60,9;55,10314;61,247069
6623903;37,09;55,17336;61,36843
15536500;80,5;55,097677;61,241037
14103000;78,4;55,157389;61,402709
9827000;63,4;55,173769;61,329517
3960000;26,3;55,121033;61,242418
17016219;103,41;55,17349829;61,36949225
4373600;25,52;55,18606474;61,2272569
16646880;70,23;55,16989266;61,37174534
4572440;37,22;55,13106596;61,26330208
14304000;59,59;55,14799671;61,36368892
5151000;30,29;55,17230151;61,29111409
9062580;34,59;55,169879;61,371867
9750832;66,97;55,186757;61,226865
18574608;107,19;55,17019956;61,29454777
4793225;35,86;55,12082;61,246166
5780824;35,31;55,186757;61,226865
9714950;47,38;55,14799671;61,36368892
8700000;52,25;55,11612993;61,45367541
8786460;63,66;55,108254;61,249729
5493984;45,29;55,125443;61,254763
17285600;95,8;55,171745;61,377967
6314000;41;55,172661;61,473134
16564900;89,55;55,17102;61,29359
6910250;52,75;55,10542441;61,34532177
15581250;83,09;55,180537;61,339986
12125300;80,3;55,113143;61,274678
5933000;34,9;55,17282962;61,29152178
6238100;60,9;55,103719;61,251798
14138000;104,77;55,186378;61,226709
7647500;43,7;55,108254;61,249729
5337809;46,22;55,08973;61,23944
33783750;123,75;55,16989;61,3723
20333040;72,77;55,169879;61,371867
8338619;54,61;55,172979;61,367986
6050000;38,58;55,17454;61,41601
10012500;66,75;55,173447;61,321741
14078000;103,55;55,186378;61,226709
7950872;55,04;55,16907225;61,31212603
9412800;44,4;55,112625;61,250663
5530000;31,6;55,17319;61,289033
8768763;65,55;55,250793;61,403197
10419000;45,29;55,122712;61,37265
10015500;59,9;55,186757;61,226865
5688000;31,6;55,17230151;61,29111409
17320400;81,69;55,115635;61,245187
12272260;85,81;55,170984;61,434093
9691360;81,44;55,10542441;61,34532177
7539449;45,41;55,250793;61,403197
7056000;39,2;55,17319;61,289033
5933000;34,9;55,17282962;61,29152178
5267500;30,1;55,17319;61,289033
5594820;36,33;55,10887778;61,35977304
9648000;60,29;55,17319;61,289033
6300000;41,56;55,17454;61,41601
10865800;51,75;55,17102;61,29359
12060174;80,94;55,17336;61,36843
8887860;61;55,10995;61,351691
9568000;73,59;55,173447;61,321741
12573000;82,8;55,186757;61,226865
10011934;51,13;55,15142;61,30195
10539830;52,09;55,16011945;61,43196358
18855720;79,55;55,16976;61,3722
10472000;69,98;55,18641;61,22835
10419000;45,29;55,122712;61,37265
5301400;40,77;55,10542441;61,34532177
8704000;51,2;55,17282962;61,29152178
4395601;36,93;55,08973;61,23944
9526320;76,05;55,173447;61,321741
18673200;102,59;55,108254;61,249729
9743962;88,59;55,113138;61,274687
16150500;94,4;55,17469173;61,39388388
5143520;37,81;55,10547;61,34532
8695500;52,7;55,17319;61,289033
10199000;72,84;55,173447;61,321741
4974200;26,62;55,186757;61,226865
9211920;35,15;55,169879;61,371867
7724160;40,22;55,10908385;61,25782762
10083171;63,65;55,172805;61,365669
7200318;58,7;55,18696663;61,23160185
6134452;37,77;55,172979;61,367986
4630547;38,15;55,173447;61,321741
10865660;59,79;55,16002;61,43216
7963600;46,29;55,171077;61,377832
11136650;47,38;55,14799671;61,36368892
5839619;48,93;55,13106596;61,26330208
9211920;35,15;55,16989;61,3723
10781070;60,9;55,116042;61,255014
5590200;36,29;55,113143;61,274678
9275000;53;55,17319;61,289033
9439200;62,09;55,113143;61,274678
4256015;35,29;55,113138;61,274687
10819200;47,04;55,122712;61,37265
17712000;82;55,112625;61,250663
18042970;106,69;55,17019956;61,29454777
6877500;39,29;55,17230151;61,29111409
20639140;79,63;55,16976;61,3722
10000000;61,34;55,115574;61,450108
4056430;24,29;55,10854;61,35956
16063220;61,31;55,16989;61,3723
7832650;56,34;55,21298762;61,30193121
10004500;64,95;55,18641;61,22835
12117600;50,49;55,16989266;61,37174534
6380414;37,59;55,17299;61,37108
4059770;24,3;55,111258;61,357638
18631723;114,19;55,157389;61,402709
6220935;54,81;55,17270144;61,49115693
12090000;62;55,093617;61,240075
7542500;43,09;55,17230151;61,29111409
9439200;46;55,17908192;61,34101551
9854240;81,44;55,10542441;61,34532177
5409420;40,52;55,10231;61,34543
20527700;78,34;55,16916799;61,37096213
4526261;38,29;55,08973;61,23944
9328320;50,56;55,15142;61,30195
17200000;53,97;55,157305;61,411689
4612000;42,5;55,12582;61,24988
4168980;24,37;55,10907;61,35937
10154800;47,9;55,112625;61,250663
7046014;58;55,125436;61,254759
10941480;59,4;55,16011945;61,43196358
6245691;37,59;55,172805;61,365669
7492800;45,38;55,108254;61,249729
7889000;56,34;55,213324;61,30255
5605600;36,18;55,113143;61,274678
4587783;26,95;55,186757;61,226865
9090900;68,15;55,186378;61,226709
11037579;56,83;55,173372;61,36710624
5174000;39,79;55,17343849;61,31978642
6736798;42,43;55,25239182;61,38401031
5030507;38,7;55,173447;61,321741
6948760;32,2;55,16002;61,43216
5174400;42,79;55,121263;61,242779
8789000;51,7;55,17319;61,289033
5835505;47,75;55,173447;61,321741
10154800;47,9;55,115635;61,245187
10168200;72,62;55,21277904;61,30311138
16670600;77,9;55,116768;61,249804
10227432;97,44;55,173447;61,321741
10241000;73,15;55,170912;61,318013
5759424;38,4;55,173447;61,321741
5483246;27,93;55,17299;61,37108
5010720;32,11;55,10854;61,35956
18278084;93,83;55,169946;61,377931
7919800;56,56;55,2129;61,30134
5472000;34,2;55,17319;61,289033
18141780;114,69;55,17019956;61,29454777
11705440;76,19;55,182297;61,234912
10650080;59,2;55,16011945;61,43196358
11593285;104,34;55,16907225;61,31212603
11771790;49,66;55,16976;61,3722
9493900;70,84;55,173781;61,329179
8865670;41,2;55,157389;61,402709
7490410;50,81;55,18748;61,2327
11885500;57,59;55,17102;61,29359
5117000;30,1;55,17319;61,289033
3954170;26,42;55,120405;61,245889
4919508;30,7;55,170912;61,318013
17356579;85,09;55,16990478;61,29537389
4587783;26,95;55,186757;61,226865
12717780;100,13;55,250895;61,24728
6031994;37,31;55,17336;61,36843
9469600;62,29;55,113143;61,274678
16646000;59,45;55,148498;61,363387
13705700;59,59;55,122712;61,37265
3912000;24,45;55,213324;61,30255
7000000;40;55,17230151;61,29111409
5151000;30,29;55,17319;61,289033
6781160;36,06;55,118179;61,253873
11800000;85,94;55,13564955;61,42441978
10571060;57,59;55,171139;61,292474
4883725;32,45;55,10231;61,34543
12406600;60,52;55,148498;61,363387
8639600;59,65;55,17325086;61,32330453
5286120;35,95;55,108254;61,249729
6650000;43,29;55,17454;61,41601
11298420;59,77;55,10908385;61,25782762
18042970;106,69;55,170065;61,294848
17740600;82,9;55,106021;61,252925
4991000;28,52;55,250895;61,24728
5558490;36,33;55,10903154;61,35920441
5933000;34,9;55,17319;61,289033
3188914;29,69;55,13106596;61,26330208
6274332;38;55,172805;61,365669
10233000;45,47;55,1485743;61,36363528
5864572;58,29;55,113138;61,274687
3992800;28,52;55,250895;61,24728
10785992;97,44;55,173447;61,321741
9603990;71,8;55,16382;61,43562
4929507;28,6;55,173447;61,321741
5604682;35,65;55,18692;61,23104
17605500;106,69;55,170065;61,294848
21099840;85,08;55,113998;61,27928
5758500;34,9;55,17282962;61,29152178
11067810;62,52;55,116042;61,255014
7706300;55,04;55,16907225;61,31212603
4177880;24,29;55,10854;61,35956
5346000;32,4;55,17282962;61,29152178
6126248;54,16;55,08973;61,23944
12498000;104,15;55,170912;61,318013
6545000;38,5;55,17230151;61,29111409
4582413;39,79;55,113138;61,274687
10950330;62,54;55,17128914;61,29316285
5280000;33,59;55,121033;61,242418
20076000;84;55,166588;61,390938
12928243;67,08;55,15142;61,30195
8449155;76,05;55,173447;61,321741
5364000;29,79;55,17319;61,289033
14842000;82;55,115985;61,253505
11750000;84,25;55,17454;61,41601
8531393;54,61;55,172979;61,371274
6134452;37,77;55,172805;61,365669
10023856;70,86;55,172805;61,365669
8978640;62,7;55,208243;61,188443
12316500;53,54;55,1485743;61,36363528
6049500;40,33;55,11131;61,248762
5232500;29,89;55,17230151;61,29111409
10882430;59,04;55,17205061;61,29205778
9791100;55,9;55,169946;61,377931
7450000;47,04;55,17454;61,41601
13633760;69,55;55,169946;61,377931
7620480;38,88;55,169946;61,377931
7000000;40;55,17230151;61,29111409
33890000;127,01;55,11193;61,325796
6706500;39,45;55,173447;61,321741
21785300;83,15;55,169879;61,371867
5189700;42,9;55,12082;61,246166
3655790;32,24;55,13106596;61,26330208
9211920;35,15;55,169879;61,371867
9428370;79,23;55,10547;61,34532
6554145;43,5;55,18692;61,23104
32553500;124,25;55,16989;61,3723
4645350;30,7;55,17096;61,434045
5215000;29,79;55,17319;61,289033
12969000;79,08;55,108254;61,249729
8860333;54,77;55,250793;61,403197
11707276;74,19;55,160741;61,460675
18141780;114,69;55,170065;61,294848
5006500;32,29;55,111258;61,357638
9111450;79,23;55,10547;61,34532
9743962;88,59;55,113138;61,274687
6428105;37,09;55,17299;61,37108
7863230;56,56;55,2129;61,30134
9595647;62,9;55,172805;61,365669
12656000;79,09;55,17282962;61,29152178
7832650;56,34;55,21355;61,30287
7863230;56,56;55,21355;61,30287
12534490;70,3;55,160355;61,431929
5610000;33;55,17282962;61,29152178
7892500;45,09;55,17319;61,289033
14411970;60,81;55,16989266;61,37174534
13037500;74,5;55,17992613;61,34096187
7812491;66,09;55,126452;61,255131
10781070;60,9;55,116042;61,255014
11581884;74,19;55,160704;61,460663
12167580;51,34;55,16989266;61,37174534
8417552;56,59;55,186757;61,226865
14229250;60,54;55,122712;61,37265
8960000;77,4;55,12471;61,24962
12674500;78;55,171745;61,377967
10168200;72,62;55,21316;61,30282
5066000;29,79;55,17319;61,289033
13448760;90,87;55,250895;61,24728
4168980;24,37;55,111258;61,357638
12979200;99,83;55,250895;61,24728
6311098;37,59;55,172979;61,367986
6274332;38;55,172805;61,365669
14775950;60,31;55,122712;61,37265
6285802;38,18;55,172979;61,367986
6351625;38,18;55,17336;61,36843
9850000;59,83;55,11611;61,45367
14317100;79,09;55,117128;61,252858
5586030;36,5;55,10907;61,35937
6471446;37,81;55,172805;61,365669
6031994;37,31;55,17336;61,36843
12140400;80,4;55,113143;61,274678
5709480;38,84;55,108254;61,249729
11269590;63,66;55,116042;61,255014
6215137;41,25;55,18748;61,2327
10108003;71,8;55,16382;61,43562
8628492;58,52;55,18766;61,23199
6969300;31,5;55,169946;61,377931
9066480;61,25;55,11131;61,248762
7963600;46,29;55,171077;61,377832
9886765;41,2;55,170065;61,294848
12150000;86,41;55,13848;61,45237
10327562;63,65;55,172805;61,365669
5850000;49,2;55,124681;61,249481
8397760;86,59;55,10314;61,247069
7488000;36;55,17994;61,341
4642685;38,34;55,173447;61,321741
3655790;32,24;55,13106596;61,26330208
6790599;31,6;55,171745;61,377967
12141100;63,4;55,180537;61,339986
11615940;61,45;55,114982;61,244986
11593285;104,34;55,173447;61,321741
14516250;59,25;55,14897983;61,36362455
16663200;78,59;55,115635;61,245187
6351853;36,97;55,172979;61,367986
6110000;48,47;55,12719;61,622804
3138890;27,45;55,12719;61,622804
12891400;59,95;55,14897983;61,36362455
10020250;64,9;55,182297;61,234912
14516250;59,25;55,14897983;61,36362455
8475500;77,05;55,1737459;61,32446462
13328499;78,9;55,169946;61,377931
9536000;61,83;55,182297;61,234912
5115650;36,7;55,170912;61,318013
8417552;56,59;55,186757;61,226865
5669500;38,09;55,173447;61,321741
31164900;118,94;55,16989;61,3723
11600000;72,22;55,11611;61,45367
5267500;30,1;55,17319;61,289033
5159000;33,68;55,121033;61,242418
32553500;124,25;55,16916799;61,37096213
9952000;62,2;55,173447;61,321741
6979000;49,84;55,173447;61,321741
6460000;60,99;55,12582;61,24988
10324800;47,79;55,115635;61,245187
8074720;46,29;55,171077;61,377832
9368476;67,02;55,173447;61,321741
7863230;56,56;55,21355;61,30287
8786460;63,66;55,108254;61,249729
6896500;53,04;55,173447;61,321741
11019078;56,88;55,15142;61,30195
9343511;52,52;55,173447;61,321741
5030507;38,7;55,173447;61,321741
8006080;63,04;55,10547;61,34532
11196500;45,7;55,14897983;61,36362455
6664000;39,2;55,17319;61,289033
13550000;88,56;55,11611;61,45367
8448000;51,2;55,17282962;61,29152178
13843200;82,84;55,108254;61,249729
17285599;94,8;55,169946;61,377931
5850000;49,2;55,124681;61,249481
8310960;42,79;55,171139;61,292474
11850000;83,55;55,17446777;61,41569903
7662720;39,9;55,11713;61,24662
12192900;62,66;55,17469173;61,39388388
6136305;37,52;55,172805;61,365669
9680000;60,5;55,17282962;61,29152178
13011800;60,52;55,122712;61,37265
4177880;24,29;55,10854;61,35956
6400000;39,27;55,17446777;61,41569903
11474910;64,83;55,116042;61,255014
8064000;44,79;55,17230151;61,29111409
4831517;30,2;55,173447;61,321741
5706540;38,81;55,108254;61,249729
5609500;37,45;55,173447;61,321741
11129600;59,2;55,116062;61,253549
9172800;63;55,18748;61,2327
6789700;67,09;55,10314;61,247069
8343192;56,09;55,186743;61,232097
10199000;72,84;55,173447;61,321741
13590210;73,9;55,16011945;61,43196358
12648350;67,09;55,17928;61,34155
14142581;81,91;55,173372;61,36710624
11892180;90,77;55,250895;61,24728
7662850;67,61;55,08973;61,23944
11360000;72,33;55,197718;61,185027
9850000;59,83;55,11612993;61,45367541
9213120;41,2;55,16990478;61,29537389
7074000;39,29;55,17319;61,289033
7694273;46,77;55,172979;61,367986
10288284;61,88;55,17299;61,37108
12275520;80,76;55,113143;61,274678
4709529;31,39;55,16907225;61,31212603
20244000;84;55,166588;61,390938
9112000;53,59;55,17319;61,289033
6364360;61,7;55,10314;61,247069
9623749;66,51;55,250793;61,403197
5169100;42,9;55,121705;61,247684
15760500;95,9;55,169946;61,377931
10443650;56,29;55,180537;61,339986
5302500;30,29;55,17319;61,289033
6245691;37,59;55,17336;61,36843
5584000;34,9;55,17319;61,289033
54573000;182;55,170065;61,294848
3138890;27,45;55,12719;61,622804
13448760;90,87;55,250895;61,24728
17776800;82,3;55,112625;61,250663
5590000;34,63;55,16814;61,53102
9397116;73,55;55,173447;61,321741
3912000;24,45;55,213324;61,30255
11987850;69,9;55,180537;61,339986
10872000;60;55,160355;61,431929
6285802;38,18;55,17336;61,36843
10131000;65,06;55,18722;61,22869
11066092;71,16;55,172805;61,365669
5095490;36,59;55,170912;61,318013
4642685;38,34;55,16907225;61,31212603
9257160;70,12;55,213324;61,30255
6133600;29,92;55,171077;61,377832
4574543;30,2;55,170912;61,318013
12270500;70,48;55,174775;61,393563
6511000;38,29;55,17230151;61,29111409
12020140;49,66;55,16976;61,3722
9100000;77,4;55,124681;61,249481
6983940;33,4;55,16002;61,43216
13426800;80,4;55,108254;61,249729
9952000;62,2;55,173447;61,321741
6843149;32,9;55,171745;61,377967
9112000;53,59;55,17319;61,289033
11458200;44,06;55,148498;61,363387
13270000;82,47;55,197718;61,185027
6964860;32,2;55,16011945;61,43196358
6974060;59,18;55,12719;61,622804
11827620;62,58;55,10849233;61,25690017
9600000;70,84;55,173781;61,329179
10419000;45,29;55,14799671;61,36368892
11562000;82;55,108254;61,249729
7709000;59,29;55,173447;61,321741
30390000;102,87;55,157305;61,411689
12501100;81,3;55,182297;61,234912
6511000;38,29;55,17319;61,289033
18855720;79,55;55,16976;61,3722
17041998;106,3;55,157389;61,402709
18661380;78,73;55,16976;61,3722
15671600;81,19;55,095451;61,246004
10502080;59,2;55,16002;61,43216
6238750;54,25;55,173447;61,321741
7889000;56,34;55,213324;61,30255
28510000;94,83;55,157305;61,411689
12155500;80,5;55,113143;61,274678
10036640;65;55,182297;61,234912
17692620;73,11;55,16976;61,3722
16015670;91,75;55,171139;61,292474
7319000;56,29;55,170912;61,318013
8253730;42,9;55,17205061;61,29205778
9374000;70,84;55,173769;61,329517
4057500;32,18;55,12719;61,622804
14576320;80,8;55,16002;61,43216
12203800;53,06;55,122712;61,37265
8785017;54,77;55,250793;61,403197
21049560;81,83;55,16989;61,3723
5557217;46,09;55,126086;61,2562
4574543;30,2;55,173447;61,321741
5226977;30,39;55,173447;61,321741
4168980;24,37;55,10903154;61,35920441
7863230;56,56;55,213324;61,30255
23710781;125,69;55,170065;61,294848
9597510;50,7;55,16002;61,43216
14411970;60,81;55,16976;61,3722
8660925;58,75;55,18766;61,23199
4047080;24,37;55,111258;61,357638
12484500;69,59;55,15142;61,30195
33928440;124,27;55,16916799;61,37096213
8246000;58,9;55,173447;61,321741
7142064;49,45;55,173447;61,321741
7709000;59,29;55,173447;61,321741
6057430;60,9;55,103719;61,251798
9667800;61,5;55,17336;61,36843
18342705;107,31;55,172805;61,365669
5382960;40,77;55,10542441;61,34532177
14065560;80,09;55,16002;61,43216
7889000;56,34;55,21298762;61,30193121
4642036;30,7;55,170912;61,318013
3311563;29,69;55,08973;61,23944
14943240;80,33;55,11713;61,24662
7840620;60,77;55,10542441;61,34532177
11648835;104,84;55,16907225;61,31212603
5868000;40,75;55,21298762;61,30193121
7754880;40,38;55,11713;61,24662
10419200;69,9;55,18707;61,22825
8705280;45,34;55,10908385;61,25782762
4193360;24,37;55,10854;61,35956
8171405;73,55;55,16907225;61,31212603
5767730;35,24;55,18766;61,23199
15594400;80,8;55,093061;61,238593
4945869;39,04;55,173447;61,321741
4168980;24,37;55,10907;61,35937
6069168;37,77;55,17336;61,36843
4401000;24,45;55,213324;61,30255
9685410;81,38;55,10542441;61,34532177
15171000;95,59;55,169946;61,377931
17196900;60,34;55,14897983;61,36362455
4642685;38,34;55,173447;61,321741
9949500;60,29;55,17282962;61,29152178
9791100;55,9;55,171745;61,377967
18661380;78,73;55,16976;61,3722
8438001;76,05;55,173447;61,321741
6244790;55,68;55,08973;61,23944
6974060;59,18;55,12719;61,622804
11196500;45,7;55,14897983;61,36362455
17188600;93,3;55,17102;61,29359
9783620;63,52;55,171077;61,377832
6311098;37,59;55,17336;61,36843
11148400;59,29;55,115985;61,253505
5215000;29,79;55,17319;61,289033
10288284;61,88;55,172805;61,365669
18090600;99,19;55,169946;61,377931
4641000;33,15;55,173447;61,321741
9602076;76,34;55,16907225;61,31212603
12430000;84,45;55,18722;61,22869
7542530;59,38;55,10542441;61,34532177
35298000;141,05;55,11205672;61,32504179
9324118;62,61;55,17336;61,36843
9256355;52,04;55,173447;61,321741
9750832;66,97;55,186757;61,226865
5935500;39,56;55,173447;61,321741
22320200;104,3;55,114982;61,244986
6567051;37,24;55,17336;61,36843
4090130;26,42;55,120405;61,245889
8970513;65,26;55,172805;61,365669
4945869;39,04;55,173447;61,321741
7460926;50,61;55,18748;61,2327
5612020;40,52;55,10231;61,34543
10900400;59,5;55,16011945;61,43196358
29270000;98,29;55,157305;61,411689
5346000;32,4;55,17282962;61,29152178
9595647;62,9;55,172805;61,365669
7872000;49,2;55,17282962;61,29152178
3549000;25,35;55,17306391;61,31981861
10685339;70,9;55,160704;61,460663
12170600;80,59;55,113143;61,274678
4000000;35,29;55,113138;61,274687
8590000;77,4;55,12471;61,24962
10977750;53,54;55,1485743;61,36363528
3912000;24,45;55,213324;61,30255
3832000;23,95;55,10887778;61,35977304
3912000;24,45;55,213324;61,30255
14171700;87,08;55,17205061;61,29205778
3295280;24,22;55,214029;61,298371
5621000;36,18;55,113143;61,274678
11970000;84,33;55,197718;61,185027
12126287;103,94;55,173447;61,321741
7724160;40,22;55,114982;61,244986
4168980;24,37;55,10907;61,35937
17712200;106,69;55,17019956;61,29454777
12837999;78,3;55,169946;61,377931
10241000;73,15;55,170912;61,318013
6789700;67,19;55,103719;61,251798
10150016;88,59;55,127295;61,260969
15004900;82,9;55,115985;61,253505
6817240;52,04;55,10547;61,34532
8931980;45,34;55,10908385;61,25782762
11524800;47,04;55,122712;61,37265
4151000;29,64;55,250895;61,24728
14221130;80,3;55,16011945;61,43196358
18661380;78,73;55,16976;61,3722
7437794;45,41;55,250793;61,403197
11976260;63,4;55,17928;61,34155
8246000;58,9;55,173447;61,321741
9951900;47,38;55,148498;61,363387
3888610;24,37;55,10222425;61,34539511
17536200;106,3;55,157389;61,402709
9683110;49,59;55,173372;61,36710624
12185700;80,69;55,113143;61,274678
4168980;24,37;55,111258;61,357638
17371466;106,3;55,16990478;61,29537389
8387808;56,4;55,186757;61,226865
18855720;79,55;55,16989266;61,37174534
10023856;70,86;55,172979;61,367986
3434213;29,69;55,13106596;61,26330208
3869470;24,26;55,104096;61,350497
7668750;61,34;55,17343849;61,31978642
5900000;27,5;55,171745;61,377967
10826695;97,44;55,16907225;61,31212603
8171405;73,55;55,173447;61,321741
4482639;26,95;55,186743;61,232097
8257500;55,04;55,170912;61,318013
7213049;32,79;55,169946;61,377931
14165060;78,3;55,17019956;61,29454777
9257160;70,12;55,213324;61,30255
5297600;37,84;55,250895;61,24728
5868000;40,75;55,21355;61,30287
10131765;70,15;55,16907225;61,31212603
6311098;37,59;55,172979;61,367986
6245691;37,59;55,172979;61,367986
10190000;74,8;55,16814;61,53102
5590200;36,29;55,113143;61,274678
8044000;48,22;55,186378;61,226709
6311098;37,59;55,172979;61,367986
10349316;70,86;55,17336;61,36843
12215950;59,59;55,122712;61,37265
5117000;30,1;55,17230151;61,29111409
9828000;43,68;55,122712;61,37265
15353200;58,59;55,16916799;61,37096213
12989840;81,8;55,169946;61,377931
15127500;60,5;55,122712;61,37265
14142660;66,9;55,157389;61,402709
18232830;78,93;55,16916799;61,37096213
4047080;24,37;55,10907;61,35937
9949800;47,38;55,122712;61,37265
7832650;56,34;55,21355;61,30287
9109800;67,62;55,18742594;61,2285301
19055080;78,73;55,16976;61,3722
10425800;47,38;55,14799671;61,36368892
5570380;46,2;55,125922;61,253945
7863230;56,56;55,213324;61,30255
12406600;60,52;55,14799671;61,36368892
10327562;63,65;55,172979;61,367986
6960100;40,45;55,182297;61,234912
11615940;61,45;55,114982;61,244986
5364000;29,79;55,17230151;61,29111409
7251200;46,43;55,120405;61,245889
13172167;80,93;55,173308;61,369697
4320011;35,97;55,13106596;61,26330208
18661380;78,73;55,16976;61,3722
6134425;37,59;55,17336;61,36843
11176489;84,87;55,17336;61,36843
9604100;40,45;55,17179;61,29243
5017600;43,7;55,121263;61,242779
3655790;32,24;55,13106596;61,26330208
13728410;85,05;55,17128914;61,29316285
17621240;107,19;55,17019956;61,29454777
13331560;73,9;55,16002;61,43216
10835850;46,11;55,122712;61,37265
13629000;83,12;55,108254;61,249729
10251000;60,29;55,17282962;61,29152178
7748580;58,25;55,10547;61,34532
8343192;56,09;55,186743;61,232097
7706300;55,04;55,16907225;61,31212603
10188850;47,38;55,14799671;61,36368892
9431640;51,11;55,15142;61,30195
9263745;50,2;55,15142;61,30195
5017579;38,59;55,16907225;61,31212603
5137486;36,7;55,170912;61,318013
9439200;46;55,17928;61,34155
6154275;40,9;55,16382;61,43562
9673560;50,7;55,160355;61,431929
15366740;92,59;55,17128914;61,29316285
5868000;40,75;55,213324;61,30255
7412000;43,59;55,17282962;61,29152178
10720440;52,29;55,17128914;61,29316285
5267500;30,1;55,17319;61,289033
4686198;37;55,16907225;61,31212603
7748580;58,25;55,10547;61,34532
10156920;62,95;55,17336;61,36843
6405736;38;55,172805;61,365669
13442410;73,9;55,16011945;61,43196358
11676180;79,37;55,108254;61,249729
10046400;43,68;55,122712;61,37265
9211920;35,15;55,169879;61,371867
15594400;80,8;55,096178;61,240866
10922200;56,29;55,17994;61,341
14124890;79;55,17019956;61,29454777
12397440;70,4;55,160355;61,431929
6050000;38,58;55,17454;61,41601
31172760;118,98;55,16989;61,3723
7542500;43,09;55,17319;61,289033
13926500;60,54;55,14799671;61,36368892
7639125;82,59;55,103719;61,251798
13009650;60,5;55,1485743;61,36363528
7457977;50,59;55,18766;61,23199
5134000;30,2;55,17319;61,289033
3434213;29,69;55,13106596;61,26330208
11086040;57,79;55,17994;61,341
7679000;54,84;55,170912;61,318013
5600000;32,52;55,173769;61,329517
7953750;63,63;55,13106596;61,26330208
7679000;54,84;55,173447;61,321741
21054600;81,84;55,16916799;61,37096213
15015600;85;55,171139;61,292474
6136302;37,9;55,172805;61,365669
9037850;62,33;55,17096;61,434045
12690000;108,12;55,16814;61,53102
40131000;170,27;55,11193;61,325796
7488936;50,79;55,18766;61,23199
20393100;73;55,16916799;61,37096213
6094962;37,31;55,17336;61,36843
3652500;24,35;55,17306391;61,31981861
5800000;32,52;55,173781;61,329179
11265000;75,09;55,173769;61,329517
15536500;80,5;55,09659;61,243812
5935500;39,56;55,173447;61,321741
36689934;133,49;55,11193;61,325796
12486000;104,05;55,173447;61,321741
10543400;59,5;55,160355;61,431929
5020615;31,79;55,187887;61,231487
12837999;78;55,171745;61,377967
7450000;47,04;55,17446777;61,41569903
15067010;93,19;55,17128914;61,29316285
5215000;29,79;55,17230151;61,29111409
13839048;79;55,157389;61,402709
9990000;69,12;55,13848;61,45237
7134240;33,4;55,160355;61,431929
5361340;40;55,10542441;61,34532177
5493984;45,29;55,113138;61,274687
9374000;70,84;55,173769;61,329517
10035150;65;55,182297;61,234912
6126440;61,79;55,10314;61,247069
7000000;40;55,17319;61,289033
7499970;66,09;55,126456;61,255112
17028179;102,48;55,17349829;61,36949225
13459896;79;55,170065;61,294848
8641760;58,61;55,186757;61,226865
5850000;49,2;55,12471;61,24962
9893000;63,63;55,186378;61,226709
12143439;84,23;55,186757;61,226865
19253520;79,55;55,16976;61,3722
4978600;32,11;55,10907;61,35937
9493660;78,45;55,10547;61,34532
6523000;35,88;55,18722;61,22869
16777200;95,3;55,171745;61,377967
9443070;34,59;55,16989;61,3723
5584000;34,9;55,17282962;61,29152178
9396000;46,4;55,17992613;61,34096187
13011800;60,52;55,148498;61,363387
12935000;78,9;55,169946;61,377931
12222434;81,23;55,17299;61,37108
5669500;38,09;55,173447;61,321741
10826695;97,44;55,16907225;61,31212603
10819200;47,04;55,14897983;61,36362455
5604682;35,65;55,18692;61,23104
7369770;57,13;55,10542441;61,34532177
14025510;80,09;55,16011945;61,43196358
12498000;104,15;55,173447;61,321741
5758500;34,9;55,17282962;61,29152178
7137922;50,79;55,187887;61,231487
5586030;36,5;55,10903154;61,35920441
10154025;70,86;55,17336;61,36843
17401400;104,19;55,108254;61,249729
7362000;61,34;55,17343849;61,31978642
3855950;23,95;55,10907;61,35937
16665000;85,59;55,17179;61,29243
6069169;37,59;55,172805;61,365669
9770320;47,79;55,180537;61,339986
6382381;42,36;55,186757;61,226865
4642685;38,34;55,16907225;61,31212603
6706500;39,45;55,170912;61,318013
10965960;66,05;55,171077;61,377832
23200000;85,02;55,157305;61,411689
5834880;40,52;55,21316;61,30282
10873110;61,43;55,116042;61,255014
3855950;23,95;55,10903154;61,35920441
5974964;37,52;55,172805;61,365669
15728700;80,66;55,09343218;61,24079687
6565200;47;55,173447;61,321741
10582500;75;55,208243;61,188443
18661380;78,73;55,16989266;61,37174534
5445000;33;55,17282962;61,29152178
9568000;73,59;55,173447;61,321741
5546080;40,77;55,10542441;61,34532177
9332370;41,45;55,171139;61,292474
6285800;37,79;55,172805;61,365669
5066000;29,79;55,17230151;61,29111409
9443070;34,59;55,16916799;61,37096213
9345000;66,75;55,170912;61,318013
5665000;42,9;55,120405;61,245889
10841592;64,37;55,171077;61,377832
16063220;61,31;55,169879;61,371867
11080020;80,29;55,108254;61,249729
6658200;32,9;55,169946;61,377931
9852500;56,29;55,17230151;61,29111409
4986880;38,95;55,10547;61,34532
17016219;103,41;55,173308;61,369697
12388800;71,19;55,180537;61,339986
12150000;86,63;55,13848;61,45237
6034500;40,22;55,11131;61,248762
17284430;83,91;55,17128914;61,29316285
5006500;32,29;55,10907;61,35937
6311111;37,77;55,17336;61,36843
5859354;35,24;55,18748;61,2327
11850000;83,55;55,17454;61,41601
5699200;38,29;55,170912;61,318013
6069168;37,77;55,172979;61,367986
9744048;51,79;55,157389;61,402709
4642036;30,7;55,170912;61,318013
9568000;73,59;55,170912;61,318013
5935500;39,56;55,173447;61,321741
13821660;74,3;55,10908385;61,25782762
9313920;48,5;55,10908385;61,25782762
7773540;59,34;55,214029;61,298371
3530750;24,35;55,17306391;61,31981861
13896468;66,9;55,157389;61,402709
11444674;103,19;55,173447;61,321741
8135950;56;55,170984;61,434093
4168980;24,37;55,10907;61,35937
14185710;80,09;55,160355;61,431929
8975520;62,59;55,170984;61,434093
9624120;72,91;55,21316;61,30282
9218930;42,7;55,16011945;61,43196358
9624120;72,91;55,213324;61,30255
10299344;61,15;55,169946;61,377931
7366696;49,11;55,172805;61,365669
7962180;60,77;55,10542441;61,34532177
12283700;57,5;55,17179;61,29243
17028179;102,48;55,172805;61,365669
11517000;69,8;55,17319;61,289033
6275468;51,34;55,16907225;61,31212603
9454400;62,2;55,113143;61,274678
4864160;32,31;55,10231;61,34543
8860750;77,05;55,1737459;61,32446462
7628100;54,09;55,213324;61,30255
17513724;103,41;55,173308;61,369697
5115650;36,7;55,173447;61,321741
5302500;30,29;55,17230151;61,29111409
12446872;67,08;55,15142;61,30195
13316050;78,09;55,17992613;61,34096187
17447600;82,3;55,115635;61,245187
6835680;48,47;55,213324;61,30255
12438520;80,9;55,182297;61,234912
14275200;59,47;55,122712;61,37265
5364000;29,79;55,17319;61,289033
7152057;50,81;55,187887;61,231487
12225400;52,29;55,17102;61,29359
11577570;65,41;55,118179;61,253873
12794300;65,97;55,17469173;61,39388388
6080930;26,18;55,171139;61,292474
16214000;85,69;55,17179;61,29243
18661380;78,73;55,16989266;61,37174534
4175000;25,52;55,186378;61,226709
7668750;61,34;55,17343849;61,31978642
3869470;24,26;55,10231;61,34543
6069168;37,77;55,172979;61,367986
5467202;45,09;55,125443;61,254763
9000000;53,49;55,17446777;61,41569903
10965960;66,05;55,169946;61,377931
11576100;82,09;55,108254;61,249729
5337809;46,22;55,08973;61,23944
14021231;74,75;55,15142;61,30195
10804223;71,16;55,172805;61,365669
13256999;78,59;55,171745;61,377967
10213500;62,18;55,108254;61,249729
7187240;38,22;55,116042;61,255014
10035900;47,79;55,122712;61,37265
16633100;91,25;55,17102;61,29359
27330000;108,58;55,15713553;61,41171927
4057500;32,18;55,12719;61,622804
12172600;55,59;55,17179;61,29243
15536500;80,5;55,095997;61,242833
5128180;38,27;55,10547;61,34532
6502365;37,24;55,172805;61,365669
8246000;58,9;55,173447;61,321741
4181320;24,3;55,111258;61,357638
7719060;60,77;55,10542441;61,34532177
17109345;106,69;55,170065;61,294848
5280000;33;55,17282962;61,29152178
10412720;58,4;55,16011945;61,43196358
5445000;33;55,17319;61,289033
24671584;87,75;55,11193;61,325796
19558300;72,94;55,16916799;61,37096213
24151016;124,4;55,170065;61,294848
5608350;42,9;55,120405;61,245889
7628100;54,09;55,213324;61,30255
9443070;34,59;55,16989;61,3723
9624340;42,04;55,178617;61,359747
10525680;59,4;55,16011945;61,43196358
5127900;42,9;55,12082;61,246166
3888610;24,37;55,10231;61,34543
7679000;54,84;55,173447;61,321741
10113600;47,04;55,14897983;61,36362455
8475500;77,05;55,1737459;61,32446462
6369375;61,59;55,103719;61,251798
6682000;51,4;55,17343849;61,31978642
4379562;28,79;55,173447;61,321741
8665347;58,77;55,186757;61,226865
9345000;66,75;55,170912;61,318013
7187400;36,29;55,093617;61,240075
21024360;83,43;55,16989;61,3723
5678500;41;55,10231;61,34543
6136305;37,52;55,172979;61,367986
10012500;66,75;55,173447;61,321741
4413650;45,4;55,103719;61,251798
7616000;44,79;55,17230151;61,29111409
7709000;59,29;55,173447;61,321741
13229628;83,3;55,171077;61,377832
7519047;54,77;55,250793;61,403197
12690000;108,12;55,16814;61,53102
13350840;78,4;55,170065;61,294848
5669500;38,09;55,170912;61,318013
6351647;37,79;55,172979;61,367986
12070500;61,9;55,097548;61,237722
9459120;71,66;55,21316;61,30282
18359870;106,3;55,16990478;61,29537389
10602900;59,5;55,160355;61,431929
9257160;70,12;55,213324;61,30255
14307000;95,37;55,250895;61,24728
6245714;37,77;55,172805;61,365669
11874075;93,12;55,173447;61,321741
8417552;56,59;55,186757;61,226865
5182990;40,97;55,12719;61,622804
14433600;85;55,17205061;61,29205778
7027507;60,2;55,13106596;61,26330208
8931980;45,34;55,114982;61,244986
18969600;74,09;55,166588;61,390938
7616000;44,79;55,17319;61,289033
5669400;37,84;55,173447;61,321741
9691360;81,44;55,10542441;61,34532177
10017120;81,44;55,10542441;61,34532177
19600900;83,91;55,17102;61,29359
10430000;67,05;55,197718;61,185027
15536500;80,5;55,09659;61,243812
5801908;40,5;55,187224;61,233634
10359480;52,4;55,180537;61,339986
12016000;75,09;55,17282962;61,29152178
18705811;106,3;55,170065;61,294848
9363200;61,84;55,113143;61,274678
6050000;38,58;55,17446777;61,41569903
5472000;34,2;55,17319;61,289033
6215137;41,25;55,18748;61,2327
8912180;61,31;55,250793;61,403197
12674500;78,5;55,171745;61,377967
7832650;56,34;55,213324;61,30255
9112000;53,59;55,17230151;61,29111409
11500320;67,3;55,17128914;61,29316285
11593285;104,34;55,173447;61,321741
13150696;81,58;55,171077;61,377832
7027507;60,2;55,13106596;61,26330208
6245714;37,77;55,172979;61,367986
15997800;58,59;55,16916799;61,37096213
9464290;42,04;55,178617;61,359747
17605500;106,69;55,170065;61,294848
10270360;43,95;55,174775;61,393563
10584600;71,9;55,110934;61,352464
7798380;56,5;55,108254;61,249729
7962180;60,77;55,10542441;61,34532177
17605500;106,69;55,157389;61,402709
3890016;26,95;55,187887;61,231487
9222006;50,25;55,173372;61,36710624
9107130;65,55;55,250793;61,403197
9540167;51,13;55,15142;61,30195
15624106;85,3;55,17019956;61,29454777
6702500;38,29;55,17230151;61,29111409
4011150;24,3;55,10887778;61,35977304
17327070;73,11;55,16989266;61,37174534
16150500;94,4;55,174775;61,393563
10198360;61,5;55,172805;61,365669
12325500;54,75;55,17179;61,29243
13859360;75,19;55,160355;61,431929
5215000;29,79;55,17319;61,289033
8274100;40,13;55,174775;61,393563
5060500;34,9;55,17306391;61,31981861
12251050;90,9;55,11098;61,35252
6658200;32,9;55,169946;61,377931
5864572;58,29;55,125922;61,253945
6311098;37,59;55,172979;61,367986
20396700;77,84;55,169879;61,371867
7890000;51,13;55,16814;61,53102
5570380;46,2;55,113138;61,274687
9917523;52,04;55,17360031;61,32317977
17814330;73,3;55,16976;61,3722
4947000;29,1;55,170912;61,318013
9397116;73,55;55,16907225;61,31212603
5267500;30,1;55,17230151;61,29111409
6894000;38,29;55,17319;61,289033
4342447;26,95;55,186757;61,226865
17371466;106,3;55,170065;61,294848
12204500;63,4;55,17908192;61,34101551
5868000;40,75;55,213324;61,30255
7358000;56,59;55,173447;61,321741
8862400;46,4;55,17994;61,341
9777603;63,65;55,172805;61,365669
6700000;42,04;55,17446777;61,41569903
5151000;30,29;55,17319;61,289033
6250000;38,77;55,17454;61,41601
12817920;100,13;55,250895;61,24728
7605120;39,61;55,10908385;61,25782762
7712640;40,16;55,10908385;61,25782762
10327562;63,65;55,172979;61,367986
7766280;50,75;55,170984;61,434093
7679000;54,84;55,170912;61,318013
3869470;24,26;55,104096;61,350497
7558900;53,79;55,16907225;61,31212603
5800000;32,52;55,173781;61,329179
12039660;63,4;55,17908192;61,34101551
5569980;49,36;55,08973;61,23944
10581840;56,79;55,180537;61,339986
11455763;103,3;55,173447;61,321741
7894294;40,75;55,15142;61,30195
7405105;46,7;55,250793;61,403197
6797000;48,54;55,173447;61,321741
5020400;35,86;55,10907;61,35937
4269301;35,5;55,127295;61,260969
5774473;38,5;55,173447;61,321741
6136302;37,9;55,17336;61,36843
9493900;70,84;55,173781;61,329179
7058746;60,45;55,13106596;61,26330208
4971170;39,25;55,173447;61,321741
4168980;24,37;55,10903154;61,35920441
6520000;40,75;55,21298762;61,30193121
6471438;38;55,17299;61,37108
11676180;79,37;55,108254;61,249729
11975040;49,27;55,16976;61,3722
12914000;79,3;55,18606474;61,2272569
4505000;40;55,12582;61,24988
5285000;30,2;55,17319;61,289033
11771790;49,66;55,16976;61,3722
18661380;78,73;55,16976;61,3722
8438001;76,05;55,16907225;61,31212603
10393110;56,7;55,17992613;61,34096187
6311098;37,59;55,172805;61,365669
6528000;38,4;55,17230151;61,29111409
13613600;74,8;55,108254;61,249729
3992800;28,52;55,250895;61,24728
10335600;72,86;55,18707;61,22825
5278500;39,09;55,17306391;61,31981861
12486000;104,05;55,170912;61,318013
12498000;104,15;55,170912;61,318013
3890016;26,95;55,18672;61,23403
25662440;105,19;55,14799671;61,36368892
11615940;61,45;55,11713;61,24662
6049500;40,33;55,11131;61,248762
11781476;74,19;55,158549;61,468086
5066000;29,79;55,17230151;61,29111409
4011150;24,3;55,10887778;61,35977304
5128180;38,27;55,10547;61,34532
26635700;118,9;55,122712;61,37265
4686198;37;55,173447;61,321741
5372000;31,6;55,17319;61,289033
9917160;68,3;55,208243;61,188443
12200800;80,8;55,113143;61,274678
5177025;36,33;55,10222425;61,34539511
4587783;26,95;55,186757;61,226865
7194000;43,59;55,17282962;61,29152178
15171000;95,4;55,171745;61,377967
3655790;32,24;55,13106596;61,26330208
6494150;30,79;55,17128914;61,29316285
4338405;35,29;55,126256;61,25616
12141100;63,4;55,17908192;61,34101551
11771790;49,66;55,16976;61,3722
8387808;56,4;55,186757;61,226865
11698500;70,9;55,17230151;61,29111409
9924080;65,29;55,113143;61,274678
28550000;108,5;55,157305;61,411689
6314000;41;55,172661;61,473134
12683000;77,9;55,186757;61,226865
7064950;55,04;55,16907225;61,31212603
7559697;51,27;55,18692;61,23104
8767067;59,47;55,18692;61,23104
5174000;39,79;55,17343849;61,31978642
5478000;33,2;55,17319;61,289033
11890000;81,83;55,197718;61,185027
6110000;48,47;55,12719;61,622804
6800000;43,4;55,17454;61,41601
10720890;60,56;55,116042;61,255014
7542500;43,09;55,17319;61,289033
18170175;93,3;55,15142;61,30195
6441906;37,77;55,172805;61,365669
23803200;102,59;55,113993;61,251376
14317100;79,09;55,117403;61,25269
12170600;80,59;55,113143;61,274678
5204720;38,27;55,10547;61,34532
11344000;70,9;55,17319;61,289033
16467000;85;55,17179;61,29243
5467000;39,04;55,170912;61,318013
17327070;73,11;55,16976;61,3722
5598500;40,5;55,102247;61,346833
11578140;61,25;55,10908385;61,25782762
7840000;44,79;55,17230151;61,29111409
12439350;69,3;55,17992613;61,34096187
4990897;38,5;55,16907225;61,31212603
6262905;51,15;55,16907225;61,31212603
21054600;81,84;55,169879;61,371867
15353200;58,59;55,16916799;61,37096213
18945648;107,3;55,170065;61,294848
12012000;61,59;55,093617;61,240075
9743962;88,59;55,125922;61,253945
6730000;36,77;55,197718;61,185027
8477340;61,43;55,108254;61,249729
7207200;36,4;55,093617;61,240075
6760480;35,95;55,116042;61,255014
10681199;55,5;55,169946;61,377931
8107650;38,7;55,16011945;61,43196358
6760480;35,95;55,116042;61,255014
12567830;67,09;55,17908192;61,34101551
12896000;64,48;55,171077;61,377832
5006500;32,29;55,10907;61,35937
11396700;60,29;55,10908385;61,25782762
6708000;35,5;55,186378;61,226709
6351647;37,79;55,172805;61,365669
7558900;53,79;55,173447;61,321741
7956000;68,3;55,187887;61,231487
5403460;38,59;55,173447;61,321741
7542530;59,38;55,10542441;61,34532177
7756800;40,4;55,10908385;61,25782762
19563540;72,97;55,169879;61,371867
13287514;78,09;55,17019956;61,29454777
10050441;61,88;55,172805;61,365669
7399020;58,25;55,10547;61,34532
10819200;47,04;55,14897983;61,36362455
13917560;85,05;55,17128914;61,29316285
13165014;78,3;55,17019956;61,29454777
9257160;70,12;55,213324;61,30255
19116800;82,4;55,113993;61,251376
5285000;30,2;55,17319;61,289033
11134300;47,38;55,122712;61,37265
6715000;69,5;55,10314;61,247069
8358064;56,2;55,18692;61,23104
6979000;49,84;55,170912;61,318013
8300600;32,04;55,17179;61,29243
10168200;72,62;55,21277904;61,30311138
12167580;51,34;55,16989266;61,37174534
7366696;49,11;55,172979;61,367986
17928660;68,43;55,16916799;61,37096213
13018250;60,54;55,122712;61,37265
11140483;71,69;55,17336;61,36843
12373400;95,18;55,250895;61,24728
7967700;68,09;55,18696663;61,23160185
5472000;34,2;55,17282962;61,29152178
19101600;113,69;55,16011945;61,43196358
10220200;68,5;55,208243;61,188443
7668750;61,34;55,17343849;61,31978642
21827220;83,3;55,16989;61,3723
7561633;46,77;55,17336;61,36843
3879900;23,95;55,111258;61,357638
13847720;79,55;55,171139;61,292474
8420570;40,27;55,174775;61,393563
22464560;122,08;55,171077;61,377832
10425800;47,38;55,122712;61,37265
7559697;51,27;55,18692;61,23104
13282500;85,13;55,18707;61,22825
14732180;81,8;55,16011945;61,43196358
7194000;43,59;55,17319;61,289033
11464290;64,76;55,118179;61,253873
7561633;46,77;55,172805;61,365669
6758120;67,19;55,103719;61,251798
6810000;37;55,197718;61,185027
10670000;66,88;55,18641;61,22835
4978600;32,11;55,10907;61,35937
17327070;73,11;55,16989266;61,37174534
7559697;51,27;55,18692;61,23104
12591600;59,95;55,122712;61,37265
7889000;56,34;55,213324;61,30255
7142064;49,45;55,16907225;61,31212603
13921400;59,24;55,122712;61,37265
19253520;79,55;55,16976;61,3722
5064800;38,95;55,10547;61,34532
7773540;59,34;55,214029;61,298371
7752500;44,29;55,17230151;61,29111409
7780090;59,38;55,10542441;61,34532177
8051000;39,97;55,174775;61,393563
3217200;26,8;55,172606;61,491112
11550019;80,09;55,17336;61,36843
9047500;51,7;55,17282962;61,29152178
16672019;85,5;55,17019956;61,29454777
5840640;40,56;55,21277904;61,30311138
8074720;46,29;55,169946;61,377931
15645600;95,4;55,17994;61,341
7561633;46,77;55,17336;61,36843
7558100;32,56;55,17102;61,29359
6072917;37,52;55,172979;61,367986
6257549;27,5;55,169946;61,377931
5935500;39,56;55,173447;61,321741
6604500;38,84;55,173447;61,321741
6567051;37,24;55,17336;61,36843
11300450;58,09;55,17992613;61,34096187
5846960;40,9;55,16382;61,43562
20780000;72,8;55,157305;61,411689
6969300;31,5;55,169946;61,377931
7246982;59,08;55,187887;61,231487
19566160;72,98;55,16916799;61,37096213
11813440;53,59;55,16002;61,43216
8438001;76,05;55,16907225;61,31212603
5302500;30,29;55,17319;61,289033
9597000;64,61;55,18692798;61,22776039
12363574;80,94;55,172805;61,365669
4582413;39,79;55,125922;61,253945
7380090;57,2;55,10547;61,34532
7632060;58,25;55,10547;61,34532
8328320;56;55,186757;61,226865
10190000;74,8;55,16814;61,53102
11190000;72,33;55,197718;61,185027
6969299;31,39;55,169946;61,377931
9529298;57,68;55,250793;61,403197
12167580;51,34;55,16989266;61,37174534
10423600;47,38;55,122712;61,37265
3852200;26,42;55,120405;61,245889
3912000;24,45;55,213324;61,30255
12771600;44,04;55,122712;61,37265
6071021;37,9;55,172805;61,365669
4057500;32,18;55,12719;61,622804
5174000;39,79;55,17343849;61,31978642
6351641;38,16;55,17336;61,36843
25621875;94,8;55,11205672;61,32504179
10022057;63,65;55,17336;61,36843
6109000;41;55,111258;61,357638
8712030;60,5;55,10941;61,35114
8660925;58,75;55,18766;61,23199
18874200;113,69;55,16002;61,43216
18855720;79,55;55,16989266;61,37174534
6346032;47,59;55,173447;61,321741
8690230;44,45;55,17469173;61,39388388
13459896;79;55,16990478;61,29537389
9459120;71,66;55,213324;61,30255
12765448;88,2;55,250793;61,403197
6804750;52,75;55,10542441;61,34532177
14520300;100,13;55,250895;61,24728
8779470;40,27;55,174775;61,393563
11607640;78,43;55,250895;61,24728
10877300;53,06;55,14897983;61,36362455
10087800;48,5;55,169946;61,377931
6545000;38,5;55,17230151;61,29111409
10012500;66,75;55,170912;61,318013
8452500;56,34;55,21335569;61,30290753
5594820;36,33;55,111258;61,357638
4992240;37,81;55,10547;61,34532
16368000;85;55,17179;61,29243
7327000;43,09;55,17230151;61,29111409
11902500;69;55,17992613;61,34096187
9275900;80,66;55,10547;61,34532
6736798;42,43;55,25239182;61,38401031
6715000;69,3;55,10314;61,247069
7457977;50,59;55,18766;61,23199
6974300;37,04;55,17128914;61,29316285
3311563;29,69;55,08973;61,23944
7122500;40,7;55,17282962;61,29152178
13968000;77,65;55,171139;61,292474
5546080;40,77;55,10542441;61,34532177
3855950;23,95;55,111258;61,357638
15419220;61,86;55,16976;61,3722
8192000;51,2;55,17319;61,289033
7035000;50,25;55,173447;61,321741
16819000;85,59;55,17179;61,29243
10327562;63,65;55,17336;61,36843
11900000;83,55;55,17446777;61,41569903
4342447;26,95;55,186757;61,226865
21051600;99,3;55,112625;61,250663
6511000;38,29;55,17230151;61,29111409
12020140;49,66;55,16989266;61,37174534
14356800;59,81;55,16976;61,3722
6245691;37,59;55,17336;61,36843
11344000;70,9;55,17230151;61,29111409
9165150;36,5;55,160355;61,431929
8438001;76,05;55,16907225;61,31212603
17992800;83,3;55,112625;61,250663
7905000;46,5;55,170912;61,318013
10625914;74,66;55,25239182;61,38401031
5051640;38,27;55,10547;61,34532
7008950;70,8;55,103719;61,251798
11834000;62,66;55,17469173;61,39388388
7752960;40,38;55,10849233;61,25690017
3888610;24,37;55,10222425;61,34539511
4642685;38,34;55,16907225;61,31212603
23680000;85,02;55,157305;61,411689
7558900;53,79;55,173447;61,321741
8417552;56,59;55,186757;61,226865
6552638;43,49;55,186757;61,226865
7839600;56,4;55,1726;61,47311
11517000;69,8;55,17319;61,289033
9521100;61,83;55,182297;61,234912
7840620;60,77;55,10542441;61,34532177
9477200;65,36;55,17360031;61,32317977
5599000;49,99;55,12471;61,24962
54204000;180,69;55,170065;61,294848
5608350;42,9;55,120405;61,245889
12448800;43,68;55,122712;61,37265
4582413;39,79;55,127295;61,260969
9917523;52,04;55,17360031;61,32317977
17776800;82,3;55,115635;61,245187
3912000;24,45;55,213324;61,30255
7982509;68,31;55,13106596;61,26330208
14172850;60,31;55,122712;61,37265
16994999;101,69;55,169946;61,377931
17821667;107,31;55,173308;61,369697
17237600;74,3;55,113993;61,251376
10168922;45,2;55,157389;61,402709
6133600;29,92;55,169946;61,377931
6896500;53,04;55,170912;61,318013
5418000;30,1;55,17282962;61,29152178
4269301;35,5;55,113138;61,274687
10543550;43,29;55,160355;61,431929
9239097;66,51;55,250793;61,403197
5868000;40,75;55,21298762;61,30193121
8257500;55,04;55,173447;61,321741
9827000;63,4;55,173769;61,329517
12486000;104,05;55,173447;61,321741
13919600;60,52;55,14799671;61,36368892
6542000;68;55,103719;61,251798
6760480;35,95;55,116042;61,255014
5840640;40,56;55,213324;61,30255
21099840;85,08;55,113998;61,27928
5006500;32,29;55,10907;61,35937
31589408;118,69;55,11193;61,325796
9721423;79,94;55,08973;61,23944
6001000;35,29;55,17319;61,289033
9568200;51,79;55,170065;61,294848
10131765;70,15;55,173447;61,321741
9299880;65,4;55,208243;61,188443
14928296;82,01;55,173372;61,36710624
6623903;37,09;55,172979;61,367986
6750000;43,4;55,17446777;61,41569903
10932000;60;55,16011945;61,43196358
7979202;59,84;55,173447;61,321741
9155065;74,66;55,252399;61,384974
8148000;67,9;55,17343849;61,31978642
8526780;67,13;55,250895;61,24728
8818240;62,59;55,17096;61,434045
12591600;59,95;55,14897983;61,36362455
19883000;118;55,16002;61,43216
5201250;36,5;55,10222425;61,34539511
8932740;64,73;55,10854;61,35956
8907999;46,79;55,169946;61,377931
9213120;41,2;55,16990478;61,29537389
6979000;49,84;55,170912;61,318013
8257500;55,04;55,173447;61,321741
5182990;40,97;55,12719;61,622804
9269910;79,23;55,10547;61,34532
4355400;31,87;55,12082;61,246166
14426010;80,09;55,16011945;61,43196358
9096080;61,45;55,11131;61,248762
17550000;61,54;55,15713553;61,41171927
7282500;58,25;55,10547;61,34532
11874075;93,12;55,17360031;61,32317977
9745290;79,23;55,10547;61,34532
5115650;36,7;55,170912;61,318013
10785992;97,44;55,173447;61,321741
5678500;41;55,10231;61,34543
5148500;42,9;55,121705;61,247684
10565840;57,79;55,17994;61,341
6126440;61,79;55,103719;61,251798
16954000;60,54;55,148498;61,363387
6715000;69,5;55,10314;61,247069
6380414;37,59;55,172979;61,371274
5530000;31,6;55,17319;61,289033
12323400;53,58;55,14799671;61,36368892
16956000;78,5;55,112625;61,250663
9624120;72,91;55,21277904;61,30311138
17605500;106,69;55,157389;61,402709
10423600;47,38;55,1485743;61,36363528
11850000;83,55;55,17454;61,41601
4071460;24,37;55,10887778;61,35977304
6274343;37,81;55,172805;61,365669
7110246;51,2;55,18757434;61,23137654
8112000;67,59;55,17343849;61,31978642
9454400;62,2;55,113143;61,274678
8220750;38,43;55,17205061;61,29205778
9191500;56,9;55,182297;61,234912
6311111;37,77;55,172979;61,367986
10517520;71,5;55,110934;61,352464
9595647;62,9;55,172979;61,367986
5382000;29,89;55,17230151;61,29111409
10173240;66,05;55,169946;61,377931
11176489;84,87;55,172805;61,365669
8118000;45,09;55,17319;61,289033
5840640;40,56;55,21277904;61,30311138
5590200;36,29;55,113143;61,274678
7668750;61,34;55,17343849;61,31978642
9330000;62,2;55,173447;61,321741
8900000;54,15;55,17446777;61,41569903
12019270;64,3;55,171139;61,292474
5896000;42,9;55,120405;61,244416
5286120;35,95;55,108254;61,249729
3594000;26,42;55,12082;61,246166
3869470;24,26;55,10231;61,34543
11615940;61,45;55,11713;61,24662
22768250;74,69;55,170065;61,294848
7056000;39,2;55,17230151;61,29111409
4334320;31,87;55,214029;61,298371
6283200;29,92;55,169946;61,377931
7100600;54,61;55,250895;61,24728
11344000;70,9;55,17319;61,289033
14952960;79,25;55,118179;61,253873
6811000;48,65;55,170912;61,318013
10188850;47,38;55,148498;61,363387
8991450;46,11;55,09343218;61,24079687
14536260;59,81;55,16976;61,3722
11895000;79,3;55,186378;61,226709
7892420;56,77;55,1726;61,47311
11148400;59,29;55,116062;61,253549
20396700;77,84;55,16989;61,3723
7537200;67,61;55,08973;61,23944
6993000;49,95;55,173447;61,321741
7110000;39,5;55,170912;61,318013
8408064;86,69;55,10314;61,247069
13198900;78,09;55,17994;61,341
5267500;30,1;55,17230151;61,29111409
53160000;189,83;55,15713553;61,41171927
4673589;41,95;55,08973;61,23944
12038796;103,19;55,173447;61,321741
6071021;37,9;55,172805;61,365669
12014730;63,56;55,10908385;61,25782762
4919508;30,39;55,170912;61,318013
5188278;45,06;55,13106596;61,26330208
3495000;30,12;55,12471;61,24962
9913650;46,11;55,122712;61,37265
6682000;51,4;55,17343849;61,31978642
15497900;80,3;55,093617;61,240075
7471678;45,41;55,250793;61,403197
12316500;53,54;55,122712;61,37265
38794050;142,63;55,11193;61,325796
5400000;49,2;55,12471;61,24962
12060174;80,94;55,17336;61,36843
7696000;59,2;55,170912;61,318013
6554145;43,5;55,18692;61,23104
8499504;48;55,173308;61,369697
10494000;68,15;55,18722;61,22869
8326480;41,93;55,17469173;61,39388388
12360000;81,26;55,197718;61,185027
17785900;70,3;55,166588;61,390938
8185840;46,29;55,169946;61,377931
12171600;62,09;55,160355;61,431929
9200800;57;55,182297;61,234912
5083000;39,09;55,17306391;61,31981861
7722000;59,4;55,170912;61,318013
7279380;33,29;55,16011945;61,43196358
6998038;59,95;55,173447;61,321741
13915000;86,9;55,186757;61,226865
7055014;60,08;55,08973;61,23944
10852430;52,09;55,16011945;61,43196358
19253520;79,55;55,16989266;61,37174534
7752500;44,29;55,17230151;61,29111409
5933000;34,9;55,17319;61,289033
7863230;56,56;55,213324;61,30255
6351647;37,79;55,172979;61,367986
7724160;40,22;55,11713;61,24662
16221200;75,8;55,116768;61,249804
5267500;30,1;55,17319;61,289033
6382381;42,36;55,186757;61,226865
12100000;89,25;55,1384635;61,45219134
7179480;33,29;55,16011945;61,43196358
5729000;38,5;55,170912;61,318013
13277000;78,09;55,17994;61,341
4168980;24,37;55,111258;61,357638
11430540;82,83;55,108254;61,249729
4641000;33,15;55,16907225;61,31212603
8681563;58,88;55,18766;61,23199
6550000;41,93;55,17446777;61,41569903
8399928;61,31;55,250793;61,403197
9568000;73,59;55,170912;61,318013
17016219;103,41;55,172805;61,365669
15979500;95,4;55,17992613;61,34096187
3912000;24,45;55,213324;61,30255
12016000;75,09;55,17282962;61,29152178
4401000;24,45;55,213324;61,30255
10840550;46,13;55,14799671;61,36368892
10218400;48,2;55,112625;61,250663
17237600;74,3;55,114023;61,25137
11550000;82,81;55,13655;61,42469
7187240;38,22;55,116042;61,255014
7694273;46,77;55,17336;61,36843
18631723;114,19;55,170065;61,294848
4883725;32,45;55,104096;61,350497
15794000;59,59;55,148498;61,363387
11615940;61,45;55,10908385;61,25782762
6311111;37,77;55,172805;61,365669
9624120;72,91;55,213324;61,30255
16250280;85,08;55,108256;61,249732
5148500;42,9;55,121705;61,247684
12233970;64,73;55,10908385;61,25782762
13191200;59,95;55,122712;61,37265
7124133;51,65;55,187887;61,231487
9332400;84;55,16907225;61,31212603
9683100;46,11;55,122712;61,37265
10877300;53,06;55,14897983;61,36362455
4439760;44,7;55,10314;61,247069
10296000;66,37;55,18641;61,22835
13705700;59,59;55,1485743;61,36363528
8132160;41,27;55,10908385;61,25782762
8443989;41,2;55,170065;61,294848
29337000;124,51;55,11145;61,32772
12590600;69,15;55,174775;61,393563
6191440;36,97;55,17336;61,36843
7531000;44,29;55,17319;61,289033
9000000;57,22;55,13564955;61,42441978
17436846;106,69;55,157389;61,402709
12203800;53,06;55,14897983;61,36362455
9917950;46,13;55,14799671;61,36368892
7074000;39,29;55,17319;61,289033
6245714;37,77;55,172979;61,367986
11550019;80,09;55,172805;61,365669
11860400;77,19;55,182297;61,234912
4181320;24,3;55,10854;61,35956
7872000;49,2;55,17319;61,289033
6600000;37,34;55,11611;61,45367
4595203;39,9;55,113138;61,274687
11054400;47,04;55,14897983;61,36362455
6000618;40,9;55,16382;61,43562
14078000;103,55;55,18717966;61,22635491
12709200;60,52;55,14799671;61,36368892
7695073;63;55,187887;61,231487
10411440;56,79;55,180537;61,339986
7194000;43,59;55,17282962;61,29152178
16777199;95,19;55,169946;61,377931
5669500;38,09;55,170912;61,318013
12143439;84,23;55,186757;61,226865
6948460;47,58;55,187887;61,231487
6604500;38,84;55,170912;61,318013
5801896;49,43;55,08973;61,23944
12802500;51,2;55,16989266;61,37174534
9313920;48,5;55,10908385;61,25782762
14629512;78,4;55,170065;61,294848
9580040;64,73;55,11131;61,248762
5616097;58,29;55,127295;61,260969
10315560;58,27;55,116042;61,255014
5530000;31,6;55,17319;61,289033
9618000;67,66;55,18717966;61,22635491
11890200;77,4;55,182297;61,234912
10217527;44,2;55,170065;61,294848
7200000;40;55,17230151;61,29111409
6200000;38,86;55,17454;61,41601
10449810;56,7;55,180537;61,339986
5652625;35,61;55,25239182;61,38401031
5188278;45,06;55,13106596;61,26330208
12921370;54,16;55,178617;61,359747
6161719;37,31;55,17299;61,37108
10578000;70,51;55,250895;61,24728
6978673;49,79;55,18710168;61,23087229
9078000;53,4;55,17319;61,289033
5605600;36,2;55,113143;61,274678
12233970;64,73;55,114982;61,244986
27388400;118,9;55,148498;61,363387
8681563;58,88;55,18748;61,2327
7743360;40,33;55,11713;61,24662
5530000;31,6;55,17230151;61,29111409
6639380;50,93;55,120405;61,245889
4269301;35,5;55,113138;61,274687
11771790;49,66;55,16976;61,3722
10192500;45,29;55,148498;61,363387
6699250;52,75;55,10542441;61,34532177
10168200;72,62;55,21316;61,30282
6715000;69,09;55,103719;61,251798
11849994;80,09;55,17299;61,37108
10681199;55,59;55,171745;61,377967
23849600;102,8;55,113993;61,251376
9187840;40,65;55,17128914;61,29316285
5605600;36,18;55,113143;61,274678
14411970;60,81;55,16989266;61,37174534
13394150;78,09;55,180537;61,339986
5348245;35;55,18710168;61,23087229
6441142;42,75;55,186757;61,226865
9818200;70,12;55,21298762;61,30193121
7167600;36,2;55,093061;61,238593
24246528;89,69;55,11145;61,32772
18342705;107,31;55,172805;61,365669
11188729;70,9;55,160741;61,460675
7659512;59,95;55,16907225;61,31212603
21099840;85,08;55,113998;61,27928
6126400;43,75;55,250895;61,24728
16092800;75,19;55,106021;61,252925
16883400;59,24;55,14897983;61,36362455
8083740;60,77;55,10542441;61,34532177
5634510;38,33;55,108254;61,249729
10192500;45,29;55,122712;61,37265
10840550;46,13;55,122712;61,37265
5643000;34,2;55,17319;61,289033
32553500;124,25;55,169879;61,371867
5372000;31,6;55,17230151;61,29111409
9983830;70,61;55,172979;61,367986
4478240;45,5;55,10314;61,247069
35298000;141,05;55,11145;61,32772
11298420;59,77;55,10908385;61,25782762
3912000;24,45;55,213324;61,30255
11134300;47,38;55,1485743;61,36363528
9061942;44,2;55,16990478;61,29537389
13586280;79;55,157389;61,402709
13350840;78,4;55,157389;61,402709
6736798;42,43;55,252399;61,384974
12817920;100,13;55,250895;61,24728
9424990;76,13;55,08973;61,23944
6351625;38,18;55,172805;61,365669
4978600;32,11;55,10903154;61,35920441
7250000;69,19;55,243988;61,253829
6150000;38,86;55,17454;61,41601
6760480;35,95;55,116042;61,255014
8477340;61,43;55,108254;61,249729
11673950;65,19;55,171139;61,292474
5590000;34,63;55,16814;61,53102
7951080;38,29;55,16011945;61,43196358
8328320;56;55,186757;61,226865
6274332;38;55,172805;61,365669
10825940;57,79;55,180537;61,339986
5189700;42,9;55,121705;61,247684
5558490;36,33;55,10907;61,35937
13920000;89,79;55,11611;61,45367
5608350;42,9;55,120405;61,245889
7748580;58,25;55,10547;61,34532
8890123;54,99;55,17336;61,36843
5594820;36,33;55,111258;61,357638
7055014;60,08;55,08973;61,23944
10152560;61,15;55,171077;61,377832
7319010;57,63;55,10542441;61,34532177
9641000;66,37;55,18717966;61,22635491
5619810;38,22;55,108254;61,249729
26200000;101,33;55,15713553;61,41171927
15748200;80,76;55,09343218;61,24079687
8204735;73,84;55,16907225;61,31212603
7620480;38,88;55,171077;61,377832
7773540;59,34;55,214029;61,298371
8308750;39,09;55,17992613;61,34096187
7090000;45,88;55,17454;61,41601
8369930;34,72;55,16989;61,3723
12404550;60,5;55,1485743;61,36363528
12392820;51,2;55,16989266;61,37174534
9377000;60,79;55,10995;61,351691
12698080;83,54;55,250895;61,24728
9299070;83,69;55,16907225;61,31212603
4269301;35,5;55,113138;61,274687
12399510;76,59;55,171139;61,292474
6504300;34,7;55,18606474;61,2272569
10819928;97,44;55,173447;61,321741
5000000;25,14;55,197718;61,185027
9435699;50,58;55,15142;61,30195
10148600;46,13;55,122712;61,37265
11832623;80,94;55,17336;61,36843
15445080;61,29;55,16916799;61,37096213
5117000;30,1;55,17319;61,289033
5298560;38,95;55,10547;61,34532
6682766;37,81;55,172979;61,367986
14534300;80,3;55,117128;61,252858
10819000;69,8;55,17319;61,289033
10594740;57,79;55,180537;61,339986
6138182;37,52;55,172805;61,365669
32790922;118,7;55,11145;61,32772
15997800;58,59;55,16916799;61,37096213
7142064;49,45;55,16907225;61,31212603
5678500;41;55,10231;61,34543
12260500;79,09;55,17319;61,289033
5169100;42,9;55,12082;61,246166
7863230;56,56;55,21298762;61,30193121
9062580;34,59;55,16916799;61,37096213
6700000;37,43;55,197718;61,185027
6136302;37,9;55,172805;61,365669
5286120;35,95;55,108254;61,249729
7327000;43,09;55,17319;61,289033
6700000;37,34;55,11612993;61,45367541
7696000;59,2;55,173447;61,321741
17889999;100,9;55,171745;61,377967
13595400;74,69;55,108254;61,249729
6870000;37,43;55,197718;61,185027
7200000;40;55,17230151;61,29111409
6483269;38,18;55,17299;61,37108
4278000;28,52;55,250895;61,24728
8452500;56,34;55,213324;61,30255
9399000;66,72;55,186378;61,226709
11773368;72,65;55,172805;61,365669
14691280;81,8;55,16002;61,43216
8192000;51,2;55,17282962;61,29152178
10424249;47,2;55,171745;61,377967
10960110;56,7;55,17992613;61,34096187
25830000;95,44;55,11145;61,32772
9366946;41,2;55,170065;61,294848
5643000;34,2;55,17319;61,289033
6136305;37,52;55,172805;61,365669
5767730;35,24;55,18748;61,2327
6060000;40,4;55,11131;61,248762
11265000;75,09;55,173781;61,329179
4754639;39,65;55,08973;61,23944
7973400;41,09;55,16002;61,43216
6894000;38,29;55,17230151;61,29111409
6071040;37,52;55,17336;61,36843
13728410;85,05;55,171139;61,292474
10950330;63,7;55,17128914;61,29316285
9504040;63,7;55,208243;61,188443
13355100;78,09;55,17994;61,341
7515540;58,25;55,10547;61,34532
5115650;36,7;55,170912;61,318013
5609500;37,45;55,170912;61,318013
6311098;37,59;55,172805;61,365669
12714000;65,19;55,093061;61,238593
8493030;42,7;55,16002;61,43216
7979400;68,19;55,18696663;61,23160185
6801000;45,34;55,11131;61,248762
9132716;57,68;55,250793;61,403197
7515540;58,25;55,10547;61,34532
11121050;54,65;55,171139;61,292474
7530213;51,08;55,18692;61,23104
6811000;48,65;55,170912;61,318013
5710500;35,88;55,18742594;61,2285301
13191200;59,95;55,14897983;61,36362455
7187400;36,29;55,093617;61,240075
6797000;48,54;55,173447;61,321741
5584000;34,9;55,17319;61,289033
6364360;61,7;55,10314;61,247069
23478400;101,19;55,114023;61,25137
9953200;64,4;55,182297;61,234912
13821660;74,3;55,10908385;61,25782762
5372415;45;55,125436;61,254759
17371466;106,3;55,157389;61,402709
6727500;51,75;55,17343849;61,31978642
6314000;41;55,172661;61,473134
5411991;45,29;55,125436;61,254759
6874868;47,59;55,16907225;61,31212603
9818200;70,12;55,21355;61,30287
3655790;32,24;55,13106596;61,26330208
9652500;58,5;55,17319;61,289033
7207200;36,4;55,093617;61,240075
7326000;45,38;55,108254;61,249729
5834880;40,52;55,213324;61,30255
7025300;40,43;55,182297;61,234912
5558490;36,33;55,10903154;61,35920441
19744200;78,34;55,169879;61,371867
19555680;72,94;55,169879;61,371867
9750832;66,97;55,186757;61,226865
20387640;72,98;55,16989;61,3723
10968939;70,9;55,160704;61,460663
6838000;70,8;55,103719;61,251798
10537500;70,25;55,170912;61,318013
12215950;59,59;55,122712;61,37265
11876000;77,9;55,186378;61,226709
6248301;39,56;55,17325086;61,32330453
17526097;103,48;55,172805;61,365669
40131000;170,27;55,11205672;61,32504179
7919800;56,56;55,21335569;61,30290753
11778720;63,59;55,16011945;61,43196358
14833000;81,5;55,108254;61,249729
5363525;35,65;55,187887;61,231487
9133014;54,99;55,17299;61,37108
3912000;24,45;55,213324;61,30255
17692620;73,11;55,16989266;61,37174534
5348245;35,65;55,187887;61,231487
6495400;46,5;55,170912;61,318013
26960862;95,54;55,11145;61,32772
6250250;54,34;55,173447;61,321741
17575000;70,3;55,166588;61,390938
7169971;61,34;55,13106596;61,26330208
5346000;32,4;55,17319;61,289033
12126287;103,94;55,16907225;61,31212603
11292750;59,75;55,10908385;61,25782762
12060174;80,94;55,172805;61,365669
7660800;39,9;55,10908385;61,25782762
9100000;76,84;55,124681;61,249481
5023920;38,06;55,10542441;61,34532177
8745000;53;55,17230151;61,29111409
5302500;30,29;55,17230151;61,29111409
4168980;24,37;55,10907;61,35937
14280900;78,9;55,117403;61,25269
12424280;51,34;55,16976;61,3722
6351647;37,79;55,172979;61,367986
12016000;75,09;55,173769;61,329517
11298420;59,77;55,10908385;61,25782762
10188850;47,38;55,148498;61,363387
8303200;39,77;55,17469173;61,39388388
9923100;40,93;55,178617;61,359747
5546080;40,77;55,10542441;61,34532177
10876807;71,69;55,17299;61,37108
11670152;80,61;55,172805;61,365669
23803200;102,59;55,114023;61,25137
8204735;73,84;55,173447;61,321741
8477340;61,43;55,108254;61,249729
10981750;70,84;55,173781;61,329179
6578000;38,66;55,18722;61,22869
5868000;40,75;55,213324;61,30255
20527700;78,34;55,16989;61,3723
13180440;90,59;55,110934;61,352464
9414568;66,18;55,17336;61,36843
12769000;78,3;55,171745;61,377967
8350000;47,68;55,11611;61,45367
6252680;36,4;55,182297;61,234912
18886434;106,69;55,170065;61,294848
4056430;24,29;55,111258;61,357638
10306710;58,22;55,116042;61,255014
6109000;41;55,10854;61,35956
8530500;51,7;55,17319;61,289033
5835505;47,75;55,16907225;61,31212603
7525000;60,2;55,17306391;61,31981861
10825200;55,79;55,160746;61,431749
8959000;52,7;55,17319;61,289033
12200800;80,8;55,113143;61,274678
10610964;56,88;55,15142;61,30195
15536500;80,5;55,094091;61,242321
17821667;107,31;55,17349829;61,36949225
8035740;58,22;55,108254;61,249729
12020140;49,66;55,16989266;61,37174534
10005660;52,93;55,10908385;61,25782762
6285800;37,79;55,172979;61,367986
6896500;53,04;55,170912;61,318013
4650493;39,5;55,126256;61,25616
3655790;32,24;55,13106596;61,26330208
8481000;51,4;55,17282962;61,29152178
15366740;92,59;55,171139;61,292474
6460000;60,99;55,12582;61,24988
14336600;73,11;55,174775;61,393563
9568000;73,59;55,170912;61,318013
12531200;71,19;55,180537;61,339986
9240480;50,22;55,15142;61,30195
8786460;63,66;55,108254;61,249729
6262905;51,15;55,16907225;61,31212603
5678500;41;55,10231;61,34543
6700000;42,22;55,17454;61,41601
7192800;49,95;55,170984;61,434093
6900000;43,08;55,13655;61,42469
19384890;107,31;55,17349829;61,36949225
6128370;41,13;55,111258;61,357638
12122600;61,84;55,169946;61,377931
12129000;62,2;55,095827;61,244693
5267500;30,1;55,17319;61,289033
8481000;51,4;55,17282962;61,29152178
5095490;36,59;55,173447;61,321741
12185700;80,69;55,113143;61,274678
9096080;61,45;55,11131;61,248762
7402199;33;55,169946;61,377931
8860750;77,05;55,1737459;61,32446462
14035376;78,3;55,170065;61,294848
8441400;36,95;55,17102;61,29359
4642685;38,34;55,173447;61,321741
5558490;36,33;55,111258;61,357638
6275484;51,34;55,16907225;61,31212603
10131765;70,15;55,16907225;61,31212603
9233516;65,55;55,250793;61,403197
6700000;42,22;55,17446777;61,41569903
10983830;76,8;55,170984;61,434093
3647700;32,18;55,08973;61,23944
9233566;66,18;55,172979;61,371274
10349316;70,86;55,172805;61,365669
14150141;79;55,170065;61,294848
12710000;89,54;55,197718;61,185027
5312000;33,2;55,17282962;61,29152178
4851000;37,68;55,121263;61,242779
7743360;40,33;55,11713;61,24662
5644000;33,2;55,17282962;61,29152178
3188914;29,69;55,08973;61,23944
7025300;40,43;55,182297;61,234912
9990450;64,69;55,182297;61,234912
12215950;59,59;55,1485743;61,36363528
5235000;34,9;55,17306391;61,31981861
7251200;30,79;55,17102;61,29359
5758500;34,9;55,17282962;61,29152178
9568200;51,79;55,157389;61,402709
9213120;41,2;55,170065;61,294848
5552000;34,7;55,17282962;61,29152178
5586030;36,5;55,10907;61,35937
5609500;37,45;55,170912;61,318013
5229700;24,1;55,10908385;61,25782762
8946000;63,9;55,208243;61,188443
9435520;64,09;55,208243;61,188443
10083171;63,65;55,172805;61,365669
23712000;96;55,166588;61,390938
6600000;41,68;55,17454;61,41601
27407584;101,48;55,11205672;61,32504179
7863230;56,56;55,2129;61,30134
12427500;49,7;55,16989266;61,37174534
11300490;93,77;55,17360031;61,32317977
4864160;32,31;55,104096;61,350497
5439000;38,84;55,170912;61,318013
5758500;34,9;55,17319;61,289033
4170100;22,38;55,18606474;61,2272569
3912000;24,45;55,213324;61,30255
9526320;76,05;55,173447;61,321741
18980246;107,3;55,157389;61,402709
12170600;80,59;55,113143;61,274678
4753928;32,11;55,187887;61,231487
9330000;62,2;55,170912;61,318013
7090000;44,52;55,17446777;61,41569903
18636800;102,4;55,108254;61,249729
6471446;37,81;55,17299;61,37108
17820000;82,5;55,112625;61,250663
4709473;31,2;55,173447;61,321741
5774473;38,5;55,173447;61,321741
7542500;43,09;55,17230151;61,29111409
5767730;35,24;55,18748;61,2327
32489730;119,01;55,16989;61,3723
19410000;74,15;55,157305;61,411689
6720000;37,5;55,197718;61,185027
6545000;38,5;55,17319;61,289033
7662850;67,61;55,08973;61,23944
6860000;39,2;55,17319;61,289033
6840000;63,25;55,12582;61,24988
21699600;101,4;55,115743;61,246804
8677500;48;55,172805;61,365669
13415478;78,3;55,170065;61,294848
7659512;59,95;55,16907225;61,31212603
6877500;39,29;55,17230151;61,29111409
15782800;85,05;55,17102;61,29359
7488936;50,79;55,18766;61,23199
4177880;24,29;55,111258;61,357638
6993588;40,65;55,250793;61,403197
5577000;33,79;55,17282962;61,29152178
9624120;72,91;55,213324;61,30255
6311098;37,59;55,17336;61,36843
8535030;44,45;55,17469173;61,39388388
6964659;50,04;55,187887;61,231487
11698500;70,9;55,17230151;61,29111409
4709473;31,39;55,173447;61,321741
8704000;51,2;55,17319;61,289033
8827018;68,3;55,186757;61,226865
10528395;74,66;55,252399;61,384974
10977750;53,54;55,122712;61,37265
5372000;31,6;55,17319;61,289033
14035376;78,3;55,17019956;61,29454777
9257160;70,12;55,213324;61,30255
10186700;47,38;55,1485743;61,36363528
4168980;24,37;55,10907;61,35937
4641000;33,15;55,16907225;61,31212603
31180620;119,01;55,16989;61,3723
5868000;40,75;55,21335569;61,30290753
14516250;59,25;55,122712;61,37265
4059770;24,3;55,10854;61,35956
5456239;27,8;55,172805;61,365669
30870000;119,04;55,11205672;61,32504179
12960640;70,4;55,16011945;61,43196358
4193360;24,37;55,111258;61,357638
8452500;56,34;55,21335569;61,30290753
8708348;42,11;55,169946;61,377931
6567051;37,24;55,172979;61,367986
7863230;56,56;55,21298762;61,30193121
11046929;70,9;55,160741;61,460675
6262905;51,15;55,16907225;61,31212603
11729700;90,77;55,186378;61,226709
5584000;34,9;55,17282962;61,29152178
4945869;39,04;55,173447;61,321741
6910515;50,29;55,187887;61,231487
10327562;63,65;55,17336;61,36843
5632000;42,9;55,120405;61,244416
10593000;67,75;55,18722;61,22869
11292750;59,75;55,114982;61,244986
10443650;56,29;55,17992613;61,34096187
8715159;61,31;55,250793;61,403197
6266872;37,52;55,17299;61,37108
17621240;107,19;55,170065;61,294848
10017120;81,44;55,10542441;61,34532177
14301600;59,59;55,1485743;61,36363528
6417447;38,18;55,172979;61,371274
12289900;62,66;55,17469173;61,39388388
13838400;74,4;55,10849233;61,25690017
3892440;23,87;55,10854;61,35956
33783750;123,75;55,169879;61,371867
4168980;24,37;55,111258;61,357638
11615940;61,45;55,11713;61,24662
6680747;37,36;55,172805;61,365669
17513724;103,41;55,173308;61,369697
8758400;39,09;55,113993;61,251376
7663970;38,29;55,17128914;61,29316285
8885600;46,4;55,17992613;61,34096187
12370000;61,84;55,169946;61,377931
14073730;65,97;55,178617;61,359747
9568200;51,79;55,157389;61,402709
6394100;61,7;55,103719;61,251798
5226977;30,39;55,170912;61,318013
5600000;32,52;55,173781;61,329179
13316050;78,09;55,17992613;61,34096187
10199000;72,84;55,170912;61,318013
6702500;38,29;55,17230151;61,29111409
8449155;76,05;55,16907225;61,31212603
6276820;50,61;55,120405;61,245889
7362880;48,43;55,113143;61,274678
11500000;72,22;55,11611;61,45367
23833500;105,19;55,14799671;61,36368892
4269346;35,4;55,127295;61,260969
33876700;128,55;55,11145;61,32772
6727500;51,75;55,17343849;61,31978642
14660910;82,83;55,116042;61,255014
16646000;59,45;55,122712;61,37265
10508550;53,88;55,122712;61,37265
6706500;39,45;55,170912;61,318013
27766700;105,09;55,14799671;61,36368892
11066092;71,16;55,17336;61,36843
12703730;103,94;55,173447;61,321741
8590000;76,84;55,12471;61,24962
7022599;33,29;55,169946;61,377931
13985460;80,09;55,16002;61,43216
22938100;83,56;55,11193;61,325796
7159040;38,08;55,116042;61,255014
4379562;28,79;55,170912;61,318013
7542500;43,09;55,17319;61,289033
6110000;48,47;55,12719;61,622804
7694273;46,77;55,172805;61,365669
9699520;71,31;55,10854;61,35956
12515250;61,04;55,14897983;61,36362455
4071460;24,37;55,10887778;61,35977304
6979000;49,84;55,170912;61,318013
8778000;53,2;55,17282962;61,29152178
9796950;47,79;55,122712;61,37265
7056000;39,2;55,17319;61,289033
9412800;44,4;55,115635;61,245187
5530000;31,6;55,17230151;61,29111409
7863230;56,56;55,21298762;61,30193121
19384890;107,31;55,172805;61,365669
8976000;56,09;55,173447;61,321741
9565800;61,83;55,182297;61,234912
5839619;48,93;55,13106596;61,26330208
6471438;38;55,17299;61,37108
8122780;42,34;55,171139;61,292474
13051500;79,09;55,17319;61,289033
6871400;36,54;55,116042;61,255014
10468320;57,9;55,16002;61,43216
10752500;41,45;55,17102;61,29359
7207200;36,4;55,093061;61,238593
4168980;24,37;55,10903154;61,35920441
8477340;61,43;55,108254;61,249729
11301850;46,13;55,148498;61,363387
13122860;78,59;55,17019956;61,29454777
11488650;57,29;55,17908192;61,34101551
7530213;51,08;55,18692;61,23104
6567051;37,24;55,172979;61,367986
5678500;41;55,10231;61,34543
10936800;55,79;55,160355;61,431929
21099840;85,08;55,113998;61,27928
8033300;35,4;55,17102;61,29359
7982509;68,31;55,13106596;61,26330208
7743360;40,33;55,10908385;61,25782762
11698500;70,9;55,17319;61,289033
8257500;55,04;55,170912;61,318013
10168200;72,62;55,21316;61,30282
12707100;60,5;55,1485743;61,36363528
5590000;34,63;55,16814;61,53102
9449000;32,15;55,17102;61,29359
10881900;84,45;55,18742594;61,2285301
5933000;34,9;55,17282962;61,29152178
9827000;63,4;55,173781;61,329179
3547600;25,86;55,121263;61,242779
3311563;29,69;55,08973;61,23944
5558490;36,33;55,10907;61,35937
5313000;35,91;55,121033;61,242418
9221655;52,7;55,157389;61,402709
11590700;57,7;55,17102;61,29359
10983900;53,58;55,122712;61,37265
12564860;81,58;55,169946;61,377931
5868000;40,75;55,21355;61,30287
5971284;37,59;55,172805;61,365669
5577000;33,79;55,17319;61,289033
10188850;47,38;55,14799671;61,36368892
5729000;38,5;55,173447;61,321741
10165250;55,7;55,180537;61,339986
9555000;73,5;55,170912;61,318013
12218000;59,59;55,148498;61,363387
14827400;60,52;55,122712;61,37265
13383000;59,47;55,1485743;61,36363528
8860320;35,15;55,16916799;61,37096213
11570490;65,37;55,118179;61,253873
6736798;42,43;55,252399;61,384974
7696000;59,2;55,173447;61,321741
11430000;72,4;55,197718;61,185027
5348245;35,65;55,187887;61,231487
14943240;80,33;55,114982;61,244986
4847515;30,1;55,170912;61,318013
9233566;66,18;55,17336;61,36843
6245691;37,59;55,17336;61,36843
7743360;40,33;55,114982;61,244986
5439000;38,84;55,173447;61,321741
21530000;76,3;55,11145;61,32772
11696100;59,97;55,14897983;61,36362455
4762049;31,75;55,173447;61,321741
6285800;37,79;55,17336;61,36843
7110246;51,2;55,18748227;61,23197736
4177880;24,29;55,10854;61,35956
9564800;42,7;55,112625;61,250663
13633760;69,55;55,171077;61,377832
8546670;40,27;55,17469173;61,39388388
4168980;24,37;55,111258;61,357638
4847515;30,1;55,170912;61,318013
10841592;64,37;55,169946;61,377931
15994800;59,24;55,14897983;61,36362455
10976029;70,9;55,158549;61,468086
6233097;40,9;55,16382;61,43562
8030400;48,61;55,108254;61,249729
8763300;67,01;55,186378;61,226709
9431999;46,7;55,171745;61,377967
5605600;36,2;55,113143;61,274678
5558490;36,33;55,111258;61,357638
9374000;70,84;55,173781;61,329179
9590000;58,79;55,11612993;61,45367541
5117000;30,1;55,17230151;61,29111409
10199000;72,84;55,173447;61,321741
10288284;61,88;55,172979;61,371274
10977900;55,4;55,171745;61,377967
9865440;49,59;55,16011945;61,43196358
27201000;95,44;55,11193;61,325796
4782400;37,5;55,121263;61,242779
7832650;56,34;55,213324;61,30255
11676180;79,37;55,108254;61,249729
12513900;59,59;55,122712;61,37265
5643000;34,2;55,17282962;61,29152178
17821667;107,31;55,172805;61,365669
7110246;51,65;55,187887;61,231487
5558490;36,33;55,10903154;61,35920441
7773540;59,34;55,214029;61,298371
6222000;36,59;55,170912;61,318013
9133200;47,2;55,17992613;61,34096187
11578140;61,25;55,10908385;61,25782762
7863230;56,56;55,213324;61,30255
6441142;42,75;55,18692;61,23104
6896500;53,04;55,170912;61,318013
12239000;77,16;55,186378;61,226709
4669000;33,34;55,173447;61,321741
5459454;36,59;55,170912;61,318013
13490894;78,8;55,17019956;61,29454777
5083000;39,09;55,17306391;61,31981861
9568000;73,59;55,173447;61,321741
5558490;36,33;55,111258;61,357638
8384900;38,2;55,180537;61,339986
14929999;74,8;55,171745;61,377967
8626403;46,02;55,173372;61,36710624
8512000;53,2;55,17319;61,289033
4753000;35,91;55,121263;61,242779
9659660;70,61;55,172979;61,367986
17605500;106,69;55,17019956;61,29454777
9893000;63,63;55,186104;61,226133
15728700;80,66;55,09343218;61,24079687
3655790;32,24;55,13106596;61,26330208
5151000;30,29;55,17230151;61,29111409
5861017;35,25;55,18766;61,23199
9683086;50,38;55,173372;61,36710624
4639536;28,6;55,170912;61,318013
10559420;55,59;55,171139;61,292474
9595647;62,9;55,17336;61,36843
5840640;40,56;55,21316;61,30282
9440704;64,83;55,186757;61,226865
9086000;47,2;55,180537;61,339986
5148500;42,9;55,12082;61,246166
8844000;53,59;55,17230151;61,29111409
10997100;83,08;55,18742594;61,2285301
6400000;39,27;55,17454;61,41601
6943787;50,59;55,18710168;61,23087229
14103000;78,4;55,170065;61,294848
7832650;56,34;55,21335569;61,30290753
13776000;83,34;55,108254;61,249729
8779100;61,38;55,120405;61,245889
5586030;36,5;55,111258;61,357638
6552638;43,49;55,186743;61,232097
6060000;40,4;55,11131;61,248762
11550000;84,9;55,13564955;61,42441978
7159040;38,08;55,116042;61,255014
8937000;64,83;55,186378;61,226709
6136305;37,52;55,172979;61,367986
7724160;40,22;55,114982;61,244986
8049600;38,7;55,16002;61,43216
4886000;34,9;55,17306391;61,31981861
10036640;65;55,182297;61,234912
3869470;24,26;55,104096;61,350497
5312000;33,2;55,17319;61,289033
27407584;101,48;55,11145;61,32772
31584000;113,01;55,11193;61,325796
9399602;48,15;55,173372;61,36710624
14250810;60,13;55,16989266;61,37174534
4800000;40,7;55,243988;61,253829
7140280;36,43;55,169946;61,377931
10022057;63,65;55,17336;61,36843
11640500;75,09;55,17319;61,289033
19253520;79,55;55,16976;61,3722
17536200;106,3;55,170065;61,294848
6340056;37,81;55,172805;61,365669
16337000;96,09;55,16011945;61,43196358
9683100;46,11;55,1485743;61,36363528
4762031;31,75;55,16907225;61,31212603
10087799;55,59;55,169946;61,377931
17341600;81,8;55,115635;61,245187
10472000;74,8;55,173769;61,329517
13821660;74,3;55,114982;61,244986
4587783;26,95;55,186757;61,226865
12038796;103,19;55,173447;61,321741
16994999;101,3;55,171745;61,377967
6311111;37,77;55,172979;61,367986
8364000;49,2;55,17319;61,289033
10327562;63,65;55,172979;61,367986
7134240;33,4;55,16011945;61,43196358
23802000;105,09;55,148498;61,363387
8416000;46,02;55,173372;61,36710624
14310000;85,55;55,197718;61,185027
6552638;43,49;55,186743;61,232097
7194000;43,59;55,17282962;61,29152178
8745000;53;55,17230151;61,29111409
3557400;25,86;55,121263;61,242779
8369961;56,27;55,186743;61,232097
5605600;36,18;55,113143;61,274678
6049500;40,33;55,11131;61,248762
5850000;49,2;55,12471;61,24962
21099840;85,08;55,113998;61,27928
46023600;166,69;55,122712;61,37265
7722000;59,4;55,173447;61,321741
12172949;104,34;55,173447;61,321741
6287673;36,97;55,17336;61,36843
6030117;37,31;55,17336;61,36843
8997950;70,84;55,173769;61,329517
7773540;59,34;55,214029;61,298371
5006500;32,29;55,10903154;61,35920441
5699200;38,29;55,173447;61,321741
19055080;78,73;55,16989266;61,37174534
6069168;37,77;55,172805;61,365669
10017120;81,44;55,10542441;61,34532177
12275520;80,76;55,113143;61,274678
9570545;65,55;55,250793;61,403197
13398000;94,19;55,16907225;61,31212603
5612200;40,59;55,102247;61,346833
7832650;56,34;55,21355;61,30287
5600000;32,52;55,173769;61,329517
11676180;79,37;55,108254;61,249729
5454000;30,29;55,17230151;61,29111409
9949000;70,73;55,18692798;61,22776039
5385616;45,09;55,125436;61,254759
5215000;29,79;55,17230151;61,29111409
9912448;68,08;55,186743;61,232097
9257160;70,12;55,2129;61,30134
8369930;34,72;55,169879;61,371867
4168980;24,37;55,111258;61,357638
3655790;32,24;55,13106596;61,26330208
13722940;89,11;55,169946;61,377931
10693931;83,69;55,16907225;61,31212603
6103692;37,52;55,17299;61,37108
11153100;79,09;55,108254;61,249729
7963600;46,29;55,171077;61,377832
5060500;34,9;55,17306391;61,31981861
5402250;36,75;55,108254;61,249729
5861017;35,25;55,18766;61,23199
8695500;52,7;55,17282962;61,29152178
6350000;35;55,11612993;61,45367541
9053400;57,68;55,250793;61,403197
5774473;38,5;55,16907225;61,31212603
12167580;51,34;55,16976;61,3722
6314000;41;55,1726;61,47311
10419080;58,59;55,16002;61,43216
6311098;37,59;55,17336;61,36843
5868000;40,75;55,21298762;61,30193121
5868000;40,75;55,21335569;61,30290753
14262800;78,8;55,115985;61,253505
18661380;78,73;55,16989266;61,37174534
6142525;54,29;55,08973;61,23944
6245905;55,02;55,172606;61,491112
15997800;58,59;55,169879;61,371867
5382960;40,77;55,10542441;61,34532177
11251800;53,58;55,122712;61,37265
5584000;34,9;55,17319;61,289033
10168200;72,62;55,21316;61,30282
8845200;37,79;55,16002;61,43216
12617874;86,75;55,17299;61,37108
9012270;53,09;55,17128914;61,29316285
5232500;29,89;55,17230151;61,29111409
6285800;37,79;55,17336;61,36843
5710500;35,88;55,186378;61,226709
8750000;53,72;55,17454;61,41601
4168980;24,37;55,10907;61,35937
8477340;61,43;55,108254;61,249729
9796950;47,79;55,14897983;61,36362455
13009300;77,9;55,108254;61,249729
8324800;33,7;55,171745;61,377967
5464520;40,77;55,10542441;61,34532177
29610000;84,36;55,157305;61,411689
7832650;56,34;55,213324;61,30255
7520240;51,65;55,18748;61,2327
7074000;39,29;55,17230151;61,29111409
7167600;36,2;55,093061;61,238593
17371466;106,3;55,157389;61,402709
9949500;60,29;55,17319;61,289033
11750000;83,66;55,17446777;61,41569903
7500000;64;55,110813;61,258703
7531000;44,29;55,17319;61,289033
7029600;48,47;55,21277904;61,30311138
7319000;56,29;55,173447;61,321741
5605600;36,2;55,113143;61,274678
5861017;35,25;55,18766;61,23199
13680400;59,47;55,122712;61,37265
7530213;51,08;55,18692;61,23104
10405212;93;55,125354;61,259024
5372850;36,54;55,108254;61,249729
7863230;56,56;55,21335569;61,30290753
12233970;64,73;55,114982;61,244986
3912000;24,45;55,213324;61,30255
21050000;72,98;55,11205672;61,32504179
10186700;47,38;55,122712;61,37265
8860320;35,15;55,169879;61,371867
6274332;38;55,17336;61,36843
9570990;40,27;55,178617;61,359747
6133600;29,92;55,171077;61,377832
12373400;95,18;55,250895;61,24728
4864160;32,31;55,104096;61,350497
15728700;80,66;55,09343218;61,24079687
5840640;40,56;55,21277904;61,30311138
10840550;46,13;55,148498;61,363387
11729640;80,33;55,11131;61,248762
3931510;26,42;55,120405;61,245889
6860000;39,2;55,17230151;61,29111409
10000000;61,34;55,11547808;61,45024218
8358064;56,2;55,18692;61,23104
9770320;47,79;55,180537;61,339986
11245500;53,54;55,122712;61,37265
7460926;50,61;55,18748;61,2327
33920250;124,25;55,169879;61,371867
16384500;100,25;55,108254;61,249729
7724160;40,22;55,10908385;61,25782762
6274332;38;55,17336;61,36843
9917523;52,04;55,173447;61,321741
10042500;66,94;55,173447;61,321741
18705811;106,3;55,16990478;61,29537389
8399600;32,04;55,17179;61,29243
20370000;72,81;55,157305;61,411689
16250280;85,08;55,108256;61,249732
9667800;61,5;55,172979;61,367986
6311111;37,77;55,172979;61,367986
6245714;37,77;55,17336;61,36843
20178000;118;55,160355;61,431929
6520000;40,75;55,21298762;61,30193121
6605390;50,93;55,120405;61,245889
7124133;51,29;55,18748227;61,23197736
12020140;49,66;55,16976;61,3722
5652625;35,61;55,25239182;61,38401031
4168980;24,37;55,10903154;61,35920441
7034726;50,2;55,18710168;61,23087229
17028179;102,48;55,173308;61,369697
7919800;56,56;55,213324;61,30255
7764480;40,43;55,10849233;61,25690017
12269070;50,49;55,16989266;61,37174534
9683100;46,11;55,1485743;61,36363528
6441142;42,75;55,186757;61,226865
6974060;59,18;55,12719;61,622804
12703730;103,94;55,173447;61,321741
14269610;59,2;55,169879;61,371867
7889000;56,34;55,213324;61,30255
9555000;73,5;55,173447;61,321741
4220000;37,72;55,12582;61,24988
5201250;36,5;55,104096;61,350497
6058500;40,38;55,11131;61,248762
6274332;38;55,17336;61,36843
8438001;76,05;55,16907225;61,31212603
3855950;23,95;55,10907;61,35937
6750000;42,74;55,13655;61,42469
14942200;82,09;55,108254;61,249729
8512000;53,2;55,17282962;61,29152178
7542500;43,09;55,17230151;61,29111409
8044000;49,31;55,186378;61,226709
6860000;39,2;55,17230151;61,29111409
7668750;61,34;55,17343849;61,31978642
4754639;39,65;55,08973;61,23944
9779000;59,95;55,186757;61,226865
7412000;43,59;55,17319;61,289033
4999000;46,65;55,12471;61,24962
7402199;32,7;55,171745;61,377967
12599330;75,9;55,17128914;61,29316285
4168980;24,37;55,10903154;61,35920441
6285800;37,79;55,172979;61,367986
23525170;102,73;55,114;61,24535
7832650;56,34;55,2129;61,30134
8811738,8;47,79;55,16002;61,43216
10349316;70,86;55,172805;61,365669
10536760;59,79;55,160355;61,431929
5758500;34,9;55,17319;61,289033
4269346;35,4;55,113138;61,274687
13948600;68,44;55,174775;61,393563
6871400;36,54;55,116042;61,255014
12143439;84,23;55,186757;61,226865
6760480;35,95;55,116042;61,255014
9699200;43,29;55,112625;61,250663
10292670;51,45;55,171139;61,292474
3048890;24,45;55,12719;61,622804
6664000;39,2;55,17319;61,289033
25367565;94,8;55,11205672;61,32504179
9191387;65,55;55,250793;61,403197
3655790;32,24;55,13106596;61,26330208
6094950;37,5;55,172979;61,367986
12150000;90;55,13848;61,45237
4047080;24,37;55,10903154;61,35920441
12323400;53,58;55,148498;61,363387
6871400;36,54;55,116042;61,255014
3912000;24,45;55,213324;61,30255
17936520;68,45;55,169879;61,371867
7694273;46,77;55,172979;61,367986
19055080;78,73;55,16989266;61,37174534
4256015;35,29;55,113138;61,274687
7660800;39,9;55,10908385;61,25782762
7319620;32,04;55,17205061;61,29205778
19101600;113,69;55,16002;61,43216
6623903;37,09;55,17336;61,36843
7519900;54,09;55,21316;61,30282
4886000;34,9;55,17306391;61,31981861
11140483;71,69;55,17336;61,36843
10638640;56,79;55,17992613;61,34096187
7694273;46,77;55,172979;61,367986
19055080;78,73;55,16989266;61,37174534
9568000;73,59;55,173447;61,321741
9062580;34,59;55,16916799;61,37096213
6990000;44,34;55,17454;61,41601
14528800;67,72;55,17179;61,29243
4587783;26,95;55,186757;61,226865
3912000;24,45;55,213324;61,30255
8860320;35,15;55,169879;61,371867
6245691;37,59;55,17336;61,36843
7152057;50,59;55,18757434;61,23137654
8530500;51,7;55,17282962;61,29152178
16523100;100,13;55,250895;61,24728
11067810;62,52;55,116042;61,255014
12574540;67,09;55,17928;61,34155
8303200;39,77;55,174775;61,393563
14943240;80,33;55,11713;61,24662
6071040;37,52;55,172979;61,367986
12658600;75,8;55,108254;61,249729
10303200;47,7;55,115635;61,245187
5609500;37,45;55,170912;61,318013
5304010;45,59;55,126456;61,255112
9100000;76,84;55,124681;61,249481
8975520;62,59;55,17096;61,434045
5558490;36,33;55,111258;61,357638
4057500;32,18;55,12719;61,622804
7213049;32,9;55,171745;61,377967
27682345;101,48;55,11193;61,325796
4587783;26,95;55,186757;61,226865
8660925;58,75;55,18748;61,2327
4435180;45,4;55,103719;61,251798
7889000;56,34;55,2129;61,30134
32536149;115,44;55,11205672;61,32504179
5411991;45,29;55,125436;61,254759
4176900;24,56;55,1737459;61,32446462
10797150;44,06;55,122712;61,37265
12406600;60,52;55,122712;61,37265
9571000;56,29;55,17319;61,289033
17017300;101,9;55,108254;61,249729
7008720;46,11;55,113143;61,274678
4847515;30,1;55,170912;61,318013
10285000;69,8;55,186561;61,227535
9169999;47,09;55,171745;61,377967
13352183;69,29;55,15142;61,30195
13321000;60,54;55,1485743;61,36363528
5150485;30,1;55,173447;61,321741
9827000;63,4;55,173781;61,329179
7679000;54,84;55,173447;61,321741
9536106;48,79;55,173372;61,36710624
39182961;142,63;55,11193;61,325796
5584000;34,9;55,17282962;61,29152178
6441906;37,77;55,17299;61,37108
10787370;43,95;55,178617;61,359747
10672500;71,15;55,170912;61,318013
25662440;105,19;55,148498;61,363387
8836783;48,77;55,173372;61,36710624
7773540;59,34;55,214029;61,298371
7832650;56,34;55,21298762;61,30193121
4847515;30,1;55,173447;61,321741
6998038;59,95;55,173447;61,321741
6894000;38,29;55,17230151;61,29111409
7839600;56,4;55,10854;61,35956
9010000;53;55,17319;61,289033
8321120;61,31;55,250793;61,403197
17405200;82,09;55,115635;61,245187
5060500;34,9;55,17306391;61,31981861
5006500;32,29;55,10903154;61,35920441
4268000;22,7;55,18606474;61,2272569
9010000;53;55,17230151;61,29111409
21827220;83,3;55,16916799;61,37096213
7889000;56,34;55,21355;61,30287
5615000;44,91;55,13106596;61,26330208
5933000;34,9;55,17282962;61,29152178
10384500;55,5;55,171745;61,377967
10443320;52,4;55,180537;61,339986
13442410;73,9;55,160355;61,431929
8438001;76,05;55,173447;61,321741
5372850;36,54;55,108254;61,249729
5150485;30,1;55,170912;61,318013
5631010;42,9;55,120405;61,245889
5900000;27,5;55,169946;61,377931
5117000;30,1;55,17319;61,289033
4731844;31,54;55,16907225;61,31212603
7679000;54,84;55,170912;61,318013
7709000;59,29;55,170912;61,318013
10455000;67,76;55,186253;61,225379
5725500;34,7;55,17319;61,289033
33128021;118,73;55,11193;61,325796
5362999;31,54;55,16907225;61,31212603
7571289;65,59;55,187887;61,231487
7978000;49,63;55,186378;61,226709
5200000;42,9;55,12082;61,246166
4864000;42,9;55,121705;61,247684
8659857;60,9;55,16382;61,43562
3890016;26,95;55,18672;61,23403
7694273;46,77;55,172979;61,367986
7832650;56,34;55,213324;61,30255
5600000;32,52;55,173769;61,329517
4978400;37,5;55,121263;61,242779
16838100;95,4;55,17992613;61,34096187
4439760;44,7;55,103719;61,251798
6899349;27,2;55,169946;61,377931
9078000;53,4;55,17230151;61,29111409
6384600;43,29;55,18742594;61,2285301
11035600;58,7;55,115985;61,253505
10384000;68,15;55,18722;61,22869
11458200;44,06;55,122712;61,37265
11251800;53,58;55,14799671;61,36368892
8224000;51,4;55,17319;61,289033
10483200;43,68;55,14897983;61,36362455
7026270;59,84;55,08973;61,23944
8220660;59,56;55,108254;61,249729
11690000;91,61;55,16814;61,53102
5472000;34,2;55,17319;61,289033
11196500;45,7;55,122712;61,37265
9721600;43,4;55,113993;61,251376
37206000;163,83;55,11205672;61,32504179
6474750;30,5;55,17128914;61,29316285
12815000;78,62;55,18641;61,22835
12498000;104,15;55,170912;61,318013
9936000;62,09;55,170912;61,318013
6974060;59,18;55,12719;61,622804
5814000;34,2;55,17282962;61,29152178
7863230;56,56;55,2129;61,30134
6222000;36,59;55,173447;61,321741
4734515;35,86;55,121705;61,247684
6134452;37,77;55,17336;61,36843
23478400;101,19;55,113993;61,251376
11615940;61,45;55,10908385;61,25782762
4978600;32,11;55,10907;61,35937
16646000;59,45;55,14799671;61,36368892
6781160;36,06;55,118179;61,253873
10144200;46,11;55,1485743;61,36363528
11729640;80,33;55,11131;61,248762
11527500;46,11;55,1485743;61,36363528
9440000;59,9;55,186561;61,227535
11415600;63;55,16011945;61,43196358
17480000;53,93;55,15713553;61,41171927
7694273;46,77;55,17336;61,36843
7709000;59,29;55,170912;61,318013
8976000;56,09;55,173447;61,321741
8844000;53,59;55,17319;61,289033
7709000;59,29;55,170912;61,318013
17821667;107,31;55,173308;61,369697
8789180;59,61;55,18692;61,23104
7974000;44,29;55,17319;61,289033
5594820;36,33;55,10887778;61,35977304
10625914;74,66;55,25239182;61,38401031
7832650;56,34;55,21298762;61,30193121
9497600;44,79;55,115635;61,245187
11950000;85,23;55,1384635;61,45219134
6896500;53,04;55,170912;61,318013
7213049;32,9;55,171745;61,377967
14943240;80,33;55,10908385;61,25782762
5134000;30,2;55,17319;61,289033
6919000;40,7;55,17282962;61,29152178
10834110;60,9;55,16011945;61,43196358
7773540;59,34;55,214029;61,298371
8124720;35,33;55,171139;61,292474
9314910;40,27;55,178617;61,359747
20139600;129,3;55,208243;61,188443
8044000;49,31;55,186104;61,226133
11710620;90,77;55,250895;61,24728
3912000;24,45;55,213324;61,30255
9328000;44;55,112625;61,250663
9587160;72,62;55,213324;61,30255
5158800;42,9;55,121705;61,247684
6071021;37,9;55,172979;61,367986
12025000;83,5;55,186561;61,227535
7892500;45,09;55,17230151;61,29111409
19116800;82,4;55,113993;61,251376
9539388;50,58;55,15142;61,30195
17041998;106,3;55,16990478;61,29537389
10216800;47,29;55,115635;61,245187
7832650;56,34;55,21298762;61,30193121
6715500;40,7;55,17282962;61,29152178
6283200;29,92;55,171077;61,377832
10002270;56,5;55,116042;61,255014
11035960;49,4;55,16002;61,43216
15633200;83,59;55,160355;61,431929
3655790;32,24;55,13106596;61,26330208
11550019;80,09;55,172805;61,365669
9452550;46,11;55,1485743;61,36363528
5269000;33,47;55,121033;61,242418
16063220;61,31;55,16989;61,3723
7154416;58;55,113138;61,274687
10327562;63,65;55,17336;61,36843
10890000;67,05;55,197718;61,185027
15575100;80,69;55,097131;61,242249
11771790;49,66;55,16989266;61,37174534
5286120;35,95;55,108254;61,249729
11375000;62,5;55,17994;61,341
10829920;59,9;55,16002;61,43216
9384161;61,43;55,17336;61,36843
6441911;37,59;55,17299;61,37108
10154025;70,86;55,172979;61,367986
3912000;24,45;55,213324;61,30255
11987000;90,8;55,18692798;61,22776039
4572431;37,84;55,13106596;61,26330208
12709200;60,52;55,148498;61,363387
6220935;54,81;55,172606;61,491112
25350000;98,3;55,157305;61,411689
7839600;56,4;55,1726;61,47311
12563760;95,18;55,250895;61,24728
12136770;51,2;55,16976;61,3722
11850000;84,7;55,17446777;61,41569903
19555680;72,94;55,16989;61,3723
7608570;59,9;55,10547;61,34532
10199000;72,84;55,173447;61,321741
5189700;42,9;55,121705;61,247684
16072000;98;55,17994;61,341
8860320;35,15;55,16989;61,3723
6250000;38,77;55,17446777;61,41569903
4074000;22,7;55,186378;61,226709
9459120;71,66;55,213324;61,30255
13735200;68,44;55,17469173;61,39388388
6340056;37,81;55,172979;61,367986
12070500;61,9;55,097131;61,242249
12117600;50,49;55,16989266;61,37174534
9818200;70,12;55,21335569;61,30290753
8112000;67,59;55,17343849;61,31978642
10021000;67,01;55,18641;61,22835
14165060;78,3;55,157389;61,402709
7055014;60,08;55,08973;61,23944
5372000;31,6;55,17319;61,289033
12126287;103,94;55,173447;61,321741
19566160;72,98;55,169879;61,371867
9661500;48;55,169946;61,377931
8860750;77,05;55,173447;61,321741
10327562;63,65;55,17336;61,36843
9023350;62,22;55,170984;61,434093
10819000;69,8;55,17319;61,289033
21892720;81,86;55,169879;61,371867
27290000;108,43;55,15713553;61,41171927
5361340;40;55,10542441;61,34532177
7206040;38,33;55,116042;61,255014
3434213;29,69;55,13106596;61,26330208
5559400;35,88;55,113143;61,274678
10027000;64,05;55,18717966;61,22635491
9951900;47,38;55,122712;61,37265
6340034;38;55,172979;61,367986
12707100;60,5;55,122712;61,37265
5095490;36,59;55,173447;61,321741
8970513;65,26;55,17336;61,36843
7832650;56,34;55,21335569;61,30290753
10748500;58,09;55,17994;61,341
4177880;24,29;55,10854;61,35956
10006840;64,8;55,182297;61,234912
5184000;32,4;55,17319;61,289033
15171000;95,8;55,171745;61,377967
17327070;73,11;55,16976;61,3722
4168980;24,37;55,10903154;61,35920441
15760500;95,9;55,171745;61,377967
12014960;59,47;55,1485743;61,36363528
11311580;60,2;55,160355;61,431929
10419000;45,29;55,148498;61,363387
7200000;40;55,17319;61,289033
12588800;98,34;55,250895;61,24728
5558490;36,33;55,111258;61,357638
8058050;56,34;55,21355;61,30287
9289500;56,29;55,17319;61,289033
10777550;58,09;55,17992613;61,34096187
7832650;56,34;55,213324;61,30255
3888610;24,37;55,10231;61,34543
5500000;49,2;55,124681;61,249481
9330000;62,2;55,170912;61,318013
18855720;79,55;55,16989266;61,37174534
6222000;36,59;55,170912;61,318013
11046929;70,9;55,158549;61,468086
5332964;34,9;55,18710168;61,23087229
5312000;33,2;55,17319;61,289033
12170600;80,59;55,113143;61,274678
4731844;31,54;55,173447;61,321741
6311098;37,59;55,172805;61,365669
8960000;77,4;55,12471;61,24962
8997202,8;47,79;55,16002;61,43216
3869470;24,26;55,10222425;61,34539511
6552638;43,49;55,186743;61,232097
7287280;50,04;55,186757;61,226865
10693931;83,69;55,173447;61,321741
6427200;41,2;55,208243;61,188443
9555000;73,5;55,173447;61,321741
5201250;36,5;55,10222425;61,34539511
9595647;62,9;55,172805;61,365669
8447360;63,04;55,10547;61,34532
7026270;59,84;55,08973;61,23944
9349200;44,09;55,115635;61,245187
12788200;59,47;55,122712;61,37265
5303470;31,2;55,16907225;61,31212603
3685900;26,42;55,121705;61,247684
6974060;59,18;55,12719;61,622804
6351625;38,18;55,172805;61,365669
9253405;74,66;55,252399;61,384974
11690000;91,61;55,16814;61,53102
11690000;83,5;55,186561;61,227535
9289500;56,29;55,17230151;61,29111409
6896500;53,04;55,170912;61,318013
6600000;41,88;55,17446777;61,41569903
6899349;27,2;55,171745;61,377967
13931190;81,9;55,16011945;61,43196358
12567830;67,09;55,180537;61,339986
14516250;59,25;55,14897983;61,36362455
10590000;65,18;55,11612993;61,45367541
9010000;53;55,17230151;61,29111409
14943240;80,33;55,11713;61,24662
7490410;50,81;55,18748;61,2327
11876000;77,9;55,186561;61,227535
9685410;81,38;55,10542441;61,34532177
5375523;38,4;55,16907225;61,31212603
7773540;59,34;55,214029;61,298371
11298420;59,77;55,10908385;61,25782762
16092800;75,19;55,116768;61,249804
5372000;31,6;55,17319;61,289033
6919000;40,7;55,17282962;61,29152178
9624120;72,91;55,21316;61,30282
7008720;46,11;55,113143;61,274678
9330000;62,2;55,173447;61,321741
9440704;64,83;55,186757;61,226865
7832650;56,34;55,21355;61,30287
4047080;24,37;55,10907;61,35937
5558490;36,33;55,10907;61,35937
4978600;32,11;55,10907;61,35937
11633400;90,77;55,18742594;61,2285301
13826400;83,12;55,108254;61,249729
4600000;37,88;55,124681;61,249481
8626389;48,77;55,173372;61,36710624
11468750;62,5;55,180537;61,339986
9368541;50,22;55,15142;61,30195
7832650;56,34;55,213324;61,30255
17668800;81,8;55,115635;61,245187
8847440;59,77;55,11131;61,248762
9062580;34,59;55,16989;61,3723
17285600;95,09;55,169946;61,377931
14986950;87,9;55,17992613;61,34096187
14831300;80,59;55,17102;61,29359
7628100;54,09;55,21277904;61,30311138
6600000;41,68;55,17454;61,41601
17337600;68,8;55,16916799;61,37096213
8900000;53,49;55,17454;61,41601
7863230;56,56;55,2129;61,30134
11578140;61,25;55,10908385;61,25782762
7892420;56,77;55,172661;61,473134
11300490;93,77;55,173447;61,321741
7142064;49,45;55,173447;61,321741
6604500;38,84;55,173447;61,321741
4591763;39,54;55,173447;61,321741
15167400;59,47;55,122712;61,37265
10384499;55,7;55,169946;61,377931
5559400;36,06;55,113143;61,274678
7515540;58,25;55,10547;61,34532
12117600;50,49;55,16976;61,3722
8982013;48,29;55,173372;61,36710624
5220640;38,95;55,10547;61,34532
8681563;58,88;55,18766;61,23199
5051640;38,27;55,10547;61,34532
4763870;35,86;55,12082;61,246166
4269301;35,5;55,127295;61,260969
6311098;37,59;55,172979;61,367986
6554145;43,5;55,186743;61,232097
9936000;62,09;55,170912;61,318013
12767040;64,48;55,169946;61,377931
4971170;39,25;55,16907225;61,31212603
5117000;30,1;55,17319;61,289033
5472000;34,2;55,17319;61,289033
6405736;38;55,172805;61,365669
5594820;36,33;55,10887778;61,35977304
12060174;80,94;55,17336;61,36843
4482639;26,95;55,186743;61,232097
4168980;24,37;55,10903154;61,35920441
7207200;36,4;55,093061;61,238593
6713160;52,04;55,10547;61,34532
11110800;78,8;55,108254;61,249729
4686198;37;55,16907225;61,31212603
16646880;70,23;55,16989266;61,37174534
15445080;61,29;55,169879;61,371867
9770320;47,79;55,17908192;61,34101551
9936000;62,09;55,173447;61,321741
16221200;75,8;55,116768;61,249804
11698500;70,9;55,17230151;61,29111409
9915750;44,06;55,148498;61,363387
14957400;73,41;55,174775;61,393563
8607284;42,11;55,171077;61,377832
8387808;56,4;55,186757;61,226865
16219000;98;55,180537;61,339986
12231100;60,54;55,14799671;61,36368892
5215000;29,79;55,17319;61,289033
4168980;24,37;55,10907;61,35937
13995390;79,06;55,118179;61,253873
8714550;70,84;55,173769;61,329517
17285599;94,5;55,171745;61,377967
17028151;103,48;55,173308;61,369697
3912000;24,45;55,213324;61,30255
6792440;36,13;55,116042;61,255014
7684099;31,5;55,169946;61,377931
7863230;56,56;55,21298762;61,30193121
8681563;58,88;55,18766;61,23199
26960862;95,54;55,11193;61,325796
14535240;82,12;55,118179;61,253873
9332400;84;55,16907225;61,31212603
13745250;74,5;55,17994;61,341
8100875;70,75;55,173769;61,329517
6050000;38,58;55,17454;61,41601
6314000;41;55,172661;61,473134
3295280;24,22;55,214029;61,298371
3295280;24,22;55,214029;61,298371
5840640;40,56;55,213324;61,30255
8690000;77,61;55,12471;61,24962
9400000;57,95;55,17454;61,41601
7457977;50,59;55,18766;61,23199
8987000;65,36;55,173447;61,321741
9581660;51,75;55,171139;61,292474
5834880;40,52;55,21316;61,30282
6245691;37,59;55,172979;61,367986
7147800;36,09;55,093617;61,240075
5669500;38,09;55,173447;61,321741
5158800;42,9;55,12082;61,246166
12529590;72,3;55,160355;61,431929
8641760;58,61;55,186757;61,226865
7282500;58,25;55,10547;61,34532
11874075;93,12;55,17360031;61,32317977
8858104,8;47,79;55,16002;61,43216
36016931;141,08;55,11145;61,32772
10327562;63,65;55,172805;61,365669
6715500;40,7;55,17319;61,289033
14023920;98,76;55,250895;61,24728
6110000;48,47;55,12719;61,622804
12126287;103,94;55,173447;61,321741
5493984;45,29;55,125443;61,254763
9555000;73,5;55,173447;61,321741
10960110;56,7;55,17992613;61,34096187
12171600;62,09;55,160746;61,431749
8191450;39,09;55,17992613;61,34096187
6650000;43,29;55,17454;61,41601
4269301;35,5;55,113138;61,274687
6340034;38;55,172979;61,367986
10406000;67,62;55,18722;61,22869
14103000;78,4;55,157389;61,402709
32280000;107,66;55,157305;61,411689
6488000;46,65;55,121705;61,247684
7832650;56,34;55,21355;61,30287
7667000;45,09;55,17230151;61,29111409
10881000;55,79;55,16063;61,43206
5834880;40,52;55,213324;61,30255
8709573;59,08;55,186743;61,232097
8745000;53;55,17319;61,289033
7889000;56,34;55,2129;61,30134
13245584;79,3;55,170065;61,294848
3912000;24,45;55,213324;61,30255
5600000;32,52;55,173769;61,329517
7773540;59,34;55,214029;61,298371
9915750;44,06;55,148498;61,363387
13821660;74,3;55,11713;61,24662
5933000;34,9;55,17319;61,289033
6786800;36,09;55,118179;61,253873
7953000;48,61;55,108254;61,249729
12806088;72,65;55,17349829;61,36949225
7244160;34,29;55,180537;61,339986
5948800;34,11;55,124205;61,247631
11827620;62,58;55,10849233;61,25690017
4168980;24,37;55,10903154;61,35920441
12806088;72,65;55,173308;61,369697
8397760;86,59;55,103719;61,251798
6366030;47,75;55,16907225;61,31212603
8288000;59,2;55,170912;61,318013
4615380;29,96;55,17096;61,434045
12498000;104,05;55,173447;61,321741
23802000;105,09;55,122712;61,37265
15613700;80,9;55,095343;61,241692
4229113;36,93;55,08973;61,23944
4490965;37;55,173447;61,321741
9838250;72,09;55,110934;61,352464
10190000;74,8;55,16814;61,53102
12513900;59,59;55,122712;61,37265
9234480;65,4;55,208243;61,188443
9188007;61,31;55,250793;61,403197
9586830;79,23;55,10547;61,34532
9915749;48,29;55,171745;61,377967
11975000;79,3;55,186104;61,226133
10122630;57,18;55,118179;61,253873
4919508;30,39;55,173447;61,321741
10156920;62,95;55,172805;61,365669
5612020;40,52;55,10222425;61,34539511
13350840;78,4;55,157389;61,402709
7667000;45,09;55,17230151;61,29111409
13350840;78,4;55,16990478;61,29537389
7519900;54,09;55,21316;61,30282
5598761;49,59;55,08973;61,23944
7709000;59,29;55,173447;61,321741
8148000;67,9;55,17343849;61,31978642
10917500;68,41;55,18641;61,22835
15987400;77,65;55,17102;61,29359
9010000;53;55,17230151;61,29111409
5439000;38,84;55,170912;61,318013
12067000;57,86;55,17102;61,29359
12038796;103,19;55,173447;61,321741
7679000;54,84;55,173447;61,321741
7207200;36,4;55,093617;61,240075
7559697;51,27;55,18692;61,23104
5594820;36,33;55,111258;61,357638
6311098;37,59;55,172979;61,367986
8712030;60,79;55,10941;61,35114
6702500;38,29;55,17319;61,289033
16453140;80,88;55,178617;61,359747
15517200;80,4;55,09659;61,243812
13018250;60,54;55,122712;61,37265
4883725;32,45;55,10231;61,34543
9038800;47,2;55,180537;61,339986
13821660;74,3;55,10908385;61,25782762
12397440;70,4;55,16011945;61,43196358
7982509;68,31;55,13106596;61,26330208
9424990;76,13;55,08973;61,23944
8310000;66,05;55,121705;61,247684
8860320;35,15;55,169879;61,371867
6495400;46,5;55,173447;61,321741
6565200;47;55,170912;61,318013
15424200;90,19;55,208243;61,188443
6136305;37,52;55,172979;61,367986
3879900;23,95;55,10903154;61,35920441
12233970;64,73;55,10908385;61,25782762
12999700;53,06;55,14897983;61,36362455
6441906;37,77;55,17299;61,37108
12150000;90;55,1384635;61,45219134
11298420;59,77;55,11713;61,24662
11513900;62,45;55,174775;61,393563
6134452;37,77;55,172979;61,367986
9368476;67,02;55,17360031;61,32317977
7889000;56,34;55,21335569;61,30290753
36580000;107,66;55,15713553;61,41171927
5177025;36,33;55,10231;61,34543
5712100;40,9;55,16382;61,43562
7542500;43,09;55,108254;61,249729
12785500;98,34;55,250895;61,24728
5479320;41,5;55,10542441;61,34532177
5840640;40,56;55,21316;61,30282
9695400;44,06;55,122712;61,37265
4621150;31,87;55,214029;61,298371
8683038;58,9;55,18748;61,2327
31589408;118,69;55,11145;61,32772
5839580;49,38;55,13106596;61,26330208
5232500;29,89;55,17230151;61,29111409
5418000;30,1;55,17230151;61,29111409
6250000;35;55,11611;61,45367
12167580;51,34;55,16976;61,3722
7319000;56,29;55,170912;61,318013
7889000;56,34;55,21355;61,30287
9718500;64,95;55,18641;61,22835
5669500;38,09;55,173447;61,321741
18659258;118;55,16990478;61,29537389
4342447;26,95;55,186757;61,226865
7224000;60,2;55,17306391;61,31981861
5669500;38,09;55,170912;61,318013
7124133;51,29;55,18748227;61,23197736
5045500;42,9;55,12082;61,246166
18440400;96,8;55,17928;61,34155
12679680;99,83;55,250895;61,24728
5282200;44,02;55,121263;61,242779
6896500;53,04;55,173447;61,321741
7122100;33,5;55,16011945;61,43196358
5226977;30,39;55,173447;61,321741
9204576;62,61;55,17336;61,36843
11773368;72,65;55,17349829;61,36949225
5267500;30,1;55,17230151;61,29111409
17820000;82,5;55,115635;61,245187
11188729;70,9;55,158549;61,468086
16260000;56,56;55,11193;61,325796
7026694;50,2;55,18748227;61,23197736
6552638;43,49;55,186743;61,232097
10877300;53,06;55,122712;61,37265
6600000;41,86;55,17446777;61,41569903
6554145;43,5;55,18692;61,23104
9838250;72;55,11098;61,35252
10381470;57,9;55,160355;61,431929
9512170;44,2;55,16990478;61,29537389
24468462;87,9;55,11145;61,32772
6564960;30,79;55,17128914;61,29316285
16156320;91,75;55,17128914;61,29316285
12170600;80,59;55,113143;61,274678
9345000;66,75;55,173447;61,321741
6680000;37;55,197718;61,185027
9818200;70,12;55,21355;61,30287
7832650;56,34;55,21355;61,30287
12053000;70,9;55,17319;61,289033
7460926;50,61;55,18748;61,2327
5767730;35,24;55,18766;61,23199
10849260;74,3;55,11131;61,248762
7558900;53,79;55,16907225;61,31212603
8929804;47,79;55,16011945;61,43196358
4269301;35,5;55,113138;61,274687
4595203;39,9;55,127295;61,260969
6110000;48,47;55,12719;61,622804
5190616;46,2;55,125922;61,253945
11800000;86,62;55,13655;61,42469
10150000;59,75;55,115574;61,450108
8792300;35,79;55,17102;61,29359
11517700;75;55,182297;61,234912
7863230;56,56;55,21298762;61,30193121
9654400;43,09;55,114023;61,25137
10174780;66,06;55,171077;61,377832
6351641;38,16;55,172805;61,365669
8397760;86,59;55,103719;61,251798
17371466;106,3;55,157389;61,402709
6351641;38,16;55,172805;61,365669
9680000;60,5;55,17319;61,289033
6173860;40,09;55,11131;61,248762
12441000;85,8;55,208243;61,188443
55766200;182,89;55,170065;61,294848
7683886;46,7;55,250793;61,403197
6351625;38,18;55,17336;61,36843
9439200;62,22;55,113143;61,274678
6545000;38,5;55,17230151;61,29111409
33783750;123,75;55,16916799;61,37096213
8844000;53,59;55,17230151;61,29111409
6311098;37,59;55,172805;61,365669
9313920;48,5;55,114982;61,244986
6792440;36,13;55,116042;61,255014
9061942;44,2;55,170065;61,294848
10207400;72,91;55,21277904;61,30311138
12123800;93,26;55,250895;61,24728
8324799;33,7;55,169946;61,377931
14535240;82,12;55,118179;61,253873
13009650;60,5;55,122712;61,37265
5201250;36,5;55,10231;61,34543
12260320;80,66;55,113143;61,274678
4781280;44,7;55,10314;61,247069
9299070;83,69;55,173447;61,321741
3138890;27,45;55,12719;61,622804
12049340;60,95;55,171139;61,292474
11615940;61,45;55,11713;61,24662
17249200;59,47;55,122712;61,37265
13821660;74,3;55,11713;61,24662
14943240;80,33;55,114982;61,244986
15980000;53,97;55,15713553;61,41171927
9600000;70,84;55,173769;61,329517
11670152;80,61;55,172979;61,367986
5725500;34,7;55,17282962;61,29152178
10819000;69,8;55,17282962;61,29152178
4168980;24,37;55,10903154;61,35920441
6913080;33,29;55,16011945;61,43196358
9838250;72,19;55,11098;61,35252
5868000;40,75;55,2129;61,30134
11975040;49,27;55,16976;61,3722
18855720;79,55;55,16989266;61,37174534
6134425;37,59;55,172979;61,367986
6542000;67,9;55,103719;61,251798
8847440;59,77;55,11131;61,248762
10285000;60,5;55,17319;61,289033
7167600;36,2;55,093617;61,240075
7362000;61,34;55,17343849;61,31978642
6760480;35,95;55,116042;61,255014
7684099;31,29;55,171745;61,377967
21795780;83,19;55,169879;61,371867
14606040;82,51;55,118179;61,253873
12709200;60,52;55,148498;61,363387
9506000;41,95;55,17128914;61,29316285
8350000;47,68;55,11612993;61,45367541
9443070;34,59;55,16916799;61,37096213
4269301;35,5;55,113138;61,274687
11771790;49,66;55,16976;61,3722
6126248;54,16;55,08973;61,23944
7027900;35,5;55,18707;61,22825
13730000;91,65;55,197718;61,185027
5933000;34,9;55,17319;61,289033
8344063;49,59;55,172805;61,365669
9698910;50,7;55,16011945;61,43196358
6285800;37,79;55,17336;61,36843
7387595;51,15;55,16907225;61,31212603
10751650;59,5;55,16002;61,43216
6311111;37,77;55,172805;61,365669
9975550;64,59;55,182297;61,234912
9313920;48,5;55,114982;61,244986
4769068;31,5;55,18710168;61,23087229
9743962;88,59;55,125922;61,253945
6682766;37,81;55,17336;61,36843
8481000;51,4;55,17319;61,289033
12193400;59,47;55,14799671;61,36368892
4731844;31,54;55,173447;61,321741
8976000;56,09;55,173447;61,321741
11670152;80,61;55,17336;61,36843
7712640;40,16;55,10908385;61,25782762
7752500;44,29;55,17230151;61,29111409
5267500;30,1;55,17319;61,289033
7515540;58,25;55,10547;61,34532
11719800;91,83;55,186378;61,226709
4420600;28,52;55,250895;61,24728
9913650;46,11;55,1485743;61,36363528
5840640;40,56;55,21316;61,30282
7851279;67,61;55,08973;61,23944
5804687;40,9;55,16382;61,43562
6417447;38,18;55,172805;61,365669
19051753;106,3;55,16990478;61,29537389
5278500;39,09;55,17306391;61,31981861
7979202;59,84;55,173447;61,321741
7974000;44,29;55,17230151;61,29111409
6743000;36,02;55,186378;61,226709
7790920;63,86;55,13106596;61,26330208
8946540;64,83;55,108254;61,249729
8990000;51,91;55,11612993;61,45367541
6245691;37,59;55,172805;61,365669
4595203;39,9;55,113138;61,274687
7851279;67,61;55,08973;61,23944
5011600;37,4;55,250895;61,24728
5441360;40;55,10542441;61,34532177
5051640;38,27;55,10547;61,34532
11750000;84,25;55,17446777;61,41569903
7055014;60,08;55,08973;61,23944
13970750;59,45;55,148498;61,363387
10576800;44,06;55,148498;61,363387
5868000;40,75;55,21335569;61,30290753
8889657;44,09;55,16990478;61,29537389
11892260;82,69;55,208243;61,188443
5372850;36,54;55,108254;61,249729
10144000;63,4;55,173781;61,329179
9798611;50,58;55,15142;61,30195
7983100;42,34;55,17128914;61,29316285
4639536;28,6;55,173447;61,321741
5083000;39,09;55,17306391;61,31981861
4804216;35;55,121705;61,247684
18773380;88,8;55,17128914;61,29316285
9100000;77,4;55,124681;61,249481
10894050;56,29;55,180537;61,339986
5000000;42,29;55,243988;61,253829
7628100;54,09;55,213324;61,30255
9229550;44,15;55,178617;61,359747
12234830;52,5;55,16989266;61,37174534
5729000;38,5;55,170912;61,318013
5418000;30,1;55,17319;61,289033
8171405;73,55;55,16907225;61,31212603
10528395;74,66;55,25239182;61,38401031
7287280;50,04;55,186757;61,226865
5006500;32,29;55,10907;61,35937
14535240;82,12;55,118179;61,253873
4256000;35,4;55,113138;61,274687
9827000;63,4;55,173769;61,329517
10271800;67,66;55,18641;61,22835
9161594;54,77;55,250793;61,403197
7694273;46,77;55,17336;61,36843
11845000;47,38;55,1485743;61,36363528
6664870;32,56;55,171139;61,292474
11148400;59,29;55,115985;61,253505
8800000;51,91;55,11612993;61,45367541
7889000;56,34;55,21335569;61,30290753
8185840;46,29;55,171077;61,377832
4379562;28,79;55,170912;61,318013
12918060;100,13;55,250895;61,24728
17371466;106,3;55,157389;61,402709
12126287;103,94;55,173447;61,321741
12601380;67,09;55,17928;61,34155
11893840;53,59;55,160355;61,431929
14293520;80,8;55,16011945;61,43196358
6351853;36,97;55,17336;61,36843
6128370;41,13;55,111258;61,357638
10752000;60;55,16011945;61,43196358
7154416;58;55,125443;61,254763
11615940;61,45;55,10908385;61,25782762
12656000;79,09;55,17282962;61,29152178
5313280;41,5;55,10542441;61,34532177
5312000;33,2;55,17282962;61,29152178
13256999;78,9;55,171745;61,377967
4193360;24,37;55,111258;61,357638
10144200;46,11;55,1485743;61,36363528
13708000;74,5;55,17992613;61,34096187
10384500;55,5;55,169946;61,377931
6283200;29,92;55,169946;61,377931
9090900;68,15;55,186378;61,226709
17016160;107,43;55,173308;61,369697
3295280;24,22;55,214029;61,298371
9261725;60,79;55,172805;61,365669
5201250;36,5;55,10231;61,34543
18052892;93,83;55,169946;61,377931
22669169;83,41;55,11145;61,32772
7327000;43,09;55,17230151;61,29111409
6050000;38,58;55,17446777;61,41569903
6545000;38,5;55,17319;61,289033
17821667;107,31;55,17349829;61,36949225
5137486;36,7;55,173447;61,321741
8976000;56,09;55,170912;61,318013
10324800;47,79;55,112625;61,250663
10967620;66,06;55,171077;61,377832
5364000;29,79;55,17230151;61,29111409
12260320;80,66;55,113143;61,274678
10920000;43,68;55,14897983;61,36362455
17553600;82,8;55,112625;61,250663
5544000;36,06;55,113143;61,274678
8083740;60,77;55,10542441;61,34532177
11265000;75,09;55,173781;61,329179
11550019;80,09;55,172979;61,367986
12323400;53,58;55,148498;61,363387
11251800;53,58;55,14799671;61,36368892
8432000;52,7;55,17282962;61,29152178
4177880;24,29;55,111258;61,357638
9175801;48,15;55,173372;61,36710624
10781400;59,5;55,16011945;61,43196358
13398000;94,19;55,16907225;61,31212603
8364000;49,2;55,17319;61,289033
6554145;43,5;55,186757;61,226865
9443070;34,59;55,16989;61,3723
7017150;40,5;55,182297;61,234912
7141200;35,5;55,18707;61,22825
10159050;77,55;55,111258;61,357638
8908800;46,4;55,17994;61,341
6150000;38,77;55,17454;61,41601
17109345;106,69;55,170065;61,294848
7892500;45,09;55,17319;61,289033
9352398;70,15;55,16907225;61,31212603
13995390;79,06;55,118179;61,253873
6050000;38,58;55,17454;61,41601
7872000;49,2;55,17319;61,289033
13176300;78,9;55,108254;61,249729
28710000;98,29;55,157305;61,411689
16114200;75,3;55,116768;61,249804
9269910;79,23;55,10547;61,34532
4709473;31,39;55,173447;61,321741
11698500;70,9;55,17230151;61,29111409
7558900;53,79;55,173447;61,321741
4978600;32,11;55,10903154;61,35920441
11167200;59,4;55,116062;61,253549
7880000;63,04;55,10547;61,34532
7919800;56,56;55,213324;61,30255
5517900;35,88;55,18742594;61,2285301
5372000;31,6;55,17230151;61,29111409
20201220;126,09;55,17908192;61,34101551
19590000;105,08;55,197718;61,185027
5609500;37,45;55,170912;61,318013
6405736;38;55,172805;61,365669
7081800;46,65;55,120405;61,245889
5130000;46,65;55,124681;61,249481
4401000;24,45;55,213324;61,30255
14952960;79,25;55,118179;61,253873
8328320;56;55,18692;61,23104
6896500;53,04;55,170912;61,318013
6700000;42,04;55,17446777;61,41569903
5190616;46,2;55,127295;61,260969
10693931;83,69;55,16907225;61,31212603
9112000;53,59;55,17319;61,289033
6351647;37,79;55,172979;61,367986
10298600;58,81;55,167798;61,308043
10306710;58,22;55,116042;61,255014
11066400;46,11;55,1485743;61,36363528
5115650;36,7;55,173447;61,321741
10122060;68,3;55,208243;61,188443
9443070;34,59;55,169879;61,371867
18661380;78,73;55,16989266;61,37174534
11996000;59,97;55,122712;61,37265
5669500;38,09;55,170912;61,318013
6664000;39,2;55,17319;61,289033
5439000;38,84;55,170912;61,318013
7542500;43,09;55,17319;61,289033
9951900;47,38;55,14799671;61,36368892
18705811;106,3;55,16990478;61,29537389
6041903;39,41;55,18766;61,23199
6366030;47,75;55,173447;61,321741
5403460;38,59;55,173447;61,321741
7187400;36,29;55,093617;61,240075
6340056;37,81;55,172979;61,367986
4379562;28,79;55,170912;61,318013
7639125;82,59;55,10314;61,247069
8452500;56,34;55,21335569;61,30290753
16228538;102,59;55,170065;61,294848
11874075;93,12;55,17360031;61,32317977
9459120;71,66;55,213324;61,30255
7774000;59,79;55,173447;61,321741
3982000;25,75;55,121033;61,242418
7985250;68,25;55,18672;61,23403
6650000;43,29;55,17446777;61,41569903
3655790;32,24;55,13106596;61,26330208
5267500;30,1;55,17230151;61,29111409
14929999;74,8;55,169946;61,377931
7616000;44,79;55,17230151;61,29111409
9443070;34,59;55,169879;61,371867
5303470;31,2;55,173447;61,321741
12144400;67,48;55,17469173;61,39388388
15536500;80,5;55,093679;61,243624
8417552;56,59;55,186757;61,226865
11511212;103,8;55,173447;61,321741
27100000;105,05;55,11145;61,32772
16063220;61,31;55,16916799;61,37096213
9917950;46,13;55,122712;61,37265
5434000;37,5;55,121033;61,242418
13376250;59,45;55,122712;61,37265
7327000;43,09;55,17319;61,289033
7858400;37,59;55,17994;61,341
24671584;87,75;55,11145;61,32772
5868000;40,75;55,21355;61,30287
7235917;49,11;55,172979;61,367986
5117000;30,1;55,17230151;61,29111409
7028099;32,7;55,171745;61,377967
5644000;33,2;55,17319;61,289033
4403000;25,27;55,18717966;61,22635491
5780824;35,31;55,186757;61,226865
10150016;88,59;55,125922;61,253945
4193360;24,37;55,10854;61,35956
11140483;71,69;55,172979;61,367986
4168980;24,37;55,10907;61,35937
9917523;52,04;55,173447;61,321741
13749740;81,91;55,173372;61,36710624
7628100;54,09;55,213324;61,30255
10303200;48,59;55,112625;61,250663
7662907;66,09;55,125436;61,254759
9587160;72,62;55,213324;61,30255
10756200;54,59;55,17928;61,34155
16015670;91,75;55,17128914;61,29316285
6900000;43,08;55,13655;61,42469
5045500;42,9;55,121705;61,247684
13926500;60,54;55,14799671;61,36368892
9465600;46,4;55,17994;61,341
6550000;37;55,197718;61,185027
10605280;77,98;55,10887778;61,35977304
20527700;78,34;55,169879;61,371867
6239000;36,7;55,170912;61,318013
7319000;56,29;55,173447;61,321741
5184000;32,4;55,17282962;61,29152178
9568000;73,59;55,170912;61,318013
9661499;48,5;55,171745;61,377967
6706500;39,45;55,170912;61,318013
14411970;60,81;55,16976;61,3722
5874000;44,02;55,121033;61,242418
36469050;166,69;55,14799671;61,36368892
7559697;51,27;55,18692;61,23104
8171405;73,55;55,16907225;61,31212603
9538946;76,05;55,173447;61,321741
7519900;54,09;55,213324;61,30255
12136770;51,2;55,16989266;61,37174534
11578140;61,25;55,114982;61,244986
14831300;88,84;55,17205061;61,29205778
14221130;80,3;55,160355;61,431929
5006500;32,29;55,10907;61,35937
5868000;40,75;55,21298762;61,30193121
5643000;34,2;55,17319;61,289033
7889000;56,34;55,2129;61,30134
8288000;59,2;55,173447;61,321741
7387595;51,15;55,16907225;61,31212603
7380090;57,2;55,10547;61,34532
3655790;32,24;55,13106596;61,26330208
4168980;24,37;55,111258;61,357638
3434213;29,69;55,13106596;61,26330208
12770850;44,81;55,122712;61,37265
15671600;81,19;55,095451;61,246004
8897990;54,77;55,250793;61,403197
4978600;32,11;55,111258;61,357638
21841490;100,51;55,178617;61,359747
5594820;36,33;55,10854;61,35956
9775900;71,69;55,11098;61,35252
6964860;32,2;55,160355;61,431929
8068500;48,93;55,108254;61,249729
6201607;37,52;55,172805;61,365669
9493900;70,84;55,173769;61,329517
8789180;59,61;55,18692;61,23104
8107650;38,7;55,16011945;61,43196358
8840700;64,83;55,186378;61,226709
9449982;57,68;55,250793;61,403197
6604500;38,84;55,173447;61,321741
5678500;41;55,10231;61,34543
19566160;72,98;55,16989;61,3723
6314000;41;55,1726;61,47311
10430000;68,41;55,18717966;61,22635491
15594400;80,8;55,093061;61,238593
6041903;39,41;55,18766;61,23199
15997800;58,59;55,16989;61,3723
21785300;83,15;55,16989;61,3723
13290480;75,59;55,160355;61,431929
5678500;41;55,104096;61,350497
5577000;33,79;55,17282962;61,29152178
11232000;60;55,160355;61,431929
6738720;48,47;55,213324;61,30255
7952849;32,59;55,171745;61,377967
5699200;38,29;55,173447;61,321741
6600000;37,34;55,11611;61,45367
7399020;58,25;55,10547;61,34532
7659512;59,95;55,173447;61,321741
10819000;69,8;55,17282962;61,29152178
5933000;34,9;55,17319;61,289033
6136305;37,52;55,172979;61,367986
14505568;86,3;55,17019956;61,29454777
7919800;56,56;55,213324;61,30255
11676180;79,37;55,108254;61,249729
7029600;48,47;55,21277904;61,30311138
6405732;37,81;55,17299;61,37108
6797000;48,54;55,170912;61,318013
5115650;36,7;55,173447;61,321741
13494640;69,55;55,171077;61,377832
9096080;61,45;55,11131;61,248762
28308000;100,87;55,11205672;61,32504179
5456239;27,8;55,172979;61,371274
12486000;104,05;55,173447;61,321741
11578140;61,25;55,114982;61,244986
7696000;59,2;55,170912;61,318013
5181000;33,81;55,121033;61,242418
3869470;24,26;55,10231;61,34543
12708700;76,09;55,108254;61,249729
10154025;70,86;55,172805;61,365669
6351647;37,79;55,172805;61,365669
9818200;70,12;55,21298762;61,30193121
24589724;87,48;55,11193;61,325796
4978600;32,11;55,10907;61,35937
6417457;37,79;55,17299;61,37108
6358000;35,22;55,18722;61,22869
8792235;41,2;55,170065;61,294848
7962180;60,77;55,10542441;61,34532177
10225740;51,75;55,171139;61,292474
5599000;49,99;55,12471;61,24962
11663614;74,19;55,158549;61,468086
7756800;40,4;55,114982;61,244986
9062580;34,59;55,16989;61,3723
23390000;76,91;55,157305;61,411689
12793520;81,8;55,171077;61,377832
32553500;124,25;55,169879;61,371867
9914520;64,37;55,171077;61,377832
6304880;61,7;55,10314;61,247069
6314000;41;55,1726;61,47311
8590000;77,4;55,12471;61,24962
7295937;59,7;55,173447;61,321741
5232500;29,89;55,17230151;61,29111409
6351630;37,79;55,172979;61,367986
5678500;41;55,10231;61,34543
8594298;60,9;55,16382;61,43562
5192000;35,91;55,121033;61,242418
9100000;76,84;55,124681;61,249481
6222000;36,59;55,173447;61,321741
12539800;68,9;55,180537;61,339986
9586830;79,23;55,10547;61,34532
15353200;58,59;55,16989;61,3723
7616000;44,79;55,17230151;61,29111409
5688800;43,75;55,250895;61,24728
17798400;82,4;55,112625;61,250663
5372850;36,54;55,108254;61,249729
14695500;85,59;55,17205061;61,29205778
5280000;33;55,17319;61,289033
7863230;56,56;55,21335569;61,30290753
6245691;37,59;55,172979;61,367986
11167200;79,19;55,108254;61,249729
11996000;59,97;55,14897983;61,36362455
9691360;81,44;55,10542441;61,34532177
6218150;41,27;55,18766;61,23199
9459120;71,66;55,21277904;61,30311138
4256015;35,29;55,127295;61,260969
4168980;24,37;55,10903154;61,35920441
12100000;86,08;55,1384635;61,45219134
10207400;72,91;55,21316;61,30282
10537500;70,25;55,173447;61,321741
9696930;65,55;55,250793;61,403197
4754639;39,65;55,08973;61,23944
8607284;42,11;55,171077;61,377832
15353200;58,59;55,16989;61,3723
14631800;93,19;55,182297;61,234912
9581660;51,75;55,17128914;61,29316285
6682000;51,4;55,17343849;61,31978642
7872000;49,2;55,17282962;61,29152178
6262905;51,15;55,173447;61,321741
4301480;37,22;55,13106596;61,26330208
5006500;32,29;55,10907;61,35937
8148000;67,9;55,17343849;61,31978642
9366500;38,22;55,17179;61,29243
6350000;35;55,11611;61,45367
5933000;34,9;55,17319;61,289033
26764500;108,62;55,11205672;61,32504179
5182990;40,97;55,12719;61,622804
12175200;71,19;55,17994;61,341
19744200;78,34;55,16916799;61,37096213
9962810;69,66;55,17096;61,434045
13546500;82,84;55,108254;61,249729
7773540;59,34;55,214029;61,298371
7832650;56,34;55,213324;61,30255
8107000;48,54;55,186378;61,226709
7154416;58;55,113138;61,274687
14304000;59,59;55,14799671;61,36368892
10198360;61,5;55,17299;61,37108
11849994;80,09;55,172979;61,371274
4193360;24,37;55,10854;61,35956
27560000;106,05;55,11145;61,32772
5372850;36,54;55,108254;61,249729
7574000;54,09;55,21277904;61,30311138
4919508;30,39;55,170912;61,318013
12891400;59,95;55,122712;61,37265
5066000;29,79;55,17319;61,289033
5215000;29,79;55,17230151;61,29111409
7798380;56,5;55,108254;61,249729
7530213;51,08;55,18692;61,23104
11289600;63;55,16011945;61,43196358
7743360;40,33;55,11713;61,24662
12806088;72,65;55,172805;61,365669
9047500;51,7;55,17319;61,289033
12424280;51,34;55,16989266;61,37174534
22904084;122,08;55,171077;61,377832
17712200;106,69;55,170065;61,294848
16505520;85,08;55,108256;61,249732
4056430;24,29;55,111258;61,357638
9374000;70,84;55,173769;61,329517
8118000;45,09;55,17230151;61,29111409
12811850;59,59;55,122712;61,37265
8432000;52,7;55,17319;61,289033
8952130;53,09;55,17128914;61,29316285
6257549;27,39;55,171745;61,377967
12448800;43,68;55,14897983;61,36362455
13919600;60,52;55,148498;61,363387
8452500;56,34;55,21298762;61,30193121
9330640;50,7;55,15142;61,30195
6835680;48,47;55,213324;61,30255
9945936;68,3;55,186743;61,232097
9915749;48,29;55,169946;61,377931
10214876;71,16;55,172805;61,365669
6680747;37,36;55,17336;61,36843
10306710;58,22;55,116042;61,255014
10767000;59,75;55,171139;61,292474
4762049;31,75;55,16907225;61,31212603
21879620;81,8;55,16989;61,3723
10493460;58,18;55,17205061;61,29205778
9022536;47,79;55,16011945;61,43196358
8148000;67,9;55,17343849;61,31978642
9485630;40,27;55,178617;61,359747
10448380;58,59;55,16011945;61,43196358
7889000;56,34;55,21335569;61,30290753
10299344;61,15;55,171077;61,377832
6838000;70,8;55,103719;61,251798
8714550;70,84;55,173769;61,329517
12703730;103,94;55,173447;61,321741
4929507;28,6;55,173447;61,321741
5839580;49,38;55,13106596;61,26330208
14975970;79,37;55,116042;61,255014
8935648;54,77;55,250793;61,403197
3655790;32,24;55,13106596;61,26330208
6275468;51,34;55,16907225;61,31212603
5609500;37,45;55,170912;61,318013
5409420;40,52;55,10231;61,34543
23710781;125,69;55,157389;61,402709
10006840;64,8;55,182297;61,234912
12167580;51,34;55,16976;61,3722
7224000;60,2;55,17306391;61,31981861
10610240;56,79;55,17994;61,341
7751040;40,36;55,10849233;61,25690017
7952849;32,9;55,169946;61,377931
10605280;77,98;55,10887778;61,35977304
20496260;78,23;55,169879;61,371867
9900000;61,34;55,11547808;61,45024218
4395601;36,93;55,08973;61,23944
6057430;60,9;55,10314;61,247069
5418000;30,1;55,17319;61,289033
6611899;31,79;55,171745;61,377967
4578200;26,84;55,18606474;61,2272569
21024360;83,43;55,169879;61,371867
4168980;24,37;55,10907;61,35937
13821660;74,3;55,10908385;61,25782762
3655790;32,24;55,13106596;61,26330208
6871400;36,54;55,116042;61,255014
13459896;79;55,16990478;61,29537389
8405580;60,9;55,108254;61,249729
5824500;35,29;55,17282962;61,29152178
17536200;106,3;55,170065;61,294848
7743360;40,33;55,11713;61,24662
6340034;38;55,172805;61,365669
12391500;75,09;55,17319;61,289033
9374000;70,84;55,173769;61,329517
9200000;77,4;55,124681;61,249481
38031600;166,69;55,14799671;61,36368892
4686198;37;55,16907225;61,31212603
7040692;50,29;55,18748227;61,23197736
6366030;47,75;55,16907225;61,31212603
15632100;80,65;55,17179;61,29243
17511200;82,59;55,115635;61,245187
9693999;46,5;55,171745;61,377967
9624120;72,91;55,21316;61,30282
17513724;103,41;55,173308;61,369697
5901120;40,97;55,21316;61,30282
5128180;38,27;55,10547;61,34532
12323400;53,58;55,122712;61,37265
12707100;60,5;55,1485743;61,36363528
16321200;93,8;55,16011945;61,43196358
11615940;61,45;55,10908385;61,25782762
25192244;124,4;55,157389;61,402709
6682766;37,81;55,172979;61,367986
11082000;60;55,16002;61,43216
9579000;58,11;55,186378;61,226709
7062930;33,29;55,16002;61,43216
12703730;103,94;55,16907225;61,31212603
7810756;40,75;55,15142;61,30195
8590000;76,84;55,12471;61,24962
14813980;81,8;55,16011945;61,43196358
7743360;40,33;55,10908385;61,25782762
6928900;26,18;55,17179;61,29243
9269910;79,23;55,10547;61,34532
6939080;36,9;55,118179;61,253873
5363525;35,09;55,18710168;61,23087229
10012500;66,75;55,173447;61,321741
6978673;50,04;55,187887;61,231487
8860320;35,15;55,16989;61,3723
17337600;68,8;55,16989;61,3723
5899000;34,7;55,17282962;61,29152178
5285000;30,2;55,17319;61,289033
9848280;67,3;55,11098;61,35252
6245691;37,59;55,172805;61,365669
9269910;79,23;55,10547;61,34532
10220890;56;55,171139;61,292474
22626235;125,19;55,170065;61,294848
9781480;51,29;55,171139;61,292474
6245714;37,77;55,172979;61,367986
12233970;64,73;55,11713;61,24662
12692000;76;55,108254;61,249729
9443070;34,59;55,16916799;61,37096213
5669500;38,09;55,170912;61,318013
5262500;42,09;55,17306391;61,31981861
7952850;32,79;55,171745;61,377967
4945869;39,04;55,16907225;61,31212603
18055720;73,22;55,16989;61,3723
13321000;60,54;55,122712;61,37265
13415478;78,3;55,17019956;61,29454777
9299031;51,7;55,157389;61,402709
7110246;51,65;55,187887;61,231487
9269910;79,23;55,10547;61,34532
7927820;46,7;55,250793;61,403197
9366946;41,2;55,157389;61,402709
5612020;40,52;55,10222425;61,34539511
7832650;56,34;55,21355;61,30287
10623640;57,79;55,17994;61,341
5467000;39,04;55,170912;61,318013
15498150;83,09;55,17928;61,34155
30170790;125,19;55,16916799;61,37096213
7520240;51,65;55,18766;61,23199
10154025;70,86;55,17336;61,36843
7460926;50,61;55,18748;61,2327
17041998;106,3;55,170065;61,294848
6311098;37,59;55,172805;61,365669
7892500;45,09;55,17230151;61,29111409
5725500;34,7;55,17282962;61,29152178
7142064;49,45;55,173447;61,321741
6245714;37,77;55,17336;61,36843
9459120;71,66;55,21277904;61,30311138
8246000;58,9;55,170912;61,318013
9787000;69,66;55,18692798;61,22776039
15167400;59,47;55,122712;61,37265
4435180;45,4;55,103719;61,251798
5219840;40,77;55,10542441;61,34532177
7979202;59,84;55,16907225;61,31212603
4642036;30,7;55,173447;61,321741
9283500;69,26;55,18742594;61,2285301
4193360;24,37;55,10854;61,35956
18359870;106,3;55,170065;61,294848
6913000;44,59;55,173769;61,329517
9587160;72,62;55,213324;61,30255
17108696;86,59;55,170065;61,294848
8185840;46,29;55,169946;61,377931
10693931;83,69;55,16907225;61,31212603
9078000;53,4;55,17230151;61,29111409
11734380;93,12;55,17360031;61,32317977
7561633;46,77;55,172979;61,367986
12703730;103,94;55,173447;61,321741
5418000;30,1;55,17230151;61,29111409
10810000;74,95;55,186378;61,226709
10810852;71,69;55,172979;61,367986
10840550;46,13;55,148498;61,363387
19744200;78,34;55,169879;61,371867
12084450;47,38;55,14799671;61,36368892
12125300;80,59;55,113143;61,274678
5143520;37,81;55,10547;61,34532
8793050;38,33;55,171139;61,292474
7198985;66,19;55,126456;61,255112
8704000;51,2;55,17282962;61,29152178
14411970;60,81;55,16989266;61,37174534
7839600;56,4;55,10854;61,35956
8285976;41,09;55,157389;61,402709
6071040;37,52;55,17336;61,36843
5590200;36,29;55,113143;61,274678
5495050;42,9;55,120405;61,245889
18638999;99,4;55,169946;61,377931
9956000;46,5;55,169946;61,377931
8112000;67,59;55,17343849;61,31978642
5586030;36,5;55,10907;61,35937
10998900;60,59;55,180537;61,339986
5017579;38,59;55,16907225;61,31212603
17513724;103,41;55,173308;61,369697
9512170;44,2;55,170065;61,294848
6136302;37,9;55,17336;61,36843
7025300;40,43;55,182297;61,234912
5045500;42,9;55,121705;61,247684
8049600;38,7;55,16002;61,43216
5467000;39,04;55,170912;61,318013
9300000;77,4;55,124681;61,249481
4831840;38,15;55,16907225;61,31212603
12020140;49,66;55,16976;61,3722
7912104;66,09;55,125443;61,254763
12551800;70,86;55,17469173;61,39388388
4709529;31,39;55,173447;61,321741
5584000;34,9;55,17282962;61,29152178
9956520;52,68;55,10908385;61,25782762
12215900;80,56;55,113143;61,274678
3295280;24,22;55,214029;61,298371
4642685;38,34;55,16907225;61,31212603
4709473;31,2;55,16907225;61,31212603
6511000;38,29;55,17319;61,289033
9443070;34,59;55,16916799;61,37096213
6450000;41,72;55,17454;61,41601
6382381;42,36;55,186757;61,226865
5661515;48,7;55,08973;61,23944
8789000;51,7;55,17319;61,289033
11265000;75,09;55,173769;61,329517
11203500;43,95;55,178617;61,359747
5095490;36,59;55,170912;61,318013
7169971;61,34;55,13106596;61,26330208
6616720;50,93;55,120405;61,245889
5868000;40,75;55,2129;61,30134
11015160;59,79;55,16011945;61,43196358
10774798;56,83;55,173372;61,36710624
5767730;35,24;55,18748;61,2327
3912000;24,45;55,213324;61,30255
13773436;81,79;55,171077;61,377832
7889000;56,34;55,213324;61,30255
6134425;37,59;55,172805;61,365669
6133600;29,92;55,169946;61,377931
10981750;70,84;55,173781;61,329179
10390920;52,4;55,17928;61,34155
6314000;41;55,172661;61,473134
6736798;42,43;55,25239182;61,38401031
5128180;38,27;55,10547;61,34532
4671533;28,79;55,173447;61,321741
10640000;67,05;55,197718;61,185027
7460926;50,61;55,18748;61,2327
8991450;46,11;55,09343218;61,24079687
3655790;32,24;55,13106596;61,26330208
5652625;35,61;55,252399;61,384974
6800000;42,11;55,17446777;61,41569903
6550000;43,09;55,17446777;61,41569903
8064000;44,79;55,17230151;61,29111409
5604682;35,65;55,18692;61,23104
6102750;61,59;55,103719;61,251798
5597760;38,08;55,108254;61,249729
8438001;76,05;55,16907225;61,31212603
7597500;60,77;55,10542441;61,34532177
5586030;36,5;55,10907;61,35937
7456250;59,65;55,173447;61,321741
15555800;80,59;55,095997;61,242833
6990000;45,7;55,17446777;61,41569903
3652500;24,35;55,17306391;61,31981861
7752500;44,29;55,17230151;61,29111409
7905000;46,5;55,173447;61,321741
7666976;36,43;55,169946;61,377931
9221655;52,7;55,170065;61,294848
5190616;46,2;55,127295;61,260969
7892500;45,09;55,17230151;61,29111409
10142000;69,34;55,186378;61,226709
14569000;85,69;55,17992613;61,34096187
8438001;76,05;55,173447;61,321741
15748200;80,76;55,09343218;61,24079687
7697280;40,09;55,10908385;61,25782762
4639536;28,6;55,173447;61,321741
14526150;85,69;55,17994;61,341
13821660;74,3;55,11713;61,24662
6250000;35;55,11611;61,45367
9693999;46,9;55,169946;61,377931
7700000;47,15;55,17454;61,41601
19465160;107,9;55,170065;61,294848
7661310;59,38;55,10542441;61,34532177
9827000;63,4;55,173769;61,329517
4256015;35,29;55,127295;61,260969
6138182;37,52;55,172805;61,365669
7752500;44,29;55,17230151;61,29111409
4879512;30,2;55,170912;61,318013
5578769;49,43;55,08973;61,23944
15171000;95,4;55,169946;61,377931
10835850;46,11;55,1485743;61,36363528
11039839;70,9;55,160704;61,460663
7174875;48,79;55,16382;61,43562
5800000;32,22;55,173781;61,329179
6138182;37,52;55,172979;61,367986
6041903;39,41;55,18766;61,23199
9590000;58,79;55,11612993;61,45367541
12218608;89,72;55,17299;61,37108
5868000;40,75;55,2129;61,30134
7773540;59,34;55,214029;61,298371
12703730;103,94;55,173447;61,321741
7832650;56,34;55,213324;61,30255
6222000;36,59;55,173447;61,321741
8681563;58,88;55,18766;61,23199
11773368;72,65;55,173308;61,369697
4978600;32,11;55,10903154;61,35920441
5604682;35,65;55,18692;61,23104
15555800;80,59;55,094091;61,242321
9309039;48,79;55,173372;61,36710624
5765298;40,9;55,16382;61,43562
11039839;70,9;55,160704;61,460663
6382381;42,36;55,186757;61,226865
19384890;107,31;55,17349829;61,36949225
14771160;84,59;55,16002;61,43216
10468320;57,9;55,16011945;61,43196358
6096856;37,31;55,172805;61,365669
17050660;89,26;55,178617;61,359747
8811000;53,4;55,17230151;61,29111409
9624120;72,91;55,21316;61,30282
5177025;36,33;55,10231;61,34543
5372850;36,54;55,108254;61,249729
11444674;103,19;55,16907225;61,31212603
9770320;47,79;55,17908192;61,34101551
11344000;70,9;55,17319;61,289033
5669500;38,09;55,170912;61,318013
10509950;43,95;55,178617;61,359747
9528480;81,44;55,10542441;61,34532177
6992700;40,43;55,182297;61,234912
8512000;53,2;55,17319;61,289033
14031050;70,66;55,178617;61,359747
7840620;60,77;55,10542441;61,34532177
5559400;36,06;55,113143;61,274678
6366030;47,75;55,16907225;61,31212603
8419600;39,77;55,174775;61,393563
18201600;71,09;55,166588;61,390938
10150016;88,59;55,125922;61,253945
8990987;61,31;55,250793;61,403197
6554145;43,5;55,18692;61,23104
9330000;62,2;55,173447;61,321741
12590600;69,15;55,17469173;61,39388388
7287280;50,04;55,18692;61,23104
13237950;78,09;55,180537;61,339986
4482639;26,95;55,186743;61,232097
9066480;61,25;55,11131;61,248762
7743360;40,33;55,11713;61,24662
6134452;37,77;55,17336;61,36843
10605280;77,98;55,10854;61,35956
11080020;80,29;55,108254;61,249729
6073125;61,7;55,10314;61,247069
8363850;41,09;55,16002;61,43216
12203800;53,06;55,122712;61,37265
5151000;30,29;55,17230151;61,29111409
8997950;70,84;55,173769;61,329517
5201250;36,5;55,104096;61,350497
24468462;87,9;55,11193;61,325796
8112000;67,59;55,17343849;61,31978642
11996000;59,97;55,122712;61,37265
13321000;60,54;55,14799671;61,36368892
7890000;51,13;55,16814;61,53102
3889180;23,86;55,10854;61,35956
9480276;51,79;55,157389;61,402709
9568200;51,79;55,16990478;61,29537389
10430000;68,41;55,186378;61,226709
6285800;37,79;55,172979;61,367986
7402200;32,79;55,169946;61,377931
12111000;44,04;55,122712;61,37265
16981200;95,4;55,17994;61,341
6285800;37,79;55,172979;61,367986
14716020;60,81;55,16989266;61,37174534
21009200;99,09;55,112625;61,250663
8478735;61,31;55,250793;61,403197
5459454;36,59;55,173447;61,321741
4367000;22,38;55,18606474;61,2272569
6475294;53,79;55,13106596;61,26330208
5631010;42,9;55,120405;61,245889
10941480;59,4;55,160355;61,431929
25960000;110;55,166588;61,390938
9374000;70,84;55,173769;61,329517
18359870;106,3;55,157389;61,402709
7889000;56,34;55,21335569;61,30290753
3886190;26,35;55,120405;61,245889
9269760;48,27;55,10908385;61,25782762
5267500;30,1;55,17319;61,289033
6715500;40,7;55,17319;61,289033
9332370;41,45;55,17128914;61,29316285
14244450;65,77;55,178617;61,359747
4177880;24,29;55,111258;61,357638
5409420;40,52;55,10222425;61,34539511
5652625;35,61;55,25239182;61,38401031
10804223;71,16;55,17299;61,37108
12261200;81,19;55,113143;61,274678
9213120;41,2;55,157389;61,402709
17371466;106,3;55,16990478;61,29537389
17928660;68,43;55,169879;61,371867
5372850;36,54;55,108254;61,249729
10819200;47,04;55,122712;61,37265
6545000;38,5;55,17230151;61,29111409
7279380;33,29;55,160355;61,431929
7520240;51,65;55,18766;61,23199
12999700;53,06;55,122712;61,37265
6896500;53,04;55,173447;61,321741
5402250;36,75;55,108254;61,249729
7832650;56,34;55,213324;61,30255
5725500;34,7;55,17282962;61,29152178
8641760;58,61;55,186757;61,226865
17017290;70,02;55,16976;61,3722
6974060;59,18;55,12719;61,622804
4990897;38,5;55,173447;61,321741
3912000;24,45;55,213324;61,30255
8417552;56,59;55,186757;61,226865
13650000;88,56;55,11611;61,45367
3138890;27,45;55,12719;61,622804
10685600;70,5;55,208243;61,188443
9180400;47,2;55,180537;61,339986
6483269;38,18;55,17299;61,37108
6811000;48,65;55,173447;61,321741
8081652;55,4;55,110934;61,352464
13288000;90,77;55,18722;61,22869
18025600;68,8;55,16916799;61,37096213
6974060;59,18;55,12719;61,622804
6394240;30,79;55,17128914;61,29316285
11390000;71,9;55,1384635;61,45219134
17676400;82,59;55,116768;61,249804
9157950;43,29;55,160355;61,431929
10144000;63,4;55,173769;61,329517
6680747;37,36;55,172805;61,365669
17690400;81,9;55,112625;61,250663
7154416;58;55,113138;61,274687
9687300;46,13;55,148498;61,363387
14562018;78,9;55,17019956;61,29454777
6134452;37,77;55,172805;61,365669
12233970;64,73;55,11713;61,24662
17712200;106,69;55,170065;61,294848
17991540;68,66;55,16989;61,3723
16291800;60,34;55,122712;61,37265
10241000;73,15;55,173447;61,321741
3048890;24,45;55,12719;61,622804
7832650;56,34;55,2129;61,30134
3855950;23,95;55,10903154;61,35920441
9172800;63;55,18766;61,23199
15647500;85,05;55,17102;61,29359
13428800;89,76;55,18641;61,22835
26910000;105,12;55,11145;61,32772
14317100;79,09;55,117403;61,25269
14897500;59,59;55,122712;61,37265
9269910;79,23;55,10547;61,34532
9062580;34,59;55,16989;61,3723
9522630;81,38;55,10542441;61,34532177
14211330;80,29;55,116042;61,255014
4465000;25,61;55,18717966;61,22635491
17200000;53,97;55,15713553;61,41171927
17405200;82,09;55,112625;61,250663
17109345;106,69;55,157389;61,402709
7102320;55,34;55,16907225;61,31212603
11066092;71,16;55,17336;61,36843
14411970;60,81;55,16976;61,3722
7889000;56,34;55,213324;61,30255
6554145;43,5;55,186743;61,232097
7187400;36,29;55,093617;61,240075
8811000;53,4;55,17319;61,289033
7227000;36,5;55,093617;61,240075
5286120;35,95;55,108254;61,249729
32553500;124,25;55,16989;61,3723
12260320;80,66;55,113143;61,274678
8991450;46,11;55,09343218;61,24079687
12145997;81,23;55,17336;61,36843
6471438;38;55,17299;61,37108
18278084;93,83;55,171077;61,377832
9818200;70,12;55,21335569;61,30290753
10983900;53,58;55,14799671;61,36368892
3869470;24,26;55,10222425;61,34539511
6405736;38;55,172979;61,371274
5935500;39,56;55,173447;61,321741
7519900;54,09;55,18672;61,23403
13476200;78,4;55,157389;61,402709
5973125;37,52;55,172979;61,367986
4151000;29,64;55,250895;61,24728
4177880;24,29;55,10854;61,35956
6600000;37,34;55,11612993;61,45367541
13586280;79;55,16990478;61,29537389
8907999;46,79;55,171745;61,377967
12947200;68;55,180537;61,339986
12320000;59,75;55,17179;61,29243
14293520;80,8;55,160355;61,431929
12896000;64,48;55,171077;61,377832
8246000;58,9;55,173447;61,321741
12060174;80,94;55,172979;61,367986
6974060;59,18;55,12719;61,622804
11251800;53,58;55,14799671;61,36368892
7919800;56,56;55,213324;61,30255
8343192;56,09;55,186743;61,232097
10188850;47,38;55,14799671;61,36368892
6896500;53,04;55,173447;61,321741
6285800;37,79;55,172805;61,365669
15445080;61,29;55,169879;61,371867
7889000;56,34;55,213324;61,30255
12486000;104,05;55,173447;61,321741
13525174;79;55,17019956;61,29454777
12145997;81,23;55,17336;61,36843
6441911;37,59;55,172979;61,371274
6967280;37,06;55,118179;61,253873
7694273;46,77;55,17336;61,36843
5411991;45,29;55,125436;61,254759
9352398;70,15;55,16907225;61,31212603
10168200;72,62;55,21277904;61,30311138
5190616;46,2;55,113138;61,274687
5083000;29,89;55,17319;61,289033
5342260;35;55,18710168;61,23087229
6896500;53,04;55,173447;61,321741
7863230;56,56;55,213324;61,30255
5605600;36,18;55,113143;61,274678
4282500;37,61;55,12582;61,24988
4379562;29,1;55,170912;61,318013
6340034;38;55,172979;61,367986
7006700;50;55,18710168;61,23087229
9848280;67,09;55,11098;61,35252
5669500;38,09;55,170912;61,318013
5182990;40,97;55,12719;61,622804
9667800;61,5;55,17336;61,36843
4634000;33,09;55,173447;61,321741
14827400;60,52;55,14799671;61,36368892
9917950;46,13;55,14799671;61,36368892
12513900;59,59;55,122712;61,37265
15888180;68,77;55,169879;61,371867
6750000;43,4;55,17454;61,41601
5177025;36,33;55,10231;61,34543
10490328;66,05;55,169946;61,377931
5066000;29,79;55,17319;61,289033
12498000;104,15;55,173447;61,321741
17002500;113,34;55,250895;61,24728
8358660;60,56;55,108254;61,249729
19558300;72,94;55,16916799;61,37096213
9699200;43,29;55,113915;61,248933
5932875;37,5;55,172979;61,367986
9892654;68,3;55,186757;61,226865
9112000;53,59;55,17230151;61,29111409
4919508;30,39;55,173447;61,321741
14569000;85,69;55,17992613;61,34096187
4572431;37,84;55,13106596;61,26330208
8714550;70,84;55,173769;61,329517
7456250;59,65;55,173447;61,321741
9750970;71,8;55,16382;61,43562
13011800;60,52;55,148498;61,363387
9096080;61,45;55,11131;61,248762
6974300;37,04;55,171139;61,292474
4762049;31,75;55,173447;61,321741
6441906;37,77;55,17299;61,37108
10168922;45,2;55,170065;61,294848
5478000;33,2;55,17282962;61,29152178
12209200;52,4;55,16976;61,3722
8485500;56,56;55,213324;61,30255
9892654;68,3;55,186757;61,226865
4634000;33,09;55,16907225;61,31212603
7982509;68,31;55,13106596;61,26330208
17715600;93,23;55,171077;61,377832
7781800;32,79;55,169946;61,377931
10100000;70,62;55,1384635;61,45219134
12601890;72,3;55,160355;61,431929
19942000;118;55,16011945;61,43196358
9407250;48,4;55,169946;61,377931
5950000;38,38;55,17454;61,41601
5337809;46,22;55,08973;61,23944
7200000;40;55,17319;61,289033
14150141;79;55,157389;61,402709
6257550;27,29;55,171745;61,377967
15498150;83,09;55,17928;61,34155
3647700;32,18;55,08973;61,23944
7679000;54,84;55,173447;61,321741
20393100;73;55,16989;61,3723
11430000;82,8;55,186561;61,227535
17332560;68,77;55,16989;61,3723
3652500;24,35;55,17306391;61,31981861
5362999;31,54;55,16907225;61,31212603
14284800;74,4;55,10849233;61,25690017
6186400;40,7;55,208243;61,188443
7919800;56,56;55,213324;61,30255
10135020;57,25;55,116042;61,255014
14897500;59,59;55,1485743;61,36363528
17249200;59,47;55,1485743;61,36363528
12117584;72,65;55,17349829;61,36949225
5134000;30,2;55,17319;61,289033
17928660;68,43;55,16989;61,3723
16250280;85,08;55,108256;61,249732
22626235;125,19;55,17019956;61,29454777
4724616;31,39;55,16907225;61,31212603
13761390;77,05;55,171139;61,292474
8032708;60,25;55,173447;61,321741
12231000;81;55,113143;61,274678
6314700;30,5;55,17128914;61,29316285
8976000;56,09;55,173447;61,321741
4788000;35;55,121705;61,247684
9373000;66,94;55,170912;61,318013
5324880;40,34;55,10547;61,34532
5852000;34,22;55,18717966;61,22635491
11074490;57;55,171139;61,292474
4494000;32,09;55,17343849;61,31978642
7287280;50,04;55,18692;61,23104
8362200;38,79;55,17102;61,29359
6136305;37,52;55,172805;61,365669
13750000;89,79;55,11611;61,45367
6384600;43,29;55,186378;61,226709
7920900;67,69;55,187887;61,231487
9273600;67,75;55,18742594;61,2285301
6554145;43,5;55,186743;61,232097
12340900;59,04;55,17179;61,29243
10207400;72,91;55,21277904;61,30311138
10168200;72,62;55,213324;61,30255
12167580;51,34;55,16989266;61,37174534
11577570;65,41;55,118179;61,253873
17353600;74,8;55,113993;61,251376
10797040;57,79;55,17994;61,341
33890000;127,01;55,11205672;61,32504179
12070500;61,9;55,09489;61,243489
12204500;63,4;55,17908192;61,34101551
8706720;41,97;55,171139;61,292474
5669500;38,09;55,173447;61,321741
10698200;71,8;55,16382;61,43562
9950000;67,9;55,1384635;61,45219134
23018129;84,33;55,11205672;61,32504179
5473000;42,09;55,17306391;61,31981861
12363574;80,94;55,17299;61,37108
11124900;78,9;55,108254;61,249729
14280900;78,9;55,117128;61,252858
6285800;37,79;55,172979;61,367986
10314580;65,94;55,169946;61,377931
4027800;28,77;55,250895;61,24728
9383000;67,01;55,186378;61,226709
11906730;62,7;55,180537;61,339986
15442560;61,27;55,169879;61,371867
6860000;39,2;55,17319;61,289033
6351853;36,97;55,17336;61,36843
5935500;39,56;55,173447;61,321741
17676400;82,59;55,106021;61,252925
5151000;30,29;55,17230151;61,29111409
12222434;81,23;55,172979;61,371274
5400000;49,2;55,12471;61,24962
9030391;61,31;55,250793;61,403197
8118000;49,2;55,17319;61,289033
21892720;81,86;55,16989;61,3723
5400000;49,2;55,12471;61,24962
10476816;71,16;55,172805;61,365669
7667000;45,09;55,17319;61,289033
11010580;60,2;55,16011945;61,43196358
9884362;41,2;55,157389;61,402709
9555000;73,5;55,170912;61,318013
10150016;88,59;55,113138;61,274687
7979202;59,84;55,16907225;61,31212603
7722000;59,4;55,173447;61,321741
14522400;60,5;55,1485743;61,36363528
17621240;107,19;55,17019956;61,29454777
16663200;78,59;55,112625;61,250663
5030507;38,7;55,16907225;61,31212603
12070500;61,9;55,093617;61,240075
6811000;48,65;55,173447;61,321741
10810852;71,69;55,17336;61,36843
7694327;41,02;55,15142;61,30195
6050000;38,38;55,17446777;61,41569903
17559500;60,54;55,122712;61,37265
9759860;80,66;55,10547;61,34532
7259000;55,45;55,12082;61,246166
9945936;68,3;55,186743;61,232097
17017290;70,02;55,16989266;61,37174534
9257160;70,12;55,213324;61,30255
4401000;24,45;55,213324;61,30255
12270500;70,48;55,17469173;61,39388388
9428370;79,23;55,10547;61,34532
18661380;78,73;55,16989266;61,37174534
12392820;51,2;55,16976;61,3722
12299600;70,45;55,174775;61,393563
15997800;58,59;55,16989;61,3723
4057500;32,18;55,12719;61,622804
6417447;38,18;55,17299;61,37108
11524800;47,04;55,122712;61,37265
4168980;24,37;55,10903154;61,35920441
7000000;40;55,17319;61,289033
5267500;30,1;55,17319;61,289033
4630547;38,15;55,173447;61,321741
8593230;44,45;55,17469173;61,39388388
3675600;26,42;55,12082;61,246166
4269346;35,4;55,113138;61,274687
6700000;42,04;55,17454;61,41601
5530000;31,6;55,17230151;61,29111409
6554145;43,5;55,186743;61,232097
14775950;60,31;55,14897983;61,36362455
13075785;81,87;55,172805;61,365669
5405560;40,34;55,10547;61,34532
27100000;105,05;55,11193;61,325796
7863230;56,56;55,21298762;61,30193121
11763150;46,13;55,122712;61,37265
13459896;79;55,170065;61,294848
13821660;74,3;55,11713;61,24662
19051753;106,3;55,157389;61,402709
9595647;62,9;55,172979;61,367986
3988160;26,35;55,120405;61,245889
8246000;58,9;55,170912;61,318013
8987000;65,36;55,17360031;61,32317977
7684099;31,2;55,171745;61,377967
8384900;38,2;55,17992613;61,34096187
9332400;84;55,173447;61,321741
7630000;43,59;55,108254;61,249729
13410000;59,59;55,122712;61,37265
7600000;68,26;55,124681;61,249481
6351630;37,79;55,172979;61,367986
6080930;26,18;55,17205061;61,29205778
9388500;55,06;55,18641;61,22835
12391500;75,09;55,17319;61,289033
21845560;81,68;55,16989;61,3723
13896468;66,9;55,157389;61,402709
3652500;24,35;55,17306391;61,31981861
13650000;88,56;55,11611;61,45367
9360000;58,5;55,17282962;61,29152178
4642036;30,7;55,170912;61,318013
15312000;104,77;55,18641;61,22835
14394800;85,59;55,17205061;61,29205778
6441911;37,59;55,172805;61,365669
5188278;45,06;55,13106596;61,26330208
10596560;59,79;55,160355;61,431929
14943240;80,33;55,10908385;61,25782762
5558490;36,33;55,10907;61,35937
4269301;35,5;55,127295;61,260969
6071040;37,52;55,172805;61,365669
9699200;43,29;55,113993;61,251376
6314000;41;55,1726;61,47311
9071124;60,9;55,16382;61,43562
4754639;39,65;55,08973;61,23944
9445800;48,43;55,09343218;61,24079687
5961000;53,65;55,12582;61,24988
12806088;72,65;55,17349829;61,36949225
6245691;37,59;55,17336;61,36843
7892500;45,09;55,17319;61,289033
14386900;59,45;55,122712;61,37265
7488936;50,79;55,18766;61,23199
5840640;40,56;55,21316;61,30282
6340056;37,81;55,172979;61,367986
7839600;56,4;55,172661;61,473134
7450000;47,04;55,17446777;61,41569903
6843149;32,9;55,169946;61,377931
15759600;114,19;55,208243;61,188443
6351647;37,79;55,172979;61,367986
8324800;33,7;55,169946;61,377931
7122500;40,7;55,17282962;61,29152178
6114880;29,5;55,171139;61,292474
7213049;32,79;55,169946;61,377931
8514380;42,7;55,160355;61,431929
7863230;56,56;55,21355;61,30287
8118000;45,09;55,17319;61,289033
8500237;57,65;55,18766;61,23199
12451584;81,23;55,17299;61,37108
6939080;36,9;55,118179;61,253873
12690000;108,12;55,16814;61,53102
21879620;81,8;55,169879;61,371867
10977750;53,54;55,122712;61,37265
12934999;79,09;55,169946;61,377931
5868000;40,75;55,2129;61,30134
6680000;36,97;55,197718;61,185027
7259000;55,45;55,12082;61,246166
8449155;76,05;55,16907225;61,31212603
14275200;59,47;55,122712;61,37265
18659258;118;55,170065;61,294848
10754700;66,88;55,18641;61,22835
12513900;59,59;55,122712;61,37265
9699200;43,29;55,114023;61,25137
5840640;40,56;55,21277904;61,30311138
17371466;106,3;55,157389;61,402709
5158800;42,9;55,121705;61,247684
4886000;34,9;55,17306391;61,31981861
11265000;75,09;55,173781;61,329179
17536200;106,3;55,16990478;61,29537389
5117000;30,1;55,17230151;61,29111409
13742400;83,12;55,108254;61,249729
8959000;52,7;55,17319;61,289033
9770320;47,79;55,17908192;61,34101551
9600000;70,84;55,173769;61,329517
7530213;51,08;55,18692;61,23104
12295900;59,97;55,14897983;61,36362455
5280000;33;55,17282962;61,29152178
7276500;48,5;55,11131;61,248762
10045180;41,2;55,157389;61,402709
6939080;36,9;55,118179;61,253873
5961000;53,65;55,12582;61,24988
4281177;37,06;55,13106596;61,26330208
9860000;56,56;55,197718;61,185027
8599800;43,36;55,17102;61,29359
21869140;83,47;55,16989;61,3723
5148500;42,9;55,121705;61,247684
8690000;77,61;55,12471;61,24962
7832650;56,34;55,21335569;61,30290753
7728390;59,9;55,10547;61,34532
9233566;66,18;55,172805;61,365669
6287673;36,97;55,172805;61,365669
6094962;37,31;55,172805;61,365669
4734279;35;55,12082;61,246166
4168980;24,37;55,10903154;61,35920441
12788200;59,47;55,1485743;61,36363528
10188850;47,38;55,122712;61,37265
6285800;37,79;55,172805;61,365669
7937599;33,7;55,169946;61,377931
4176900;24,56;55,173447;61,321741
15050800;78,8;55,160746;61,431749
7110246;51,65;55,187887;61,231487
4071460;24,37;55,10887778;61,35977304
7112880;33,29;55,16011945;61,43196358
9313920;48,5;55,10908385;61,25782762
13629000;90,86;55,250895;61,24728
17130160;73,51;55,16976;61,3722
9008390;43,63;55,17469173;61,39388388
11734380;93,12;55,17360031;61,32317977
12260500;79,09;55,17282962;61,29152178
5594820;36,33;55,10854;61,35956
9291349;57,68;55,250793;61,403197
12215900;80,9;55,113143;61,274678
4474815;37,9;55,08973;61,23944
11153100;79,09;55,108254;61,249729
12185700;80,69;55,113143;61,274678
10474065;56,77;55,15142;61,30195
9096080;61,45;55,11131;61,248762
5610000;33;55,17282962;61,29152178
7187400;36,29;55,093617;61,240075
4584895;36,2;55,16907225;61,31212603
8278400;41,59;55,16002;61,43216
5850000;49,2;55,124681;61,249481
9331007;57,68;55,250793;61,403197
7753210;40,5;55,171139;61,292474
12323400;53,58;55,122712;61,37265
8890123;54,99;55,172805;61,365669
5143520;37,81;55,10547;61,34532
6877500;39,29;55,17230151;61,29111409
29270000;98,29;55,15713553;61,41171927
7319000;56,29;55,173447;61,321741
4177880;24,29;55,111258;61,357638
4027800;28,77;55,250895;61,24728
8417552;56,59;55,186757;61,226865
5445000;33;55,17319;61,289033
5759424;38,4;55,16907225;61,31212603
14775950;60,31;55,122712;61,37265
6475294;53,79;55,13106596;61,26330208
17371466;106,3;55,16990478;61,29537389
6126400;43,75;55,250895;61,24728
6441911;37,59;55,17299;61,37108
9077260;43,81;55,174775;61,393563
5405560;40,34;55,10547;61,34532
11080020;80,29;55,108254;61,249729
8387808;56,4;55,186757;61,226865
18241300;91,75;55,17102;61,29359
7719060;60,77;55,10542441;61,34532177
4168980;24,37;55,10903154;61,35920441
6969300;31,5;55,171745;61,377967
7839600;56,4;55,10854;61,35956
12363574;80,94;55,172805;61,365669
12309338;67,08;55,15142;61,30195
4641000;33,15;55,16907225;61,31212603
10035900;47,79;55,14897983;61,36362455
25635730;124,4;55,170065;61,294848
9133200;47,2;55,180537;61,339986
12215900;80,9;55,113143;61,274678
9399000;66,72;55,18692798;61,22776039
7982500;63,86;55,13106596;61,26330208
21845560;83,37;55,16916799;61,37096213
7937599;33,7;55,171745;61,377967
12117584;72,65;55,173308;61,369697
12679680;99,83;55,250895;61,24728
6245905;55,02;55,172606;61,491112
25685500;109,3;55,166588;61,390938
6939080;36,9;55,118179;61,253873
4709473;31,2;55,16907225;61,31212603
4807095;32,04;55,16907225;61,31212603
4709473;31,39;55,16907225;61,31212603
17200000;53,97;55,157305;61,411689
12935000;78,9;55,171745;61,377967
9538946;76,05;55,16907225;61,31212603
6940000;45,5;55,17454;61,41601
5418000;30,1;55,17319;61,289033
8448000;51,2;55,17319;61,289033
3271048;29,38;55,08973;61,23944
4798600;32,11;55,10907;61,35937
14601960;84,59;55,16002;61,43216
12136024;80,94;55,17299;61,37108
9176200;39,77;55,178617;61,359747
8408064;86,69;55,103719;61,251798
10384500;55,4;55,171745;61,377967
13459896;79;55,170065;61,294848
6305000;37,61;55,18717966;61,22635491
15788700;95,4;55,17992613;61,34096187
4919508;30,39;55,173447;61,321741
6311098;37,59;55,17336;61,36843
5669500;38,09;55,173447;61,321741
6110000;48,47;55,12719;61,622804
7832650;56,34;55,213324;61,30255
6262905;51,15;55,173447;61,321741
10327562;63,65;55,172979;61,367986
18661380;78,73;55,16976;61,3722
17028179;102,48;55,172805;61,365669
6351625;38,18;55,172805;61,365669
14030000;104,77;55,18717966;61,22635491
4709473;31,2;55,173447;61,321741
5584000;34,9;55,17319;61,289033
9518800;44,9;55,115635;61,245187
7950872;55,04;55,16907225;61,31212603
8628492;58,52;55,18766;61,23199
5678500;41;55,10222425;61,34539511
8358660;60,56;55,108254;61,249729
16505520;85,08;55,108256;61,249732
5312000;33,2;55,17319;61,289033
4056430;24,29;55,10887778;61,35977304
11755200;49,59;55,16976;61,3722
6939080;36,9;55,118179;61,253873
8639600;59,65;55,173447;61,321741
9485200;46;55,17908192;61,34101551
4168980;24,37;55,10903154;61,35920441
12567830;67,09;55,17928;61,34155
11874075;93,12;55,173447;61,321741
11578140;61,25;55,10908385;61,25782762
7606380;38,29;55,160355;61,431929
8449155;76,05;55,16907225;61,31212603
19744200;78,34;55,16916799;61,37096213
9443070;34,59;55,16916799;61,37096213
17327070;73,11;55,16989266;61,37174534
7027521;59,58;55,13106596;61,26330208
10583610;58,7;55,160355;61,431929
35680000;166,52;55,11205672;61,32504179
14975970;79,37;55,116042;61,255014
7810756;40,75;55,15142;61,30195
5408000;33,79;55,17319;61,289033
6245714;37,77;55,172979;61,367986
6715000;69,09;55,10314;61,247069
17196900;60,34;55,122712;61,37265
14616720;80,8;55,16011945;61,43196358
6245691;37,59;55,172805;61,365669
9962569;61,5;55,172979;61,367986
12342000;59,54;55,17179;61,29243
6285800;37,79;55,172979;61,367986
10150016;88,59;55,125922;61,253945
4256015;35,29;55,127295;61,260969
12060174;80,94;55,17336;61,36843
10173240;66,05;55,171077;61,377832
6974060;59,18;55,12719;61,622804
4731844;31,54;55,16907225;61,31212603
12811760;67,72;55,17205061;61,29205778
3138890;27,45;55,12719;61,622804
6290200;44,93;55,250895;61,24728
8976000;56,09;55,170912;61,318013
8500237;57,65;55,18766;61,23199
11437500;62,5;55,17994;61,341
9951900;47,38;55,122712;61,37265
12811760;67,72;55,171139;61,292474
8210960;41,68;55,10908385;61,25782762
6736798;42,43;55,25239182;61,38401031
4709473;31,2;55,16907225;61,31212603
3912000;24,45;55,213324;61,30255
9892654;68,3;55,186757;61,226865
10241000;73,15;55,173447;61,321741
3912000;24,45;55,213324;61,30255
14056560;83,69;55,157389;61,402709
6222000;36,59;55,173447;61,321741
12117584;72,65;55,172805;61,365669
7022599;33,29;55,171745;61,377967
8714550;70,84;55,173781;61,329179
5758500;34,9;55,17282962;61,29152178
5493984;45,29;55,113138;61,274687
12781620;83,54;55,250895;61,24728
3912000;24,45;55,213324;61,30255
6069169;37,59;55,172979;61,367986
12090000;62;55,093617;61,240075
7147800;36,09;55,095827;61,244693
6126400;43,75;55,250895;61,24728
4705160;35,86;55,12082;61,246166
4181320;24,3;55,10854;61,35956
13821660;74,3;55,11713;61,24662
4781280;44,7;55,10314;61,247069
17109345;106,69;55,157389;61,402709
12380160;64,48;55,169946;61,377931
8785400;70,84;55,173769;61,329517
12674190;72,3;55,16011945;61,43196358
12200800;80,56;55,113143;61,274678
8557080;42,7;55,16011945;61,43196358
4047080;24,37;55,10903154;61,35920441
7950872;55,04;55,173447;61,321741
6682000;51,4;55,17343849;61,31978642
19253520;79,55;55,16989266;61,37174534
5729000;38,5;55,170912;61,318013
27970000;94,83;55,157305;61,411689
19055080;78,73;55,16989266;61,37174534
7743360;40,33;55,11713;61,24662
8681563;58,88;55,18748;61,2327
14975970;79,37;55,116042;61,255014
5558490;36,33;55,10907;61,35937
8789180;59,61;55,18692;61,23104
8171405;73,55;55,16907225;61,31212603
4071460;24,37;55,111258;61,357638
5120500;42,9;55,120424;61,244423
9594000;73,8;55,170912;61,318013
12079410;64,3;55,171139;61,292474
13448760;90,87;55,250895;61,24728
18440400;96,8;55,17928;61,34155
6136305;37,52;55,172805;61,365669
8789180;59,61;55,18692;61,23104
5933000;34,9;55,17282962;61,29152178
4403000;22,79;55,186378;61,226709
6916560;32,2;55,16002;61,43216
14386900;59,45;55,122712;61,37265
5017579;38,59;55,16907225;61,31212603
10066440;65,19;55,182297;61,234912
10810800;54,59;55,17908192;61,34101551
11431350;57,29;55,17928;61,34155
11368860;85,62;55,17360031;61,32317977
8387808;56,4;55,186757;61,226865
4256000;35,4;55,127295;61,260969
8171405;73,55;55,173447;61,321741
6311098;37,59;55,172979;61,367986
8475500;77,05;55,173447;61,321741
10876807;71,69;55,17299;61,37108
7056000;39,2;55,17319;61,289033
8896487;65,55;55,250793;61,403197
9766400;43,59;55,113915;61,248933
9313920;48,5;55,11713;61,24662
5669500;38,09;55,173447;61,321741
9269910;79,23;55,10547;61,34532
6964659;49,7;55,18710168;61,23087229
10331784;66,05;55,169946;61,377931
7892500;45,09;55,17319;61,289033
12117584;72,65;55,17349829;61,36949225
9595647;62,9;55,17336;61,36843
36469050;166,69;55,148498;61,363387
5973125;37,52;55,17336;61,36843
9313920;48,5;55,11713;61,24662
6702500;38,29;55,17230151;61,29111409
15997800;58,59;55,169879;61,371867
17285600;95,19;55,169946;61,377931
25235000;95,25;55,11193;61,325796
5584000;34,9;55,17319;61,289033
6285802;38,18;55,172805;61,365669
4864160;32,31;55,104096;61,350497
6600000;41,88;55,17454;61,41601
6554145;43,5;55,186757;61,226865
7890000;51,13;55,16814;61,53102
4883725;32,45;55,10231;61,34543
11148400;59,29;55,116062;61,253549
21057120;81,86;55,169879;61,371867
6702700;30,01;55,17205061;61,29205778
11845000;47,38;55,1485743;61,36363528
6512400;36,18;55,213324;61,30255
17536200;106,3;55,157389;61,402709
10327562;63,65;55,172979;61,367986
6218150;41,27;55,18766;61,23199
9493900;70,84;55,173769;61,329517
10716000;53,58;55,122712;61,37265
5204720;38,27;55,10547;61,34532
4439760;44,79;55,103719;61,251798
11676180;79,37;55,108254;61,249729
7159040;38,08;55,116042;61,255014
6285800;37,79;55,172805;61,365669
6715500;40,7;55,17282962;61,29152178
11437500;62,5;55,17994;61,341
10681199;55,29;55,171745;61,377967
7012697;50,09;55,18748227;61,23197736
9652500;58,5;55,17282962;61,29152178
11832623;80,94;55,172979;61,367986
6702500;38,29;55,17230151;61,29111409
4715900;35;55,121705;61,247684
6351630;37,79;55,172805;61,365669
17814330;73,3;55,16989266;61,37174534
17356579;85,09;55,170065;61,294848
12167580;51,34;55,16989266;61,37174534
4572431;37,84;55,13106596;61,26330208
8220750;38,43;55,171139;61,292474
4249810;35,45;55,13106596;61,26330208
6250000;35;55,11611;61,45367
11360000;72,4;55,197718;61,185027
14301600;59,59;55,122712;61,37265
52810000;185,89;55,15713553;61,41171927
6274332;38;55,172979;61,367986
18508839;103,41;55,173308;61,369697
11827200;49,27;55,16976;61,3722
3912000;24,45;55,213324;61,30255
13011800;60,52;55,14799671;61,36368892
17559500;60,54;55,122712;61,37265
4056430;24,29;55,111258;61,357638
7628100;54,09;55,21277904;61,30311138
9100000;76,84;55,124681;61,249481
33797400;123,8;55,169879;61,371867
12404550;60,5;55,1485743;61,36363528
10230000;58,11;55,186757;61,226865
8860320;35,15;55,16989;61,3723
9096080;61,45;55,11131;61,248762
6351625;38,18;55,17336;61,36843
10384500;55,4;55,169946;61,377931
5262500;42,09;55,17306391;61,31981861
12674500;78,5;55,169946;61,377931
8028000;44,59;55,173769;61,329517
7577500;43,29;55,108254;61,249729
8646400;38,59;55,114023;61,25137
6110000;48,47;55,12719;61,622804
12097800;85,8;55,208243;61,188443
7152057;50,59;55,18757434;61,23137654
9500000;57,95;55,17446777;61,41569903
10384000;68,15;55,18722;61,22869
10476816;71,16;55,172979;61,371274
6835680;48,47;55,21316;61,30282
4649986;39,9;55,127295;61,260969
4342447;26,95;55,186757;61,226865
6939257;48,79;55,16382;61,43562
10835850;46,11;55,122712;61,37265
14103000;78,4;55,157389;61,402709
9950000;76,63;55,12471;61,24962
8246000;58,9;55,170912;61,318013
5449099;35,09;55,18710168;61,23087229
17526097;103,48;55,172805;61,365669
4971170;39,25;55,16907225;61,31212603
9047500;51,7;55,17319;61,289033
13415478;78,3;55,157389;61,402709
9555000;73,5;55,173447;61,321741
7027507;60,2;55,13106596;61,26330208
13821660;74,3;55,114982;61,244986
6483267;37,79;55,17299;61,37108
6069168;37,77;55,172805;61,365669
7393940;58,22;55,10547;61,34532
15353200;58,59;55,16989;61,3723
55153150;180,89;55,170065;61,294848
10314580;65,94;55,169946;61,377931
11196500;45,7;55,14897983;61,36362455
10154025;70,86;55,172805;61,365669
8425920;62,88;55,10542441;61,34532177
8610000;56,04;55,197718;61,185027
10826695;97,44;55,173447;61,321741
3890016;26,95;55,187887;61,231487
5493984;45,29;55,113138;61,274687
3403755;26,53;55,12082;61,246166
6222050;61;55,103719;61,251798
7919800;56,56;55,2129;61,30134
13625200;59,24;55,14897983;61,36362455
7863230;56,56;55,213324;61,30255
5495050;35,86;55,120405;61,245889
12949500;65,77;55,17469173;61,39388388
5332964;35,65;55,187887;61,231487
9949500;60,29;55,17282962;61,29152178
8920320;60,59;55,208243;61,188443
4474815;37,9;55,08973;61,23944
7851279;67,61;55,08973;61,23944
4595203;39,9;55,125922;61,253945
14535240;82,12;55,118179;61,253873
11136650;47,38;55,148498;61,363387
9652500;58,5;55,17319;61,289033
6604500;38,84;55,173447;61,321741
11265000;75,09;55,173769;61,329517
8506750;48,61;55,112625;61,250663
4730000;32,2;55,121435;61,24607
10693931;83,69;55,173447;61,321741
35354000;160,69;55,17179;61,29243
13629000;82,84;55,108254;61,249729
19116800;82,4;55,114023;61,25137
5586030;36,5;55,10907;61,35937
5698000;42,79;55,121033;61,242418
7793550;62,09;55,10231;61,34543
11832623;80,94;55,172979;61,367986
5010720;32,11;55,111258;61,357638
9299070;83,69;55,173447;61,321741
10006840;64,8;55,182297;61,234912
4379562;28,79;55,173447;61,321741
4057500;32,18;55,12719;61,622804
18931050;113,69;55,16002;61,43216
7706300;55,04;55,173447;61,321741
9489640;57,68;55,250793;61,403197
6512400;36,18;55,213324;61,30255
12185700;80,69;55,113143;61,274678
11140483;71,69;55,172805;61,365669
10131765;70,15;55,16907225;61,31212603
12891400;59,95;55,122712;61,37265
7559697;51,27;55,18692;61,23104
9393200;46;55,17928;61,34155
7550399;33,79;55,171745;61,377967
17335080;68,79;55,16989;61,3723
10977750;53,54;55,1485743;61,36363528
15555800;80,59;55,097131;61,242249
4634000;33,09;55,173447;61,321741
5834880;40,52;55,21316;61,30282
15150800;77,3;55,108254;61,249729
12715450;67,09;55,17908192;61,34101551
9624120;72,91;55,213324;61,30255
6405732;37,81;55,172979;61,371274
4919508;30,7;55,170912;61,318013
9269910;79,23;55,10547;61,34532
16838100;95,4;55,180537;61,339986
10322499;56,2;55,169946;61,377931
10506510;56,7;55,17992613;61,34096187
5051640;38,27;55,10547;61,34532
10639892;68,02;55,169946;61,377931
10198360;61,5;55,17299;61,37108
27682345;101,48;55,11205672;61,32504179
7706300;55,04;55,16907225;61,31212603
6877500;39,29;55,17319;61,289033
5585690;42,9;55,120405;61,245889
13821660;74,3;55,114982;61,244986
12526800;85,8;55,208243;61,188443
7982509;68,31;55,13106596;61,26330208
6810000;36,97;55,197718;61,185027
7889000;56,34;55,21298762;61,30193121
16063220;61,31;55,16989;61,3723
9512170;44,2;55,157389;61,402709
5767730;35,24;55,18748;61,2327
11050000;67,73;55,11611;61,45367
9590000;58,79;55,11611;61,45367
10230000;62,2;55,197718;61,185027
5605600;36,18;55,113143;61,274678
10781400;59,5;55,16011945;61,43196358
17200000;53,97;55,15713553;61,41171927
10429590;59,7;55,16002;61,43216
12200800;80,8;55,113143;61,274678
11990000;85,23;55,13848;61,45237
5609500;37,45;55,173447;61,321741
6142525;54,29;55,08973;61,23944
6600000;41,93;55,17454;61,41601
5834880;40,52;55,21277904;61,30311138
8860750;77,05;55,173447;61,321741
10144000;63,4;55,173769;61,329517
10083171;63,65;55,17299;61,37108
18254600;100,3;55,108254;61,249729
5834880;40,52;55,21316;61,30282
4909800;37,5;55,121263;61,242779
6138182;37,52;55,17336;61,36843
7387595;51,15;55,16907225;61,31212603
8221400;74,73;55,25536;61,39563
9200000;77,4;55,124681;61,249481
6134452;37,77;55,17336;61,36843
10423600;47,38;55,1485743;61,36363528
9456650;46,13;55,122712;61,37265
7892420;56,77;55,172661;61,473134
5584000;34,9;55,17319;61,289033
15517200;80,4;55,09489;61,243489
10295920;58,4;55,160355;61,431929
10050441;61,88;55,172805;61,365669
10156800;55,2;55,17994;61,341
5552000;34,7;55,17282962;61,29152178
17755200;82,19;55,115635;61,245187
8683038;58,9;55,18748;61,2327
6760480;35,95;55,116042;61,255014
5850000;49,2;55,12471;61,24962
3600000;30,12;55,124681;61,249481
10922200;56,29;55,17994;61,341
8191450;39,09;55,180537;61,339986
6838000;70,8;55,103719;61,251798
11411113;88,2;55,250793;61,403197
14385960;80,09;55,16002;61,43216
8770140;60,9;55,10941;61,35114
7903160;64,77;55,213324;61,30255
7012697;50,09;55,18748227;61,23197736
7668750;61,34;55,17343849;61,31978642
10781400;59,5;55,16011945;61,43196358
9571000;56,29;55,17230151;61,29111409
14637300;81,88;55,17469173;61,39388388
8387808;56,4;55,186757;61,226865
8946540;64,83;55,108254;61,249729
10997100;83,08;55,186378;61,226709
10664000;60,88;55,167798;61,308043
8770140;61,29;55,10941;61,35114
6792440;36,13;55,116042;61,255014
5030507;38,7;55,173447;61,321741
12029860;85,62;55,17360031;61,32317977
20529080;126,09;55,17908192;61,34101551
10042500;66,94;55,173447;61,321741
10966860;79,47;55,108254;61,249729
3434213;29,69;55,13106596;61,26330208
12016000;75,09;55,17282962;61,29152178
9205140;45,56;55,122712;61,37265
5201250;36,5;55,104096;61,350497
15343460;68,44;55,178617;61,359747
13970750;59,45;55,148498;61,363387
12423620;80,8;55,182297;61,234912
7743360;40,33;55,114982;61,244986
5950000;38,38;55,17446777;61,41569903
6071040;37,52;55,17336;61,36843
6071040;37,52;55,17336;61,36843
11167200;79,19;55,108254;61,249729
10789800;44,04;55,122712;61,37265
6274332;38;55,172979;61,367986
5096000;42,79;55,121263;61,242779
5478000;33,2;55,17282962;61,29152178
5917895;40,9;55,16382;61,43562
8107000;48,54;55,186104;61,226133
9397116;73,55;55,16907225;61,31212603
6471438;38;55,172805;61,365669
5445000;33;55,17282962;61,29152178
13316050;78,09;55,180537;61,339986
5619680;42,9;55,120405;61,245889
8789000;51,7;55,17319;61,289033
14411970;60,81;55,16989266;61,37174534
5610000;33;55,17319;61,289033
7558900;53,79;55,16907225;61,31212603
13844300;82;55,108254;61,249729
13350840;78,4;55,170065;61,294848
8387808;56,4;55,186757;61,226865
12606149;78,19;55,171745;61,377967
8051000;39,97;55,17469173;61,39388388
4342447;26,95;55,186757;61,226865
8738000;51,4;55,17319;61,289033
30027900;126,69;55,166588;61,390938
3647700;32,18;55,08973;61,23944
5066000;29,79;55,17319;61,289033
8481000;51,4;55,17319;61,289033
5232500;29,89;55,17319;61,289033
4401000;24,45;55,213324;61,30255
17196900;60,34;55,122712;61,37265
5402250;36,75;55,108254;61,249729
3685900;26,42;55,121705;61,247684
5100040;38,06;55,10542441;61,34532177
7798380;56,5;55,108254;61,249729
12020140;49,66;55,16976;61,3722
17016219;103,41;55,172805;61,365669
7628100;54,09;55,21316;61,30282
5372000;31,6;55,17230151;61,29111409
10625914;74,66;55,25239182;61,38401031
8830880;42,04;55,174775;61,393563
16250280;85,08;55,108256;61,249732
4800000;40,68;55,243988;61,253829
4526261;38,29;55,08973;61,23944
12448800;43,68;55,122712;61,37265
4762049;31,75;55,173447;61,321741
8750000;53,72;55,17446777;61,41569903
11393700;69,9;55,208243;61,188443
6974060;59,18;55,12719;61,622804
7025300;40,43;55,182297;61,234912
13838400;74,4;55,10849233;61,25690017
12811850;59,59;55,122712;61,37265
7542500;43,09;55,108254;61,249729
21785300;83,15;55,16916799;61,37096213
6990000;44,2;55,17446777;61,41569903
5092000;42,9;55,121705;61,247684
6049500;40,33;55,11131;61,248762
5478000;33,2;55,17319;61,289033
8714550;70,84;55,173781;61,329179
4587783;26,95;55,186757;61,226865
9683100;46,11;55,1485743;61,36363528
22938100;83,56;55,11205672;61,32504179
7849000;48,45;55,18717966;61,22635491
12515250;61,04;55,122712;61,37265
5145000;42,79;55,121263;61,242779
12599330;75,9;55,171139;61,292474
6351641;38,16;55,172979;61,367986
19253520;79,55;55,16976;61,3722
23525170;102,73;55,114;61,24535
5552000;34,7;55,17282962;61,29152178
13708000;59,59;55,148498;61,363387
5767730;35,24;55,18748;61,2327
10168200;72,62;55,21277904;61,30311138
9917950;46,13;55,148498;61,363387
12060174;80,94;55,172979;61,367986
5544000;36;55,113143;61,274678
10227230;52,09;55,160355;61,431929
12014960;59,47;55,122712;61,37265
6222000;36,59;55,170912;61,318013
9699200;43,29;55,114023;61,25137
14646700;93,3;55,182297;61,234912
6702500;38,29;55,17230151;61,29111409
6896500;53,04;55,173447;61,321741
6727500;51,75;55,17343849;61,31978642
7213049;32,79;55,171745;61,377967
5285000;30,2;55,17230151;61,29111409
4582413;39,79;55,125922;61,253945
9185000;48,54;55,18606474;61,2272569
6340056;37,81;55,172805;61,365669
6311098;37,59;55,17336;61,36843
8481000;51,4;55,17282962;61,29152178
6417457;37,79;55,172805;61,365669
14252700;61,7;55,169879;61,371867
6700000;42,22;55,17446777;61,41569903
9350000;38,09;55,17102;61,29359
10525680;59,4;55,160355;61,431929
5804687;40,9;55,16382;61,43562
16101030;83,63;55,178617;61,359747
18042970;106,69;55,157389;61,402709
16790325;106,09;55,16990478;61,29537389
4572431;37,84;55,13106596;61,26330208
5226977;30,39;55,173447;61,321741
13329000;59,24;55,14897983;61,36362455
6441142;42,75;55,18692;61,23104
12498000;104,15;55,173447;61,321741
11850000;59,25;55,122712;61,37265
13321000;60,54;55,14799671;61,36368892
5758500;34,9;55,17319;61,289033
5411991;45,29;55,125436;61,254759
9172800;63;55,18748;61,2327
9187840;40,65;55,171139;61,292474
4450000;37,88;55,12471;61,24962
10020250;64,9;55,182297;61,234912
14540300;90,44;55,171139;61,292474
6314000;41;55,172661;61,473134
5859354;35,24;55,18766;61,23199
5312000;33,2;55,17282962;61,29152178
8766900;45,9;55,17994;61,341
9673560;50,7;55,16011945;61,43196358
6758120;67,3;55,10314;61,247069
17335080;68,79;55,16989;61,3723
13708000;59,59;55,122712;61,37265
9172800;63;55,18766;61,23199
8064000;44,79;55,17319;61,289033
6736798;42,43;55,25239182;61,38401031
7367440;56,24;55,21468071;61,29758603
10780580;52,29;55,171139;61,292474
9010000;53;55,17230151;61,29111409
9289500;56,29;55,17230151;61,29111409
3048890;24,45;55,12719;61,622804
13569750;60,31;55,122712;61,37265
6990000;45,7;55,17454;61,41601
5150485;30,1;55,170912;61,318013
5493984;45,29;55,125443;61,254763
5709480;38,84;55,108254;61,249729
10583100;41,45;55,17102;61,29359
7863230;56,56;55,21335569;61,30290753
7224000;60,2;55,17306391;61,31981861
9936000;62,09;55,173447;61,321741
9397116;73,55;55,173447;61,321741
9568000;73,59;55,170912;61,318013
11987850;69,9;55,17992613;61,34096187
7600000;47,15;55,17454;61,41601
8976000;56,09;55,170912;61,318013
4249810;35,45;55,13106596;61,26330208
11460750;64,75;55,118179;61,253873
10810852;71,69;55,17336;61,36843
18572430;79,7;55,16976;61,3722
3311563;29,69;55,08973;61,23944
7046014;58;55,125436;61,254759
10799970;59,9;55,160355;61,431929
3912000;24,45;55,213324;61,30255
11430000;72,4;55,197718;61,185027
5076058;39,04;55,173447;61,321741
7773540;59,34;55,214029;61,298371
9912448;68,08;55,186743;61,232097
11593285;104,34;55,173447;61,321741
6542000;67,8;55,10314;61,247069
11140483;71,69;55,172979;61,367986
13080400;61,7;55,115635;61,245187
7709240;50,06;55,170984;61,434093
11793600;43,68;55,122712;61,37265
17928660;68,43;55,16989;61,3723
7708876;45,41;55,250793;61,403197
12781620;83,54;55,250895;61,24728
5232500;29,89;55,17319;61,289033
9691360;81,44;55,10542441;61,34532177
10553440;56,79;55,17994;61,341
7399020;58,25;55,10547;61,34532
10439370;57,9;55,16002;61,43216
9982500;60,5;55,17319;61,289033
24612724;86,72;55,11205672;61,32504179
5600000;32,52;55,173769;61,329517
9354150;50,7;55,15142;61,30195
12558000;104,65;55,170912;61,318013
7200318;58,7;55,18696663;61,23160185
5459454;36,59;55,173447;61,321741
15222400;107,19;55,208243;61,188443
8770140;60,9;55,10995;61,351691
14244700;78,69;55,115985;61,253505
6154275;40,9;55,16382;61,43562
8767067;59,47;55,18692;61,23104
6967280;37,06;55,118179;61,253873
22896428;83,41;55,11205672;61,32504179
5814000;34,2;55,17319;61,289033
8024000;48,38;55,186378;61,226709
5232500;29,89;55,17230151;61,29111409
4059770;24,3;55,10887778;61,35977304
5301400;40,77;55,10542441;61,34532177
10006840;64,8;55,182297;61,234912
11615940;61,45;55,10908385;61,25782762
16672019;85,5;55,157389;61,402709
12391500;75,09;55,17282962;61,29152178
14606040;82,51;55,118179;61,253873
6554145;43,5;55,186743;61,232097
14414720;80,8;55,16002;61,43216
11241000;58,81;55,167798;61,308043
8545700;39,77;55,174775;61,393563
8530500;51,7;55,17319;61,289033
9221655;52,7;55,17019956;61,29454777
15536500;80,5;55,09489;61,243489
9503399;62,61;55,172979;61,367986
20402980;126,09;55,180537;61,339986
9367315;66,51;55,250793;61,403197
6134452;37,77;55,17336;61,36843
8506220;42,11;55,171077;61,377832
7863230;56,56;55,21355;61,30287
12392820;51,2;55,16989266;61,37174534
5839580;49,38;55,13106596;61,26330208
5117000;30,1;55,17319;61,289033
27330000;108,58;55,15713553;61,41171927
5669500;38,09;55,170912;61,318013
7358000;56,59;55,173447;61,321741
12997095;88,2;55,250793;61,403197
12564860;81,58;55,171077;61,377832
11265000;75,09;55,173769;61,329517
12806088;72,65;55,173308;61,369697
6134425;37,59;55,17336;61,36843
8738000;51,4;55,17282962;61,29152178
9818200;70,12;55,21355;61,30287
12960640;70,4;55,160355;61,431929
12934999;78,5;55,169946;61,377931
9459120;71,66;55,21316;61,30282
5216640;39,52;55,10547;61,34532
5868000;40,75;55,2129;61,30134
5652625;35,61;55,25239182;61,38401031
12513900;59,59;55,1485743;61,36363528
23525170;102,73;55,114;61,24535
9721423;79,94;55,08973;61,23944
10531680;59,2;55,16011945;61,43196358
7863230;56,56;55,2129;61,30134
9753059;61,88;55,172805;61,365669
10841592;64,37;55,169946;61,377931
7919800;56,56;55,21355;61,30287
5868000;40,75;55,2129;61,30134
6314000;41;55,172661;61,473134
9683100;46,11;55,122712;61,37265
7744621;62,59;55,18748227;61,23197736
6314000;41;55,1726;61,47311
5669500;38,09;55,173447;61,321741
10781400;59,5;55,160355;61,431929
13579500;82,84;55,108254;61,249729
7436000;55,52;55,121705;61,247684
5382000;29,89;55,17230151;61,29111409
7515540;58,25;55,10547;61,34532
6314000;41;55,172661;61,473134
7889000;56,34;55,21335569;61,30290753
5584000;34,9;55,17282962;61,29152178
7832650;56,34;55,213324;61,30255
3869470;24,26;55,10231;61,34543
5729000;38,5;55,173447;61,321741
6071040;37,52;55,172979;61,367986
9038800;47,2;55,17992613;61,34096187
12674190;72,3;55,160355;61,431929
9638860;62,59;55,170984;61,434093
6554145;43,5;55,186743;61,232097
5382000;29,89;55,17319;61,289033
12136770;51,2;55,16989266;61,37174534
5214000;33,47;55,121033;61,242418
5653670;42,9;55,120405;61,245889
4181320;24,3;55,111258;61,357638
5612020;40,52;55,104096;61,350497
21785300;83,15;55,16989;61,3723
5872191;48,04;55,173447;61,321741
5933000;34,9;55,17282962;61,29152178
4606000;32,9;55,16907225;61,31212603
13277000;78,09;55,17994;61,341
7963600;46,29;55,169946;61,377931
6351853;36,97;55,172979;61,367986
9253405;74,66;55,252399;61,384974
8500237;57,65;55,18766;61,23199
13331560;73,9;55,16002;61,43216
10021740;56,61;55,116042;61,255014
10132200;77,94;55,250895;61,24728
6136305;37,52;55,17336;61,36843
5285000;30,2;55,17230151;61,29111409
3889180;23,86;55,10854;61,35956
7326000;40,7;55,17282962;61,29152178
14660910;82,83;55,116042;61,255014
6511000;38,29;55,17230151;61,29111409
5095490;36,59;55,173447;61,321741
10625914;74,66;55,25239182;61,38401031
9683086;50,38;55,173372;61,36710624
12391500;75,09;55,17282962;61,29152178
11196500;45,7;55,14897983;61,36362455
5232500;29,89;55,17230151;61,29111409
6389900;40,7;55,208243;61,188443
8712030;60,5;55,10995;61,351691
9335000;59,95;55,186378;61,226709
12998000;70,66;55,174775;61,393563
6967280;37,06;55,118179;61,253873
9374000;70,84;55,173781;61,329179
12690000;108,12;55,16814;61,53102
46023600;166,69;55,14799671;61,36368892
8136600;38,2;55,17994;61,341
8850000;57,02;55,13655;61,42469
9579000;58,11;55,186253;61,225379
4584895;36,2;55,16907225;61,31212603
9568200;51,79;55,170065;61,294848
9269910;79,23;55,10547;61,34532
13700000;86,69;55,11611;61,45367
9775900;71,69;55,110934;61,352464
9275000;53;55,17319;61,289033
6964659;50,04;55,187887;61,231487
7863230;56,56;55,213324;61,30255
5076400;42,79;55,121263;61,242779
9540167;51,13;55,15142;61,30195
31892161;112,98;55,11145;61,32772
5372000;31,6;55,17230151;61,29111409
10199000;72,84;55,170912;61,318013
10640000;64,15;55,186378;61,226709
9806000;69,98;55,18717966;61,22635491
4971170;39,25;55,173447;61,321741
13480000;89,79;55,11611;61,45367
8118000;49,2;55,17282962;61,29152178
6528000;38,4;55,17319;61,289033
7919800;56,56;55,21298762;61,30193121
8035050;41,09;55,16011945;61,43196358
9257160;70,12;55,213324;61,30255
16884600;78,9;55,115743;61,246804
12047400;62,09;55,160355;61,431929
9414360;45,47;55,1485743;61,36363528
10528395;74,66;55,25239182;61,38401031
5688000;31,6;55,17319;61,289033
6934400;29,5;55,17102;61,29359
5418000;30,1;55,17319;61,289033
4168980;24,37;55,10907;61,35937
3988160;26,42;55,120405;61,245889
9211920;35,15;55,16989;61,3723
9000000;57,65;55,13655;61,42469
9459951;50,7;55,15142;61,30195
8302500;55,34;55,170912;61,318013
12145997;81,23;55,172979;61,367986
12339600;44,06;55,148498;61,363387
13497000;83,34;55,108254;61,249729
12486000;104,05;55,170912;61,318013
13970750;59,45;55,122712;61,37265
6993000;49,95;55,173447;61,321741
4847515;30,1;55,173447;61,321741
6285802;38,18;55,172805;61,365669
9112000;53,59;55,17319;61,289033
10285000;60,5;55,17282962;61,29152178
12755500;70,66;55,17469173;61,39388388
11265000;75,09;55,173769;61,329517
6069169;37,59;55,17336;61,36843
13412000;96,5;55,16907225;61,31212603
14172320;80,8;55,16002;61,43216
17559500;60,54;55,122712;61,37265
6871400;36,54;55,116042;61,255014
16954000;60,54;55,122712;61,37265
3992800;28,52;55,250895;61,24728
6136302;37,9;55,172979;61,367986
3927000;25,86;55,121033;61,242418
10905129;70,9;55,160741;61,460675
6109000;41;55,10854;61,35956
4621150;31,87;55,214029;61,298371
4615380;29,96;55,170984;61,434093
6682766;37,81;55,172979;61,367986
10849260;74,3;55,11131;61,248762
10983900;53,58;55,148498;61,363387
10233000;45,47;55,122712;61,37265
4883725;32,45;55,10231;61,34543
23525170;102,73;55,114;61,24535
18537200;96,8;55,17908192;61,34101551
5115650;36,7;55,173447;61,321741
6314000;41;55,172661;61,473134
10983900;53,58;55,14799671;61,36368892
10584600;72;55,11098;61,35252
5083000;29,89;55,17230151;61,29111409
3311563;29,69;55,08973;61,23944
4945869;39,04;55,173447;61,321741
17836500;70,5;55,166588;61,390938
17690400;81,9;55,115635;61,245187
7300000;69,19;55,243988;61,253829
8477340;61,43;55,108254;61,249729
6702500;38,29;55,17230151;61,29111409
11292750;59,75;55,10908385;61,25782762
5850000;49,2;55,124681;61,249481
5973125;37,52;55,172805;61,365669
9112000;53,59;55,17230151;61,29111409
17605500;106,69;55,157389;61,402709
7697280;40,09;55,10908385;61,25782762
5610000;33;55,17282962;61,29152178
8997950;70,84;55,173769;61,329517
10156920;62,95;55,172805;61,365669
8664040;40,79;55,171139;61,292474
6801000;45,34;55,11131;61,248762
6554145;43,5;55,18692;61,23104
11800000;85,94;55,13655;61,42469
5604682;35,65;55,18692;61,23104
5594820;36,33;55,10854;61,35956
15353200;58,59;55,169879;61,371867
5834880;40,52;55,21316;61,30282
7752500;44,29;55,17319;61,289033
5330021;45,79;55,126456;61,255112
23190000;74,16;55,15713553;61,41171927
12755500;65,73;55,17469173;61,39388388
14660910;82,83;55,116042;61,255014
5864572;58,29;55,125922;61,253945
8288000;59,2;55,173447;61,321741
12117584;72,65;55,17349829;61,36949225
9854240;81,44;55,10542441;61,34532177
5044000;42,9;55,12082;61,246166
11058960;62,47;55,118179;61,253873
5577000;33,79;55,17282962;61,29152178
5303470;31,2;55,16907225;61,31212603
7951080;38,29;55,160355;61,431929
9150000;58,29;55,13564955;61,42441978
5584000;34,9;55,17319;61,289033
22890825;82,56;55,11205672;61,32504179
14056560;83,69;55,17019956;61,29454777
22310000;82,56;55,11193;61,325796
12779520;99,83;55,250895;61,24728
5267500;30,1;55,17319;61,289033
5302500;30,29;55,17319;61,289033
8257500;55,04;55,170912;61,318013
12674500;78,3;55,169946;61,377931
7659512;59,95;55,16907225;61,31212603
7694273;46,77;55,17336;61,36843
12634930;67,09;55,17908192;61,34101551
7982509;68,31;55,13106596;61,26330208
6314000;41;55,172661;61,473134
10020250;64,9;55,182297;61,234912
6682766;37,81;55,172979;61,367986
13328499;78,9;55,171745;61,377967
20319390;72,73;55,16916799;61,37096213
4056430;24,29;55,10887778;61,35977304
8844000;53,59;55,17319;61,289033
6351641;38,16;55,17336;61,36843
18855720;79,55;55,16989266;61,37174534
4582413;39,79;55,125922;61,253945
5652625;35,61;55,25239182;61,38401031
7203749;61,61;55,13106596;61,26330208
5868000;40,75;55,213324;61,30255
6979000;49,84;55,173447;61,321741
5509000;39,34;55,170912;61,318013
19158450;113,69;55,16011945;61,43196358
6400000;39,27;55,17446777;61,41569903
12498000;104,15;55,170912;61,318013
6871400;36,54;55,116042;61,255014
10022057;63,65;55,172805;61,365669
9211920;35,15;55,169879;61,371867
6136305;37,52;55,172805;61,365669
12100000;90;55,13848;61,45237
6110000;48,47;55,12719;61,622804
6280200;60,9;55,103719;61,251798
5594820;36,33;55,10854;61,35956
7090000;45,88;55,17446777;61,41569903
21330000;76,3;55,11205672;61,32504179
10965960;66,05;55,171077;61,377832
20076000;84;55,166588;61,390938
9299031;51,7;55,16990478;61,29537389
13782500;74,5;55,17992613;61,34096187
10349316;70,86;55,172979;61,367986
8083740;60,77;55,10542441;61,34532177
9155065;74,66;55,252399;61,384974
10778000;53,88;55,122712;61,37265
7974000;44,29;55,17319;61,289033
4709473;31,39;55,16907225;61,31212603
9414360;45,47;55,122712;61,37265
18359870;106,3;55,157389;61,402709
4894620;42,9;55,12082;61,246166
3295280;24,22;55,214029;61,298371
5285000;30,2;55,17230151;61,29111409
8860320;35,15;55,16989;61,3723
6865407;63,49;55,12582;61,24988
5297600;37,84;55,250895;61,24728
9595647;62,9;55,172805;61,365669
12770850;44,81;55,122712;61,37265
8288000;59,2;55,170912;61,318013
7301920;38,84;55,116042;61,255014
12215950;59,59;55,1485743;61,36363528
15247800;77,4;55,16063;61,43206
12260320;80,66;55,113143;61,274678
24360000;86,69;55,11193;61,325796
12129000;62,2;55,09489;61,243489
16357000;59,47;55,1485743;61,36363528
4990897;38,5;55,16907225;61,31212603
7950872;55,04;55,16907225;61,31212603
10819928;97,44;55,16907225;61,31212603
11918000;59,59;55,1485743;61,36363528
12392820;51,2;55,16976;61,3722
9555000;73,5;55,173447;61,321741
11213200;57,79;55,160355;61,431929
10314580;65,94;55,171077;61,377832
9493660;78,45;55,10547;61,34532
11527500;46,11;55,122712;61,37265
8836783;48,77;55,173372;61,36710624
4642036;30,7;55,173447;61,321741
11690000;83,5;55,186378;61,226709
12117600;50,49;55,16976;61,3722
6351647;37,79;55,172805;61,365669
8733925;52,88;55,173447;61,321741
7914800;37,59;55,17992613;61,34096187
5176160;38,06;55,10542441;61,34532177
10012500;66,75;55,173447;61,321741
4709529;31,39;55,16907225;61,31212603
8681563;58,88;55,18748;61,2327
7773540;59,34;55,214029;61,298371
9951900;47,38;55,148498;61,363387
5868000;40,75;55,21355;61,30287
11110060;49,4;55,160355;61,431929
14716020;60,81;55,16976;61,3722
18705811;106,3;55,170065;61,294848
5792791;49,36;55,08973;61,23944
18980246;107,3;55,157389;61,402709
6351630;37,79;55,172805;61,365669
6821280;67,4;55,10314;61,247069
11052000;60;55,16011945;61,43196358
9452570;49,59;55,173372;61,36710624
7577500;43,29;55,108254;61,249729
12709200;60,52;55,148498;61,363387
13398000;94,19;55,173447;61,321741
11444674;103,19;55,16907225;61,31212603
13872640;108,37;55,250895;61,24728
10322499;56,2;55,171745;61,377967
9581010;66,51;55,250793;61,403197
10168200;72,62;55,21277904;61,30311138
9661500;48,4;55,169946;61,377931
3138890;27,45;55,12719;61,622804
5558490;36,33;55,10903154;61,35920441
5200000;42,9;55,121705;61,247684
5933000;34,9;55,17282962;61,29152178
12898600;65,8;55,17179;61,29243
5372850;36,54;55,108254;61,249729
5933000;34,9;55,17282962;61,29152178
13410000;59,59;55,148498;61,363387
4454930;36,7;55,16907225;61,31212603
5076058;39,04;55,16907225;61,31212603
4595203;39,9;55,125922;61,253945
6103662;37,9;55,17299;61,37108
10631140;65,94;55,169946;61,377931
17810100;107,94;55,250895;61,24728
15555800;80,59;55,097131;61,242249
12501100;81,3;55,182297;61,234912
14155652;78,09;55,157389;61,402709
9452547;50,38;55,173372;61,36710624
10797150;44,06;55,122712;61,37265
17108696;86,59;55,157389;61,402709
3869470;24,26;55,10231;61,34543
8898270;60,9;55,16382;61,43562
14150141;79;55,17019956;61,29454777
6738720;48,47;55,21316;61,30282
6340056;37,81;55,17336;61,36843
10478000;66,48;55,186378;61,226709
5372850;36,54;55,108254;61,249729
11690000;91,61;55,16814;61,53102
7525000;60,2;55,17306391;61,31981861
5899000;34,7;55,17282962;61,29152178
9624120;72,91;55,21277904;61,30311138
7074000;39,29;55,17230151;61,29111409
7832650;56,34;55,213324;61,30255
7494510;57,2;55,10547;61,34532
14030000;104,77;55,186378;61,226709
12801800;90,8;55,18707;61,22825
5278500;39,09;55,17306391;61,31981861
4057500;32,18;55,12719;61,622804
10005350;64,8;55,182297;61,234912
5083000;29,89;55,17319;61,289033
15450120;61,31;55,16916799;61,37096213
6976000;43,59;55,17319;61,289033
4338405;35,29;55,126086;61,2562
20178000;118;55,16011945;61,43196358
7832650;56,34;55,213324;61,30255
9345000;53,4;55,17230151;61,29111409
13355520;69,55;55,169946;61,377931
6500000;41,68;55,17454;61,41601
5935500;39,56;55,1737459;61,32446462
4056430;24,29;55,10887778;61,35977304
5382000;29,89;55,17319;61,289033
17447600;82,3;55,115635;61,245187
11474910;64,83;55,116042;61,255014
7110246;51,65;55,187887;61,231487
11746700;54,16;55,17469173;61,39388388
13112000;59,59;55,148498;61,363387
5961000;53,65;55,12582;61,24988
27201000;95,44;55,11205672;61,32504179
9958735;70,86;55,172805;61,365669
12531200;71,19;55,180537;61,339986
8708348;42,11;55,171077;61,377832
11444674;103,19;55,173447;61,321741
6266872;37,52;55,17299;61,37108
6071040;37,52;55,172979;61,367986
17884800;82,8;55,112625;61,250663
7700000;47,15;55,17446777;61,41569903
4401000;24,45;55,213324;61,30255
7559697;51,27;55,18692;61,23104
4168980;24,37;55,10907;61,35937
6554145;43,5;55,186757;61,226865
5605600;36,18;55,113143;61,274678
7709000;59,29;55,173447;61,321741
5801896;49,43;55,08973;61,23944
18855720;79,55;55,16976;61,3722
10504559;56,4;55,171745;61,377967
8405580;60,9;55,108254;61,249729
7890000;51,13;55,16814;61,53102
8475500;77,05;55,173447;61,321741
6262905;51,15;55,16907225;61,31212603
7276500;48,5;55,11131;61,248762
10849260;74,3;55,11131;61,248762
4929507;28,6;55,173447;61,321741
7840000;44,79;55,17230151;61,29111409
6238750;54,25;55,173447;61,321741
11998000;83,9;55,186561;61,227535
6311098;37,59;55,172805;61,365669
12117584;72,65;55,172805;61,365669
9892654;68,3;55,186757;61,226865
4056430;24,29;55,111258;61,357638
8449155;76,05;55,16907225;61,31212603
5083000;29,89;55,17230151;61,29111409
3655790;32,24;55,13106596;61,26330208
18359870;106,3;55,16990478;61,29537389
9745290;79,23;55,10547;61,34532
6835680;48,47;55,213324;61,30255
6072917;37,52;55,17336;61,36843
11517000;69,8;55,17282962;61,29152178
8677500;48;55,172805;61,365669
4642685;38,34;55,16907225;61,31212603
10190000;76,16;55,16814;61,53102
11996000;59,97;55,122712;61,37265
10012500;66,75;55,173447;61,321741
9949800;47,38;55,1485743;61,36363528
12460000;84,18;55,186104;61,226133
10050441;61,88;55,172979;61,367986
8703676;59,04;55,186757;61,226865
8660925;58,75;55,18748;61,2327
10012500;66,75;55,173447;61,321741
5652625;35,61;55,25239182;61,38401031
5929000;42,9;55,120405;61,244416
12999700;53,06;55,14897983;61,36362455
3138890;27,45;55,12719;61,622804
5190616;46,2;55,127295;61,260969
9917523;52,04;55,17360031;61,32317977
17327070;73,11;55,16989266;61,37174534
18638999;99,69;55,169946;61,377931
11265000;75,09;55,173781;61,329179
9654400;43,09;55,113993;61,251376
10785992;97,44;55,16907225;61,31212603
9676800;43,2;55,114023;61,25137
9775900;71,69;55,11098;61,35252
6737500;38,5;55,17319;61,289033
12145997;81,23;55,172979;61,367986
4027800;28,77;55,250895;61,24728
12185700;80,69;55,113143;61,274678
16651250;60,54;55,1485743;61,36363528
6041903;39,41;55,18766;61,23199
7246080;33,29;55,160355;61,431929
6838000;70,8;55,10314;61,247069
13257000;78,9;55,169946;61,377931
5563030;42,9;55,120405;61,245889
7628100;54,09;55,21277904;61,30311138
10840550;46,13;55,14799671;61,36368892
10472860;65,94;55,169946;61,377931
17295035;107,19;55,170065;61,294848
15728700;80,66;55,09343218;61,24079687
6950646;50,04;55,187887;61,231487
9155065;74,66;55,252399;61,384974
6680747;37,36;55,172979;61,367986
9781188;65,55;55,250793;61,403197
4420600;28,52;55,250895;61,24728
5934701;37,31;55,17336;61,36843
8118000;49,2;55,17282962;61,29152178
8997950;70,84;55,173769;61,329517
4731844;31,54;55,16907225;61,31212603
11570490;65,37;55,118179;61,253873
5015000;29,5;55,173447;61,321741
7577500;43,29;55,108254;61,249729
10214876;71,16;55,17336;61,36843
10005660;52,93;55,11713;61,24662
6283200;29,92;55,169946;61,377931
6650000;43,29;55,17446777;61,41569903
8865670;41,2;55,157389;61,402709
6233097;40,9;55,16382;61,43562
10853864;97,94;55,173447;61,321741
7832650;56,34;55,21355;61,30287
8417552;56,59;55,186757;61,226865
5834880;40,52;55,213324;61,30255
9330000;62,2;55,173447;61,321741
11763150;46,13;55,14799671;61,36368892
12564860;81,58;55,171077;61,377832
6621166;48,95;55,187887;61,231487
9459120;71,66;55,21277904;61,30311138
10478000;66,48;55,18717966;61,22635491
10419000;45,29;55,14799671;61,36368892
6554145;43,5;55,186743;61,232097
9526320;76,05;55,16907225;61,31212603
7863230;56,56;55,21298762;61,30193121
12275520;80,76;55,113143;61,274678
32536149;115,44;55,11193;61,325796
14348160;84,59;55,16002;61,43216
3879900;23,95;55,10907;61,35937
10911780;59,4;55,16002;61,43216
21054600;81,84;55,169879;61,371867
3855180;28,77;55,250895;61,24728
18987900;113,69;55,160355;61,431929
6998038;59,95;55,16907225;61,31212603
6245691;37,59;55,172979;61,367986
5971284;37,59;55,17336;61,36843
10835850;46,11;55,1485743;61,36363528
6136302;37,9;55,172979;61,367986
17440115;106,69;55,17019956;61,29454777
6702500;38,29;55,17319;61,289033
4256000;35,4;55,127295;61,260969
5840640;40,56;55,21316;61,30282
8328320;56;55,18692;61,23104
6405736;38;55,17299;61,37108
12250000;76,98;55,1384635;61,45219134
14185710;80,09;55,16011945;61,43196358
16101030;81,88;55,178617;61,359747
5267500;30,1;55,17319;61,289033
8656818;57,68;55,250793;61,403197
12368000;89,83;55,18692798;61,22776039
16250280;85,08;55,108256;61,249732
7519900;54,09;55,21316;61,30282
14425700;79,69;55,115985;61,253505
16489000;90,44;55,17179;61,29243
5558490;36,33;55,10903154;61,35920441
12392820;51,2;55,16989266;61,37174534
8758880;42,11;55,171077;61,377832
10002270;56,5;55,116042;61,255014
11134300;47,38;55,122712;61,37265
9324118;62,61;55,172979;61,367986
8369961;56,27;55,186743;61,232097
8660925;58,75;55,18748;61,2327
7919800;56,56;55,21335569;61,30290753
5669400;37,84;55,173447;61,321741
6346032;47,59;55,16907225;61,31212603
6035000;36,99;55,18717966;61,22635491
4526261;38,29;55,08973;61,23944
7040692;50,61;55,187887;61,231487
7919800;56,56;55,2129;61,30134
8890000;52,25;55,11612993;61,45367541
5215000;29,79;55,17230151;61,29111409
9213120;41,2;55,157389;61,402709
8064000;44,79;55,17319;61,289033
5267500;30,1;55,17230151;61,29111409
5201250;36,5;55,104096;61,350497
17511200;82,59;55,112625;61,250663
7287280;50,04;55,18692;61,23104
5834880;40,52;55,213324;61,30255
9378000;66,72;55,186378;61,226709
32213211;115,44;55,11145;61,32772
14061300;76,59;55,17102;61,29359
12947200;68;55,180537;61,339986
5464520;40,77;55,10542441;61,34532177
10136100;44,06;55,122712;61,37265
5402250;36,75;55,108254;61,249729
7531000;44,29;55,17319;61,289033
5456239;27,8;55,17299;61,37108
8443989;41,2;55,16990478;61,29537389
10324800;47,79;55,112625;61,250663
20393100;73;55,169879;61,371867
12424280;51,34;55,16989266;61,37174534
5226977;30,39;55,170912;61,318013
10990000;81,27;55,1384635;61,45219134
4630547;38,15;55,16907225;61,31212603
12122600;61,84;55,169946;61,377931
5285000;30,2;55,17230151;61,29111409
8832711;60,9;55,16382;61,43562
5177025;36,33;55,104096;61,350497
4584895;36,2;55,16907225;61,31212603
12221440;70,4;55,16002;61,43216
7962180;60,77;55,10542441;61,34532177
14411970;60,81;55,16976;61,3722
7929900;55,45;55,120405;61,245889
24225600;87,9;55,11205672;61,32504179
9459120;71,66;55,21316;61,30282
6382381;42,36;55,186757;61,226865
12406600;60,52;55,122712;61,37265
5724634;37,34;55,18766;61,23199
6737500;38,5;55,17230151;61,29111409
10849260;74,3;55,11131;61,248762
9917523;52,04;55,173447;61,321741
8642700;42,45;55,17128914;61,29316285
16505520;85,08;55,108256;61,249732
5467000;39,04;55,170912;61,318013
5017579;38,59;55,173447;61,321741
4168980;24,37;55,10903154;61,35920441
7920000;48,61;55,108254;61,249729
12979200;99,83;55,250895;61,24728
9924080;65,29;55,113143;61,274678
9154880;42,7;55,16002;61,43216
12404550;60,5;55,1485743;61,36363528
11937000;69;55,17994;61,341
14996800;82,4;55,108254;61,249729
20396700;77,84;55,169879;61,371867
7515540;58,25;55,10547;61,34532
8973800;40,79;55,17102;61,29359
17249200;59,47;55,122712;61,37265
29270000;98,3;55,157305;61,411689
11916847;81,23;55,172805;61,365669
19890000;79,55;55,16989266;61,37174534
5117000;30,1;55,17282962;61,29152178
4269301;35,5;55,125922;61,253945
6304880;61,7;55,103719;61,251798
10979440;56,79;55,17992613;61,34096187
5935500;39,56;55,1737459;61,32446462
10490328;66,05;55,169946;61,377931
6110000;48,47;55,12719;61,622804
7748580;58,25;55,10547;61,34532
10819200;47,04;55,122712;61,37265
9910400;65,05;55,113143;61,274678
5137486;36,7;55,173447;61,321741
6351630;37,79;55,17336;61,36843
9571000;56,29;55,17319;61,289033
9555000;73,5;55,173447;61,321741
5361340;40;55,10542441;61,34532177
9921180;80,66;55,10547;61,34532
18796000;74;55,166588;61,390938
9854240;81,44;55,10542441;61,34532177
9459120;71,66;55,21277904;61,30311138
13518890;62,66;55,178617;61,359747
5600000;45,5;55,110813;61,258703
5552000;34,7;55,17282962;61,29152178
6351647;37,79;55,17336;61,36843
6060000;40,4;55,11131;61,248762
12193400;59,47;55,148498;61,363387
5030507;38,7;55,16907225;61,31212603
18661380;78,73;55,16976;61,3722
9687300;46,13;55,122712;61,37265
9450500;46,09;55,16063;61,43206
14476800;99,83;55,250895;61,24728
20319390;72,73;55,16916799;61,37096213
6109000;41;55,10854;61,35956
10176000;48;55,115635;61,245187
6682766;37,81;55,172805;61,365669
12000780;62,7;55,17908192;61,34101551
17371466;106,3;55,16990478;61,29537389
3048890;24,45;55,12719;61,622804
12000780;62,7;55,17908192;61,34101551
5725500;34,7;55,17319;61,289033
6311098;37,59;55,17336;61,36843
8387808;56,4;55,186757;61,226865
16288950;96,09;55,16002;61,43216
13395000;53,58;55,14799671;61,36368892
12793520;81,8;55,169946;61,377931
5303470;31,2;55,16907225;61,31212603
15500600;89,26;55,174775;61,393563
5137000;33,68;55,121033;61,242418
12155500;80,5;55,113143;61,274678
7752500;44,29;55,17319;61,289033
15748200;80,76;55,09343218;61,24079687
16456600;76,9;55,115743;61,246804
5604682;35,65;55,18692;61,23104
11920000;77,59;55,182297;61,234912
10112400;47,7;55,112625;61,250663
18473650;94,88;55,17128914;61,29316285
9962569;61,5;55,17336;61,36843
9434000;44,5;55,112625;61,250663
16790400;95,4;55,17994;61,341
9713880;66,9;55,208243;61,188443
15760499;95,4;55,169946;61,377931
9555000;73,5;55,173447;61,321741
16879940;83,8;55,178617;61,359747
11306520;51,29;55,16002;61,43216
21024360;83,43;55,16989;61,3723
15445080;61,29;55,16916799;61,37096213
9400000;57,95;55,17454;61,41601
10214876;71,16;55,172805;61,365669
13838400;74,4;55,10849233;61,25690017
6593750;52,75;55,10542441;61,34532177
4847515;30,1;55,173447;61,321741
8900016;48;55,172805;61,365669
6492090;50,93;55,120405;61,245889
7402199;32,7;55,169946;61,377931
8308750;39,09;55,180537;61,339986
7194000;43,59;55,17282962;61,29152178
4022700;24,37;55,10887778;61,35977304
3912000;24,45;55,213324;61,30255
5590000;34,63;55,16814;61,53102
8148000;67,9;55,17343849;61,31978642
9756000;69,9;55,18692798;61,22776039
9571000;56,29;55,17230151;61,29111409
20060000;118;55,16011945;61,43196358
7832650;56,34;55,213324;61,30255
9275000;53;55,17230151;61,29111409
7628100;54,09;55,213324;61,30255
12985500;79,08;55,108254;61,249729
11413020;65,8;55,17205061;61,29205778
5859354;35,24;55,18748;61,2327
3869470;24,26;55,104096;61,350497
14411970;60,81;55,16989266;61,37174534
10022057;63,65;55,17336;61,36843
12250000,6;76,98;55,13848;61,45237
9949500;60,29;55,17319;61,289033
19253520;79,55;55,16976;61,3722
6285797;38,16;55,172805;61,365669
6726640;35,77;55,118179;61,253873
22768250;74,69;55,157389;61,402709
13018370;80,59;55,17128914;61,29316285
15157220;93,3;55,171139;61,292474
9693999;46,9;55,171745;61,377967
23710400;102,19;55,114023;61,25137
10152560;61,15;55,171077;61,377832
9654400;43,09;55,113915;61,248933
8410870;40,27;55,17469173;61,39388388
5420000;42,9;55,121705;61,247684
12047400;62,66;55,17469173;61,39388388
4642685;38,34;55,173447;61,321741
16054448;69,55;55,169946;61,377931
11096700;78,69;55,108254;61,249729
7543200;45,38;55,108254;61,249729
5767730;35,24;55,18748;61,2327
7832650;56,34;55,213324;61,30255
17513724;103,41;55,172805;61,365669
19253520;79,55;55,16976;61,3722
7710000;46,93;55,197718;61,185027
9600000;70,84;55,173769;61,329517
32536149;115,44;55,11145;61,32772
17285600;95,8;55,169946;61,377931
11524800;47,04;55,14897983;61,36362455
3869470;24,26;55,10222425;61,34539511
4988753;45,06;55,13106596;61,26330208
10774280;52,09;55,16002;61,43216
14035376;78,3;55,157389;61,402709
7919800;56,56;55,21335569;61,30290753
12406600;60,52;55,14799671;61,36368892
6399000;61,59;55,103719;61,251798
7542500;43,09;55,17319;61,289033
9153850;67,09;55,110934;61,352464
12558700;57;55,17179;61,29243
11527500;46,11;55,122712;61,37265
4168980;24,37;55,111258;61,357638
7287280;50,04;55,18692;61,23104
6134425;37,59;55,172805;61,365669
5137486;36,7;55,170912;61,318013
24197600;104,3;55,113993;61,251376
7366696;49,11;55,172805;61,365669
14142660;66,9;55,16990478;61,29537389
7840000;44,79;55,17230151;61,29111409
15353200;58,59;55,16989;61,3723
10840550;46,13;55,122712;61,37265
6682000;51,4;55,17343849;61,31978642
15555800;80,59;55,097131;61,242249
8417552;56,59;55,186757;61,226865
7712640;40,16;55,114982;61,244986
18705811;106,3;55,16990478;61,29537389
16642000;78,5;55,112625;61,250663
11450850;65,19;55,17205061;61,29205778
14876400;92,09;55,208243;61,188443
5870895;42,43;55,252399;61,384974
7206040;38,33;55,116042;61,255014
9818200;70,12;55,21335569;61,30290753
7667000;45,09;55,17319;61,289033
7561633;46,77;55,172979;61,367986
13245584;79,3;55,16990478;61,29537389
10408200;39,59;55,17179;61,29243
7319000;56,29;55,170912;61,318013
4864160;32,31;55,10231;61,34543
11844030;62,7;55,17928;61,34155
7832650;56,34;55,2129;61,30134
4857583;41,95;55,08973;61,23944
12363574;80,94;55,17299;61,37108
9968100;64,5;55,182297;61,234912
7863230;56,56;55,213324;61,30255
5773343;50,93;55,121705;61,247684
10826695;97,44;55,16907225;61,31212603
11168000;69,8;55,17282962;61,29152178
5200000;42,9;55,121705;61,247684
17536200;106,3;55,16990478;61,29537389
4884920;35;55,121705;61,247684
4059770;24,3;55,10887778;61,35977304
6762360;35,97;55,118179;61,253873
7558900;53,79;55,173447;61,321741
6495400;46,5;55,173447;61,321741
6369375;61,7;55,10314;61,247069
6471446;37,81;55,17299;61,37108
5372850;36,54;55,108254;61,249729
9683100;46,11;55,1485743;61,36363528
9861740;69,4;55,208243;61,188443
6715500;40,7;55,17319;61,289033
7134400;34,29;55,17994;61,341
9061942;44,2;55,157389;61,402709
12999700;53,06;55,122712;61,37265
9165150;36,5;55,160355;61,431929
5750000;49,99;55,124681;61,249481
5411991;45,29;55,125436;61,254759
5267500;30,1;55,17319;61,289033
12675300;75,9;55,108254;61,249729
6150000;38,86;55,17454;61,41601
7533800;54,2;55,187887;61,231487
10331784;66,05;55,171077;61,377832
7979202;59,84;55,173447;61,321741
6311098;37,59;55,172979;61,367986
12143439;84,23;55,186757;61,226865
19055080;78,73;55,16976;61,3722
12000000;78,62;55,186378;61,226709
9818200;70,12;55,21355;61,30287
7872000;49,2;55,17319;61,289033
5332964;35,65;55,187887;61,231487
10480850;58,16;55,17128914;61,29316285
6471446;37,81;55,17299;61,37108
13245584;79,3;55,157389;61,402709
5839619;48,93;55,13106596;61,26330208
10022057;63,65;55,172979;61,367986
5015000;29,5;55,173447;61,321741
11750000;84,25;55,17446777;61,41569903
7320379;59,9;55,16907225;61,31212603
9781480;51,29;55,17128914;61,29316285
6314000;41;55,1726;61,47311
12781620;83,54;55,250895;61,24728
14629512;78,4;55,16990478;61,29537389
10831990;57,5;55,17205061;61,29205778
14842000;82;55,116062;61,253549
12167580;51,34;55,16976;61,3722
4947000;29,1;55,170912;61,318013
11415600;63;55,160355;61,431929
11513250;53,54;55,122712;61,37265
5840640;40,56;55,213324;61,30255
9854240;81,44;55,10542441;61,34532177
11450000;83,55;55,13655;61,42469
9666488;66,51;55,250793;61,403197
6789700;67,19;55,10314;61,247069
6071021;37,9;55,172979;61,367986
21785300;83,15;55,16916799;61,37096213
6550000;43,09;55,17446777;61,41569903
5418000;30,1;55,17282962;61,29152178
10045180;41,2;55,16990478;61,29537389
3403850;26,35;55,12082;61,246166
5814000;34,2;55,17319;61,289033
9912448;68,08;55,186743;61,232097
7147800;36,09;55,093617;61,240075
6441906;37,77;55,172979;61,371274
9082022;48,79;55,173372;61,36710624
10543550;43,29;55,16011945;61,43196358
7295937;59,7;55,16907225;61,31212603
10192500;45,29;55,122712;61,37265
6138182;37,52;55,172979;61,367986
5372000;31,6;55,17319;61,289033
5302500;30,29;55,17319;61,289033
12755500;70,66;55,174775;61,393563
5558490;36,33;55,111258;61,357638
6351625;38,18;55,172805;61,365669
9698620;47,79;55,180537;61,339986
9332400;84;55,16907225;61,31212603
6071021;37,9;55,172805;61,365669
5669500;38,09;55,170912;61,318013
12167580;51,34;55,16989266;61,37174534
14982660;84,59;55,16011945;61,43196358
11469600;64,8;55,116042;61,255014
5676330;42,9;55,120405;61,245889
4490965;37;55,173447;61,321741
16777600;78,4;55,114982;61,244986
17426400;82,19;55,112625;61,250663
5439000;38,84;55,173447;61,321741
5750000;49,99;55,124681;61,249481
9949500;60,29;55,17282962;61,29152178
8302195;65,62;55,173447;61,321741
3530750;24,35;55,17306391;61,31981861
4926074;35,61;55,252399;61,384974
6186400;35,61;55,18641;61,22835
7832650;56,34;55,21335569;61,30290753
18359870;106,3;55,170065;61,294848
6969300;31,5;55,171745;61,377967
12323400;53,58;55,148498;61,363387
11138776;68,41;55,18641;61,22835
6760480;35,95;55,116042;61,255014
15536500;80,5;55,094091;61,242321
9293570;44,15;55,178617;61,359747
9313920;48,5;55,11713;61,24662
8204735;73,84;55,16907225;61,31212603
7356799;33,4;55,171745;61,377967
3618600;24,45;55,2129;61,30134
6275484;51,34;55,173447;61,321741
11885500;58,16;55,17102;61,29359
10639892;68,02;55,169946;61,377931
14155652;78,09;55,170065;61,294848
17692620;73,11;55,16976;61,3722
7167600;36,2;55,093617;61,240075
11066092;71,16;55,172979;61,367986
8171405;73,55;55,16907225;61,31212603
9683100;46,11;55,122712;61,37265
4057500;32,18;55,12719;61,622804
4490965;37;55,16907225;61,31212603
7574000;54,09;55,21277904;61,30311138
11383470;51,29;55,160355;61,431929
11031116;52,79;55,157389;61,402709
5478000;33,2;55,17282962;61,29152178
12339600;44,06;55,122712;61,37265
17605500;106,69;55,170065;61,294848
13620000;85,8;55,197718;61,185027
7889000;56,34;55,21355;61,30287
9300000;77,4;55,124681;61,249481
5834880;40,52;55,21316;61,30282
9010963;54,77;55,250793;61,403197
11615940;61,45;55,10908385;61,25782762
10810852;71,69;55,172805;61,365669
9424990;76,13;55,08973;61,23944
5765200;41,18;55,170984;61,434093
7912104;66,09;55,113138;61,274687
9211920;35,15;55,16916799;61,37096213
7295937;59,7;55,16907225;61,31212603
14366256;78,4;55,16990478;61,29537389
10258927;70,61;55,172805;61,365669
11619524;68,02;55,171077;61,377832
5148800;32,18;55,213324;61,30255
5840640;40,56;55,21277904;61,30311138
18359870;106,3;55,170065;61,294848
4926074;35,61;55,252399;61,384974
10841592;64,37;55,171077;61,377832
12222434;81,23;55,17299;61,37108
8417552;56,59;55,186757;61,226865
5558490;36,33;55,111258;61,357638
4709529;31,39;55,16907225;61,31212603
7743360;40,33;55,114982;61,244986
10849260;74,3;55,11131;61,248762
6351625;38,18;55,172979;61,367986
9703201;79,8;55,08973;61,23944
16005000;83,63;55,178617;61,359747
10314580;65,94;55,171077;61,377832
8452500;56,34;55,213324;61,30255
5439000;38,84;55,170912;61,318013
12167580;51,34;55,16976;61,3722
4193360;24,37;55,10854;61,35956
9783620;63,52;55,169946;61,377931
10241000;73,15;55,173447;61,321741
4669000;33,34;55,16907225;61,31212603
9374000;70,84;55,173781;61,329179
4978600;32,11;55,10903154;61,35920441
12136770;51,2;55,16976;61,3722
4148000;22,7;55,186104;61,226133
16250280;85,08;55,108256;61,249732
8445000;58,45;55,10941;61,35114
5870895;42,43;55,252399;61,384974
6542000;67,9;55,10314;61,247069
6136305;37,52;55,172979;61,367986
10781070;60,9;55,116042;61,255014
13412000;96,5;55,173447;61,321741
10585080;59,4;55,16011945;61,43196358
6305000;37,61;55,186378;61,226709
18661380;78,73;55,16989266;61,37174534
7854360;36,59;55,16002;61,43216
9082022;48,79;55,173372;61,36710624
9568000;73,59;55,173447;61,321741
10966860;79,47;55,108254;61,249729
9211920;35,15;55,16989;61,3723
6940000;45,5;55,17446777;61,41569903
7295120;37,22;55,169946;61,377931
6150000;38,86;55,17454;61,41601
13328500;78,3;55,171745;61,377967
13321000;60,54;55,1485743;61,36363528
15278760;84,59;55,16002;61,43216
6314000;41;55,172661;61,473134
8862400;46,4;55,17994;61,341
13863538;81,87;55,17349829;61,36949225
14534300;80,3;55,117403;61,25269
7863230;56,56;55,21335569;61,30290753
4056430;24,29;55,10887778;61,35977304
9568200;51,79;55,170065;61,294848
10517520;71,3;55,11098;61,35252
4482639;26,95;55,186743;61,232097
14943240;80,33;55,10908385;61,25782762
7826000;60,2;55,17306391;61,31981861
7012697;50,61;55,187887;61,231487
8987000;65,36;55,17360031;61,32317977
11328800;57,79;55,160746;61,431749
5192000;33,68;55,121033;61,242418
12717780;100,13;55,250895;61,24728
5594820;36,33;55,10854;61,35956
6126248;54,16;55,08973;61,23944
9248400;44,04;55,122712;61,37265
5200000;42,9;55,12082;61,246166
6715500;40,7;55,17282962;61,29152178
6715000;69,5;55,10314;61,247069
3888610;24,37;55,104096;61,350497
4305288;37,9;55,08973;61,23944
5385588;45,59;55,126452;61,255131
4000000;35,4;55,113138;61,274687
5107300;42,9;55,121705;61,247684
3869470;24,26;55,10231;61,34543
4168980;24,37;55,111258;61,357638
9564800;42,7;55,113915;61,248933
5151000;30,29;55,17319;61,289033
6450000;41,72;55,17446777;61,41569903
8705280;45,34;55,10908385;61,25782762
5010720;32,11;55,10854;61,35956
5176160;38,06;55,10542441;61,34532177
5267500;30,1;55,17230151;61,29111409
14982660;84,59;55,160355;61,431929
5767730;35,24;55,18766;61,23199
9096080;61,45;55,11131;61,248762
10419000;45,29;55,122712;61,37265
9535281;66,18;55,172805;61,365669
5644000;33,2;55,17319;61,289033
8607284;42,11;55,169946;61,377931
10804223;71,16;55,172805;61,365669
9887360;44,2;55,157389;61,402709
9958735;70,86;55,17299;61,37108
5148500;42,9;55,12082;61,246166
54573000;182;55,157389;61,402709
9886765;41,2;55,16990478;61,29537389
5604682;35,65;55,18692;61,23104
14404980;81,8;55,160355;61,431929
12200800;80,8;55,113143;61,274678
11857000;83,5;55,186561;61,227535
18945648;107,3;55,157389;61,402709
4639536;28,6;55,170912;61,318013
11902800;61,04;55,122712;61,37265
10324400;48,7;55,112625;61,250663
9526320;76,05;55,173447;61,321741
17621240;107,19;55,157389;61,402709
6754110;32,56;55,171139;61,292474
8677500;48;55,17349829;61,36949225
4071460;24,37;55,10887778;61,35977304
4439760;44,7;55,103719;61,251798
9454400;62,2;55,113143;61,274678
9555000;73,5;55,170912;61,318013
19465160;107,9;55,157389;61,402709
11242400;59,79;55,116062;61,253549
9852500;56,29;55,17319;61,289033
11066092;71,16;55,17336;61,36843
8369961;56,27;55,186743;61,232097
9584140;69,4;55,208243;61,188443
11615940;61,45;55,10908385;61,25782762
6554145;43,5;55,18692;61,23104
6967280;37,06;55,118179;61,253873
17260800;74,4;55,113993;61,251376
8976000;56,09;55,170912;61,318013
5133540;38,31;55,10547;61,34532
8854955;48,79;55,173372;61,36710624
6294000;36,83;55,186378;61,226709
12707100;60,5;55,122712;61,37265
6680000;36,97;55,197718;61,185027
3634400;26,42;55,12082;61,246166
5456239;27,8;55,17299;61,37108
5840640;40,56;55,213324;61,30255
5346000;32,4;55,17319;61,289033
7464300;53,7;55,186772;61,23314
11460750;64,75;55,118179;61,253873
12298461;86,75;55,172979;61,367986
6838000;70,8;55,10314;61,247069
7840000;44,79;55,17319;61,289033
10424249;47,4;55,171745;61,377967
10136100;44,06;55,122712;61,37265
3625000;26,42;55,121705;61,247684
6554145;43,5;55,186743;61,232097
8745000;53;55,17230151;61,29111409
9595647;62,9;55,172979;61,367986
5267500;30,1;55,17319;61,289033
7276500;48,5;55,11131;61,248762
5010720;32,11;55,10854;61,35956
7058746;60,45;55,13106596;61,26330208
16542200;77,3;55,114982;61,244986
10767000;59,75;55,17205061;61,29205778
19253520;79,55;55,16976;61,3722
9480276;51,79;55,170065;61,294848
6285800;37,79;55,17336;61,36843
5151000;30,29;55,17319;61,289033
6528000;38,4;55,17319;61,289033
8660925;58,75;55,18766;61,23199
4780160;45,5;55,103719;61,251798
5285000;30,2;55,17230151;61,29111409
11251380;60,2;55,16011945;61,43196358
12781620;83,54;55,250895;61,24728
9469200;62,29;55,110934;61,352464
23820000;76,91;55,157305;61,411689
5508000;32,4;55,17319;61,289033
8405580;60,9;55,108254;61,249729
6554145;43,5;55,186757;61,226865
8800000;51,91;55,11611;61,45367
8343192;56,09;55,186743;61,232097
12136024;80,94;55,172979;61,371274
9366946;41,2;55,170065;61,294848
10360480;58,59;55,160355;61,431929
10314580;65,94;55,171077;61,377832
14386900;59,45;55,148498;61,363387
6138182;37,52;55,17336;61,36843
11593285;104,34;55,173447;61,321741
9909000;44,04;55,122712;61,37265
4334320;31,87;55,214029;61,298371
7488936;50,79;55,18766;61,23199
5669500;38,09;55,173447;61,321741
6285800;37,79;55,172979;61,367986
23610000;74,16;55,15713553;61,41171927
35233600;144,39;55,166588;61,390938
6779495;44,9;55,18672;61,23403
5478000;33,2;55,17282962;61,29152178
7844417;45,41;55,250793;61,403197
10626460;59,79;55,16002;61,43216
19055080;78,73;55,16976;61,3722
14304000;59,59;55,148498;61,363387
27310000;105,86;55,11145;61,32772
15108360;82,19;55,17908192;61,34101551
5095490;36,59;55,170912;61,318013
9703201;79,8;55,08973;61,23944
7840000;44,79;55,17319;61,289033
8499504;48;55,173308;61,369697
8956040;70,51;55,250895;61,24728
7628100;54,09;55,21316;61,30282
12451584;81,23;55,17299;61,37108
3618600;24,45;55,2129;61,30134
15633000;81;55,096178;61,240866
8387808;56,4;55,186757;61,226865
4887500;39,09;55,17306391;61,31981861
12167580;51,34;55,16976;61,3722
6287673;36,97;55,172805;61,365669
13415478;78,3;55,157389;61,402709
5174000;39,79;55,17343849;61,31978642
8847440;59,77;55,11131;61,248762
5678500;41;55,104096;61,350497
4071460;24,37;55,10887778;61,35977304
14155652;78,09;55,17019956;61,29454777
5850000;49,2;55,124681;61,249481
7979202;59,84;55,173447;61,321741
5412003;45,79;55,126452;61,255131
5669500;38,09;55,170912;61,318013
6245691;37,59;55,172979;61,367986
13119750;53,54;55,1485743;61,36363528
3890016;26,95;55,187887;61,231487
11411600;60,7;55,117128;61,252858
36689934;133,49;55,11205672;61,32504179
6877500;39,29;55,17319;61,289033
7369770;57,13;55,10542441;61,34532177
10349316;70,86;55,172805;61,365669
3138890;27,45;55,12719;61,622804
8171900;39,09;55,17994;61,341
8187300;74,43;55,25536;61,39563
5017579;38,59;55,16907225;61,31212603
3872000;25,27;55,186378;61,226709
9650820;47,79;55,17928;61,34155
7574000;54,09;55,21277904;61,30311138
11800000;86,62;55,13564955;61,42441978
5342260;35,65;55,187887;61,231487
30424700;127,3;55,166588;61,390938
3655790;32,24;55,13106596;61,26330208
19055080;78,73;55,16976;61,3722
4403000;22,79;55,18717966;61,22635491
5030507;38,7;55,173447;61,321741
15050800;78,8;55,160355;61,431929
5174000;39,79;55,17343849;61,31978642
6138182;37,52;55,17336;61,36843
10023260;49,4;55,16011945;61,43196358
6280500;61,5;55,103719;61,251798
9459120;71,66;55,21316;61,30282
4574543;30,5;55,170912;61,318013
5740560;58,79;55,10314;61,247069
10585080;59,4;55,160355;61,431929
3854500;29,64;55,250895;61,24728
5586030;36,5;55,10907;61,35937
6534890;30,79;55,17128914;61,29316285
7832650;56,34;55,21298762;61,30193121
11892180;90,77;55,250895;61,24728
13347200;68,3;55,174775;61,393563
6136302;37,9;55,17336;61,36843
17821667;107,31;55,173308;61,369697
6351647;37,79;55,17336;61,36843
6638500;39,04;55,173447;61,321741
10703880;59,4;55,160355;61,431929
4256000;35,4;55,127295;61,260969
5600000;32,52;55,173769;61,329517
8792300;40,5;55,17102;61,29359
16715200;99,19;55,180537;61,339986
6974060;59,18;55,12719;61,622804
9414568;66,18;55,17336;61,36843
7110000;39,5;55,170912;61,318013
6094950;37,5;55,172979;61,367986
6552638;43,49;55,186743;61,232097
15581250;83,09;55,180537;61,339986
12417900;63,7;55,17102;61,29359
5725500;34,7;55,17319;61,289033
6896500;53,04;55,173447;61,321741
20136000;83,9;55,166588;61,390938
4864160;32,31;55,10222425;61,34539511
7839600;56,4;55,172661;61,473134
7492814;65,09;55,187224;61,233634
10781070;60,9;55,116042;61,255014
16567600;94,16;55,174775;61,393563
23833500;105,19;55,148498;61,363387
5201300;40;55,10542441;61,34532177
9827000;63,4;55,173781;61,329179
12999700;53,06;55,122712;61,37265
10207400;72,91;55,21316;61,30282
12125300;80,59;55,113143;61,274678
10873110;61,43;55,116042;61,255014
4945869;39,04;55,173447;61,321741
6734000;46,43;55,121705;61,247684
16324000;85,59;55,17179;61,29243
12155500;80,5;55,113143;61,274678
9580040;64,73;55,11131;61,248762
14860100;82,09;55,116062;61,253549
8417552;56,59;55,186757;61,226865
12170600;80,59;55,113143;61,274678
15613700;80,9;55,093061;61,238593
13189200;45,47;55,122712;61,37265
7574000;54,09;55,21277904;61,30311138
7863230;56,56;55,21298762;61,30193121
8180000;46,97;55,197718;61,185027
14943240;80,33;55,11713;61,24662
10840550;46,13;55,122712;61,37265
4168980;24,37;55,10907;61,35937
9178140;39,59;55,17205061;61,29205778
5375523;38,4;55,16907225;61,31212603
6894000;38,29;55,17230151;61,29111409
6896500;53,04;55,173447;61,321741
7009000;40,43;55,182297;61,234912
11619524;68,02;55,171077;61,377832
19055080;78,73;55,16989266;61,37174534
7028100;33;55,171745;61,377967
15997800;58,59;55,16916799;61,37096213
29537206;104,73;55,11205672;61,32504179
10021740;56,61;55,116042;61,255014
11226600;63;55,16011945;61,43196358
20060000;118;55,160355;61,431929
5400000;49,2;55,12471;61,24962
9962569;61,5;55,172805;61,365669
6351625;38,18;55,172805;61,365669
9111450;79,23;55,10547;61,34532
12694500;65,09;55,093061;61,238593
13286656;88,2;55,250793;61,403197
5840640;40,56;55,21316;61,30282
7235917;49,11;55,172805;61,365669
8681563;58,88;55,18766;61,23199
5669400;37,84;55,170912;61,318013
11771790;49,66;55,16989266;61,37174534
9856396;62,95;55,17336;61,36843
4574543;30,2;55,173447;61,321741
8815451;57,68;55,250793;61,403197
15760500;95,59;55,169946;61,377931
7832650;56,34;55,213324;61,30255
11080020;80,29;55,108254;61,249729
11633400;90,77;55,186378;61,226709
6471438;38;55,17299;61,37108
13412000;96,5;55,16907225;61,31212603
10005350;64,8;55,182297;61,234912
22904084;122,08;55,169946;61,377931
7450000;47,04;55,17446777;61,41569903
10123030;52,09;55,160355;61,431929
4168980;24,37;55,10907;61,35937
7659300;32,56;55,17102;61,29359
3912000;24,45;55,213324;61,30255
5932875;37,5;55,17336;61,36843
4978600;32,11;55,10907;61,35937
5767730;35,24;55,18766;61,23199
7259000;55,45;55,121705;61,247684
10905129;70,9;55,158549;61,468086
9788800;43,7;55,113915;61,248933
15997800;58,59;55,16989;61,3723
10555380;59,4;55,16002;61,43216
5767730;35,24;55,18766;61,23199
6311111;37,77;55,17336;61,36843
13776000;83,34;55,108254;61,249729
5238000;29,1;55,173447;61,321741
9257160;70,12;55,213324;61,30255
3869470;24,26;55,10222425;61,34539511
9587160;72,62;55,213324;61,30255
8102058;46,7;55,250793;61,403197
9831903;49,7;55,15142;61,30195
10190000;76,16;55,16814;61,53102
7953746;67,65;55,13106596;61,26330208
10605280;77,98;55,111258;61,357638
11234127;52,79;55,157389;61,402709
14244700;78,69;55,117403;61,25269
5311110;36,13;55,108254;61,249729
5051640;38,27;55,10547;61,34532
10590000;65,18;55,11611;61,45367
15549600;83,59;55,16063;61,43206
9493900;70,84;55,173769;61,329517
6578450;27,2;55,171745;61,377967
4978600;32,11;55,111258;61,357638
5903226;50,93;55,12082;61,246166
12731550;65,29;55,09343218;61,24079687
18224360;94,16;55,178617;61,359747
8449155;76,05;55,173447;61,321741
15997800;58,59;55,16989;61,3723
17371466;106,3;55,16990478;61,29537389
10032400;71,66;55,21277904;61,30311138
11771790;49,66;55,16989266;61,37174534
9944830;42,7;55,160355;61,431929
8204735;73,84;55,173447;61,321741
12167580;51,34;55,16989266;61,37174534
9289500;56,29;55,17319;61,289033
9044000;53,2;55,17282962;61,29152178
6314000;41;55,1726;61,47311
8738000;51,4;55,17282962;61,29152178
13012895;68,5;55,170065;61,294848
7628100;54,09;55,21277904;61,30311138
15004900;82,9;55,116062;61,253549
12606150;78,4;55,169946;61,377931
10819200;47,04;55,14897983;61,36362455
38081300;136,75;55,11193;61,325796
12215950;59,59;55,1485743;61,36363528
5375523;38,4;55,173447;61,321741
21845560;83,37;55,169879;61,371867
4587783;26,95;55,186757;61,226865
16317000;98;55,17992613;61,34096187
19465160;107,9;55,17019956;61,29454777
10327562;63,65;55,172979;61,367986
5411991;45,29;55,125436;61,254759
13912500;52,5;55,166588;61,390938
4482639;26,95;55,186743;61,232097
6939080;36,9;55,118179;61,253873
14587800;82;55,160355;61,431929
11771790;49,66;55,16989266;61,37174534
9791099;55,7;55,169946;61,377931
5045500;42,9;55,12082;61,246166
7679000;54,84;55,173447;61,321741
6494150;30,79;55,171139;61,292474
5181000;33,77;55,121033;61,242418
8745000;53;55,17319;61,289033
10950330;63,7;55,171139;61,292474
14103000;78,4;55,16990478;61,29537389
17327070;73,11;55,16976;61,3722
11857000;83,5;55,186378;61,226709
8690000;77,61;55,12471;61,24962
12070500;61,9;55,097548;61,237722
10693931;83,69;55,173447;61,321741
5467202;45,09;55,113138;61,274687
11257200;63,59;55,118179;61,253873
41633700;148,97;55,11205672;61,32504179
9528480;81,44;55,10542441;61,34532177
6314000;41;55,172661;61,473134
6682766;37,81;55,17336;61,36843
8890000;52,25;55,11611;61,45367
14957400;80,88;55,17469173;61,39388388
8438001;76,05;55,16907225;61,31212603
5362999;31,54;55,173447;61,321741
5864572;58,29;55,113138;61,274687
5456239;27,8;55,172805;61,365669
12779520;99,83;55,250895;61,24728
13849660;69,15;55,178617;61,359747
11295120;74,3;55,11131;61,248762
9086000;47,2;55,17992613;61,34096187
13739000;59,59;55,17179;61,29243
10625914;74,66;55,25239182;61,38401031
11906730;62,7;55,17908192;61,34101551
8612630;36,5;55,171139;61,292474
4947000;29,1;55,173447;61,321741
5107300;42,9;55,12082;61,246166
5852000;42,79;55,121033;61,242418
9886765;41,2;55,170065;61,294848
15171000;95,69;55,171745;61,377967
8792235;41,2;55,157389;61,402709
5669400;37,84;55,173447;61,321741
32252220;118,13;55,16989;61,3723
7863230;56,56;55,2129;61,30134
3138890;27,45;55,12719;61,622804
5651100;54,29;55,08973;61,23944
7227000;36,5;55,093617;61,240075
13070904;77,16;55,186757;61,226865
9010000;53;55,17230151;61,29111409
10652540;57,79;55,180537;61,339986
10715580;60,54;55,116042;61,255014
15555800;80,59;55,095827;61,244693
4649986;39,9;55,127295;61,260969
13688934;88,19;55,250793;61,403197
3912000;24,45;55,213324;61,30255
12707536;88,2;55,250793;61,403197
10032400;71,66;55,21316;61,30282
7892420;56,77;55,1726;61,47311
12020140;49,66;55,16989266;61,37174534
6218150;41,27;55,18766;61,23199
15536500;80,5;55,094519;61,244809
12038796;103,19;55,16907225;61,31212603
4762049;31,75;55,16907225;61,31212603
4256015;35,29;55,125922;61,253945
6534890;30,79;55,171139;61,292474
6838000;70,8;55,10314;61,247069
33920250;124,25;55,16989;61,3723
17526097;103,48;55,17349829;61,36949225
8448000;51,2;55,17282962;61,29152178
5899000;34,7;55,17282962;61,29152178
17332560;68,77;55,16916799;61,37096213
10064185;70,61;55,17299;61,37108
7225394;47,59;55,18710168;61,23087229
7583460;43,36;55,171139;61,292474
12155500;80,5;55,113143;61,274678
13444200;66;55,174775;61,393563
4642036;30,7;55,170912;61,318013
5609500;37,45;55,173447;61,321741
11058960;62,47;55,118179;61,253873
12260320;80,66;55,113143;61,274678
5459454;36,59;55,173447;61,321741
8530500;51,7;55,17282962;61,29152178
5597760;38,08;55,108254;61,249729
9156800;47,2;55,17994;61,341
5859354;35,24;55,18748;61,2327
4168980;24,37;55,111258;61,357638
12260320;80,66;55,113143;61,274678
12503700;57,29;55,17179;61,29243
11615940;61,45;55,10908385;61,25782762
9136300;43,29;55,16002;61,43216
6890000;36,97;55,197718;61,185027
19370000;105,33;55,197718;61,185027
9857120;67,69;55,186757;61,226865
4886000;34,9;55,17306391;61,31981861
9568000;73,59;55,173447;61,321741
4168980;24,37;55,10907;61,35937
5933000;34,9;55,17319;61,289033
7399020;58,25;55,10547;61,34532
6700000;43,22;55,17454;61,41601
5590000;34,63;55,16814;61,53102
12891400;59,95;55,122712;61,37265
13243100;79,3;55,108254;61,249729
6939080;36,9;55,118179;61,253873
5117000;30,1;55,17230151;61,29111409
3903850;23,95;55,10903154;61,35920441
7889000;56,34;55,21355;61,30287
17973200;68,59;55,16916799;61,37096213
18855720;79,55;55,16989266;61,37174534
4482450;44,7;55,10314;61,247069
9443070;34,59;55,169879;61,371867
8450330;42,7;55,16002;61,43216
10265200;66,18;55,18641;61,22835
9936000;62,09;55,173447;61,321741
9112000;53,59;55,17319;61,289033
9109600;47,2;55,17994;61,341
18025600;68,8;55,16989;61,3723
6283200;29,92;55,171077;61,377832
13459896;79;55,16990478;61,29537389
6664000;39,2;55,17230151;61,29111409
6358000;35,22;55,18722;61,22869
8871720;61,09;55,208243;61,188443
5372850;36,54;55,108254;61,249729
11153100;79,09;55,108254;61,249729
4800000;40,68;55,243988;61,253829
5480590;45,2;55,125443;61,254763
7773540;59,34;55,214029;61,298371
9962569;61,5;55,17336;61,36843
6134452;37,77;55,172979;61,367986
10424249;48,29;55,171745;61,377967
16994999;100,3;55,171745;61,377967
13623750;60,54;55,1485743;61,36363528
14571900;107,94;55,250895;61,24728
10015110;52,99;55,10908385;61,25782762
5267500;30,1;55,17230151;61,29111409
10665550;60,93;55,173735;61,290039
11464290;64,76;55,118179;61,253873
6351647;37,79;55,172979;61,367986
7889000;56,34;55,21355;61,30287
5590200;36,2;55,113143;61,274678
12209200;52,4;55,16989266;61,37174534
7952849;32,59;55,169946;61,377931
6128370;41,13;55,10854;61,35956
6136305;37,52;55,17336;61,36843
6860000;39,2;55,17319;61,289033
6311098;37,59;55,172979;61,367986
12486000;104,05;55,173447;61,321741
21029400;83,44;55,16916799;61,37096213
4022700;24,37;55,10887778;61,35977304
7719816;62,4;55,18757434;61,23137654
5600000;32,52;55,173781;61,329179
5382960;40,77;55,10542441;61,34532177
5699200;38,29;55,173447;61,321741
16505520;85,08;55,108256;61,249732
7187400;36,29;55,093617;61,240075
15748200;80,76;55,09343218;61,24079687
4482450;44,7;55,10314;61,247069
6142525;54,29;55,08973;61,23944
8871720;61,09;55,208243;61,188443
10639892;68,02;55,171077;61,377832
12717780;100,13;55,250895;61,24728
7813560;56,61;55,108254;61,249729
9424990;76,13;55,08973;61,23944
5137486;36,7;55,170912;61,318013
10797150;44,06;55,148498;61,363387
5478000;33,2;55,17319;61,289033
6136305;37,52;55,17336;61,36843
9633600;44,59;55,115635;61,245187
13705700;59,59;55,1485743;61,36363528
6682766;37,81;55,172979;61,367986
13773436;81,79;55,169946;61,377931
21507000;100,5;55,115743;61,246804
8956980;42,04;55,17469173;61,39388388
5204720;38,27;55,10547;61,34532
5558490;36,33;55,10907;61,35937
6351630;37,79;55,172979;61,367986
9493900;70,84;55,173769;61,329517
12498000;104,05;55,170912;61,318013
6919000;40,7;55,17282962;61,29152178
7495000;68,26;55,12471;61,24962
14165060;78,3;55,157389;61,402709
5669400;37,84;55,170912;61,318013
17821667;107,31;55,17349829;61,36949225
7492814;65,09;55,187887;61,231487
7466800;32,97;55,17102;61,29359
5478000;33,2;55,17319;61,289033
4883725;32,45;55,104096;61,350497
6682000;51,4;55,17343849;61,31978642
7756800;40,4;55,11713;61,24662
5767730;35,24;55,18766;61,23199
6542000;67,8;55,103719;61,251798
22320200;104,3;55,115743;61,246804
12125300;80,59;55,113143;61,274678
13923750;59,25;55,14897983;61,36362455
5372850;36,54;55,108254;61,249729
4071460;24,37;55,10887778;61,35977304
12016000;75,09;55,173781;61,329179
3582900;26,42;55,12082;61,246166
12145997;81,23;55,172805;61,365669
4283723;37,36;55,08973;61,23944
6700000;43,22;55,17454;61,41601
4256015;35,29;55,125922;61,253945
5899000;34,7;55,17319;61,289033
9299070;83,69;55,16907225;61,31212603
8285976;41,09;55,170065;61,294848
9694000;46,9;55,171745;61,377967
13191200;59,95;55,122712;61,37265
6896500;53,04;55,170912;61,318013
8599800;36,59;55,17102;61,29359
17513724;103,41;55,172805;61,365669
9300000;61,25;55,13848;61,45237
13331250;59,25;55,122712;61,37265
19744200;78,34;55,16989;61,3723
5311110;36,13;55,108254;61,249729
12498000;104,15;55,170912;61,318013
9256355;52,04;55,17360031;61,32317977
4269301;35,5;55,113138;61,274687
6877500;39,29;55,17319;61,289033
7560000;43,2;55,108254;61,249729
18908000;81,5;55,114023;61,25137
25192244;124,4;55,170065;61,294848
6603480;60,08;55,08973;61,23944
4870600;35,91;55,121263;61,242779
15741000;95,4;55,17994;61,341
6311098;37,59;55,172805;61,365669
10826695;97,44;55,173447;61,321741
4978600;32,11;55,111258;61,357638
11827200;49,27;55,16989266;61,37174534
5652625;35,61;55,25239182;61,38401031
4269346;35,4;55,125922;61,253945
7600575;66,09;55,113138;61,274687
8590000;77,4;55,12471;61,24962
18359870;106,3;55,157389;61,402709
3138890;27,45;55,12719;61,622804
14317100;79,09;55,115985;61,253505
5267500;30,1;55,17230151;61,29111409
15278760;84,59;55,16002;61,43216
5720000;42,79;55,121033;61,242418
4735940;31,87;55,120405;61,245889
6528000;38,4;55,17319;61,289033
9112000;53,59;55,17230151;61,29111409
10950350;56,29;55,180537;61,339986
5899000;34,7;55,17282962;61,29152178
6285800;37,79;55,172805;61,365669
4709473;31,2;55,173447;61,321741
7224850;58,9;55,18696663;61,23160185
9915749;48,29;55,171745;61,377967
8626389;48,77;55,173372;61,36710624
3912000;24,45;55,213324;61,30255
6584360;32,97;55,17128914;61,29316285
6760480;35,95;55,116042;61,255014
9150000;58,29;55,13655;61,42469
4193360;24,37;55,111258;61,357638
30670000;119,04;55,11193;61,325796
15497900;80,3;55,093617;61,240075
7342500;45,38;55,108254;61,249729
6126400;43,75;55,250895;61,24728
16900000;53,97;55,157305;61,411689
14569000;85,69;55,180537;61,339986
4168980;24,37;55,10907;61,35937
8481000;51,4;55,17319;61,289033
5346000;32,4;55,17282962;61,29152178
17814330;73,3;55,16976;61,3722
9823795;50,7;55,15142;61,30195
7620480;38,88;55,171077;61,377832
7506000;54;55,18672;61,23403
4256015;35,29;55,113138;61,274687
6071021;37,9;55,17336;61,36843
9526320;76,05;55,173447;61,321741
5142720;38,95;55,10547;61,34532
7863230;56,56;55,213324;61,30255
8721984;48;55,173308;61,369697
9211920;35,15;55,16989;61,3723
35553000;131,96;55,11205672;61,32504179
6736798;42,43;55,25239182;61,38401031
3939100;35,81;55,25536;61,39563
13156500;74,8;55,169946;61,377931
13569750;60,31;55,14897983;61,36362455
5586030;36,5;55,10907;61,35937
17513724;103,41;55,17349829;61,36949225
6340034;38;55,172805;61,365669
8364000;49,2;55,17282962;61,29152178
10027000;64,05;55,186378;61,226709
3912000;24,45;55,213324;61,30255
6727500;51,75;55,17343849;61,31978642
6976000;43,59;55,17282962;61,29152178
8812800;45,9;55,17994;61,341
6713160;52,04;55,10547;61,34532
12050000;90;55,13848;61,45237
7823050;40,5;55,171139;61,292474
6126248;54,16;55,08973;61,23944
9958735;70,86;55,172979;61,371274
10148600;46,13;55,148498;61,363387
9600000;70,84;55,173781;61,329179
16063220;61,31;55,16989;61,3723
14305860;80,09;55,16002;61,43216
6979000;49,84;55,170912;61,318013
5006500;32,29;55,10907;61,35937
3886190;26,42;55,120405;61,245889
17371466;106,3;55,16990478;61,29537389
10534860;56,7;55,17994;61,341
12529590;72,3;55,16011945;61,43196358
5868000;40,75;55,2129;61,30134
5822709;49,59;55,08973;61,23944
7295937;59,7;55,173447;61,321741
7278488;68,18;55,13106596;61,26330208
5839619;48,93;55,13106596;61,26330208
7919800;56,56;55,21298762;61,30193121
8499504;48;55,173308;61,369697
12424280;51,34;55,16976;61,3722
9852500;56,29;55,17319;61,289033
7743360;40,33;55,11713;61,24662
4168980;24,37;55,111258;61,357638
13075785;81,87;55,17349829;61,36949225
6680747;37,36;55,172979;61,367986
4664800;33,59;55,121263;61,242779
6072917;37,52;55,172979;61,367986
5605600;36,2;55,113143;61,274678
21142573;125,09;55,157389;61,402709
9061942;44,2;55,16990478;61,29537389
11607640;78,43;55,250895;61,24728
17668800;81,8;55,115635;61,245187
11344000;70,9;55,17230151;61,29111409
6715500;40,7;55,17319;61,289033
7798380;56,5;55,108254;61,249729
13834700;72,9;55,17102;61,29359
17016219;103,41;55,173308;61,369697
7832650;56,34;55,2129;61,30134
10411440;56,79;55,17992613;61,34096187
8714550;70,84;55,173769;61,329517
5800000;32,52;55,173769;61,329517
13921400;59,24;55,14897983;61,36362455
5767730;35,24;55,18748;61,2327
7026694;50,2;55,18748227;61,23197736
14165060;78,3;55,170065;61,294848
5643000;34,2;55,17282962;61,29152178
7000000;40;55,17319;61,289033
10868850;54,75;55,17205061;61,29205778
9428370;79,23;55,10547;61,34532
5292700;42,9;55,121705;61,247684
9384161;61,43;55,172805;61,365669
4679098;38,65;55,173447;61,321741
18025600;68,8;55,16989;61,3723
10950350;56,29;55,17992613;61,34096187
6979000;49,84;55,173447;61,321741
6285800;37,79;55,172805;61,365669
7773540;59,34;55,214029;61,298371
6394100;61,7;55,103719;61,251798
6103692;37,52;55,172805;61,365669
7628100;54,09;55,213324;61,30255
9540989;71,8;55,16382;61,43562
7620480;38,88;55,169946;61,377931
17559500;60,54;55,1485743;61,36363528
8449155;76,05;55,173447;61,321741
13705700;59,59;55,122712;61,37265
7863230;56,56;55,21355;61,30287
17295035;107,19;55,17019956;61,29454777
9574400;41,15;55,17102;61,29359
21050000;72,98;55,11193;61,325796
9917950;46,13;55,122712;61,37265
12391500;75,09;55,17319;61,289033
6511000;38,29;55,17319;61,289033
9000000;53,49;55,17454;61,41601
7030000;36,29;55,197718;61,185027
7574000;54,09;55,213324;61,30255
13009650;60,5;55,122712;61,37265
7813560;56,61;55,108254;61,249729
15760500;95,59;55,171745;61,377967
7559697;51,27;55,18692;61,23104
7982509;68,31;55,13106596;61,26330208
10819928;97,44;55,173447;61,321741
7300562;46,7;55,250793;61,403197
8770140;61,2;55,10941;61,35114
3912000;24,45;55,213324;61,30255
8929550;42;55,157389;61,402709
11241000;58,81;55,167798;61,308043
9172800;63;55,18766;61,23199
7287280;50,04;55,18692;61,23104
4684500;31,22;55,10956;61,35981
5725500;34,7;55,17319;61,289033
9555000;73,5;55,173447;61,321741
18359870;106,3;55,157389;61,402709
6209000;34,7;55,186378;61,226709
12954904;81,58;55,171077;61,377832
7628100;54,09;55,21277904;61,30311138
10190000;74,8;55,16814;61,53102
8789000;51,7;55,17282962;61,29152178
6030112;37,5;55,172979;61,367986
6528000;38,4;55,17230151;61,29111409
6311098;37,59;55,172805;61,365669
9400000;58,79;55,11611;61,45367
5151000;30,29;55,17230151;61,29111409
13112000;74,5;55,17992613;61,34096187
8799360;45,83;55,10908385;61,25782762
6623893;37,52;55,172979;61,367986
13705700;59,59;55,1485743;61,36363528
5121280;40;55,10542441;61,34532177
14155652;78,09;55,17019956;61,29454777
17028000;85;55,17179;61,29243
5840640;40,56;55,21277904;61,30311138
7740000;43,45;55,197718;61,185027
5861017;35,25;55,18766;61,23199
5644000;33,2;55,17282962;61,29152178
17526097;103,48;55,17349829;61,36949225
5566500;35,22;55,18742594;61,2285301
5840640;40,56;55,213324;61,30255
8865670;41,2;55,170065;61,294848
7748580;58,25;55,10547;61,34532
5766970;42,9;55,120405;61,245889
10284890;70,3;55,208243;61,188443
9683086;50,38;55,173372;61,36710624
11066400;46,11;55,122712;61,37265
7839600;56,4;55,172661;61,473134
13398000;94,19;55,173447;61,321741
10902000;60;55,16002;61,43216
4282500;37,61;55,12582;61,24988
6536300;40,09;55,182297;61,234912
7937599;33,59;55,171745;61,377967
5584000;34,9;55,17282962;61,29152178
7319000;56,29;55,173447;61,321741
4482639;26,95;55,186743;61,232097
3434213;29,69;55,13106596;61,26330208
9624120;72,91;55,21277904;61,30311138
7520240;51,65;55,18748;61,2327
14505568;86,3;55,157389;61,402709
15690900;81,3;55,095451;61,246004
6103692;37,52;55,17299;61,37108
8683038;58,9;55,18748;61,2327
9624120;72,91;55,213324;61,30255
13150696;81,58;55,171077;61,377832
6250250;54,34;55,170912;61,318013
10977750;53,54;55,1485743;61,36363528
4181320;24,3;55,10854;61,35956
8952000;48,15;55,173372;61,36710624
8900000;53,49;55,17454;61,41601
9205140;45,56;55,14897983;61,36362455
12323400;53,58;55,14799671;61,36368892
7773540;59,34;55,214029;61,298371
9528480;81,44;55,10542441;61,34532177
10740070;59,9;55,160355;61,431929
10840550;46,13;55,122712;61,37265
7712640;40,16;55,10908385;61,25782762
15149460;82,19;55,17928;61,34155
7358000;56,59;55,173447;61,321741
7667000;45,09;55,17230151;61,29111409
21795780;83,19;55,16916799;61,37096213
6366030;47,75;55,173447;61,321741
11265000;75,09;55,173781;61,329179
4978600;32,11;55,10907;61,35937
9408800;61,9;55,113143;61,274678
8449155;76,05;55,16907225;61,31212603
9912448;68,08;55,186743;61,232097
5445000;33;55,17282962;61,29152178
17362800;81,9;55,112625;61,250663
5364000;29,79;55,17230151;61,29111409
8573032;70,15;55,173447;61,321741
10970440;57,79;55,17994;61,341
14681920;68,3;55,178617;61,359747
11121050;54,65;55,17205061;61,29205778
3879900;23,95;55,111258;61,357638
10775960;59,79;55,160355;61,431929
10684300;41,45;55,17102;61,29359
9261725;60,79;55,172979;61,367986
10250000;59,75;55,115574;61,450108
6311111;37,77;55,172805;61,365669
19397070;83,97;55,16916799;61,37096213
6810000;37,02;55,197718;61,185027
6545000;38,5;55,17319;61,289033
23730000;87,81;55,11205672;61,32504179
11674800;82,8;55,108254;61,249729
8952130;53,09;55,171139;61,292474
4883725;32,45;55,104096;61,350497
11875200;61,84;55,171077;61,377832
5600990;35,61;55,25239182;61,38401031
9407249;48;55,169946;61,377931
14250810;60,13;55,16976;61,3722
7194460;51,27;55,187887;61,231487
38081300;136,75;55,11205672;61,32504179
4595203;39,9;55,113138;61,274687
4168980;24,37;55,111258;61,357638
5767730;35,24;55,18766;61,23199
10865900;56,29;55,17994;61,341
4947000;29,1;55,173447;61,321741
13005000;78;55,171745;61,377967
7889000;56,34;55,2129;61,30134
3894600;24,34;55,213324;61,30255
5669400;37,84;55,173447;61,321741
14865400;80,59;55,17102;61,29359
5801896;49,43;55,08973;61,23944
7697280;40,09;55,11713;61,24662
8946540;64,83;55,108254;61,249729
14335200;79,19;55,116062;61,253549
5605600;36,18;55,113143;61,274678
9912448;68,08;55,186743;61,232097
6611899;31,6;55,169946;61,377931
5839619;48,93;55,13106596;61,26330208
9041520;60,59;55,208243;61,188443
12837899;78,8;55,171745;61,377967
5899000;34,7;55,17319;61,289033
3869470;24,26;55,10231;61,34543
9330000;62,2;55,170912;61,318013
6150000;38,86;55,17446777;61,41569903
17821667;107,31;55,172805;61,365669
8660925;58,75;55,18748;61,2327
7122500;40,7;55,17282962;61,29152178
12650000;86,9;55,186561;61,227535
5661515;48,7;55,08973;61,23944
11251800;53,58;55,14799671;61,36368892
8946540;64,83;55,108254;61,249729
5870895;42,43;55,252399;61,384974
16170000;98;55,17994;61,341
11898000;79,31;55,250895;61,24728
12266100;69,3;55,180537;61,339986
14546800;82;55,16002;61,43216
5678500;41;55,10231;61,34543
10272580;58,59;55,160355;61,431929
12406600;60,52;55,122712;61,37265
6314000;41;55,172661;61,473134
4971170;39,25;55,16907225;61,31212603
10087799;55,59;55,171745;61,377967
10017120;81,44;55,10542441;61,34532177
6364360;61,7;55,103719;61,251798
5792791;49,36;55,08973;61,23944
7889000;56,34;55,213324;61,30255
17692620;73,11;55,16989266;61,37174534
12172949;104,34;55,173447;61,321741
12016000;75,09;55,17319;61,289033
6500000;41,68;55,17446777;61,41569903
7282500;58,25;55,10547;61,34532
20333040;72,77;55,16989;61,3723
3912000;24,45;55,21277904;61,30311138
14335200;79,19;55,117128;61,252858
9469600;62,29;55,113143;61,274678
11750000;83,66;55,17454;61,41601
9493900;70,84;55,173769;61,329517
7919800;56,56;55,21355;61,30287
3888610;24,37;55,104096;61,350497
4978600;32,11;55,10903154;61,35920441
3894400;24,34;55,21298762;61,30193121
8164800;37,79;55,112625;61,250663
7863230;56,56;55,2129;61,30134
9661500;48,4;55,171745;61,377967
5302500;30,29;55,17230151;61,29111409
5393080;35;55,120405;61,245889
12836010;62,45;55,178617;61,359747
7367440;56,24;55,214029;61,298371
6969300;31,5;55,171745;61,377967
5590200;36,2;55,113143;61,274678
22904084;122,08;55,171077;61,377832
5311110;36,13;55,108254;61,249729
15605700;77,05;55,17179;61,29243
7055014;60,08;55,08973;61,23944
19384890;107,31;55,173308;61,369697
7074000;39,29;55,17230151;61,29111409
7380090;57,2;55,10547;61,34532
14986800;82,8;55,115985;61,253505
10150016;88,59;55,127295;61,260969
18661380;78,73;55,16989266;61,37174534
11167200;59,4;55,116062;61,253549
9424990;76,13;55,08973;61,23944
5604682;35,65;55,18692;61,23104
4574543;30,2;55,170912;61,318013
5150485;30,1;55,170912;61,318013
5117000;30,1;55,17282962;61,29152178
7276500;45,38;55,108254;61,249729
12755500;65,73;55,174775;61,393563
9900000;61,34;55,115574;61,450108
13890240;81,9;55,16002;61,43216
5572862;35,24;55,187887;61,231487
6075496;40,9;55,16382;61,43562
4990897;38,5;55,173447;61,321741
9270000;46,34;55,122712;61,37265
6979000;49,84;55,173447;61,321741
9766240;68,19;55,208243;61,188443
8827018;68,3;55,186757;61,226865
12090000;62;55,095827;61,244693
10840550;46,13;55,148498;61,363387
13331250;59,25;55,14897983;61,36362455
4743200;33,47;55,121263;61,242779
4800000;40,68;55,243988;61,253829
16478000;77;55,114982;61,244986
14228180;78,09;55,157389;61,402709
10880490;62,54;55,17128914;61,29316285
15884100;95,4;55,17992613;61,34096187
4951505;30,7;55,173447;61,321741
7773540;59,34;55,214029;61,298371
4269301;35,5;55,127295;61,260969
13464000;83,12;55,108254;61,249729
7832650;56,34;55,21298762;61,30193121
9086279;54,77;55,250793;61,403197
12193400;59,47;55,122712;61,37265
11875300;77,3;55,182297;61,234912
17205600;80,4;55,114982;61,244986
5933000;34,9;55,17319;61,289033
7679000;54,84;55,170912;61,318013
11729640;80,33;55,11131;61,248762
11729640;80,33;55,11131;61,248762
12126240;64,16;55,10849233;61,25690017
8452500;56,34;55,21298762;61,30193121
8712030;60,59;55,10941;61,35114
15167400;59,47;55,1485743;61,36363528
6134425;37,59;55,17336;61,36843
7492842;64,69;55,187887;61,231487
11168000;69,8;55,17282962;61,29152178
9493900;70,84;55,173781;61,329179
7667000;45,09;55,17230151;61,29111409
9256355;52,04;55,17360031;61,32317977
6760282;48,79;55,16382;61,43562
6200000;38,86;55,17446777;61,41569903
21029400;83,44;55,169879;61,371867
13460391;88,2;55,250793;61,403197
15356400;57,29;55,166588;61,390938
6682000;51,4;55,17343849;61,31978642
11166120;59,08;55,10908385;61,25782762
9600000;70,84;55,173781;61,329179
16305900;96,19;55,16002;61,43216
10338150;50,43;55,15142;61,30195
10520880;59,43;55,118179;61,253873
3647700;32,18;55,08973;61,23944
6215137;41,25;55,18748;61,2327
11845000;47,38;55,1485743;61,36363528
8645700;62,65;55,170984;61,434093
9332400;84;55,173447;61,321741
24502990;89,76;55,11193;61,325796
11812120;59,95;55,122712;61,37265
8677500;48;55,17349829;61,36949225
5669400;37,84;55,173447;61,321741
5998620;60,79;55,10314;61,247069
6441911;37,59;55,17299;61,37108
6896777;50,2;55,186772;61,23314
6351625;38,18;55,172979;61,367986
5868000;40,75;55,213324;61,30255
5493984;45,29;55,125443;61,254763
4709529;31,39;55,173447;61,321741
7026694;50,61;55,187887;61,231487
8499504;48;55,173308;61,369697
8959000;52,7;55,17282962;61,29152178
11593285;104,34;55,16907225;61,31212603
4056430;24,29;55,10854;61,35956
11368860;85,62;55,173447;61,321741
11265000;75,09;55,173769;61,329517
13586280;79;55,170065;61,294848
22768250;74,69;55,17019956;61,29454777
6664000;39,2;55,17230151;61,29111409
11069100;63;55,16002;61,43216
10032400;71,66;55,21316;61,30282
12442500;59,25;55,14897983;61,36362455
13917300;60,5;55,1485743;61,36363528
5572862;35,09;55,18748227;61,23197736
6475294;53,79;55,13106596;61,26330208
5665000;42,9;55,120405;61,245889
4269600;35,58;55,25536;61,39563
12100000;90;55,13848;61,45237
15171000;96,09;55,171745;61,377967
7100600;54,61;55,250895;61,24728
13165014;78,3;55,157389;61,402709
7889000;56,34;55,21355;61,30287
10223000;68,41;55,186378;61,226709
7919800;56,56;55,2129;61,30134
5533000;37,5;55,121033;61,242418
9330000;62,2;55,170912;61,318013
9586830;79,23;55,10547;61,34532
11245500;53,54;55,1485743;61,36363528
14252700;61,7;55,16989;61,3723
3912000;24,45;55,213324;61,30255
7832650;56,34;55,21335569;61,30290753
13634127;88,2;55,250793;61,403197
17841600;82,59;55,115635;61,245187
5834880;40,52;55,21316;61,30282
18661380;78,73;55,16989266;61,37174534
19410000;74,19;55,15713553;61,41171927
5006500;32,29;55,111258;61,357638
6937200;36,9;55,118179;61,253873
5699200;38,29;55,170912;61,318013
9100000;76,84;55,124681;61,249481
10977899;55,7;55,169946;61,377931
9233566;66,18;55,17299;61,37108
5301400;40,77;55,10542441;61,34532177
15353200;58,59;55,169879;61,371867
16291800;86,19;55,160355;61,431929
5215000;29,79;55,17319;61,289033
5142720;38,95;55,10547;61,34532
11990000;81,27;55,1384635;61,45219134
7668750;61,34;55,17343849;61,31978642
5574360;42,9;55,120405;61,245889
7722240;40,22;55,10849233;61,25690017
6874868;47,59;55,173447;61,321741
5137486;36,7;55,170912;61,318013
7832650;56,34;55,21298762;61,30193121
17821667;107,31;55,172805;61,365669
7863230;56,56;55,213324;61,30255
18980246;107,3;55,17019956;61,29454777
21029400;83,44;55,16916799;61,37096213
9917950;46,13;55,14799671;61,36368892
9624120;72,91;55,21277904;61,30311138
10511992;56,7;55,173372;61,36710624
4945869;39,04;55,173447;61,321741
35553000;131,96;55,11145;61,32772
6311111;37,77;55,172979;61,367986
11698500;70,9;55,17319;61,289033
9133014;54,99;55,17299;61,37108
6126400;43,75;55,250895;61,24728
5552000;34,7;55,17319;61,289033
4342447;26,95;55,186757;61,226865
7356799;33,5;55,169946;61,377931
5067880;37,81;55,10547;61,34532
7667000;45,09;55,17319;61,289033
5570380;46,2;55,126086;61,2562
11136650;47,38;55,122712;61,37265
10734020;55,59;55,171139;61,292474
6245691;37,59;55,172805;61,365669
8032530;60,25;55,173447;61,321741
5436000;30,2;55,17319;61,289033
8901583;59,08;55,186743;61,232097
5868000;40,75;55,2129;61,30134
12051000;61,79;55,09489;61,243489
10513650;59,5;55,16002;61,43216
10778000;53,88;55,122712;61,37265
9827000;63,4;55,173769;61,329517
11140483;71,69;55,172979;61,367986
16250280;85,08;55,108256;61,249732
9469200;62,7;55,110934;61,352464
8681563;58,88;55,18748;61,2327
11590000;85,69;55,13848;61,45237
6050000;38,58;55,17446777;61,41569903
19992000;84;55,166588;61,390938
11292750;59,75;55,10908385;61,25782762
10520880;59,43;55,118179;61,253873
8527200;77,51;55,25536;61,39563
8205601;48,77;55,173372;61,36710624
8883438;47,79;55,16011945;61,43196358
12140400;80,4;55,113143;61,274678
8589350;40;55,178617;61,359747
31175800;160,69;55,171139;61,292474
12600500;82,41;55,18641;61,22835
12770850;44,81;55,14897983;61,36362455
9600000;70,84;55,173769;61,329517
18661380;78,73;55,16989266;61,37174534
12117584;72,65;55,173308;61,369697
7597500;60,77;55,10542441;61,34532177
13383000;59,47;55,1485743;61,36363528
6979000;49,84;55,170912;61,318013
9476400;44,7;55,112625;61,250663
8942400;64,8;55,108254;61,249729
5594820;36,33;55,111258;61,357638
16071000;87,08;55,17179;61,29243
8324799;33,79;55,169946;61,377931
12424280;51,34;55,16976;61,3722
9086000;66,05;55,120405;61,245889
6126400;43,75;55,250895;61,24728
6894000;38,29;55,17319;61,289033
7743360;40,33;55,114982;61,244986
10870000;67,26;55,197718;61,185027
9878400;47,04;55,122712;61,37265
5678500;41;55,10231;61,34543
21054600;81,84;55,169879;61,371867
5852000;34,22;55,186378;61,226709
4785000;34,75;55,124205;61,247631
9990000;69,12;55,1384635;61,45219134
11167200;59,4;55,115985;61,253505
8789180;59,61;55,18692;61,23104
9838250;72,09;55,11098;61,35252
11850000;59,25;55,14897983;61,36362455
13021703;74,73;55,15142;61,30195
12233970;64,73;55,11713;61,24662
12025000;83,5;55,186378;61,226709
5117000;30,1;55,17230151;61,29111409
6339750;61,79;55,10314;61,247069
10983830;76,8;55,17096;61,434045
11269590;63,66;55,116042;61,255014
5859354;35,24;55,18748;61,2327
6797000;48,54;55,173447;61,321741
5643000;34,2;55,17282962;61,29152178
5100040;38,06;55,10542441;61,34532177
23960000;90,12;55,157305;61,411689
6102750;61,59;55,10314;61,247069
13759200;83,12;55,108254;61,249729
7693070;38,93;55,171139;61,292474
8959000;52,7;55,17282962;61,29152178
8813280;42,7;55,160355;61,431929
17371466;106,3;55,16990478;61,29537389
13662000;83,12;55,108254;61,249729
5083000;29,89;55,17319;61,289033
6505000;52,04;55,10547;61,34532
12363574;80,94;55,17299;61,37108
17511200;82,59;55,115635;61,245187
11265000;75,09;55,173769;61,329517
21054600;81,84;55,16916799;61,37096213
4193360;24,37;55,111258;61,357638
5806800;35,88;55,186378;61,226709
5411991;45,29;55,125436;61,254759
7919800;56,56;55,213324;61,30255
7709000;59,29;55,173447;61,321741
11196500;45,7;55,122712;61,37265
11251800;53,58;55,148498;61,363387
8889657;44,09;55,157389;61,402709
10005660;52,93;55,11713;61,24662
5699200;38,29;55,170912;61,318013
5151000;30,29;55,17230151;61,29111409
14297800;85,69;55,17205061;61,29205778
13252140;62,66;55,178617;61,359747
10981750;70,84;55,173769;61,329517
11985300;62,09;55,16063;61,43206
4474815;37,9;55,08973;61,23944
12656000;79,09;55,17319;61,289033
10050441;61,88;55,17336;61,36843
6874868;47,59;55,173447;61,321741
5401540;40,31;55,10547;61,34532
11932800;58,2;55,17179;61,29243
6664000;39,2;55,17230151;61,29111409
18359870;106,3;55,16990478;61,29537389
4731844;31,54;55,173447;61,321741
7519900;54,09;55,21316;61,30282
14165060;78,3;55,17019956;61,29454777
5169100;42,9;55,12082;61,246166
6554145;43,5;55,186743;61,232097
6980960;32,2;55,16002;61,43216
4587783;26,95;55,186757;61,226865
13896468;66,9;55,170065;61,294848
10640760;71,8;55,16382;61,43562
11849994;80,09;55,172805;61,365669
17335080;68,79;55,169879;61,371867
4256000;35,4;55,127295;61,260969
6623903;37,09;55,172979;61,367986
20402980;126,09;55,17928;61,34155
17621240;107,19;55,157389;61,402709
9590000;58,79;55,11611;61,45367
9010000;53;55,17319;61,289033
11354820;66;55,17205061;61,29205778
4059770;24,3;55,111258;61,357638
6110000;48,47;55,12719;61,622804
5729000;38,5;55,173447;61,321741
10142000;69,34;55,18717966;61,22635491
12136770;51,2;55,16976;61,3722
17821667;107,31;55,172805;61,365669
8260285;74,34;55,16907225;61,31212603
7630000;43,59;55,108254;61,249729
11918000;59,59;55,1485743;61,36363528
11729700;90,77;55,18742594;61,2285301
29858954;104,81;55,11205672;61,32504179
12170600;80,59;55,113143;61,274678
22768250;74,69;55,157389;61,402709
4169200;29,78;55,250895;61,24728
9750832;66,97;55,186757;61,226865
13321000;60,54;55,122712;61,37265
14411970;60,81;55,16976;61,3722
7743360;40,33;55,114982;61,244986
9065620;44,29;55,17469173;61,39388388
6071021;37,9;55,17336;61,36843
3512608;32,18;55,08973;61,23944
4401000;24,45;55,213324;61,30255
12486000;104,05;55,170912;61,318013
12020140;49,66;55,16989266;61,37174534
33928440;124,27;55,16989;61,3723
5188278;45,06;55,13106596;61,26330208
12246300;61,84;55,171077;61,377832
4168980;24,37;55,10903154;61,35920441
7832650;56,34;55,21335569;61,30290753
3655790;32,24;55,13106596;61,26330208
12837999;78;55,169946;61,377931
6064425;37,31;55,17299;61,37108
6979000;49,84;55,170912;61,318013
18025600;68,8;55,16916799;61,37096213
5285000;30,2;55,17319;61,289033
5584000;34,9;55,17282962;61,29152178
8408064;86,69;55,103719;61,251798
4630547;38,15;55,16907225;61,31212603
10981750;70,84;55,173781;61,329179
12770850;44,81;55,14897983;61,36362455
10826695;97,44;55,173447;61,321741
5303000;42,9;55,12082;61,246166
6351647;37,79;55,17336;61,36843
6502365;37,24;55,17336;61,36843
9408000;62,72;55,250895;61,24728
8546670;40,27;55,174775;61,393563
18508839;103,41;55,172805;61,365669
11916847;81,23;55,172979;61,367986
7520240;51,65;55,18748;61,2327
15162750;87,9;55,180537;61,339986
3889180;23,86;55,111258;61,357638
6351853;36,97;55,172805;61,365669
7460926;50,61;55,18748;61,2327
8660925;58,75;55,18766;61,23199
7326699;31,39;55,171745;61,377967
9020000;48,22;55,18606474;61,2272569
10168200;72,62;55,21316;61,30282
7558900;53,79;55,16907225;61,31212603
5182990;40,97;55,12719;61,622804
20387640;72,98;55,16916799;61,37096213
9721423;79,94;55,08973;61,23944
3869470;24,26;55,10222425;61,34539511
6285800;37,79;55,172979;61,367986
5006500;32,29;55,10903154;61,35920441
11360000;72,4;55,197718;61,185027
4630547;38,15;55,16907225;61,31212603
5000000;42,58;55,243988;61,253829
10154025;70,86;55,172805;61,365669
6471438;38;55,17299;61,37108
10012500;66,75;55,170912;61,318013
7752500;44,29;55,17319;61,289033
12591600;59,95;55,14897983;61,36362455
8990000;52,25;55,11612993;61,45367541
8443989;41,2;55,157389;61,402709
4731844;31,54;55,173447;61,321741
5699200;38,29;55,173447;61,321741
4582413;39,79;55,113138;61,274687
6545000;38,5;55,17230151;61,29111409
8417552;56,59;55,186757;61,226865
6495400;46,5;55,170912;61,318013
8984140;40,27;55,178617;61,359747
5151000;30,29;55,17230151;61,29111409
6838000;70,8;55,10314;61,247069
5678500;41;55,10231;61,34543
5840640;40,56;55,21316;61,30282
4193360;24,37;55,10854;61,35956
3912000;24,45;55,213324;61,30255
7050000;44,61;55,13655;61,42469
9211920;35,15;55,16916799;61,37096213
8438001;76,05;55,173447;61,321741
5767730;35,24;55,18766;61,23199
4526261;38,29;55,08973;61,23944
12404550;60,5;55,122712;61,37265
7979202;59,84;55,16907225;61,31212603
9949500;60,29;55,17282962;61,29152178
3869470;24,26;55,104096;61,350497
5201250;36,5;55,10231;61,34543
5612020;40,52;55,10231;61,34543
8639527;59,65;55,17325086;61,32330453
10591930;52,09;55,16011945;61,43196358
5000000;21,45;55,197718;61,185027
24502990;89,76;55,11145;61,32772
7835120;52,93;55,11131;61,248762
10681200;55,7;55,169946;61,377931
11430000;82,8;55,186378;61,226709
7520240;51,65;55,18748;61,2327
4057500;32,18;55,12719;61,622804
9661500;48;55,171745;61,377967
15594400;80,8;55,095343;61,241692
5634510;38,33;55,108254;61,249729
12709200;60,52;55,122712;61,37265
4757100;34,84;55,121705;61,247684
10366800;48,9;55,115635;61,245187
4945869;39,04;55,16907225;61,31212603
16542200;77,3;55,114982;61,244986
12126287;103,94;55,173447;61,321741
6471438;38;55,17299;61,37108
15575100;80,69;55,097131;61,242249
12246300;61,84;55,171077;61,377832
12710000;89,48;55,197718;61,185027
4177880;24,29;55,10854;61,35956
9352398;70,15;55,173447;61,321741
8997950;70,84;55,173769;61,329517
10012500;66,75;55,173447;61,321741
5774473;38,5;55,16907225;61,31212603
8112000;67,59;55,17343849;61,31978642
6441906;37,77;55,17299;61,37108
7531000;44,29;55,17230151;61,29111409
6899349;27,2;55,169946;61,377931
8387808;56,4;55,186757;61,226865
6222000;36,59;55,170912;61,318013
10739500;45,7;55,122712;61,37265
8449155;76,05;55,16907225;61,31212603
7919800;56,56;55,21298762;61,30193121
10168200;72,62;55,21316;61,30282
7057750;40,33;55,114982;61,244986
7666976;36,43;55,169946;61,377931
6913000;44,59;55,173769;61,329517
7889000;56,34;55,213324;61,30255
9880000;65;55,113143;61,274678
5443792;46,2;55,126256;61,25616
10819000;69,8;55,17282962;61,29152178
13657600;70,45;55,178617;61,359747
4526261;38,29;55,08973;61,23944
10349316;70,86;55,17336;61,36843
10360480;58,59;55,16011945;61,43196358
11044420;56,93;55,10849233;61,25690017
8703676;59,04;55,186757;61,226865
4606000;32,9;55,173447;61,321741
13229628;83,3;55,169946;61,377931
11615940;61,45;55,114982;61,244986
6314000;41;55,172661;61,473134
9522630;81,38;55,10542441;61,34532177
6215137;41,25;55,18748;61,2327
7169971;61,34;55,13106596;61,26330208
13839048;79;55,170065;61,294848
3869470;24,26;55,10231;61,34543
8354520;60,54;55,108254;61,249729
10785992;97,44;55,16907225;61,31212603
14775950;60,31;55,14897983;61,36362455
5493984;45,29;55,113138;61,274687
6274343;37,81;55,172979;61,367986
7499970;66,09;55,126456;61,255112
6838000;70,8;55,103719;61,251798
12392820;51,2;55,16976;61,3722
6142525;54,29;55,08973;61,23944
6340056;37,81;55,172979;61,367986
10596560;59,79;55,16011945;61,43196358
13078510;80,59;55,171139;61,292474
4177880;24,29;55,111258;61,357638
5604682;35,65;55,18692;61,23104
14262800;78,8;55,115985;61,253505
3138890;27,45;55,12719;61,622804
8343192;56,09;55,186743;61,232097
4177880;24,29;55,10854;61,35956
9886765;41,2;55,157389;61,402709
12675300;75,9;55,108254;61,249729
5467202;45,09;55,113138;61,274687
6071040;37,52;55,172979;61,367986
11096700;78,69;55,108254;61,249729
6939080;36,9;55,118179;61,253873
6495400;46,5;55,170912;61,318013
5350402;45,79;55,113138;61,274687
25059400;89,41;55,11193;61,325796
9945936;68,3;55,186743;61,232097
9061942;44,2;55,157389;61,402709
14124890;79;55,170065;61,294848
7616000;44,79;55,17319;61,289033
9555000;73,5;55,170912;61,318013
29537206;104,73;55,11193;61,325796
10384499;55,7;55,171745;61,377967
5304010;45,59;55,126456;61,255112
11570000;72,4;55,197718;61,185027
7851279;67,61;55,08973;61,23944
7696000;59,2;55,173447;61,321741
10073990;70,3;55,208243;61,188443
8836806;46,02;55,173372;61,36710624
5056000;39,5;55,10547;61,34532
11987850;69,9;55,180537;61,339986
12370000;61,84;55,171077;61,377832
16473600;99,83;55,250895;61,24728
6133600;29,92;55,169946;61,377931
6578450;27,2;55,169946;61,377931
7326000;40,7;55,17319;61,289033
14732180;81,8;55,160355;61,431929
8364000;49,2;55,17282962;61,29152178
8417552;56,59;55,186757;61,226865
12509120;64,48;55,169946;61,377931
6405736;38;55,172979;61,371274
3655790;32,24;55,13106596;61,26330208
12438520;80,9;55,182297;61,234912
7200000;40;55,17230151;61,29111409
9472359;42,09;55,157389;61,402709
11188729;70,9;55,160741;61,460675
16777600;78,4;55,115743;61,246804
12891400;59,95;55,14897983;61,36362455
5850000;49,2;55,124681;61,249481
6969299;31,29;55,169946;61,377931
5076058;39,04;55,173447;61,321741
16505520;85,08;55,108256;61,249732
5232500;29,89;55,17319;61,289033
7828870;38,43;55,171139;61,292474
6245714;37,77;55,17336;61,36843
12438520;80,9;55,182297;61,234912
3048890;24,45;55,12719;61,622804
6979000;49,84;55,173447;61,321741
7320379;59,9;55,173447;61,321741
8628492;58,52;55,18766;61,23199
5262500;42,09;55,17306391;61,31981861
14860100;82,09;55,115985;61,253505
19558300;72,94;55,16989;61,3723
6218150;41,27;55,18766;61,23199
9602076;76,34;55,173447;61,321741
4168980;24,37;55,10903154;61,35920441
5546080;40,77;55,10542441;61,34532177
7828870;38,43;55,17205061;61,29205778
5267500;30,1;55,17319;61,289033
12451584;81,23;55,172805;61,365669
5459454;36,59;55,173447;61,321741
4890200;37,5;55,121263;61,242779
11690000;91,61;55,16814;61,53102
9078000;53,4;55,17230151;61,29111409
7110246;51,2;55,18757434;61,23137654
6150000;35;55,11612993;61,45367541
6964659;49,7;55,18710168;61,23087229
7207200;36,4;55,093061;61,238593
8187300;74,43;55,25536;61,39563
14952960;79,25;55,118179;61,253873
5586030;36,5;55,10903154;61,35920441
6545000;38,5;55,17319;61,289033
7693070;40,5;55,171139;61,292474
8310960;42,79;55,17205061;61,29205778
7525000;60,2;55,17306391;61,31981861
7832650;56,34;55,213324;61,30255
10921920;44,04;55,122712;61,37265
7457977;50,59;55,18766;61,23199
17536200;106,3;55,170065;61,294848
8492350;38,25;55,17128914;61,29316285
10605280;77,98;55,111258;61,357638
6072917;37,52;55,172805;61,365669
12020500;82,9;55,160704;61,460663
5678500;41;55,10231;61,34543
9838250;72,19;55,110934;61,352464
17130160;73,51;55,16976;61,3722
6600000;41,68;55,17446777;61,41569903
7511979;66,19;55,126452;61,255131
10346400;47,9;55,112625;61,250663
21024360;83,43;55,16989;61,3723
10720890;60,56;55,116042;61,255014
18982600;104,3;55,108254;61,249729
9915750;44,06;55,122712;61,37265
8449155;76,05;55,173447;61,321741
4595203;39,9;55,127295;61,260969
13112000;59,59;55,122712;61,37265
10951040;56,79;55,17994;61,341
8660925;58,75;55,18748;61,2327
6441906;37,77;55,17299;61,37108
5372000;31,6;55,17319;61,289033
7743360;40,33;55,10908385;61,25782762
7488750;59,9;55,10547;61,34532
12117584;72,65;55,173308;61,369697
9325580;38;55,17205061;61,29205778
8900000;53,49;55,17446777;61,41569903
5590200;36,2;55,113143;61,274678
11615940;61,45;55,11713;61,24662
16435750;113,34;55,250895;61,24728
10400000;67,55;55,197718;61,185027
8257500;55,04;55,170912;61,318013
6314000;41;55,1726;61,47311
4177880;24,29;55,10854;61,35956
11067810;62,52;55,116042;61,255014
7009000;40,43;55,182297;61,234912
10355190;70,3;55,208243;61,188443
3912000;24,45;55,213324;61,30255
5478000;33,2;55,17282962;61,29152178
5010720;32,11;55,10854;61,35956
6690000;43,29;55,17446777;61,41569903
13821660;74,3;55,114982;61,244986
6133600;29,92;55,171077;61,377832
10983900;53,58;55,14799671;61,36368892
4582413;39,79;55,125922;61,253945
8829266;59,11;55,250793;61,403197
8712030;60,59;55,10995;61,351691
10184400;55,2;55,180537;61,339986
5586030;36,5;55,10903154;61,35920441
22436100;131,36;55,17205061;61,29205778
7146180;33,29;55,16011945;61,43196358
10876807;71,69;55,172805;61,365669
4379562;28,79;55,170912;61,318013
18055720;73,22;55,16916799;61,37096213
15517200;80,4;55,09659;61,243812
10017120;81,44;55,10542441;61,34532177
6245691;37,59;55,172805;61,365669
11202000;60;55,16002;61,43216
10285000;60,5;55,17319;61,289033
8660925;58,75;55,18748;61,2327
3562300;26,42;55,121705;61,247684
12070500;61,9;55,093061;61,238593
10223000;68,41;55,18717966;61,22635491
11134300;47,38;55,122712;61,37265
6285800;37,79;55,172979;61,367986
9595647;62,9;55,17336;61,36843
7889000;56,34;55,21355;61,30287
5669400;37,84;55,170912;61,318013
11990000,5;81,27;55,13848;61,45237
4864160;32,31;55,10231;61,34543
7058746;60,45;55,13106596;61,26330208
11615940;61,45;55,114982;61,244986
4181320;24,3;55,111258;61,357638
10299344;61,15;55,171077;61,377832
11265000;75,09;55,173781;61,329179
25192244;124,4;55,16990478;61,29537389
13923750;59,25;55,122712;61,37265
11271400;58,09;55,17994;61,341
9936000;62,09;55,173447;61,321741
14417110;89,55;55,171139;61,292474
6922500;53,25;55,173447;61,321741
5304010;45,59;55,126456;61,255112
10131765;70,15;55,16907225;61,31212603
11929000;85,16;55,186378;61,226709
12000780;62,7;55,180537;61,339986
11949430;64,3;55,17128914;61,29316285
6245714;37,77;55,17336;61,36843
11771790;49,66;55,16976;61,3722
10210140;77,94;55,250895;61,24728
6623893;37,52;55,172805;61,365669
7985760;62,88;55,10542441;61,34532177
5530000;31,6;55,17319;61,289033
12150000;86,41;55,1384635;61,45219134
6838000;70,8;55,10314;61,247069
6554145;43,5;55,18692;61,23104
6871400;36,54;55,116042;61,255014
13650000;88,56;55,11611;61,45367
11845000;47,38;55,122712;61,37265
16054448;69,55;55,171077;61,377832
5824500;35,29;55,17319;61,289033
4401000;24,45;55,213324;61,30255
5756200;50,61;55,121705;61,247684
5382960;40,77;55,10542441;61,34532177
13398000;94,19;55,173447;61,321741
14454904;78,3;55,17019956;61,29454777
6351625;38,18;55,172979;61,367986
13618800;66,09;55,17469173;61,39388388
6389900;40,7;55,208243;61,188443
10070000;66,88;55,18717966;61,22635491
9652500;58,5;55,17282962;61,29152178
13860000;83,12;55,108254;61,249729
6245691;37,59;55,172805;61,365669
6700000;42,04;55,17454;61,41601
12215950;59,59;55,122712;61,37265
9936000;62,09;55,173447;61,321741
4071460;24,37;55,10887778;61,35977304
7246982;58,79;55,18696663;61,23160185
11200000;72,3;55,197718;61,185027
12038796;103,19;55,16907225;61,31212603
4978600;32,11;55,10903154;61,35920441
18359870;106,3;55,170065;61,294848
5563030;42,9;55,120405;61,245889
12145997;81,23;55,17336;61,36843
6222000;36,59;55,170912;61,318013
11136650;47,38;55,122712;61,37265
6919000;40,7;55,17282962;61,29152178
4269346;35,4;55,127295;61,260969
9257160;70,12;55,213324;61,30255
4831840;38,15;55,16907225;61,31212603
12563681;69,25;55,15142;61,30195
7863230;56,56;55,21355;61,30287
6134452;37,77;55,17336;61,36843
18342705;107,31;55,172805;61,365669
12954904;81,58;55,169946;61,377931
7152057;50,79;55,187887;61,231487
8387808;56,4;55,186757;61,226865
5868000;40,75;55,213324;61,30255
4641000;33,15;55,173447;61,321741
9299031;51,7;55,170065;61,294848
10327562;63,65;55,17336;61,36843
6072917;37,52;55,17336;61,36843
16994999;101,69;55,171745;61,377967
6351647;37,79;55,17336;61,36843
4000000;35,4;55,125922;61,253945
10425800;47,38;55,148498;61,363387
8387808;56,4;55,186757;61,226865
31584000;117,54;55,11205672;61,32504179
4864160;32,31;55,10231;61,34543
8417552;56,59;55,186757;61,226865
12136770;51,2;55,16976;61,3722
7530213;51,08;55,18692;61,23104
18537200;96,8;55,17908192;61,34101551
9648000;60,29;55,17319;61,289033
6262905;51,15;55,173447;61,321741
9424990;76,13;55,08973;61,23944
7519900;54,09;55,21316;61,30282
7752500;44,29;55,17230151;61,29111409
16845713;106,5;55,170065;61,294848
15581250;83,09;55,180537;61,339986
11850000;83,55;55,17454;61,41601
7706300;55,04;55,173447;61,321741
7905000;46,5;55,173447;61,321741
13017400;62,66;55,178617;61,359747
4450000;37,88;55,12471;61,24962
12811850;59,59;55,1485743;61,36363528
35360000;108,48;55,15713553;61,41171927
5814000;34,2;55,17319;61,289033
9555000;73,5;55,173447;61,321741
4395601;36,93;55,08973;61,23944
10550690;57,86;55,17128914;61,29316285
11698500;70,9;55,17230151;61,29111409
6340034;38;55,172805;61,365669
10801050;57,29;55,17928;61,34155
8767067;59,47;55,18692;61,23104
11615940;61,45;55,10908385;61,25782762
7459200;51,79;55,208243;61,188443
4272093;39,9;55,127295;61,260969
10424249;47,2;55,169946;61,377931
4978600;32,11;55,111258;61,357638
7142850;50;55,170984;61,434093
3817600;23,86;55,10887778;61,35977304
5107300;42,9;55,121705;61,247684
21024360;83,43;55,16916799;61,37096213
13056200;70,61;55,17469173;61,39388388
6550000;41,93;55,17446777;61,41569903
6576570;59,84;55,08973;61,23944
3912000;24,45;55,213324;61,30255
4056430;24,29;55,10887778;61,35977304
10849260;74,3;55,11131;61,248762
9380000;53,59;55,17230151;61,29111409
9332400;84;55,16907225;61,31212603
29800000;102,93;55,157305;61,411689
19051753;106,3;55,157389;61,402709
11615940;61,45;55,10908385;61,25782762
7863230;56,56;55,21298762;61,30193121
10650080;59,2;55,160355;61,431929
11469600;64,8;55,116042;61,255014
4177880;24,29;55,10854;61,35956
10190000;74,8;55,16814;61,53102
5767730;35,24;55,18766;61,23199
9087020;65,26;55,17336;61,36843
6896500;53,04;55,170912;61,318013
7027507;60,2;55,13106596;61,26330208
9153850;66,8;55,110934;61,352464
4056430;24,29;55,10854;61,35956
7751040;40,36;55,10849233;61,25690017
4574543;30,2;55,173447;61,321741
7402199;32,7;55,169946;61,377931
8083740;60,77;55,10542441;61,34532177
9077260;43,81;55,17469173;61,39388388
4482639;26,95;55,186743;61,232097
5142720;38,95;55,10547;61,34532
9165530;40,27;55,178617;61,359747
6974759;70,69;55,103719;61,251798
10681199;55,59;55,169946;61,377931
14103000;78,4;55,170065;61,294848
10468320;57,9;55,160355;61,431929
5363525;35,65;55,187887;61,231487
13459896;79;55,157389;61,402709
13321000;60,54;55,148498;61,363387
6600000;41,88;55,17446777;61,41569903
9917523;52,04;55,173447;61,321741
12157200;52,29;55,17102;61,29359
17016219;103,41;55,17349829;61,36949225
4753000;33,59;55,121263;61,242779
5600000;32,52;55,173781;61,329179
6314000;41;55,172661;61,473134
6909000;36,75;55,116042;61,255014
9496600;46,09;55,160355;61,431929
5025900;25,72;55,18707;61,22825
9082022;48,79;55,173372;61,36710624
12129000;62,2;55,093061;61,238593
5634510;38,33;55,108254;61,249729
7287280;50,04;55,186757;61,226865
4439760;44,59;55,10314;61,247069
13368510;73,9;55,16011945;61,43196358
12233970;64,73;55,10908385;61,25782762
22940000;85,05;55,15713553;61,41171927
9211920;35,15;55,169879;61,371867
6400000;39,27;55,17454;61,41601
10349316;70,86;55,172979;61,367986
19744200;78,34;55,16916799;61,37096213
16366000;98;55,17994;61,341
12679680;99,83;55,250895;61,24728
9010000;53;55,17230151;61,29111409
5586030;36,5;55,10907;61,35937
22904084;122,08;55,169946;61,377931
6792440;36,13;55,116042;61,255014
5729000;38,5;55,173447;61,321741
19744200;78,34;55,16916799;61,37096213
4630547;38,15;55,173447;61,321741
10156920;62,95;55,172805;61,365669
18659258;118;55,157389;61,402709
9952000;62,2;55,173447;61,321741
6138182;37,52;55,172805;61,365669
6262905;51,15;55,173447;61,321741
11929000;85,16;55,18717966;61,22635491
11134300;47,38;55,1485743;61,36363528
5605600;36,18;55,113143;61,274678
11773368;72,65;55,173308;61,369697
10035900;47,79;55,14897983;61,36362455
5385588;45,59;55,126452;61,255131
9480276;51,79;55,16990478;61,29537389
3992800;28,52;55,250895;61,24728
6554145;43,5;55,18692;61,23104
7706300;55,04;55,173447;61,321741
8074720;46,29;55,171077;61,377832
9800413;62,29;55,160704;61,460663
15581250;83,09;55,17908192;61,34101551
9624120;72,91;55,21316;61,30282
9424990;76,13;55,08973;61,23944
9950000;67,9;55,13848;61,45237
12571200;70,81;55,17469173;61,39388388
15171000;95,69;55,169946;61,377931
9431999;47,29;55,169946;61,377931
11046929;70,9;55,160741;61,460675
4800000;40,7;55,243988;61,253829
12170600;80,59;55,113143;61,274678
7919800;56,56;55,21355;61,30287
25235000;95,25;55,11205672;61,32504179
7122500;40,7;55,17319;61,289033
11719800;91,83;55,18742594;61,2285301
12170600;80,59;55,113143;61,274678
8343192;56,09;55,186743;61,232097
5483720;35;55,120405;61,245889
3912000;24,45;55,213324;61,30255
6330000;33,81;55,197718;61,185027
10383040;56,79;55,17994;61,341
13579500;82,84;55,108254;61,249729
18705811;106,3;55,170065;61,294848
8703676;59,04;55,186757;61,226865
6340056;37,81;55,172979;61,367986
8708348;42,11;55,171077;61,377832
5402250;36,75;55,108254;61,249729
6311098;37,59;55,172805;61,365669
4177880;24,29;55,111258;61,357638
8387808;56,4;55,186757;61,226865
16240900;96,09;55,160355;61,431929
5986500;39,9;55,11131;61,248762
5558490;36,33;55,10903154;61,35920441
12053000;70,9;55,17230151;61,29111409
3647700;32,18;55,08973;61,23944
6366030;47,75;55,173447;61,321741
6238750;54,25;55,173447;61,321741
5493984;45,29;55,125443;61,254763
9380000;53,59;55,17319;61,289033
8107650;38,7;55,160355;61,431929
5372000;31,6;55,17230151;61,29111409
11430000;72,4;55,197718;61,185027
7863230;56,56;55,21298762;61,30193121
5083000;39,09;55,17306391;61,31981861
12370000;61,84;55,171077;61,377832
6835680;48,47;55,213324;61,30255
5464520;40,77;55,10542441;61,34532177
9090750;56,29;55,182297;61,234912
4641000;33,15;55,16907225;61,31212603
8387808;56,4;55,186757;61,226865
4800000;40,59;55,243988;61,253829
6483269;38,18;55,172979;61,371274
10881900;84,45;55,186378;61,226709
8064000;44,79;55,17230151;61,29111409
25635730;124,4;55,157389;61,402709
6664000;39,2;55,17319;61,289033
6071040;37,52;55,172979;61,367986
6096700;61,9;55,103719;61,251798
4978600;32,11;55,10907;61,35937
5744000;34,68;55,186378;61,226709
6251125;60,79;55,10314;61,247069
9962569;61,5;55,172805;61,365669
15994800;59,24;55,122712;61,37265
7889000;56,34;55,21335569;61,30290753
6552638;43,49;55,186757;61,226865
6604500;38,84;55,170912;61,318013
14386900;59,45;55,14799671;61,36368892
7090000;45,88;55,17446777;61,41569903
16055600;77,65;55,17102;61,29359
3912000;24,45;55,21277904;61,30311138
6976400;40,2;55,182297;61,234912
15555800;80,59;55,097131;61,242249
3912000;24,45;55,213324;61,30255
5010720;32,11;55,10854;61,35956
10977750;53,54;55,1485743;61,36363528
14667370;91,25;55,171139;61,292474
9301200;46;55,17928;61,34155
12016000;75,09;55,17319;61,289033
7667000;45,09;55,17319;61,289033
4574543;30,2;55,173447;61,321741
12016000;75,09;55,17319;61,289033
13410000;59,59;55,14799671;61,36368892
7919800;56,56;55,21298762;61,30193121
5313000;37,5;55,121033;61,242418
6835680;48,47;55,21316;61,30282
5814000;34,2;55,17319;61,289033
9374000;70,84;55,173769;61,329517
7832650;56,34;55,213324;61,30255
28308000;100,87;55,11193;61,325796
9200000;76,84;55,124681;61,249481
10012500;66,75;55,170912;61,318013
8885600;46,4;55,180537;61,339986
7953746;67,65;55,13106596;61,26330208
10430000;62,18;55,197718;61,185027
5459454;36,59;55,170912;61,318013
8900016;48;55,17349829;61,36949225
19253520;79,55;55,16989266;61,37174534
11263006;97,12;55,13106596;61,26330208
13476200;78,4;55,170065;61,294848
6790599;31,6;55,169946;61,377931
5436000;30,2;55,17319;61,289033
19465160;107,9;55,17019956;61,29454777
7889000;56,34;55,213324;61,30255
5302500;30,29;55,17230151;61,29111409
3855950;23,95;55,10907;61,35937
8665347;58,77;55,186757;61,226865
5017579;38,59;55,173447;61,321741
12136024;80,94;55,172979;61,371274
8387808;56,4;55,186757;61,226865
9133014;54,99;55,172805;61,365669
6380414;37,59;55,172979;61,371274
7096230;33,29;55,16002;61,43216
18342705;107,31;55,173308;61,369697
6554145;43,5;55,18692;61,23104
5000000;42,29;55,243988;61,253829
6285802;38,18;55,172979;61,367986
12016000;75,09;55,173769;61,329517
5303470;31,2;55,173447;61,321741
8779470;40,27;55,17469173;61,39388388
9172800;63;55,18766;61,23199
6871400;36,54;55,116042;61,255014
8132160;41,27;55,10908385;61,25782762
10021740;56,61;55,116042;61,255014
16415000;98;55,180537;61,339986
9791100;55,9;55,171745;61,377967
8690000;77,61;55,12471;61,24962
7696000;59,2;55,173447;61,321741
3655790;32,24;55,13106596;61,26330208
7472500;42,7;55,108254;61,249729
4763870;35,86;55,121705;61,247684
3482700;26,35;55,121705;61,247684
5051640;38,27;55,10547;61,34532
6031994;37,31;55,172979;61,367986
13525174;79;55,170065;61,294848
8369930;34,72;55,16916799;61,37096213
5177025;36,33;55,10231;61,34543
7058746;60,45;55,13106596;61,26330208
7660800;39,9;55,10908385;61,25782762
12215950;59,59;55,1485743;61,36363528
12170600;80,59;55,113143;61,274678
11136650;47,38;55,148498;61,363387
7460926;50,61;55,18748;61,2327
11468750;62,5;55,180537;61,339986
11139000;79;55,108254;61,249729
6860000;39,2;55,17319;61,289033
8448000;51,2;55,17282962;61,29152178
4642036;30,7;55,173447;61,321741
9571000;56,29;55,17319;61,289033
14244700;78,69;55,115985;61,253505
20874400;101,02;55,174775;61,393563
10042500;66,94;55,170912;61,318013
10241000;73,15;55,170912;61,318013
4642685;38,34;55,16907225;61,31212603
6222000;36,59;55,173447;61,321741
5134000;30,2;55,17230151;61,29111409
4800000;40,7;55,243988;61,253829
6351647;37,79;55,172805;61,365669
5767730;35,24;55,18748;61,2327
9480276;51,79;55,170065;61,294848
9072410;53,09;55,17128914;61,29316285
8738000;51,4;55,17319;61,289033
12908500;65,19;55,17179;61,29243
16933800;101,4;55,108254;61,249729
7773540;59,34;55,214029;61,298371
6201607;37,52;55,17299;61,37108
23730000;87,81;55,11145;61,32772
12020140;49,66;55,16989266;61,37174534
9917950;46,13;55,148498;61,363387
5600000;32,52;55,173769;61,329517
40990000;125,23;55,157305;61,411689
4056430;24,29;55,10887778;61,35977304
29070000;94,84;55,15713553;61,41171927
11832623;80,94;55,172805;61,365669
7863230;56,56;55,2129;61,30134
5767730;35,24;55,18766;61,23199
4071460;24,37;55,10887778;61,35977304
11570490;65,37;55,118179;61,253873
5933000;34,9;55,17319;61,289033
5725500;34,7;55,17282962;61,29152178
14411970;60,81;55,16976;61,3722
19744200;78,34;55,169879;61,371867
9956000;46,5;55,171745;61,377967
19744200;78,34;55,16916799;61,37096213
14654700;85,69;55,180537;61,339986
11245500;53,54;55,1485743;61,36363528
18855720;79,55;55,16976;61,3722
9903480;67,02;55,173447;61,321741
12167580;51,34;55,16976;61,3722
17712000;82;55,115635;61,245187
5286120;35,95;55,108254;61,249729
14066190;79,47;55,116042;61,255014
13705700;59,59;55,122712;61,37265
7812491;66,09;55,126452;61,255131
10199000;72,84;55,170912;61,318013
21289400;88,8;55,17102;61,29359
27100000;105,05;55,11205672;61,32504179
11830000;78,95;55,197718;61,185027
4071460;24,37;55,10887778;61,35977304
15748200;80,76;55,09343218;61,24079687
6126248;54,16;55,08973;61,23944
5530000;31,6;55,17230151;61,29111409
15127500;60,5;55,1485743;61,36363528
5372850;36,54;55,108254;61,249729
6976000;43,59;55,17282962;61,29152178
6528000;38,4;55,17319;61,289033
4490965;37;55,16907225;61,31212603
5285000;30,2;55,17319;61,289033
12299600;72,9;55,17128914;61,29316285
7597500;60,77;55,10542441;61,34532177
4762049;31,75;55,173447;61,321741
6913000;44,59;55,173769;61,329517
6715500;40,7;55,17319;61,289033
12788200;59,47;55,1485743;61,36363528
11675000;83,93;55,186378;61,226709
10018800;55,2;55,17992613;61,34096187
11550019;80,09;55,17336;61,36843
8438001;76,05;55,16907225;61,31212603
14425700;79,69;55,116062;61,253549
5095490;36,7;55,173447;61,321741
13341160;74,19;55,16002;61,43216
12260500;79,09;55,17319;61,289033
6471446;37,81;55,17299;61,37108
8387808;56,4;55,186757;61,226865
5935500;39,56;55,1737459;61,32446462
10983900;53,58;55,148498;61,363387
9374000;70,84;55,173781;61,329179
12486000;104,05;55,170912;61,318013
9680000;60,5;55,17282962;61,29152178
17335080;68,79;55,169879;61,371867
10022057;63,65;55,172979;61,367986
5459454;36,59;55,173447;61,321741
10280000;62,08;55,197718;61,185027
10188850;47,38;55,148498;61,363387
10522560;58,2;55,171139;61,292474
8700000;52,25;55,11611;61,45367
11271000;57,79;55,16063;61,43206
10763280;59,4;55,16011945;61,43196358
11265000;75,09;55,173769;61,329517
7668750;61,34;55,17343849;61,31978642
10584600;72;55,110934;61,352464
10775960;59,79;55,16011945;61,43196358
17196900;60,34;55,14897983;61,36362455
8789000;51,7;55,17282962;61,29152178
18359870;106,3;55,157389;61,402709
9915749;48,29;55,169946;61,377931
8727840;62,7;55,208243;61,188443
9300000;61,25;55,1384635;61,45219134
30170790;125,19;55,169879;61,371867
22961840;101,02;55,178617;61,359747
12029860;85,62;55,173447;61,321741
9745290;79,23;55,10547;61,34532
4978600;32,11;55,10903154;61,35920441
21054600;81,84;55,16989;61,3723
7298160;38,81;55,116042;61,255014
16883400;59,24;55,122712;61,37265
4505000;40;55,12582;61,24988
8860320;35,15;55,16916799;61,37096213
9178140;39,59;55,171139;61,292474
7690000;46,4;55,197718;61,185027
7235917;49,11;55,17336;61,36843
10180000;81,44;55,10542441;61,34532177
10504560;55,2;55,171745;61,377967
10384499;55,5;55,171745;61,377967
19744200;78,34;55,16989;61,3723
4269301;35,5;55,127295;61,260969
14124890;79;55,17019956;61,29454777
9857120;67,69;55,186757;61,226865
8475500;77,05;55,173447;61,321741
7974000;44,29;55,17230151;61,29111409
7937599;33,59;55,169946;61,377931
5117600;42,9;55,12082;61,246166
9693999;46,59;55,171745;61,377967
9368476;67,02;55,17360031;61,32317977
12357800;70,48;55,174775;61,393563
6495400;46,5;55,170912;61,318013
11301850;46,13;55,122712;61,37265
14831300;85,59;55,17205061;61,29205778
6896500;53,04;55,170912;61,318013
5605600;36,18;55,113143;61,274678
4978600;32,11;55,111258;61,357638
7953000;48,93;55,108254;61,249729
13287514;78,09;55,157389;61,402709
16505520;85,08;55,108256;61,249732
8835750;45,9;55,180537;61,339986
17712200;106,69;55,17019956;61,29454777
14557300;92,5;55,182297;61,234912
7499989;66,3;55,125436;61,254759
7889000;56,34;55,21298762;61,30193121
15555800;80,59;55,095343;61,241692
16354000;96,19;55,16011945;61,43196358
15497900;80,3;55,094091;61,242321
8890123;54,99;55,172979;61,367986
4071460;24,37;55,111258;61,357638
3048890;24,45;55,12719;61,622804
5362999;31,54;55,16907225;61,31212603
9555000;73,5;55,173447;61,321741
9962569;61,5;55,172979;61,367986
14275200;59,47;55,1485743;61,36363528
9000000;57,22;55,13655;61,42469
8900016;48;55,172805;61,365669
10024026;71,8;55,16382;61,43562
9293570;44,45;55,178617;61,359747
9687300;46,13;55,14799671;61,36368892
11698500;70,9;55,17319;61,289033
6109000;41;55,10854;61,35956
25330000;72,8;55,15713553;61,41171927
10042500;66,94;55,173447;61,321741
9443070;34,59;55,16989;61,3723
14535240;82,12;55,118179;61,253873
10017120;81,44;55,10542441;61,34532177
6715500;40,7;55,17319;61,289033
23460600;128,19;55,169889;61,272289
5030507;38,7;55,16907225;61,31212603
5236000;37,4;55,250895;61,24728
7036249;48,79;55,16382;61,43562
19055080;78,73;55,16989266;61,37174534
6400000;41,75;55,17454;61,41601
23756800;102,4;55,113915;61,248933
13429572;83,3;55,169946;61,377931
11195100;63;55,16002;61,43216
10449810;56,7;55,17992613;61,34096187
53160000;189,83;55,157305;61,411689
7008720;46,11;55,113143;61,274678
8566070;40,25;55,17205061;61,29205778
6651700;29,89;55,17102;61,29359
4027800;28,77;55,250895;61,24728
13112000;74,5;55,180537;61,339986
7319000;56,29;55,170912;61,318013
11136650;47,38;55,122712;61,37265
6512000;40,7;55,17282962;61,29152178
8257500;55,04;55,170912;61,318013
9852500;56,29;55,17230151;61,29111409
18508839;103,41;55,17349829;61,36949225
12145997;81,23;55,172979;61,367986
7221850;69,69;55,10314;61,247069
7058746;60,45;55,13106596;61,26330208
5767730;35,24;55,18748;61,2327
5006500;32,29;55,10903154;61,35920441
5262600;42,79;55,121263;61,242779
5729000;38,5;55,170912;61,318013
5612020;40,52;55,104096;61,350497
11474910;64,83;55,116042;61,255014
9439200;62,09;55,113143;61,274678
3048890;24,45;55,12719;61,622804
11750000;84,25;55,17446777;61,41569903
6700000;43,22;55,17446777;61,41569903
7982509;68,31;55,13106596;61,26330208
17520140;93,97;55,178617;61,359747
5724634;37,34;55,18766;61,23199
7773540;59,34;55,214029;61,298371
7743360;40,33;55,11713;61,24662
4595203;39,9;55,113138;61,274687
8976000;56,09;55,173447;61,321741
8387808;56,4;55,186757;61,226865
10156920;62,95;55,172979;61,367986
10638640;56,79;55,180537;61,339986
5840640;40,56;55,21277904;61,30311138
5883244;50,93;55,12082;61,246166
6545000;38,5;55,17319;61,289033
9857120;67,69;55,186757;61,226865
10674180;59,4;55,16002;61,43216
14899200;84,06;55,17469173;61,39388388
7319000;56,29;55,170912;61,318013
7719060;60,77;55,10542441;61,34532177
11234127;52,79;55,17019956;61,29454777
6340056;37,81;55,172805;61,365669
25635730;124,4;55,16990478;61,29537389
6274343;37,81;55,17336;61,36843
8245970;40,27;55,174775;61,393563
7028099;32,79;55,171745;61,377967
20520400;84,09;55,166588;61,390938
7696000;59,2;55,170912;61,318013
11640000;60,88;55,167798;61,308043
4193360;24,37;55,10854;61,35956
17335080;68,79;55,16989;61,3723
8328320;56;55,18692;61,23104
27560000;106,05;55,11205672;61,32504179
5134000;30,2;55,17230151;61,29111409
8064000;44,79;55,17230151;61,29111409
5478000;33,2;55,17282962;61,29152178
7032883;60,25;55,173447;61,321741
10809600;56,29;55,17994;61,341
10199000;72,84;55,170912;61,318013
6473249;33,29;55,169946;61,377931
13593580;70,48;55,178617;61,359747
11245500;53,54;55,1485743;61,36363528
6274343;37,81;55,172805;61,365669
11615940;61,45;55,114982;61,244986
7616000;44,79;55,17319;61,289033
4439760;44,79;55,10314;61,247069
5454000;30,29;55,17230151;61,29111409
8709573;59,08;55,186743;61,232097
6495400;46,5;55,170912;61,318013
16063220;61,31;55,16989;61,3723
7025300;40,43;55,182297;61,234912
8387808;56,4;55,186757;61,226865
10331784;66,05;55,171077;61,377832
18342705;107,31;55,17349829;61,36949225
8990000;52,25;55,11611;61,45367
10032400;71,66;55,213324;61,30255
10819928;97,44;55,173447;61,321741
7100600;54,61;55,250895;61,24728
8956980;42,04;55,174775;61,393563
8900000;54,15;55,17454;61,41601
12934999;79,09;55,171745;61,377967
7276500;48,5;55,11131;61,248762
11615940;61,45;55,11713;61,24662
14650380;81,8;55,160355;61,431929
8257500;55,04;55,173447;61,321741
10156920;62,95;55,172979;61,367986
9233566;66,18;55,172805;61,365669
6545000;38,5;55,17319;61,289033
15594400;80,8;55,093061;61,238593
5430903;46,09;55,126256;61,25616
5362999;31,54;55,173447;61,321741
17690400;81,9;55,112625;61,250663
3644700;26,42;55,12082;61,246166
9480276;51,79;55,157389;61,402709
9753059;61,88;55,172979;61,367986
6057430;60,9;55,10314;61,247069
7832650;56,34;55,21355;61,30287
18521885;103,48;55,172805;61,365669
23733600;102,3;55,113993;61,251376
6321000;37,11;55,186253;61,225379
27970000;94,83;55,15713553;61,41171927
8695500;52,7;55,17282962;61,29152178
6049500;40,33;55,11131;61,248762
12275520;80,76;55,113143;61,274678
4879512;30,2;55,170912;61,318013
7492842;64,69;55,187224;61,233634
5868000;40,75;55,21298762;61,30193121
7892972;46,7;55,250793;61,403197
8246000;58,9;55,173447;61,321741
6441142;42,75;55,186757;61,226865
13051500;79,09;55,17319;61,289033
13398000;94,19;55,16907225;61,31212603
3048890;24,45;55,12719;61,622804
10198360;61,5;55,17299;61,37108
7203749;61,61;55,13106596;61,26330208
11577570;65,41;55,118179;61,253873
17341600;81,8;55,112625;61,250663
5285000;30,2;55,17319;61,289033
10780312;44,2;55,16990478;61,29537389
8545700;39,77;55,17469173;61,39388388
10537500;70,25;55,173447;61,321741
6475294;53,79;55,13106596;61,26330208
4831840;38,15;55,173447;61,321741
12316500;53,54;55,1485743;61,36363528
13553858;68,5;55,17019956;61,29454777
6993000;49,95;55,170912;61,318013
4945869;39,04;55,16907225;61,31212603
29537206;104,73;55,11145;61,32772
24260000;76,91;55,15713553;61,41171927
6133600;29,92;55,169946;61,377931
5286120;35,95;55,108254;61,249729
9378000;59,9;55,186378;61,226709
9506200;61,59;55,182297;61,234912
16734800;78,19;55,116768;61,249804
15743000;60,54;55,148498;61,363387
20376720;72,94;55,16916799;61,37096213
12806088;72,65;55,172805;61,365669
18705811;106,3;55,157389;61,402709
12674500;78,5;55,171745;61,377967
5408000;33,79;55,17282962;61,29152178
5559400;36,2;55,113143;61,274678
10144200;46,11;55,122712;61,37265
10826695;97,44;55,173447;61,321741
6939080;36,9;55,118179;61,253873
5129790;36,79;55,170912;61,318013
7456250;59,65;55,1737459;61,32446462
11640000;60,88;55,167798;61,308043
5372850;36,54;55,108254;61,249729
9309039;48,79;55,173372;61,36710624
21024360;83,43;55,169879;61,371867
8681563;58,88;55,18766;61,23199
7560000;43,2;55,108254;61,249729
17334600;103,8;55,108254;61,249729
10710000;53,54;55,1485743;61,36363528
6715500;40,7;55,17282962;61,29152178
10050441;61,88;55,17336;61,36843
8731800;59,4;55,108254;61,249729
8112000;67,59;55,17343849;61,31978642
9371420;64,09;55,208243;61,188443
11771790;49,66;55,16976;61,3722
4320011;35,97;55,13106596;61,26330208
7909260;36,59;55,160355;61,431929
14980440;80,54;55,10908385;61,25782762
8736109;59,25;55,186757;61,226865
31172760;118,98;55,16989;61,3723
13772880;69,55;55,171077;61,377832
10132200;77,94;55,250895;61,24728
6790600;31,39;55,171745;61,377967
6896500;53,04;55,173447;61,321741
8900016;48;55,17349829;61,36949225
13867994;74,75;55,15142;61,30195
7832650;56,34;55,213324;61,30255
11615940;61,45;55,11713;61,24662
11640500;75,09;55,17282962;61,29152178
6978673;49,79;55,18710168;61,23087229
4482639;26,95;55,186743;61,232097
17932400;70,59;55,166588;61,390938
15321060;84,59;55,160355;61,431929
13821660;74,3;55,114982;61,244986
19001700;98,19;55,180537;61,339986
13522020;58,7;55,16989266;61,37174534
6727500;51,75;55,17343849;61,31978642
4249810;35,45;55,13106596;61,26330208
12703730;103,94;55,16907225;61,31212603
10849260;74,3;55,11131;61,248762
24541270;85,61;55,11193;61,325796
5083000;29,89;55,17230151;61,29111409
5248738;47,15;55,08973;61,23944
15888180;68,77;55,16916799;61,37096213
17371466;106,3;55,170065;61,294848
11916847;81,23;55,172805;61,365669
10161720;56;55,17128914;61,29316285
5064800;38,95;55,10547;61,34532
8844000;53,59;55,17319;61,289033
5584000;34,9;55,17282962;61,29152178
6034500;40,22;55,11131;61,248762
11251380;60,2;55,160355;61,431929
8257500;55,04;55,173447;61,321741
4606000;32,9;55,173447;61,321741
5332964;35,65;55,187887;61,231487
7667000;45,09;55,17230151;61,29111409
11413020;65,8;55,171139;61,292474
12468320;81,09;55,182297;61,234912
5669500;38,09;55,170912;61,318013
5220640;38,95;55,10547;61,34532
8250000;47,68;55,11612993;61,45367541
14897500;59,59;55,1485743;61,36363528
8387808;56,4;55,186757;61,226865
4256000;35,4;55,113138;61,274687
20201220;126,09;55,180537;61,339986
4177880;24,29;55,111258;61,357638
4639536;28,6;55,173447;61,321741
10010970;81,38;55,10542441;61,34532177
10190000;76,16;55,16814;61,53102
10877300;53,06;55,14897983;61,36362455
8733925;52,88;55,17360031;61,32317977
18530122;85,5;55,157389;61,402709
8711000;56,38;55,182297;61,234912
9133014;54,99;55,172805;61,365669
8770140;61,4;55,10941;61,35114
4811800;33,59;55,121263;61,242779
5648000;35,29;55,17282962;61,29152178
7839600;56,4;55,10854;61,35956
9654400;43,09;55,113915;61,248933
9693999;46,59;55,171745;61,377967
4971170;39,25;55,16907225;61,31212603
12453420;81;55,182297;61,234912
7402199;32,7;55,171745;61,377967
4778000;26,45;55,186378;61,226709
8628492;58,52;55,18766;61,23199
5100040;38,06;55,10542441;61,34532177
8675755;61,31;55,250793;61,403197
5840640;40,56;55,21316;61,30282
12490450;98,34;55,250895;61,24728
39182961;142,63;55,11205672;61,32504179
9408800;61,9;55,113143;61,274678
3434213;29,69;55,13106596;61,26330208
20759520;102,8;55,11372;61,24745
4439760;44,59;55,103719;61,251798
8709573;59,08;55,186743;61,232097
10154025;70,86;55,172979;61,367986
8628900;58,7;55,108254;61,249729
5134000;30,2;55,17230151;61,29111409
7889000;56,34;55,21355;61,30287
5363525;35,65;55,187887;61,231487
17605500;106,69;55,17019956;61,29454777
6545000;38,5;55,17319;61,289033
10113600;47,04;55,122712;61,37265
5612020;40,52;55,104096;61,350497
7616000;44,79;55,17230151;61,29111409
6001000;35,29;55,17282962;61,29152178
4269301;35,5;55,127295;61,260969
19718400;83,19;55,166588;61,390938
7863230;56,56;55,2129;61,30134
6351625;38,18;55,172979;61,367986
4249810;35,45;55,13106596;61,26330208
12392820;51,2;55,16989266;61,37174534
17605500;106,69;55,157389;61,402709
8246000;58,9;55,173447;61,321741
20075120;126,09;55,17928;61,34155
10543400;59,5;55,16011945;61,43196358
5281320;40;55,10542441;61,34532177
8283000;37,65;55,17102;61,29359
14753700;87;55,171139;61,292474
5767730;35,24;55,18748;61,2327
7387595;51,15;55,16907225;61,31212603
6821280;67,4;55,10314;61,247069
6071021;37,9;55,172805;61,365669
54573000;182;55,17019956;61,29454777
14103000;78,4;55,157389;61,402709
13896468;66,9;55,170065;61,294848
3889180;23,86;55,10854;61,35956
4112790;26,42;55,120405;61,245889
8758880;42,11;55,169946;61,377931
17200000;53,97;55,15713553;61,41171927
6909000;36,75;55,116042;61,255014
8660925;58,75;55,18748;61,2327
3788900;26,42;55,121705;61,247684
5278500;39,09;55,17306391;61,31981861
6620000;36,29;55,197718;61,185027
6441911;37,59;55,17299;61,37108
11551456;74,19;55,160704;61,460663
16505520;85,08;55,108256;61,249732
8072838;60,54;55,173447;61,321741
7748580;58,25;55,10547;61,34532
19130000;123,3;55,197718;61,185027
6311098;37,59;55,172979;61,367986
4883725;32,45;55,104096;61,350497
15500600;89,26;55,17469173;61,39388388
11444674;103,19;55,16907225;61,31212603
4762049;31,75;55,173447;61,321741
9558000;47,79;55,122712;61,37265
11232000;60;55,16011945;61,43196358
3903850;23,95;55,111258;61,357638
5311110;36,13;55,108254;61,249729
10214876;71,16;55,17336;61,36843
5759424;38,4;55,173447;61,321741
11578140;61,25;55,114982;61,244986
12869100;49,59;55,16989266;61,37174534
5648000;35,29;55,17319;61,289033
6567051;37,24;55,17336;61,36843
4450000;37,88;55,12471;61,24962
7840000;48,81;55,197718;61,185027
18052892;93,83;55,171077;61,377832
5650000;49,99;55,124681;61,249481
12424280;51,34;55,16976;61,3722
4947000;29,1;55,173447;61,321741
9300000;56,84;55,17446777;61,41569903
17351300;103,9;55,108254;61,249729
5364000;29,79;55,17230151;61,29111409
5558490;36,33;55,111258;61,357638
9956000;46,5;55,169946;61,377931
3577000;26,2;55,121263;61,242779
5586030;36,5;55,10907;61,35937
6682766;37,81;55,17336;61,36843
6475294;53,79;55,13106596;61,26330208
4168980;24,37;55,10903154;61,35920441
9373000;66,94;55,173447;61,321741
10210140;77,94;55,250895;61,24728
10858350;57,29;55,17908192;61,34101551
6860000;39,2;55,17230151;61,29111409
5493984;45,29;55,125443;61,254763
3048890;24,45;55,12719;61,622804
10218400;48,2;55,112625;61,250663
14211330;80,29;55,116042;61,255014
33910000;102,93;55,157305;61,411689
21892720;81,86;55,169879;61,371867
8811000;53,4;55,17230151;61,29111409
5610000;33;55,17282962;61,29152178
24566044;89,98;55,11205672;61,32504179
8735750;41,5;55,180537;61,339986
6311098;37,59;55,172805;61,365669
8443989;41,2;55,170065;61,294848
17330400;74,69;55,114023;61,25137
6351647;37,79;55,17336;61,36843
17371466;106,3;55,157389;61,402709
4256000;35,4;55,125922;61,253945
11025990;57,29;55,171139;61,292474
12231100;60,54;55,148498;61,363387
9233566;66,18;55,17299;61,37108
6222050;61;55,10314;61,247069
8860320;35,15;55,16916799;61,37096213
7628100;54,09;55,21316;61,30282
5934701;37,31;55,172979;61,367986
9528480;81,44;55,10542441;61,34532177
15568300;85,05;55,17102;61,29359
14252700;61,7;55,16916799;61,37096213
9877219;44,29;55,178617;61,359747
5725500;34,7;55,17319;61,289033
16505520;85,08;55,108256;61,249732
36580000;107,66;55,157305;61,411689
5868000;40,75;55,213324;61,30255
5935500;39,56;55,173447;61,321741
18359870;106,3;55,16990478;61,29537389
9838250;72,09;55,11098;61,35252
4168980;24,37;55,111258;61,357638
8660925;58,75;55,18766;61,23199
3530750;24,35;55,17306391;61,31981861
7326000;40,7;55,17282962;61,29152178
15015600;85;55,17205061;61,29205778
19051753;106,3;55,170065;61,294848
11688900;82,9;55,108254;61,249729
12438520;80,9;55,182297;61,234912
9624120;72,91;55,21316;61,30282
6340056;37,81;55,172979;61,367986
5584000;34,9;55,17282962;61,29152178
9396000;46,4;55,180537;61,339986
7028100;33;55,169946;61,377931
10048800;47,4;55,115635;61,245187
7558900;53,79;55,173447;61,321741
3434213;29,69;55,13106596;61,26330208
5901120;40,97;55,213324;61,30255
12218608;89,72;55,172805;61,365669
10129200;44,04;55,122712;61,37265
7412000;43,59;55,17282962;61,29152178
9971000;106,3;55,103719;61,251798
4177880;24,29;55,10854;61,35956
6993000;49,95;55,173447;61,321741
7207200;36,4;55,093061;61,238593
11469600;64,8;55,116042;61,255014
5558490;36,33;55,111258;61,357638
10150016;88,59;55,113138;61,274687
6285802;38,18;55,17336;61,36843
14280900;78,9;55,115985;61,253505
9072650;62,56;55,170984;61,434093
4945869;39,04;55,16907225;61,31212603
4193360;24,37;55,111258;61,357638
10015110;52,99;55,10908385;61,25782762
6727500;51,75;55,17343849;61,31978642
6041903;39,41;55,18766;61,23199
11455763;103,3;55,16907225;61,31212603
6405732;37,81;55,172805;61,365669
7460926;50,61;55,18748;61,2327
15050800;78,8;55,160746;61,431749
6134452;37,77;55,17336;61,36843
5609500;37,45;55,170912;61,318013
6130300;34,22;55,18641;61,22835
8496300;66,9;55,250895;61,24728
9990450;64,69;55,182297;61,234912
8758200;49,63;55,18641;61,22835
5530000;31,6;55,17319;61,289033
10511000;45,7;55,122712;61,37265
10331784;66,05;55,169946;61,377931
11669100;62,45;55,174775;61,393563
17327070;73,11;55,16976;61,3722
7387595;51,15;55,173447;61,321741
10440000;67,26;55,197718;61,185027
4168980;24,37;55,10907;61,35937
10545000;70,5;55,208243;61,188443
9251691;57,68;55,250793;61,403197
5176160;38,06;55,10542441;61,34532177
9661500;48,4;55,171745;61,377967
9789300;70,61;55,172805;61,365669
7400000;68,26;55,12471;61,24962
5286120;35,95;55,108254;61,249729
9912448;68,08;55,186743;61,232097
23129200;89,11;55,11193;61,325796
8111520;62,88;55,10542441;61,34532177
7976100;33,59;55,17179;61,29243
4777700;35;55,12082;61,246166
23420000;85,05;55,15713553;61,41171927
7712640;40,16;55,10908385;61,25782762
11869890;60,95;55,17128914;61,29316285
8960000;77,4;55,12471;61,24962
6201583;37,9;55,172805;61,365669
10520880;59,43;55,118179;61,253873
5436000;30,2;55,17230151;61,29111409
7188800;44,93;55,250895;61,24728
6351641;38,16;55,172979;61,367986
14317100;79,09;55,117128;61,252858
13459896;79;55,16990478;61,29537389
10550690;57,86;55,171139;61,292474
16970200;79,3;55,115743;61,246804
11390000,39;71,9;55,13848;61,45237
9370665;57,68;55,250793;61,403197
15575100;80,69;55,095827;61,244693
17327070;73,11;55,16976;61,3722
12859200;53,58;55,122712;61,37265
12811850;59,59;55,1485743;61,36363528
9374000;70,84;55,173781;61,329179
6682000;51,4;55,17343849;61,31978642
9211920;35,15;55,16989;61,3723
6974060;59,18;55,12719;61,622804
10174780;66,06;55,171077;61,377832
8257500;55,04;55,170912;61,318013
14025510;80,09;55,160355;61,431929
8641760;58,61;55,186757;61,226865
12827520;83,83;55,250895;61,24728
5934701;37,31;55,172805;61,365669
6860129;57,93;55,13106596;61,26330208
8417552;56,59;55,186757;61,226865
7848210;59,9;55,10547;61,34532
8987000;65,36;55,173447;61,321741
10960110;56,7;55,180537;61,339986
5621000;36,18;55,113143;61,274678
9988000;64,83;55,18722;61,22869
9982500;60,5;55,17282962;61,29152178
9917523;52,04;55,17360031;61,32317977
9925600;65,3;55,113143;61,274678
10981750;70,84;55,173769;61,329517
8889657;44,09;55,157389;61,402709
10005660;52,93;55,114982;61,244986
9061942;44,2;55,157389;61,402709
15517200;80,4;55,095827;61,244693
9374000;70,75;55,173769;61,329517
17526097;103,48;55,173308;61,369697
6623893;37,52;55,17336;61,36843
4919508;30,39;55,170912;61,318013
10156300;65,94;55,169946;61,377931
13570300;66;55,17469173;61,39388388
12136770;51,2;55,16976;61,3722
5586030;36,5;55,10903154;61,35920441
10840550;46,13;55,148498;61,363387
9062580;34,59;55,169879;61,371867
5315520;36,15;55,108254;61,249729
11163600;63;55,16011945;61,43196358
9510000;63,4;55,173769;61,329517
10117100;65,5;55,182297;61,234912
17337600;68,8;55,169879;61,371867
8328320;56;55,18692;61,23104
6974060;59,18;55,12719;61,622804
7008950;70,8;55,10314;61,247069
32550880;124,23;55,16989;61,3723
6860129;57,93;55,13106596;61,26330208
9024800;46,4;55,180537;61,339986
10662000;60;55,16002;61,43216
7832650;56,34;55,21335569;61,30290753
8997950;70,84;55,173781;61,329179
17327070;73,11;55,16976;61,3722
9535281;66,18;55,17299;61,37108
6351625;38,18;55,172805;61,365669
5584000;34,9;55,17282962;61,29152178
17526097;103,48;55,172805;61,365669
11850000;83,55;55,17446777;61,41569903
5835505;47,75;55,173447;61,321741
3999000;32,2;55,121705;61,247684
5558490;36,33;55,111258;61,357638
5652625;35,61;55,25239182;61,38401031
4574543;30,2;55,170912;61,318013
5669500;38,09;55,170912;61,318013
9564800;42,7;55,113993;61,251376
9693999;46,59;55,171745;61,377967
6311111;37,77;55,17336;61,36843
5605600;36,2;55,113143;61,274678
5530000;31,6;55,17230151;61,29111409
6939080;36,9;55,118179;61,253873
13350840;78,4;55,170065;61,294848
5174000;39,79;55,17343849;61,31978642
12038796;103,19;55,16907225;61,31212603
7159040;38,08;55,116042;61,255014
5590000;34,63;55,16814;61,53102
7952849;32,9;55,171745;61,377967
6511000;38,29;55,17319;61,289033
10042500;66,94;55,173447;61,321741
9122490;44,06;55,148498;61,363387
13378260;74,19;55,16011945;61,43196358
21785300;83,15;55,169879;61,371867
8681563;58,88;55,18748;61,2327
10452200;69,66;55,18707;61,22825
5840640;40,56;55,21277904;61,30311138
17327070;73,11;55,16989266;61,37174534
12486200;81,19;55,182297;61,234912
19555680;72,94;55,16916799;61,37096213
23018129;84,33;55,11193;61,325796
10340000;62,31;55,197718;61,185027
6979000;49,84;55,170912;61,318013
9568000;73,59;55,173447;61,321741
4342447;26,95;55,186757;61,226865
5973138;37,9;55,172805;61,365669
11140483;71,69;55,172805;61,365669
7531000;44,29;55,17319;61,289033
7919800;56,56;55,213324;61,30255
5669500;38,09;55,173447;61,321741
10883400;59,54;55,171139;61,292474
8332300;32,15;55,17128914;61,29316285
11640500;75,09;55,17282962;61,29152178
4686198;37;55,16907225;61,31212603
6110000;48,47;55,12719;61,622804
8449155;76,05;55,16907225;61,31212603
7207200;36,4;55,093061;61,238593
8210960;41,68;55,10908385;61,25782762
10537500;70,25;55,170912;61,318013
21099840;85,08;55,113998;61,27928
10180000;81,44;55,10542441;61,34532177
9169999;47;55,169946;61,377931
12203800;53,06;55,122712;61,37265
6797000;48,54;55,170912;61,318013
10778000;53,88;55,14897983;61,36362455
8628492;58,52;55,18766;61,23199
13480500;83,34;55,108254;61,249729
3048890;24,45;55,12719;61,622804
8946540;64,83;55,108254;61,249729
12417500;49,66;55,16989266;61,37174534
4056430;24,29;55,10854;61,35956
10528395;74,66;55,25239182;61,38401031
6684700;50,93;55,120405;61,245889
7889000;56,34;55,2129;61,30134
12316500;53,54;55,1485743;61,36363528
8204735;73,84;55,16907225;61,31212603
9148603;61,31;55,250793;61,403197
5566500;35,22;55,186378;61,226709
3999490;26,42;55,120405;61,245889
4781280;44,7;55,103719;61,251798
7026694;50,61;55,187887;61,231487
9022536;47,79;55,160355;61,431929
18359870;106,3;55,157389;61,402709
9495532;66,51;55,250793;61,403197
9777603;63,65;55,172979;61,371274
12130000;84,81;55,197718;61,185027
6351625;38,18;55,17336;61,36843
14763100;80,59;55,17102;61,29359
3495000;30,12;55,12471;61,24962
9257160;70,12;55,213324;61,30255
6664000;39,2;55,17319;61,289033
6340056;37,81;55,17336;61,36843
6993000;49,95;55,170912;61,318013
27000000;108,06;55,157305;61,411689
10868850;54,75;55,171139;61,292474
9359850;81,38;55,10542441;61,34532177
4181320;24,3;55,111258;61,357638
16494800;120,4;55,208243;61,188443
7694273;46,77;55,172805;61,365669
5459454;36,59;55,170912;61,318013
3655790;32,24;55,13106596;61,26330208
9038800;47,2;55,180537;61,339986
12203800;53,06;55,14897983;61,36362455
7953000;48,93;55,108254;61,249729
5402250;36,75;55,108254;61,249729
9884362;41,2;55,170065;61,294848
32241300;118,09;55,16989;61,3723
4379562;29,1;55,173447;61,321741
7889000;56,34;55,2129;61,30134
13586280;79;55,157389;61,402709
7056000;39,2;55,17319;61,289033
6072917;37,52;55,17336;61,36843
6110000;48,47;55,12719;61,622804
4642036;30,7;55,170912;61,318013
7122100;33,5;55,160355;61,431929
8224000;51,4;55,17282962;61,29152178
5232500;29,89;55,17319;61,289033
4269346;35,4;55,125922;61,253945
9722520;47,79;55,17928;61,34155
3869470;24,26;55,10231;61,34543
10893750;58,09;55,180537;61,339986
11517000;69,8;55,17319;61,289033
18886434;106,69;55,17019956;61,29454777
9256355;52,04;55,173447;61,321741
14222200;60,52;55,122712;61,37265
15997800;58,59;55,16916799;61,37096213
9372800;46,4;55,17994;61,341
5176160;38,06;55,10542441;61,34532177
7277500;58,22;55,10547;61,34532
3879900;23,95;55,10907;61,35937
4840960;37,81;55,10547;61,34532
8712030;60,59;55,10941;61,35114
6245691;37,59;55,172979;61,367986
7732250;63;55,187887;61,231487
10045180;41,2;55,170065;61,294848
5459454;36,59;55,170912;61,318013
5758500;34,9;55,17319;61,289033
7659512;59,95;55,16907225;61,31212603
8083740;60,77;55,10542441;61,34532177
6797000;48,54;55,173447;61,321741
24615690;98,16;55,178617;61,359747
9437220;80,66;55,10547;61,34532
12150000;86,63;55,1384635;61,45219134
9709227;66,51;55,250793;61,403197
9069500;41,93;55,178617;61,359747
7892420;56,77;55,10854;61,35956
6604500;38,84;55,170912;61,318013
9983830;70,61;55,17336;61,36843
10129200;44,04;55,122712;61,37265
17936520;68,45;55,16989;61,3723
7929900;55,45;55,120405;61,245889
4334320;31,87;55,214029;61,298371
6860000;39,2;55,17230151;61,29111409
17108696;86,59;55,17019956;61,29454777
8475500;77,05;55,1737459;61,32446462
6136305;37,52;55,17336;61,36843
6738720;48,47;55,213324;61,30255
9917523;52,04;55,17360031;61,32317977
8754564;61,31;55,250793;61,403197
4071460;24,37;55,10854;61,35956
13525174;79;55,157389;61,402709
7832650;56,34;55,21355;61,30287
8530500;51,7;55,17319;61,289033
21099840;85,08;55,113998;61,27928
9380000;53,59;55,17319;61,289033
3403755;26,53;55,121705;61,247684
12709200;60,52;55,14799671;61,36368892
8747200;40,79;55,17102;61,29359
5758500;34,9;55,17319;61,289033
9652500;58,5;55,17319;61,289033
4482639;26,95;55,186743;61,232097
8860320;35,15;55,169879;61,371867
6351647;37,79;55,172979;61,367986
6218150;41,27;55,18766;61,23199
7110246;51,2;55,18757434;61,23137654
5115650;36,7;55,170912;61,318013
11690000;91,61;55,16814;61,53102
7967700;68,3;55,187887;61,231487
9598540;80,66;55,10547;61,34532
5530000;31,6;55,17319;61,289033
32455500;137,72;55,11145;61,32772
6314000;41;55,1726;61,47311
14535420;82,01;55,173372;61,36710624
21029400;83,44;55,16989;61,3723
17196900;60,34;55,122712;61,37265
4338405;35,29;55,126256;61,25616
7515540;58,25;55,10547;61,34532
10050441;61,88;55,172805;61,365669
4395601;36,93;55,08973;61,23944
9257160;70,12;55,2129;61,30134
10850632;103,3;55,173447;61,321741
5478000;33,2;55,17319;61,289033
9313920;48,5;55,11713;61,24662
7600000;47,15;55,17446777;61,41569903
7124133;51,29;55,18757434;61,23137654
10425800;47,38;55,122712;61,37265
5574360;42,9;55,120405;61,245889
8997950;70,84;55,173781;61,329179
9061942;44,2;55,16990478;61,29537389
9352398;70,15;55,173447;61,321741
9654400;43,09;55,113993;61,251376
5933000;34,9;55,17319;61,289033
7009000;40,43;55,182297;61,234912
5530000;31,6;55,17319;61,289033
14775950;60,31;55,122712;61,37265
9854240;81,44;55,10542441;61,34532177
5467202;45,09;55,113138;61,274687
7626360;38,9;55,171077;61,377832
9775900;70,9;55,11098;61,35252
7790920;63,86;55,13106596;61,26330208
11773368;72,65;55,17349829;61,36949225
17712000;82;55,115635;61,245187
7724160;40,22;55,10908385;61,25782762
6103692;37,52;55,172979;61,371274
5500000;49,99;55,12471;61,24962
10810852;71,69;55,17336;61,36843
11060000;67,05;55,197718;61,185027
7832650;56,34;55,21335569;61,30290753
9667800;61,5;55,172805;61,365669
8828970;60,9;55,10941;61,35114
9917950;46,13;55,14799671;61,36368892
7889000;56,34;55,213324;61,30255
5235000;34,9;55,17306391;61,31981861
13085600;59,47;55,122712;61,37265
10168922;45,2;55,17019956;61,29454777
8452500;56,34;55,21335569;61,30290753
7425600;45,38;55,108254;61,249729
6727500;51,75;55,17343849;61,31978642
9154300;56,7;55,182297;61,234912
6245691;37,59;55,17336;61,36843
9683100;46,11;55,1485743;61,36363528
8789000;51,7;55,17319;61,289033
5767730;35,24;55,18766;61,23199
13569750;60,31;55,122712;61,37265
10566660;59,79;55,16002;61,43216
10633140;56,25;55,10908385;61,25782762
11974600;55,59;55,17179;61,29243
10083171;63,65;55,17299;61,37108
17440115;106,69;55,170065;61,294848
6779495;44,9;55,187887;61,231487
23460600;127,9;55,170575;61,271488
26960862;95,54;55,11205672;61,32504179
7889000;56,34;55,21355;61,30287
4851000;37,5;55,121263;61,242779
5584000;34,9;55,17319;61,289033
6285800;37,79;55,172805;61,365669
5332964;34,9;55,18710168;61,23087229
8800000;51,91;55,11612993;61,45367541
7697280;40,09;55,10908385;61,25782762
7832650;56,34;55,213324;61,30255
6700000;37,34;55,11611;61,45367
7221850;69,69;55,103719;61,251798
12707100;60,5;55,1485743;61,36363528
14411970;60,81;55,16976;61,3722
5669400;37,84;55,170912;61,318013
10064950;65,19;55,182297;61,234912
15794000;59,59;55,14799671;61,36368892
9676800;43,2;55,112625;61,250663
18454800;101,4;55,108254;61,249729
17513724;103,41;55,17349829;61,36949225
12049340;60,95;55,17128914;61,29316285
10703880;59,4;55,16011945;61,43196358
11729640;80,33;55,11131;61,248762
12827520;83,83;55,250895;61,24728
12251050;91,09;55,11098;61,35252
6245714;37,77;55,172805;61,365669
8770740;39,97;55,178617;61,359747
17928660;68,43;55,169879;61,371867
31172760;118,98;55,16989;61,3723
3869470;24,26;55,104096;61,350497
8051000;31,04;55,17128914;61,29316285
6638500;39,04;55,170912;61,318013
9078000;53,4;55,17319;61,289033
18100000;107,66;55,197718;61,185027
16807200;70,02;55,16976;61,3722
9922923;66,51;55,250793;61,403197
7979202;59,84;55,16907225;61,31212603
7626820;58,22;55,10547;61,34532
8890123;54,99;55,17336;61,36843
17100000;105,45;55,197718;61,185027
16505520;85,08;55,108256;61,249732
9078000;53,4;55,17230151;61,29111409
12170600;80,59;55,113143;61,274678
4168980;24,37;55,10903154;61,35920441
8118000;45,09;55,17230151;61,29111409
14980680;66,09;55,178617;61,359747
6351641;38,16;55,172979;61,367986
7962180;60,77;55,10542441;61,34532177
7124133;51,29;55,18757434;61,23137654
7169971;61,34;55,13106596;61,26330208
7203749;61,61;55,13106596;61,26330208
7851279;67,61;55,08973;61,23944
10352520;57,9;55,16002;61,43216
7872000;49,2;55,17282962;61,29152178
11771790;49,66;55,16989266;61,37174534
14775950;60,31;55,122712;61,37265
5403460;38,59;55,173447;61,321741
4047080;24,37;55,10907;61,35937
7679000;54,84;55,173447;61,321741
14443300;89,48;55,17205061;61,29205778
9654400;43,09;55,112625;61,250663
8534060;44,15;55,174775;61,393563
7919800;56,56;55,21355;61,30287
8417552;56,59;55,186757;61,226865
6528000;38,4;55,17319;61,289033
12406600;60,52;55,148498;61,363387
6985466;48,79;55,16382;61,43562
7892420;56,77;55,1726;61,47311
9048621;54,77;55,250793;61,403197
12806088;72,65;55,173308;61,369697
11899800;58,18;55,17179;61,29243
5006500;32,29;55,10907;61,35937
9008390;43,63;55,174775;61,393563
6126400;43,75;55,250895;61,24728
8354520;60,54;55,108254;61,249729
6096856;37,31;55,17336;61,36843
8683038;58,9;55,18748;61,2327
7423750;59,38;55,10542441;61,34532177
9352398;70,15;55,173447;61,321741
7110246;51,2;55,18748227;61,23197736
9982500;60,5;55,17319;61,289033
5121280;40;55,10542441;61,34532177
15149460;82,19;55,17928;61,34155
9068902;47,79;55,16011945;61,43196358
18661380;78,73;55,16989266;61,37174534
13078510;80,59;55,17128914;61,29316285
12733500;65,3;55,093061;61,238593
14855100;87,9;55,17994;61,341
23733600;102,3;55,114023;61,25137
9700000;58,91;55,11547808;61,45024218
7706300;55,04;55,173447;61,321741
9884362;41,2;55,16990478;61,29537389
5478000;33,2;55,17319;61,289033
10168200;72,62;55,21316;61,30282
7625030;66,3;55,125443;61,254763
10860000;65,43;55,197718;61,185027
7666976;36,43;55,171077;61,377832
7743360;40,33;55,11713;61,24662
8475860;44,15;55,174775;61,393563
6874868;47,59;55,173447;61,321741
17670400;70,4;55,166588;61,390938
12317600;71,19;55,17994;61,341
12427500;49,7;55,16989266;61,37174534
5204720;38,27;55,10547;61,34532
13074750;74,5;55,17994;61,341
10759770;56,93;55,10849233;61,25690017
18855720;79,55;55,16976;61,3722
4748000;26,62;55,186253;61,225379
13122860;78,59;55,157389;61,402709
4992240;37,81;55,10547;61,34532
8500237;57,65;55,18766;61,23199
6257549;27,2;55,169946;61,377931
5699200;38,29;55,170912;61,318013
7387595;51,15;55,173447;61,321741
8745000;53;55,17230151;61,29111409
21024360;83,43;55,16916799;61,37096213
11066092;71,16;55,172979;61,367986
7000000;40;55,17319;61,289033
3869470;24,26;55,10231;61,34543
4612000;42,5;55,12582;61,24988
5083000;39,09;55,17306391;61,31981861
5559400;35,88;55,113143;61,274678
3912000;24,45;55,213324;61,30255
16845713;106,5;55,157389;61,402709
8417552;56,59;55,186757;61,226865
5834880;40,52;55,213324;61,30255
5150485;30,1;55,170912;61,318013
5182990;40,97;55,12719;61,622804
32550880;124,23;55,16989;61,3723
6604500;38,84;55,173447;61,321741
14172850;60,31;55,14897983;61,36362455
6919000;40,7;55,17319;61,289033
8865300;61,13;55,250895;61,24728
13042700;83,5;55,186757;61,226865
13085600;59,47;55,14799671;61,36368892
9476400;44,7;55,115635;61,245187
7732250;62,5;55,18748227;61,23197736
23420000;85,11;55,157305;61,411689
23710400;102,19;55,113993;61,251376
16250280;85,08;55,108256;61,249732
15575100;80,69;55,097131;61,242249
3655790;32,24;55,13106596;61,26330208
7362880;48,43;55,113143;61,274678
7412000;43,59;55,17319;61,289033
9600000;70,84;55,173769;61,329517
10770020;59,9;55,16002;61,43216
4831840;38,15;55,173447;61,321741
6218150;41,27;55,18766;61,23199
4642036;30,7;55,173447;61,321741
17016219;103,41;55,17349829;61,36949225
8789000;51,7;55,17282962;61,29152178
6136302;37,9;55,172979;61,367986
8758880;42,11;55,169946;61,377931
8477340;61,43;55,108254;61,249729
13078384;78,3;55,16990478;61,29537389
4282500;37,61;55,12582;61,24988
6351647;37,79;55,172979;61,367986
8530500;51,7;55,17319;61,289033
10006840;64,8;55,182297;61,234912
9536106;48,79;55,173372;61,36710624
24170000;85,02;55,15713553;61,41171927
11058300;51,75;55,17102;61,29359
7650000;68,26;55,124681;61,249481
13290480;75,59;55,16011945;61,43196358
12275520;80,76;55,113143;61,274678
9633600;44,59;55,112625;61,250663
32213211;115,44;55,11193;61,325796
4168980;24,37;55,10903154;61,35920441
7660800;39,9;55,10908385;61,25782762
8513910;41,2;55,157389;61,402709
9480276;51,79;55,16990478;61,29537389
7531000;44,29;55,17230151;61,29111409
7889000;56,34;55,21355;61,30287
31310000;128,86;55,157305;61,411689
9555000;73,5;55,173447;61,321741
6349200;40,7;55,208243;61,188443
20874400;101,02;55,17469173;61,39388388
7008720;46,11;55,113143;61,274678
4278000;28,52;55,250895;61,24728
7985250;68,25;55,18672;61,23403
12460000;84,18;55,186378;61,226709
8417552;56,59;55,186757;61,226865
5115650;36,7;55,170912;61,318013
10607725;44,2;55,16990478;61,29537389
3912000;24,45;55,213324;61,30255
5729000;38,5;55,173447;61,321741
6314000;41;55,172661;61,473134
9172800;63;55,18748;61,2327
15517200;80,4;55,095997;61,242833
17692620;73,11;55,16976;61,3722
5899000;34,7;55,17282962;61,29152178
32553500;124,25;55,16989;61,3723
5312000;33,2;55,17282962;61,29152178
10497270;57,9;55,16011945;61,43196358
6071021;37,9;55,172979;61,367986
14016030;64,58;55,09343218;61,24079687
5372850;36,54;55,108254;61,249729
8500237;57,65;55,18766;61,23199
16884600;78,9;55,114982;61,244986
6937200;36,9;55,118179;61,253873
7187400;36,29;55,093617;61,240075
9991200;55,2;55,17994;61,341
9410054;66,51;55,250793;61,403197
7632060;58,25;55,10547;61,34532
5142720;38,95;55,10547;61,34532
11371200;47,38;55,1485743;61,36363528
7046280;33,29;55,16011945;61,43196358
7387595;51,15;55,173447;61,321741
3655790;32,24;55,13106596;61,26330208
6134425;37,59;55,17336;61,36843
19397070;83,97;55,169879;61,371867
5552000;34,7;55,17319;61,289033
7984240;46,41;55,169946;61,377931
6220935;54,81;55,172606;61,491112
7773540;59,34;55,214029;61,298371
5868000;40,75;55,21335569;61,30290753
3903850;23,95;55,111258;61,357638
14142660;66,9;55,170065;61,294848
10537500;70,25;55,170912;61,318013
8358064;56,2;55,18692;61,23104
8067211;46,7;55,250793;61,403197
4630547;38,15;55,16907225;61,31212603
4388400;24,37;55,10956;61,35981
5619810;38,22;55,108254;61,249729
7600575;66,09;55,125443;61,254763
16357000;59,47;55,122712;61,37265
8035740;58,22;55,108254;61,249729
5302500;30,29;55,17230151;61,29111409
6069169;37,59;55,172979;61,367986
17371466;106,3;55,16990478;61,29537389
19130000;122,93;55,197718;61,185027
6405736;38;55,172979;61,371274
6909000;36,75;55,116042;61,255014
12233970;64,73;55,10908385;61,25782762
5714300;38,15;55,170912;61,318013
9201250;43,29;55,160355;61,431929
12109500;62,09;55,093617;61,240075
12000780;62,7;55,180537;61,339986
27100000;104,66;55,11193;61,325796
5604682;35,65;55,18692;61,23104
14607230;89,55;55,171139;61,292474
7574000;54,09;55,213324;61,30255
9010080;62,56;55,17096;61,434045
5850000;49,2;55,12471;61,24962
5215000;29,79;55,17230151;61,29111409
6150000;38,86;55,17446777;61,41569903
10504559;56,4;55,169946;61,377931
16349300;89,55;55,17102;61,29359
6285802;38,18;55,172805;61,365669
15067010;93,19;55,171139;61,292474
6025500;40,16;55,11131;61,248762
9048160;39,77;55,178617;61,359747
14356800;59,81;55,16989266;61,37174534
9493900;70,84;55,173769;61,329517
8795580;62,38;55,170984;61,434093
12320000;86,16;55,197718;61,185027
8890123;54,99;55,172805;61,365669
15555800;80,59;55,094091;61,242321
5151000;30,29;55,17230151;61,29111409
5558490;36,33;55,10907;61,35937
9526320;76,05;55,173447;61,321741
7832650;56,34;55,213324;61,30255
4168980;24,37;55,111258;61,357638
9784390;44,29;55,178617;61,359747
16250280;85,08;55,108256;61,249732
9172800;63;55,18766;61,23199
14278400;85,09;55,17205061;61,29205778
9010000;53;55,17319;61,289033
4630547;38,15;55,16907225;61,31212603
5933000;34,9;55,17319;61,289033
6937200;36,9;55,118179;61,253873
4574543;30,2;55,173447;61,321741
5006500;32,29;55,10907;61,35937
7008720;46,11;55,113143;61,274678
8326480;41,93;55,174775;61,393563
10837750;56,29;55,180537;61,339986
5083000;29,89;55,17230151;61,29111409
12406600;60,52;55,148498;61,363387
4057500;32,18;55,12719;61,622804
6483330;43,02;55,186757;61,226865
10849260;74,3;55,11131;61,248762
8148000;67,9;55,17343849;61,31978642
5636150;54,16;55,08973;61,23944
21827220;83,3;55,169879;61,371867
8171405;73,55;55,173447;61,321741
10983900;53,58;55,122712;61,37265
4630547;38,15;55,173447;61,321741
9951900;47,38;55,122712;61,37265
12674500;78,5;55,169946;61,377931
8518139;61,31;55,250793;61,403197
7206040;38,33;55,116042;61,255014
6877500;39,29;55,17319;61,289033
20393100;73;55,16916799;61,37096213
27930000;108,48;55,15713553;61,41171927
6896500;53,04;55,173447;61,321741
9222500;57,38;55,182297;61,234912
9187200;46,4;55,17994;61,341
5834880;40,52;55,213324;61,30255
7773540;59,34;55,214029;61,298371
10490328;66,05;55,171077;61,377832
12233970;64,73;55,10908385;61,25782762
8795580;62,38;55,170984;61,434093
5445000;33;55,17319;61,289033
7780090;59,38;55,10542441;61,34532177
9443070;34,59;55,169879;61,371867
15120000;85,56;55,197718;61,185027
5774473;38,5;55,16907225;61,31212603
6239000;36,7;55,173447;61,321741
8343192;56,09;55,186743;61,232097
3655790;32,24;55,13106596;61,26330208
6285802;38,18;55,17336;61,36843
12703730;103,94;55,16907225;61,31212603
5669400;37,84;55,170912;61,318013
11265000;75,09;55,173781;61,329179
9224672;50,56;55,15142;61,30195
17016219;103,41;55,173308;61,369697
14952960;79,25;55,118179;61,253873
9360000;58,5;55,17319;61,289033
12038796;103,19;55,173447;61,321741
6031994;37,31;55,172805;61,365669
17028179;102,48;55,17349829;61,36949225
8035740;58,22;55,108254;61,249729
7460926;50,61;55,18748;61,2327
16883400;59,24;55,122712;61,37265
15794000;59,59;55,122712;61,37265
7124133;51,65;55,187887;61,231487
10513780;52,09;55,16002;61,43216
7863230;56,56;55,21335569;61,30290753
9744048;51,79;55,170065;61,294848
6285797;38,16;55,172979;61,367986
4886000;34,9;55,17306391;61,31981861
4490965;37;55,16907225;61,31212603
5000000;42,4;55,243988;61,253829
8387808;56,4;55,186757;61,226865
5609500;37,45;55,170912;61,318013
7544495;46,7;55,250793;61,403197
5758500;34,9;55,17319;61,289033
9397116;73,55;55,173447;61,321741
6096856;37,31;55,17336;61,36843
15497900;80,3;55,093617;61,240075
5493984;45,29;55,125443;61,254763
3992800;28,52;55,250895;61,24728
24260000;76,91;55,157305;61,411689
6502365;37,24;55,17336;61,36843
10052444;44,2;55,170065;61,294848
8860750;77,05;55,1737459;61,32446462
5182990;40,97;55,12719;61,622804
6126400;43,75;55,250895;61,24728
13806980;70,86;55,178617;61,359747
17016160;107,43;55,172805;61,365669
9394010;71,8;55,16382;61,43562
12126287;103,94;55,16907225;61,31212603
6974060;59,18;55,12719;61,622804
7728390;59,9;55,10547;61,34532
6797000;48,54;55,173447;61,321741
5215000;29,79;55,17319;61,289033
5332964;35,65;55,187887;61,231487
12185700;80,69;55,113143;61,274678
15594400;80,8;55,095343;61,241692
16814400;99,19;55,180537;61,339986
9439200;46;55,17908192;61,34101551
7937599;33,7;55,171745;61,377967
5203000;33,77;55,121033;61,242418
7744621;63;55,187887;61,231487
7679000;54,84;55,170912;61,318013
6554145;43,5;55,186757;61,226865
8792956;54,99;55,172979;61,367986
18903500;98,19;55,17928;61,34155
8118000;49,2;55,17319;61,289033
11455763;103,3;55,173447;61,321741
7515540;58,25;55,10547;61,34532
6028025;60,9;55,10314;61,247069
6554145;43,5;55,186757;61,226865
9850000;59,83;55,11611;61,45367
6245714;37,77;55,17336;61,36843
10012500;66,75;55,170912;61,318013
8417552;56,59;55,186757;61,226865
5577000;33,79;55,17319;61,289033
6948460;47,4;55,18748227;61,23197736
6191440;36,97;55,172805;61,365669
22298800;104,19;55,116768;61,249804
7851279;67,61;55,08973;61,23944
10752000;60;55,160355;61,431929
4584895;36,2;55,16907225;61,31212603
9233566;66,18;55,172979;61,367986
4731844;31,54;55,16907225;61,31212603
17559500;60,54;55,1485743;61,36363528
12438520;80,9;55,182297;61,234912
9744000;43,5;55,113993;61,251376
5408000;33,79;55,17282962;61,29152178
11593285;104,34;55,16907225;61,31212603
8714550;70,84;55,173769;61,329517
3530750;24,35;55,17306391;61,31981861
11773368;72,65;55,172805;61,365669
6550000;43,09;55,17454;61,41601
13165014;78,3;55,157389;61,402709
6405736;38;55,172805;61,365669
12909100;77,3;55,108254;61,249729
6340056;37,81;55,172805;61,365669
12770850;44,81;55,14897983;61,36362455
7194000;43,59;55,17319;61,289033
5948000;62;55,10314;61,247069
8712030;60,59;55,10995;61,351691
11292750;59,75;55,11713;61,24662
8908000;46,59;55,169946;61,377931
13080400;61,7;55,112625;61,250663
9555000;73,5;55,170912;61,318013
5454000;30,29;55,17319;61,289033
9172800;63;55,18748;61,2327
6913000;44,59;55,173769;61,329517
11265000;75,09;55,173769;61,329517
12323400;53,58;55,122712;61,37265
7679000;54,84;55,170912;61,318013
5297600;37,84;55,250895;61,24728
5594820;36,33;55,10887778;61,35977304
9892654;68,3;55,186757;61,226865
30670000;119,04;55,11145;61,32772
8714550;70,84;55,173769;61,329517
13970750;59,45;55,14799671;61,36368892
4213000;26,2;55,121033;61,242418
10180500;62,18;55,108254;61,249729
6287673;36,97;55,172805;61,365669
7919800;56,56;55,21355;61,30287
7661310;59,38;55,10542441;61,34532177
3434213;29,69;55,13106596;61,26330208
5117600;42,9;55,121705;61,247684
7832650;56,34;55,21298762;61,30193121
3434213;29,69;55,13106596;61,26330208
9352398;70,15;55,16907225;61,31212603
9215360;41,2;55,157389;61,402709
5669500;38,09;55,173447;61,321741
11670140;82,3;55,208243;61,188443
13618000;59,59;55,17179;61,29243
10706730;60,49;55,118179;61,253873
17335080;68,79;55,16916799;61,37096213
4482639;26,95;55,186743;61,232097
16423000;93,12;55,17179;61,29243
11099300;65,29;55,113143;61,274678
9913650;46,11;55,122712;61,37265
6990000;45,7;55,17446777;61,41569903
6103692;37,52;55,17299;61,37108
10081700;55,7;55,17994;61,341
12638080;64,48;55,171077;61,377832
12558000;104,65;55,173447;61,321741
5859354;35,24;55,18748;61,2327
13742960;68,55;55,178617;61,359747
6017000;43,7;55,121033;61,242418
11136650;47,38;55,14799671;61,36368892
16068460;61,33;55,16989;61,3723
9622860;50,7;55,16002;61,43216
12498000;104,15;55,173447;61,321741
16063220;61,31;55,169879;61,371867
9535281;66,18;55,172979;61,371274
18980246;107,3;55,170065;61,294848
12601890;72,3;55,16011945;61,43196358
14280900;78,9;55,116062;61,253549
7851279;67,61;55,08973;61,23944
14454904;78,3;55,157389;61,402709
8042640;58,27;55,108254;61,249729
5746000;33,79;55,17282962;61,29152178
5060500;34,9;55,17306391;61,31981861
8646400;38,59;55,113993;61,251376
5868000;40,75;55,213324;61,30255
9122490;44,06;55,14799671;61,36368892
5774473;38,5;55,16907225;61,31212603
12703730;103,94;55,16907225;61,31212603
10327562;63,65;55,17336;61,36843
4715900;35;55,12082;61,246166
5095490;36,7;55,170912;61,318013
9257160;70,12;55,2129;61,30134
35690000;103,75;55,15713553;61,41171927
47168000;164,53;55,11145;61,32772
7124133;51,29;55,18748227;61,23197736
5594820;36,33;55,111258;61,357638
4168980;24,37;55,10903154;61,35920441
8257500;55,04;55,173447;61,321741
5495050;42,9;55,120405;61,245889
6567051;37,24;55,172805;61,365669
8990000;52,25;55,11611;61,45367
6340056;37,81;55,172979;61,367986
11763150;46,13;55,148498;61,363387
9281837;66,51;55,250793;61,403197
16240900;96,09;55,16011945;61,43196358
10430000;67,08;55,197718;61,185027
5364000;29,79;55,17319;61,289033
11987800;57,59;55,17102;61,29359
12709200;60,52;55,148498;61,363387
12316500;53,54;55,122712;61,37265
5725500;34,7;55,17319;61,289033
7706300;55,04;55,16907225;61,31212603
5688000;31,6;55,17319;61,289033
6285800;37,79;55,17336;61,36843
13807200;52,29;55,166588;61,390938
15555800;80,59;55,097131;61,242249
7397000;56,9;55,173447;61,321741
9062580;34,59;55,16916799;61,37096213
3869470;24,26;55,10222425;61,34539511
5778300;42,9;55,120405;61,245889
4748000;26,62;55,186378;61,226709
17371466;106,3;55,170065;61,294848
9892654;68,3;55,186757;61,226865
4168980;24,37;55,111258;61,357638
14943240;80,33;55,10908385;61,25782762
10384499;55,5;55,169946;61,377931
10819928;97,44;55,16907225;61,31212603
8407630;42,7;55,16002;61,43216
4071460;24,37;55,10887778;61,35977304
13398000;94,19;55,173447;61,321741
6471446;37,81;55,172979;61,371274
8257500;55,04;55,173447;61,321741
4671533;28,79;55,173447;61,321741
7519900;54,09;55,213324;61,30255
11513900;62,45;55,17469173;61,39388388
8028000;44,59;55,173769;61,329517
32553500;124,25;55,16989;61,3723
3188914;29,69;55,08973;61,23944
17765550;94,4;55,178617;61,359747
18342705;107,31;55,173308;61,369697
11698500;70,9;55,17319;61,289033
9439200;62,04;55,113143;61,274678
4831840;38,15;55,173447;61,321741
10199000;72,84;55,173447;61,321741
10017120;81,44;55,10542441;61,34532177
6441911;37,59;55,17299;61,37108
6310920;40,97;55,17096;61,434045
9506000;41,95;55,171139;61,292474
7661310;59,38;55,10542441;61,34532177
9800000;65;55,1384635;61,45219134
11615940;61,45;55,11713;61,24662
5669500;38,09;55,170912;61,318013
6441142;42,75;55,18692;61,23104
3869470;24,26;55,104096;61,350497
13229628;83,3;55,171077;61,377832
11444674;103,19;55,16907225;61,31212603
7437500;42,5;55,108254;61,249729
5151000;30,29;55,17230151;61,29111409
5577000;33,79;55,17319;61,289033
14335200;79,19;55,115985;61,253505
6405732;37,81;55,17299;61,37108
10778000;53,88;55,14897983;61,36362455
17320400;81,69;55,115635;61,245187
8417552;56,59;55,186757;61,226865
12050000;84,9;55,13848;61,45237
7203749;61,61;55,13106596;61,26330208
10295920;58,4;55,16011945;61,43196358
7667000;45,09;55,17230151;61,29111409
12167580;51,34;55,16976;61,3722
13476200;78,4;55,16990478;61,29537389
7962180;60,77;55,10542441;61,34532177
5083000;39,09;55,17306391;61,31981861
9393600;61,79;55,113143;61,274678
11971500;69;55,180537;61,339986
4401000;24,45;55,213324;61,30255
10825200;55,79;55,160355;61,431929
11082000;60;55,16002;61,43216
4403000;25,42;55,186378;61,226709
12498000;104,15;55,170912;61,318013
8338619;54,61;55,17336;61,36843
5095490;36,59;55,170912;61,318013
4971170;39,25;55,16907225;61,31212603
5051640;38,27;55,10547;61,34532
9745290;79,23;55,10547;61,34532
8703676;59,04;55,186757;61,226865
9397116;73,55;55,173447;61,321741
7054689;50,61;55,187887;61,231487
8573032;70,15;55,16907225;61,31212603
8677500;48;55,172805;61,365669
14660820;61,86;55,16989266;61,37174534
6441911;37,59;55,17299;61,37108
5699200;38,29;55,173447;61,321741
9062580;34,59;55,16989;61,3723
4403000;25,42;55,186104;61,226133
12141100;63,4;55,17908192;61,34101551
5473000;42,09;55,17306391;61,31981861
6314000;41;55,1726;61,47311
7696000;59,2;55,170912;61,318013
6311098;37,59;55,17336;61,36843
12170600;80,59;55,113143;61,274678
4300000;37,88;55,12471;61,24962
6997060;32,2;55,160355;61,431929
5669500;38,09;55,173447;61,321741
7055014;60,08;55,08973;61,23944
5486240;40,34;55,10547;61,34532
10168200;72,62;55,21277904;61,30311138
5204720;38,27;55,10547;61,34532
11112000;60;55,160355;61,431929
4762049;31,75;55,16907225;61,31212603
6502365;37,24;55,172979;61,367986
7875450;38,7;55,16011945;61,43196358
7905000;46,5;55,173447;61,321741
6502365;37,24;55,17336;61,36843
11519700;53,58;55,122712;61,37265
6311098;37,59;55,17336;61,36843
5177025;36,33;55,104096;61,350497
5423000;35,65;55,121033;61,242418
10734020;55,59;55,17205061;61,29205778
4582413;39,79;55,113138;61,274687
9818200;70,12;55,21335569;61,30290753
3869470;24,26;55,104096;61,350497
5411991;45,29;55,125436;61,254759
8836806;46,02;55,173372;61,36710624
33294850;118,9;55,148498;61,363387
9210400;46,4;55,17992613;61,34096187
21142573;125,09;55,170065;61,294848
5900000;27,5;55,169946;61,377931
7832650;56,34;55,21335569;61,30290753
9794706;66,51;55,250793;61,403197
11750000;84,25;55,17446777;61,41569903
5590200;36,2;55,113143;61,274678
7654500;37,79;55,160355;61,431929
10032000;62,18;55,108254;61,249729
5678500;41;55,10231;61,34543
11615940;61,45;55,114982;61,244986
6483330;43,02;55,186757;61,226865
12155500;80,5;55,113143;61,274678
14345910;80,09;55,160355;61,431929
19558300;72,94;55,169879;61,371867
29830000;98,3;55,157305;61,411689
5232500;29,89;55,17319;61,289033
10590880;59,2;55,160355;61,431929
7212399;32,7;55,169946;61,377931
9257160;70,12;55,213324;61,30255
9431106;48,29;55,173372;61,36710624
4990897;38,5;55,173447;61,321741
9775900;71,4;55,11098;61,35252
11374220;65,8;55,17205061;61,29205778
10090000;59,58;55,197718;61,185027
10512000;73;55,208243;61,188443
9774050;64,48;55,17096;61,434045
5168000;30,39;55,170912;61,318013
8438001;76,05;55,173447;61,321741
6736798;42,43;55,25239182;61,38401031
8107650;38,7;55,160355;61,431929
5148500;42,9;55,12082;61,246166
9917950;46,13;55,14799671;61,36368892
3295280;24,22;55,214029;61,298371
14943240;80,33;55,10908385;61,25782762
15171000;95,59;55,171745;61,377967
15118800;87,9;55,17994;61,341
10721900;59,5;55,160355;61,431929
8482485;76,34;55,16907225;61,31212603
7203749;61,61;55,13106596;61,26330208
18025600;68,8;55,169879;61,371867
22940000;85,05;55,157305;61,411689
12947200;68;55,17908192;61,34101551
9827000;63,4;55,173769;61,329517
6250000;35;55,11612993;61,45367541
8889657;44,09;55,170065;61,294848
8789000;51,7;55,17319;61,289033
8860320;35,15;55,16916799;61,37096213
17285599;94,5;55,169946;61,377931
5669500;38,09;55,173447;61,321741
12709200;60,52;55,122712;61,37265
4401000;24,45;55,213324;61,30255
6351625;38,18;55,172805;61,365669
12412750;60,54;55,1485743;61,36363528
12117584;72,65;55,17349829;61,36949225
12448800;43,68;55,122712;61,37265
9979360;43,95;55,17469173;61,39388388
3482700;26,35;55,12082;61,246166
7752500;44,29;55,17319;61,289033
9172800;63;55,18748;61,2327
6351625;38,18;55,172805;61,365669
17371466;106,3;55,157389;61,402709
6136302;37,9;55,172979;61,367986
10168200;72,62;55,213324;61,30255
9443070;34,59;55,16989;61,3723
8991464;50,25;55,173372;61,36710624
14411970;60,81;55,16989266;61,37174534
5096000;42,79;55,121263;61,242779
7207200;36,4;55,093061;61,238593
12638080;64,48;55,171077;61,377832
6939080;36,9;55,118179;61,253873
9300000;56,84;55,17454;61,41601
5267500;30,1;55,17230151;61,29111409
3888610;24,37;55,10222425;61,34539511
7851279;67,61;55,08973;61,23944
10405212;93;55,125366;61,259021
14117400;76,3;55,17102;61,29359
17957800;70,69;55,166588;61,390938
10999340;57,79;55,17992613;61,34096187
32553500;124,25;55,16916799;61,37096213
7956000;68;55,18696663;61,23160185
9440704;64,83;55,186757;61,226865
10150000;59,75;55,11547808;61,45024218
10199000;72,84;55,173447;61,321741
10190000;74,8;55,16814;61,53102
12256640;70,4;55,160355;61,431929
19253520;79,55;55,16989266;61,37174534
8987000;65,36;55,17360031;61,32317977
12084450;47,38;55,148498;61,363387
10005600;45,47;55,1485743;61,36363528
23420000;85,12;55,157305;61,411689
5759424;38,4;55,173447;61,321741
11251800;53,58;55,122712;61,37265
10561280;59,2;55,16002;61,43216
7756800;40,4;55,10908385;61,25782762
5612020;40,52;55,10222425;61,34539511
8795580;62,38;55,17096;61,434045
16734800;78,19;55,106021;61,252925
6136305;37,52;55,17336;61,36843
7748580;58,25;55,10547;61,34532
7560000;43,2;55,108254;61,249729
6417457;37,79;55,17299;61,37108
3434213;29,69;55,13106596;61,26330208
13459896;79;55,16990478;61,29537389
6251125;60,79;55,103719;61,251798
6789700;67,19;55,103719;61,251798
7625030;66,3;55,113138;61,274687
9895200;65,05;55,113143;61,274678
7863230;56,56;55,21335569;61,30290753
6471438;38;55,17299;61,37108
7124133;51,29;55,18757434;61,23137654
9598540;80,66;55,10547;61,34532
9048000;46,4;55,17994;61,341
6706500;39,45;55,173447;61,321741
4047080;24,37;55,10907;61,35937
9408000;62,72;55,250895;61,24728
17028179;102,48;55,173308;61,369697
9913650;46,11;55,122712;61,37265
10511480;48,43;55,09343218;61,24079687
7213049;32,7;55,169946;61,377931
4591763;39,54;55,16907225;61,31212603
6311111;37,77;55,172805;61,365669
10112000;63,2;55,173781;61,329179
12404550;60,5;55,1485743;61,36363528
17513724;103,41;55,17349829;61,36949225
4945869;39,04;55,16907225;61,31212603
14353300;79,3;55,117128;61,252858
14526150;85,69;55,17994;61,341
9907097;51,13;55,15142;61,30195
5312000;33,2;55,17319;61,289033
5712100;40,9;55,16382;61,43562
6702500;38,29;55,17230151;61,29111409
13623750;60,54;55,14799671;61,36368892
4388400;24,37;55,10956;61,35981
5530000;31,6;55,17319;61,289033
8703676;59,04;55,186757;61,226865
6896500;53,04;55,170912;61,318013
14943240;80,33;55,10908385;61,25782762
14860100;82,09;55,115985;61,253505
6682766;37,81;55,17336;61,36843
5642340;42,9;55,120405;61,245889
6441906;37,77;55,17299;61,37108
18945648;107,3;55,157389;61,402709
17053376;85,09;55,16990478;61,29537389
7319000;56,29;55,170912;61,318013
11420000;72,29;55,197718;61,185027
11574030;65,38;55,118179;61,253873
9391600;44,29;55,112625;61,250663
4256000;35,4;55,127295;61,260969
15994800;59,24;55,122712;61,37265
8736109;59,25;55,186757;61,226865
9528480;81,44;55,10542441;61,34532177
4177880;24,29;55,10854;61,35956
11311580;60,2;55,16011945;61,43196358
9997900;64;55,182297;61,234912
25350000;98,3;55,15713553;61,41171927
7752500;44,29;55,17319;61,289033
9962569;61,5;55,172805;61,365669
11344000;70,9;55,17230151;61,29111409
21530000;76,3;55,11193;61,325796
6495400;46,5;55,170912;61,318013
4584895;36,2;55,173447;61,321741
7979400;68,3;55,187887;61,231487
7776646;45,41;55,250793;61,403197
12954904;81,58;55,169946;61,377931
9930000;70,73;55,13848;61,45237
10006840;64,8;55,182297;61,234912
12490450;98,34;55,250895;61,24728
17841600;82,59;55,112625;61,250663
11550000;82,81;55,13564955;61,42441978
7110246;51,65;55,187887;61,231487
10537500;70,25;55,170912;61,318013
12733500;65,3;55,095827;61,244693
6134425;37,59;55,172979;61,367986
17327070;73,11;55,16976;61,3722
6865407;63,49;55,12582;61,24988
20319390;72,73;55,16989;61,3723
3912000;24,45;55,213324;61,30255
9852500;56,29;55,17230151;61,29111409
6136305;37,52;55,172805;61,365669
15997800;58,59;55,169879;61,371867
14211330;80,29;55,116042;61,255014
5439000;38,84;55,170912;61,318013
12260500;79,09;55,17282962;61,29152178
5600000;45,59;55,124681;61,249481
18945648;107,3;55,170065;61,294848
19044750;113,69;55,16002;61,43216
4168980;24,37;55,10903154;61,35920441
10017120;81,44;55,10542441;61,34532177
9580700;61,83;55,182297;61,234912
10965960;66,05;55,171077;61,377832
6894000;38,29;55,17319;61,289033
6682766;37,81;55,172805;61,365669
10432800;48,29;55,115635;61,245187
5957285;40,9;55,16382;61,43562
7752500;44,29;55,17319;61,289033
5616097;58,29;55,127295;61,260969
12038796;103,19;55,173447;61,321741
4634000;33,09;55,16907225;61,31212603
7559697;51,27;55,18692;61,23104
5066000;29,79;55,17319;61,289033
9289500;56,29;55,17319;61,289033
21766960;81,37;55,16989;61,3723
13476200;78,4;55,157389;61,402709
11458200;44,06;55,122712;61,37265
17041998;106,3;55,157389;61,402709
10931760;56,7;55,17994;61,341
5669400;37,84;55,173447;61,321741
33876700;128,55;55,11205672;61,32504179
10721040;52,4;55,180537;61,339986
3655790;32,24;55,13106596;61,26330208
5609500;37,45;55,170912;61,318013
5382000;29,89;55,17230151;61,29111409
7709000;59,29;55,170912;61,318013
21892720;81,86;55,16989;61,3723
3655790;32,24;55,13106596;61,26330208
3655790;32,24;55,13106596;61,26330208
9078000;53,4;55,17230151;61,29111409
20393100;73;55,16989;61,3723
5563030;42,9;55,120405;61,245889
13343000;90,77;55,18722;61,22869
5767730;35,24;55,18748;61,2327
5382960;40,77;55,10542441;61,34532177
7679000;54,84;55,173447;61,321741
13459896;79;55,170065;61,294848
10061950;92,09;55,17909;61,319795
6340056;37,81;55,17336;61,36843
9528480;81,44;55,10542441;61,34532177
18639000;99,8;55,171745;61,377967
17371466;106,3;55,16990478;61,29537389
4388400;24,37;55,10959739;61,35974085
4709529;31,39;55,16907225;61,31212603
5219840;40,77;55,10542441;61,34532177
5600000;45,5;55,110813;61,258703
7919800;56,56;55,213324;61,30255
7221850;69,69;55,103719;61,251798
6939080;36,9;55,118179;61,253873
8951948;60,9;55,16382;61,43562
6483267;37,79;55,17299;61,37108
9257160;70,12;55,213324;61,30255
12500730;67,09;55,17928;61,34155
8695500;52,7;55,17319;61,289033
10590000;64,33;55,197718;61,185027
18908000;81,5;55,113993;61,251376
4379562;28,79;55,170912;61,318013
7905000;46,5;55,170912;61,318013
5454000;30,29;55,17230151;61,29111409
6071021;37,9;55,17336;61,36843
9698400;44,9;55,112625;61,250663
4315500;28,77;55,250895;61,24728
5669500;38,09;55,170912;61,318013
17053376;85,09;55,170065;61,294848
5188278;45,06;55,13106596;61,26330208
4403000;25,27;55,186378;61,226709
13735200;68,44;55,174775;61,393563
3912000;24,45;55,213324;61,30255
18208800;84,3;55,166588;61,390938
6877500;39,29;55,17230151;61,29111409
7722000;59,4;55,170912;61,318013
33890000;127,01;55,11145;61,32772
13051500;79,09;55,17319;61,289033
13180440;91,19;55,11098;61,35252
10299344;61,15;55,169946;61,377931
7706300;55,04;55,16907225;61,31212603
8002900;38,2;55,17992613;61,34096187
4762049;31,75;55,173447;61,321741
8701870;40,27;55,174775;61,393563
10012500;66,75;55,170912;61,318013
9536106;48,79;55,173372;61,36710624
12879360;99,83;55,250895;61,24728
6754840;35,93;55,118179;61,253873
21024360;83,43;55,169879;61,371867
13331663;74,75;55,15142;61,30195
5935500;39,56;55,173447;61,321741
8900000;53,49;55,17454;61,41601
6103662;37,9;55,17299;61,37108
13051500;79,09;55,17282962;61,29152178
5493984;45,29;55,113138;61,274687
9222006;50,25;55,173372;61,36710624
17285600;95,19;55,171745;61,377967
5188278;45,06;55,13106596;61,26330208
12715450;67,09;55,180537;61,339986
11698500;70,9;55,17230151;61,29111409
10010000;67,01;55,18722;61,22869
26764500;108,62;55,11193;61,325796
9971000;106,3;55,10314;61,247069
3271048;29,38;55,08973;61,23944
10950330;62,54;55,171139;61,292474
7835120;52,93;55,11131;61,248762
3855180;28,77;55,250895;61,24728
9061942;44,2;55,170065;61,294848
12424280;51,34;55,16976;61,3722
13838400;74,4;55,10849233;61,25690017
19253520;79,55;55,16989266;61,37174534
3869470;24,26;55,104096;61,350497
8420570;40,27;55,17469173;61,39388388
10759770;56,93;55,10849233;61,25690017
13172500;79,3;55,18606474;61,2272569
9695400;44,06;55,148498;61,363387
27560000;106,05;55,11193;61,325796
5835505;47,75;55,173447;61,321741
12140400;80,4;55,113143;61,274678
17289800;93,3;55,17102;61,29359
9407249;48,2;55,171745;61,377967
5835528;47,75;55,16907225;61,31212603
6471446;37,81;55,172805;61,365669
8886649;54,77;55,250793;61,403197
8713536;60,9;55,16382;61,43562
9703201;79,8;55,08973;61,23944
14753700;87;55,17205061;61,29205778
10250000;59,75;55,11547808;61,45024218
9469200;62,29;55,11098;61,35252
4168980;24,37;55,111258;61,357638
7889000;56,34;55,213324;61,30255
7525000;60,2;55,17306391;61,31981861
11292750;59,75;55,11713;61,24662
7800960;40,63;55,10849233;61,25690017
10050000;59,75;55,11547808;61,45024218
11729640;80,33;55,11131;61,248762
4168980;24,37;55,10903154;61,35920441
23680000;85,02;55,15713553;61,41171927
6623893;37,52;55,17336;61,36843
17712000;82;55,115635;61,245187
10012500;66,75;55,170912;61,318013
5840640;40,56;55,213324;61,30255
7668750;61,34;55,17343849;61,31978642
4176900;24,56;55,173447;61,321741
33910000;102,84;55,15713553;61,41171927
3890016;26,95;55,18672;61,23403
7892500;45,09;55,17319;61,289033
8443989;41,2;55,157389;61,402709
4168980;24,37;55,10907;61,35937
4777700;35;55,121705;61,247684
7628100;54,09;55,21316;61,30282
14103000;78,4;55,170065;61,294848
5669500;38,09;55,170912;61,318013
3820800;23,87;55,10887778;61,35977304
13170832;88,2;55,250793;61,403197
9865533;49,86;55,15142;61,30195
3048890;24,45;55,12719;61,622804
10073640;79,31;55,250895;61,24728
6280500;61,5;55,103719;61,251798
10168200;72,62;55,21316;61,30282
7719060;60,77;55,10542441;61,34532177
9624120;72,91;55,213324;61,30255
3912720;28,77;55,250895;61,24728
6726640;35,77;55,118179;61,253873
6567051;37,24;55,17336;61,36843
7832650;56,34;55,213324;61,30255
11124900;78,9;55,108254;61,249729
5472000;34,2;55,17282962;61,29152178
10872000;45,29;55,122712;61,37265
16956000;78,5;55,115635;61,245187
5609500;37,45;55,173447;61,321741
5083000;39,09;55,17306391;61,31981861
5302500;30,29;55,17319;61,289033
7616000;44,79;55,17319;61,289033
14986800;82,8;55,116062;61,253549
5364000;29,79;55,17319;61,289033
9313920;48,5;55,11713;61,24662
17605500;106,69;55,17019956;61,29454777
11578140;61,25;55,10908385;61,25782762
8513910;41,2;55,170065;61,294848
7840000;44,79;55,17230151;61,29111409
7056000;39,2;55,17230151;61,29111409
10192500;45,29;55,14799671;61,36368892
5375523;38,4;55,173447;61,321741
8770140;61,2;55,10995;61,351691
20119000;118;55,16002;61,43216
12468320;81,09;55,182297;61,234912
11832623;80,94;55,172805;61,365669
4641000;33,15;55,173447;61,321741
5824500;35,29;55,17319;61,289033
9481750;41,45;55,171139;61,292474
4883725;32,45;55,10222425;61,34539511
14943240;80,33;55,10908385;61,25782762
12448800;43,68;55,14897983;61,36362455
9887360;44,2;55,16990478;61,29537389
4168980;24,37;55,10903154;61,35920441
6680747;37,36;55,172805;61,365669
10698200;71,8;55,16382;61,43562
5060500;34,9;55,17306391;61,31981861
7709000;59,29;55,170912;61,318013
12879200;68;55,17928;61,34155
14386900;59,45;55,14799671;61,36368892
12427500;49,7;55,16989266;61,37174534
5201250;36,5;55,10222425;61,34539511
6720000;38,4;55,17319;61,289033
8121450;56;55,17096;61,434045
18359870;106,3;55,170065;61,294848
11263006;97,12;55,13106596;61,26330208
4168980;24,37;55,111258;61,357638
5850000;49,2;55,12471;61,24962
5346000;33,59;55,121033;61,242418
7472500;42,7;55,108254;61,249729
5176160;38,06;55,10542441;61,34532177
9123936;54,77;55,250793;61,403197
12136770;51,2;55,16989266;61,37174534
29070000;94,84;55,157305;61,411689
9936000;62,09;55,170912;61,318013
8828970;60,9;55,10941;61,35114
12155500;80,5;55,113143;61,274678
13051500;79,09;55,17282962;61,29152178
6720000;38,4;55,17230151;61,29111409
3647700;32,18;55,08973;61,23944
11902800;61,04;55,14897983;61,36362455
6664000;39,2;55,17319;61,289033
7471296;69,76;55,13106596;61,26330208
6172110;27,64;55,171139;61,292474
10872000;45,29;55,14799671;61,36368892
10981750;70,84;55,173769;61,329517
8369961;56,27;55,186743;61,232097
9750832;66,97;55,186757;61,226865
12501100;81,3;55,182297;61,234912
9878400;47,04;55,14897983;61,36362455
5095490;36,59;55,173447;61,321741
17028151;103,48;55,172805;61,365669
3138890;27,45;55,12719;61,622804
6567051;37,24;55,172979;61,367986
17435212;106,69;55,170065;61,294848
8024000;48,38;55,18717966;61,22635491
9090900;68,15;55,18742594;61,2285301
5215000;29,79;55,17230151;61,29111409
14732180;81,8;55,160355;61,431929
8573032;70,15;55,16907225;61,31212603
9564800;42,7;55,114023;61,25137
7327000;43,09;55,17230151;61,29111409
6136305;37,52;55,172979;61,367986
6405736;38;55,17299;61,37108
4612000;42,5;55,12582;61,24988
12167580;51,34;55,16989266;61,37174534
5868000;40,75;55,213324;61,30255
7840000;44,79;55,17319;61,289033
21054600;81,84;55,16916799;61,37096213
10778000;53,88;55,122712;61,37265
4168980;24,37;55,10903154;61,35920441
13348124;81,58;55,171077;61,377832
10804223;71,16;55,172979;61,371274
8792956;54,99;55,172805;61,365669
10006840;64,8;55,182297;61,234912
4857583;41,95;55,08973;61,23944
10799970;59,9;55,16011945;61,43196358
7110246;51,2;55,18748227;61,23197736
8860320;35,15;55,16989;61,3723
10625914;74,66;55,25239182;61,38401031
5158800;42,9;55,12082;61,246166
4342447;26,95;55,186757;61,226865
8900016;48;55,17349829;61,36949225
7008720;46,11;55,113143;61,274678
4870600;37,68;55,121263;61,242779
9770320;47,79;55,180537;61,339986
6351625;38,18;55,172979;61,367986
9598540;80,66;55,10547;61,34532
4168980;24,37;55,10907;61,35937
7571289;65,59;55,18672;61,23403
9555000;73,5;55,173447;61,321741
6313159;51,65;55,16907225;61,31212603
9112000;53,59;55,17319;61,289033
9789300;70,61;55,17336;61,36843
33783750;123,75;55,16989;61,3723
4168980;24,37;55,10907;61,35937
5586030;36,5;55,111258;61,357638
4808600;35,24;55,121705;61,247684
12140400;80,4;55,113143;61,274678
16913600;99,19;55,17992613;61,34096187
26070000;110;55,166588;61,390938
7488936;50,79;55,18766;61,23199
17491824;93,23;55,169946;61,377931
12507000;45,47;55,1485743;61,36363528
6974060;59,18;55,12719;61,622804
7628100;54,09;55,21316;61,30282
13348124;81,58;55,169946;61,377931
11773368;72,65;55,17349829;61,36949225
12102000;60,5;55,1485743;61,36363528
3217200;26,8;55,172606;61,491112
8715000;41,5;55,17994;61,341
14035376;78,3;55,157389;61,402709
5201300;40;55,10542441;61,34532177
5868000;40,75;55,21298762;61,30193121
4919508;30,39;55,173447;61,321741
15927400;93,97;55,174775;61,393563
5143520;37,81;55,10547;61,34532
7499970;66,09;55,126452;61,255131
7140280;36,43;55,171077;61,377832
19339200;81,59;55,166588;61,390938
4831840;38,15;55,173447;61,321741
3180000;30,1;55,12582;61,24988
7639125;82,5;55,103719;61,251798
6471438;38;55,172805;61,365669
6136302;37,9;55,172979;61,367986
12038796;103,19;55,16907225;61,31212603
5115650;36,7;55,173447;61,321741
5840640;40,56;55,21316;61,30282
31584000;113,01;55,11145;61,32772
8887860;61,2;55,10995;61,351691
7000000;60,91;55,243988;61,253829
11058960;62,47;55,118179;61,253873
9714950;47,38;55,148498;61,363387
5117000;30,1;55,17319;61,289033
12690000;108,12;55,16814;61,53102
12999700;53,06;55,122712;61,37265
8358064;56,2;55,18692;61,23104
6311098;37,59;55,172805;61,365669
9528480;81,44;55,10542441;61,34532177
10186700;47,38;55,1485743;61,36363528
4894620;42,9;55,121705;61,247684
15536500;80,5;55,093679;61,243624
4929507;28,6;55,170912;61,318013
12406600;60,52;55,14799671;61,36368892
13394150;78,09;55,17992613;61,34096187
7213049;32,79;55,171745;61,377967
9408800;62,04;55,113143;61,274678
5800000;32,02;55,173769;61,329517
7406920;32,04;55,171139;61,292474
7758000;43,09;55,17230151;61,29111409
7608570;59,9;55,10547;61,34532
5045500;42,9;55,12082;61,246166
8648100;64,83;55,186378;61,226709
7919800;56,56;55,2129;61,30134
5729000;38,5;55,170912;61,318013
6880000;37,5;55,197718;61,185027
10384499;55,29;55,169946;61,377931
21054600;81,84;55,16989;61,3723
13948600;68,44;55,17469173;61,39388388
5758500;34,9;55,17319;61,289033
5177025;36,33;55,10231;61,34543
8281716;61,31;55,250793;61,403197
6314000;41;55,172661;61,473134
12155500;80,5;55,113143;61,274678
11396700;60,29;55,10908385;61,25782762
6840000;63,25;55,12582;61,24988
31892161;112,98;55,11205672;61,32504179
11226600;63;55,160355;61,431929
9955999;46,4;55,169946;61,377931
7832650;56,34;55,2129;61,30134
10227432;97,44;55,16907225;61,31212603
6441906;37,77;55,17299;61,37108
6511000;38,29;55,17230151;61,29111409
5644000;33,2;55,17319;61,289033
10631140;65,94;55,171077;61,377832
7679000;54,84;55,170912;61,318013
7800960;40,63;55,10849233;61,25690017
6511000;38,29;55,17319;61,289033
7840000;44,79;55,17230151;61,29111409
5311110;36,13;55,108254;61,249729
16068460;61,33;55,169879;61,371867
29830000;98,29;55,157305;61,411689
7216457;48,79;55,16382;61,43562
15080880;81,08;55,10849233;61,25690017
8220660;59,56;55,108254;61,249729
7781800;32,79;55,171745;61,377967
5493984;45,29;55,125443;61,254763
12746000;87,47;55,18692798;61,22776039
8405580;60,9;55,108254;61,249729
7028099;32,7;55,169946;61,377931
9156800;47,2;55,17994;61,341
7659512;59,95;55,173447;61,321741
11612960;80,19;55,208243;61,188443
7863230;56,56;55,21355;61,30287
7520240;51,65;55,18748;61,2327
6682000;51,4;55,17343849;61,31978642
6495400;46,5;55,173447;61,321741
12117584;72,65;55,173308;61,369697
5006500;32,29;55,10907;61,35937
6275484;51,34;55,173447;61,321741
4401000;24,45;55,213324;61,30255
7889000;56,34;55,21355;61,30287
4342447;26,95;55,186757;61,226865
6280600;40,52;55,21277904;61,30311138
16085510;91,75;55,171139;61,292474
9961952;62,29;55,158549;61,468086
11964700;57,86;55,17102;61,29359
12269070;50,49;55,16976;61,3722
7590000;46,4;55,197718;61,185027
6049500;40,33;55,11131;61,248762
9352398;70,15;55,16907225;61,31212603
8683038;58,9;55,18748;61,2327
6990000;45,7;55,17446777;61,41569903
15519000;73,8;55,170575;61,271488
8611250;41,5;55,180537;61,339986
5814000;34,2;55,17282962;61,29152178
5586030;36,5;55,111258;61,357638
4864160;32,31;55,10222425;61,34539511
15788700;95,4;55,180537;61,339986
5403460;38,59;55,16907225;61,31212603
5472000;34,2;55,17282962;61,29152178
4256015;35,29;55,125922;61,253945
4168980;24,37;55,10907;61,35937
29270000;98,3;55,15713553;61,41171927
6274332;38;55,172805;61,365669
11578140;61,25;55,11713;61,24662
5868000;40,75;55,213324;61,30255
9106250;56,4;55,182297;61,234912
5478000;33,2;55,17282962;61,29152178
5500000;49,2;55,124681;61,249481
9912448;68,08;55,186743;61,232097
12317600;71,19;55,17994;61,341
3655790;32,24;55,13106596;61,26330208
4148000;22,7;55,186378;61,226709
9703201;79,8;55,08973;61,23944
14411970;60,81;55,16976;61,3722
11168000;69,8;55,17319;61,289033
6134425;37,59;55,172805;61,365669
5312000;33,2;55,17282962;61,29152178
9211400;42,34;55,17102;61,29359
10846710;56,7;55,17992613;61,34096187
12954904;81,58;55,171077;61,377832
5971284;37,59;55,172979;61,367986
9383000;67,01;55,18717966;61,22635491
14482100;93,12;55,171139;61,292474
3655790;32,24;55,13106596;61,26330208
5801896;49,43;55,08973;61,23944
9440704;64,83;55,186757;61,226865
6311098;37,59;55,172805;61,365669
17715600;93,23;55,169946;61,377931
7696000;59,2;55,173447;61,321741
7706300;55,04;55,173447;61,321741
8220660;59,56;55,108254;61,249729
6340056;37,81;55,172979;61,367986
9322500;38,43;55,17179;61,29243
13459896;79;55,16990478;61,29537389
8032530;60,25;55,16907225;61,31212603
6638500;39,04;55,170912;61,318013
5083000;39,09;55,17306391;61,31981861
6285797;38,16;55,172979;61,367986
13586280;79;55,157389;61,402709
4778000;26,45;55,186253;61,225379
8121960;35,15;55,169879;61,371867
14304000;59,59;55,122712;61,37265
6600000;37,34;55,11611;61,45367
11527500;46,11;55,1485743;61,36363528
5232500;29,89;55,17319;61,289033
9945000;58,5;55,17282962;61,29152178
7364500;30,79;55,17102;61,29359
13079000;59,45;55,122712;61,37265
7919800;56,56;55,213324;61,30255
9555000;73,5;55,170912;61,318013
54204000;180,69;55,17019956;61,29454777
15575100;80,69;55,09659;61,243812
7743360;40,33;55,114982;61,244986
3890016;26,95;55,18672;61,23403
4057500;32,18;55,12719;61,622804
8365800;38,2;55,17994;61,341
11196500;45,7;55,122712;61,37265
13412000;96,5;55,173447;61,321741
3702600;24,2;55,113143;61,274678
9856396;62,95;55,172805;61,365669
5188278;45,06;55,13106596;61,26330208
11396700;60,29;55,10908385;61,25782762
7722000;59,4;55,170912;61,318013
3912000;24,45;55,213324;61,30255
6134425;37,59;55,172979;61,367986
4709529;31,39;55,16907225;61,31212603
7766280;50,75;55,17096;61,434045
11729640;80,33;55,11131;61,248762
4269301;35,5;55,125922;61,253945
13119750;53,54;55,122712;61,37265
17327070;73,11;55,16976;61,3722
3992800;28,52;55,250895;61,24728
10852430;52,09;55,160355;61,431929
5590200;36,2;55,113143;61,274678
4582413;39,79;55,127295;61,260969
17491824;93,23;55,171077;61,377832
17371466;106,3;55,170065;61,294848
6600000;41,88;55,17446777;61,41569903
6380414;37,59;55,172805;61,365669
14732180;81,8;55,16011945;61,43196358
9976450;44,29;55,178617;61,359747
16063220;61,31;55,16989;61,3723
5767730;35,24;55,18748;61,2327
5204720;38,27;55,10547;61,34532
17526130;102,48;55,172805;61,365669
33270900;134,69;55,166588;61,390938
7773540;59,34;55,214029;61,298371
14364080;81,8;55,16002;61,43216
17500868;110,59;55,170065;61,294848
4587783;26,95;55,186757;61,226865
5584000;34,9;55,17282962;61,29152178
9211920;35,15;55,169879;61,371867
14103000;78,4;55,16990478;61,29537389
11513250;53,54;55,1485743;61,36363528
11037579;56,83;55,173372;61,36710624
11298420;59,77;55,10908385;61,25782762
12090000;62;55,093061;61,238593
5215000;29,79;55,17230151;61,29111409
5530000;31,6;55,17319;61,289033
10981750;70,84;55,173769;61,329517
5439000;38,84;55,173447;61,321741
8112000;67,59;55,17343849;61,31978642
9968220;70,09;55,208243;61,188443
15575100;80,69;55,097131;61,242249
10800000;71,66;55,115574;61,450108
9962569;61,5;55,17336;61,36843
9982500;60,5;55,17282962;61,29152178
8481000;51,4;55,17282962;61,29152178
6821280;67,4;55,103719;61,251798
14269610;59,2;55,16916799;61,37096213
5774473;38,5;55,173447;61,321741
4022700;24,37;55,10887778;61,35977304
4269346;35,4;55,125922;61,253945
19744200;78,34;55,16916799;61,37096213
11136650;47,38;55,122712;61,37265
12934999;78,59;55,171745;61,377967
6700000;37,34;55,11612993;61,45367541
8387808;56,4;55,186757;61,226865
5495050;42,9;55,120405;61,245889
3903850;23,95;55,10854;61,35956
5859354;35,24;55,18748;61,2327
5767730;35,24;55,18766;61,23199
11464290;64,76;55,118179;61,253873
6441906;37,77;55,172805;61,365669
5280000;33;55,17282962;61,29152178
9568000;73,59;55,170912;61,318013
11478600;63;55,160355;61,431929
6110000;48,47;55,12719;61,622804
6874868;47,59;55,16907225;61,31212603
8800000;51,91;55,11611;61,45367
10804223;71,16;55,172805;61,365669
6727500;51,75;55,17343849;61,31978642
10605280;77,98;55,10854;61,35956
8660925;58,75;55,18748;61,2327
9374000;70,84;55,173781;61,329179
14411970;60,81;55,16976;61,3722
4641000;33,15;55,173447;61,321741
22770000;74,16;55,157305;61,411689
9949800;47,38;55,122712;61,37265
4435180;45,4;55,10314;61,247069
6998038;59,95;55,16907225;61,31212603
5412000;35,91;55,121033;61,242418
15517200;80,4;55,09489;61,243489
10640000;64,15;55,185955;61,226888
7200000;40;55,17230151;61,29111409
8703676;59,04;55,186757;61,226865
6511000;38,29;55,17319;61,289033
5861017;35,25;55,18766;61,23199
12564860;81,58;55,169946;61,377931
13210139;69,29;55,15142;61,30195
5971280;37,77;55,172979;61,367986
5439000;38,84;55,173447;61,321741
8789850;45,9;55,17992613;61,34096187
9838250;72;55,110934;61,352464
10168200;72,62;55,21316;61,30282
8997950;70,84;55,173781;61,329179
18521885;103,48;55,173308;61,369697
6997060;32,2;55,16011945;61,43196358
9172800;63;55,18748;61,2327
29050000;94,83;55,157305;61,411689
5859354;35,24;55,18766;61,23199
15997800;58,59;55,169879;61,371867
8747200;35,79;55,17102;61,29359
8872776;61,31;55,250793;61,403197
13751690;77,34;55,17205061;61,29205778
5210160;38,31;55,10547;61,34532
33783750;123,75;55,169879;61,371867
6871400;36,54;55,116042;61,255014
8124720;35,33;55,17205061;61,29205778
12703730;103,94;55,16907225;61,31212603
9213120;41,2;55,170065;61,294848
8778000;53,2;55,17319;61,289033
3912000;24,45;55,213324;61,30255
4731844;31,54;55,16907225;61,31212603
4990897;38,5;55,16907225;61,31212603
6250000;35;55,11612993;61,45367541
6974060;59,18;55,12719;61,622804
9991000;66,88;55,186378;61,226709
9089934,8;47,79;55,16002;61,43216
8118000;45,09;55,17319;61,289033
21330000;76,3;55,11193;61,325796
5605600;36,18;55,113143;61,274678
6311098;37,59;55,17336;61,36843
4151000;29,64;55,250895;61,24728
10148600;46,13;55,14799671;61,36368892
5758500;34,9;55,17282962;61,29152178
10716000;53,58;55,148498;61,363387
3912000;24,45;55,213324;61,30255
10846710;56,7;55,180537;61,339986
5609500;37,45;55,173447;61,321741
9488800;46,4;55,180537;61,339986
4269346;35,4;55,127295;61,260969
12781620;83,54;55,250895;61,24728
12806088;72,65;55,172805;61,365669
12392820;51,2;55,16989266;61,37174534
5174000;39,79;55,17343849;61,31978642
11134300;47,38;55,1485743;61,36363528
6274343;37,81;55,172979;61,367986
32553500;124,25;55,16916799;61,37096213
5558490;36,33;55,111258;61,357638
8438001;76,05;55,16907225;61,31212603
6126440;61,79;55,103719;61,251798
7422000;61,84;55,17343849;61,31978642
15997800;58,59;55,16916799;61,37096213
6274332;38;55,172805;61,365669
11874075;93,12;55,173447;61,321741
12185700;80,69;55,113143;61,274678
6311098;37,59;55,17336;61,36843
9745290;79,23;55,10547;61,34532
22770000;74,16;55,15713553;61,41171927
6011621;38,65;55,173447;61,321741
12136770;51,2;55,16989266;61,37174534
12170600;80,59;55,113143;61,274678
10528395;74,66;55,25239182;61,38401031
6680000;37;55,197718;61,185027
14066190;79,47;55,116042;61,255014
5932875;37,5;55,172805;61,365669
5801896;49,43;55,08973;61,23944
6896500;53,04;55,173447;61,321741
7840620;60,77;55,10542441;61,34532177
13331250;59,25;55,122712;61,37265
15231660;82,19;55,17908192;61,34101551
13055008;88,2;55,250793;61,403197
9712900;47,38;55,122712;61,37265
7889000;56,34;55,21355;61,30287
5840640;40,56;55,21316;61,30282
21099840;85,08;55,113998;61,27928
7889000;56,34;55,213324;61,30255
7953746;67,65;55,13106596;61,26330208
6275468;51,34;55,173447;61,321741
10002270;56,5;55,116042;61,255014
8397760;86,5;55,103719;61,251798
13350840;78,4;55,16990478;61,29537389
11812120;59,95;55,14897983;61,36362455
23525170;102,73;55,114;61,24535
10250000;72,33;55,13848;61,45237
6238750;54,25;55,173447;61,321741
4762049;31,75;55,16907225;61,31212603
10005350;64,8;55,182297;61,234912
14606040;82,51;55,118179;61,253873
12200800;80,56;55,113143;61,274678
14032200;107,94;55,250895;61,24728
4582413;39,79;55,113138;61,274687
8350000;47,68;55,11612993;61,45367541
10769400;55,79;55,16063;61,43206
8035740;58,22;55,108254;61,249729
3188914;29,69;55,08973;61,23944
18162100;91,75;55,17102;61,29359
8660925;58,75;55,18766;61,23199
9112000;53,59;55,17230151;61,29111409
7000850;40,4;55,182297;61,234912
18278084;93,83;55,169946;61,377931
6939080;36,9;55,118179;61,253873
11382950;65,19;55,171139;61,292474
7872000;49,2;55,17319;61,289033
5382000;29,89;55,17319;61,289033
4857583;41,95;55,08973;61,23944
9991200;55,2;55,17994;61,341
7982509;68,31;55,13106596;61,26330208
6351647;37,79;55,17336;61,36843
6860000;39,2;55,17230151;61,29111409
5372000;31,6;55,17319;61,289033
6064425;37,31;55,172805;61,365669
6789700;67,09;55,103719;61,251798
12934999;78,5;55,171745;61,377967
10012500;66,75;55,173447;61,321741
6664870;32,56;55,17128914;61,29316285
7530213;51,08;55,18692;61,23104
6896500;53,04;55,170912;61,318013
5604682;35,65;55,18692;61,23104
5500000;49,2;55,124681;61,249481
32553500;124,25;55,16916799;61,37096213
7756800;40,4;55,10908385;61,25782762
5232500;29,89;55,17230151;61,29111409
10023260;49,4;55,160355;61,431929
9112000;53,59;55,17230151;61,29111409
12351600;65,69;55,115985;61,253505
5030507;38,7;55,173447;61,321741
6475308;53,16;55,13106596;61,26330208
12170600;80,59;55,113143;61,274678
4193360;24,37;55,111258;61,357638
13170000;93,43;55,197718;61,185027
29858954;104,81;55,11193;61,325796
5402250;36,75;55,108254;61,249729
8220660;59,56;55,108254;61,249729
6471446;37,81;55,17299;61,37108
6502365;37,24;55,172805;61,365669
18661380;78,73;55,16976;61,3722
6126248;54,16;55,08973;61,23944
17327070;73,11;55,16989266;61,37174534
9691360;81,44;55,10542441;61,34532177
6308500;40,7;55,208243;61,188443
17012800;99,19;55,180537;61,339986
21507000;100,5;55,114982;61,244986
4269301;35,5;55,127295;61,260969
8438001;76,05;55,173447;61,321741
5372000;31,6;55,17319;61,289033
16505520;85,08;55,108256;61,249732
15321060;84,59;55,160355;61,431929
19253520;79,55;55,16989266;61,37174534
4051100;23,82;55,10956;61,35981
11100600;63;55,160355;61,431929
5661515;48,7;55,08973;61,23944
8006080;63,04;55,10547;61,34532
11729640;80,33;55,11131;61,248762
9130000;31,04;55,17102;61,29359
14317100;79,09;55,117128;61,252858
6150000;38,86;55,17454;61,41601
5558490;36,33;55,111258;61,357638
7213890;39,33;55,171139;61,292474
16291800;60,34;55,122712;61,37265
11196500;45,7;55,14897983;61,36362455
8976000;56,09;55,170912;61,318013
8506220;42,11;55,171077;61,377832
7179480;33,29;55,160355;61,431929
3888610;24,37;55,10231;61,34543
6933801;47,29;55,18748227;61,23197736
10021740;56,61;55,116042;61,255014
10220890;57,7;55,17128914;61,29316285
38409000;142,63;55,11205672;61,32504179
14345910;80,09;55,16011945;61,43196358
10596560;59,79;55,160355;61,431929
8860320;35,15;55,16989;61,3723
17205600;80,4;55,115743;61,246804
10218400;48,2;55,115635;61,245187
10543400;59,5;55,160355;61,431929
5577000;33,79;55,17319;61,289033
17447600;82,3;55,112625;61,250663
4305288;37,9;55,08973;61,23944
13917300;60,5;55,1485743;61,36363528
9431999;46,7;55,169946;61,377931
8161399;33,09;55,169946;61,377931
7832650;56,34;55,21355;61,30287
9917950;46,13;55,122712;61,37265
5361340;40;55,10542441;61,34532177
9691360;81,44;55,10542441;61,34532177
12438520;80,9;55,182297;61,234912
7919800;56,56;55,213324;61,30255
6939080;36,9;55,118179;61,253873
4269346;35,4;55,127295;61,260969
5822709;49,59;55,08973;61,23944
6682766;37,81;55,17336;61,36843
3644700;26,42;55,121705;61,247684
8485500;56,56;55,213324;61,30255
6351647;37,79;55,17336;61,36843
8665347;58,77;55,186757;61,226865
9838250;72,09;55,110934;61,352464
12668480;67,09;55,180537;61,339986
9374000;70,84;55,173769;61,329517
9568000;73,59;55,173447;61,321741
12448800;43,68;55,14897983;61,36362455
4781280;44,7;55,10314;61,247069
6096856;37,31;55,172805;61,365669
11524800;47,04;55,14897983;61,36362455
7626360;38,9;55,169946;61,377931
12008600;68,01;55,17205061;61,29205778
8350000;48,54;55,186378;61,226709
5201250;36,5;55,10231;61,34543
10763329;70,9;55,158549;61,468086
6700000;42,22;55,17446777;61,41569903
12939184;88,2;55,250793;61,403197
7137922;50,5;55,18757434;61,23137654
7773540;59,34;55,214029;61,298371
11750000;83,66;55,17446777;61,41569903
7893630;38,29;55,16002;61,43216
5262500;42,09;55,17306391;61,31981861
7863230;56,56;55,21298762;61,30193121
9654400;43,09;55,112625;61,250663
4574543;30,2;55,170912;61,318013
5652625;35,61;55,252399;61,384974
7626360;38,9;55,169946;61,377931
5188278;45,06;55,13106596;61,26330208
5661515;48,7;55,08973;61,23944
6351647;37,79;55,172805;61,365669
13350840;78,4;55,157389;61,402709
12251050;91,19;55,11098;61,35252
9536000;61,83;55,182297;61,234912
14943240;80,33;55,10908385;61,25782762
17884800;82,8;55,115635;61,245187
4990897;38,5;55,173447;61,321741
11615940;61,45;55,114982;61,244986
4916600;37,81;55,10547;61,34532
8959000;52,7;55,17319;61,289033
5441360;40;55,10542441;61,34532177
5835528;47,75;55,16907225;61,31212603
11772200;57,79;55,17102;61,29359
17327070;73,11;55,16989266;61,37174534
9910400;65,05;55,113143;61,274678
13623750;60,54;55,122712;61,37265
4342447;26,95;55,186757;61,226865
8224000;51,4;55,17319;61,289033
5907600;43,75;55,250895;61,24728
5558490;36,33;55,10907;61,35937
7813560;56,61;55,108254;61,249729
6974759;70,69;55,10314;61,247069
17109345;106,69;55,17019956;61,29454777
17715600;93,23;55,169946;61,377931
6380414;37,59;55,172979;61,371274
5234460;35,24;55,120405;61,245889
7200000;40;55,17230151;61,29111409
8257500;55,04;55,173447;61,321741
5449099;35,65;55,187887;61,231487
6993000;49,95;55,173447;61,321741
4342447;26,95;55,186757;61,226865
13350840;78,4;55,157389;61,402709
10006840;64,8;55,182297;61,234912
11430540;82,83;55,108254;61,249729
15536500;80,5;55,095827;61,244693
5493984;45,29;55,113138;61,274687
10005350;64,8;55,182297;61,234912
11956950;93,77;55,17360031;61,32317977
5350402;45,79;55,126086;61,2562
9949800;47,38;55,122712;61,37265
4059770;24,3;55,10854;61,35956
5669500;38,09;55,173447;61,321741
5974964;37,52;55,17336;61,36843
7892500;45,09;55,17319;61,289033
18709600;102,8;55,108254;61,249729
4269301;35,5;55,125922;61,253945
7026270;59,84;55,08973;61,23944
6351641;38,16;55,172979;61,367986
7319000;56,29;55,173447;61,321741
12406680;72,3;55,16002;61,43216
8789000;51,7;55,17282962;61,29152178
6702700;30,01;55,171139;61,292474
6993000;49,95;55,170912;61,318013
14455120;80,8;55,16011945;61,43196358
6050000;38,58;55,17446777;61,41569903
9645004;51,13;55,15142;61,30195
9827000;63,4;55,173769;61,329517
5552000;34,7;55,17319;61,289033
8118000;49,2;55,17282962;61,29152178
13079000;59,45;55,14799671;61,36368892
9848860;68,3;55,208243;61,188443
12218000;59,59;55,122712;61,37265
6351625;38,18;55,172979;61,367986
6313159;51,65;55,173447;61,321741
3655790;32,24;55,13106596;61,26330208
6094950;37,5;55,17336;61,36843
4634000;33,09;55,173447;61,321741
3879900;23,95;55,10903154;61,35920441
22234600;103,9;55,116768;61,249804
6715500;40,7;55,17282962;61,29152178
5134000;30,2;55,17230151;61,29111409
12707100;60,5;55,122712;61,37265
8200000;48,22;55,186378;61,226709
4474815;37,9;55,08973;61,23944
13018250;60,54;55,148498;61,363387
5767730;35,24;55,18766;61,23199
12144400;67,48;55,174775;61,393563
8690230;44,45;55,174775;61,393563
7040692;50,29;55,18748227;61,23197736
24170000;85,02;55,157305;61,411689
10022057;63,65;55,172979;61,367986
12115300;59,59;55,17205061;61,29205778
6394100;61,7;55,103719;61,251798
17435212;106,69;55,157389;61,402709
8980745;65,55;55,250793;61,403197
6974060;59,18;55,12719;61,622804
6058500;40,38;55,11131;61,248762
7979202;59,84;55,173447;61,321741
6736798;42,43;55,252399;61,384974
9526320;76,05;55,16907225;61,31212603
6238100;60,9;55,10314;61,247069
13926500;60,54;55,122712;61,37265
9424000;62;55,113143;61,274678
29994500;119,5;55,166588;61,390938
14773080;81,8;55,16002;61,43216
8860320;35,15;55,16916799;61,37096213
10873110;61,43;55,116042;61,255014
15997800;58,59;55,16916799;61,37096213
5298560;38,95;55,10547;61,34532
10311600;79,31;55,250895;61,24728
6715500;40,7;55,17282962;61,29152178
5558490;36,33;55,10903154;61,35920441
11588000;74,01;55,186378;61,226709
17991540;68,66;55,16916799;61,37096213
5971284;37,59;55,172805;61,365669
5493984;45,29;55,113138;61,274687
3685900;26,42;55,12082;61,246166
5935500;39,56;55,1737459;61,32446462
5632000;42,9;55,120405;61,244416
5865200;37,84;55,250895;61,24728
7863230;56,56;55,213324;61,30255
7460926;50,61;55,18748;61,2327
12406600;60,52;55,148498;61,363387
12217060;93,26;55,250895;61,24728
9913650;46,11;55,1485743;61,36363528
6840000;36,29;55,197718;61,185027
10327562;63,65;55,172805;61,365669
9856396;62,95;55,172979;61,367986
4269346;35,4;55,113138;61,274687
22983180;105,91;55,178617;61,359747
19051753;106,3;55,170065;61,294848
9744000;43,5;55,114023;61,25137
9699200;43,29;55,114023;61,25137
14166870;78,3;55,157389;61,402709
10087799;55,59;55,169946;61,377931
8745000;53;55,17230151;61,29111409
7920900;67,69;55,187224;61,233634
6134452;37,77;55,172805;61,365669
6682000;51,4;55,17343849;61,31978642
12930100;66;55,17469173;61,39388388
4071460;24,37;55,10887778;61,35977304
18359870;106,3;55,170065;61,294848
4642036;30,7;55,173447;61,321741
6050000;38,58;55,17454;61,41601
5303470;31,2;55,16907225;61,31212603
6702500;38,29;55,17319;61,289033
11251800;53,58;55,122712;61,37265
9155060;65,3;55,208243;61,188443
13926500;60,54;55,122712;61,37265
9469200;62,7;55,11098;61,35252
8364000;49,2;55,17319;61,289033
10050050;65,09;55,182297;61,234912
6218150;41,27;55,18766;61,23199
10050441;61,88;55,172979;61,367986
8475860;44,15;55,17469173;61,39388388
17928660;68,43;55,16916799;61,37096213
8481000;51,4;55,17319;61,289033
7362000;61,34;55,17343849;61,31978642
17327070;73,11;55,16976;61,3722
5610000;33;55,17319;61,289033
6554145;43,5;55,18692;61,23104
6351625;38,18;55,172979;61,367986
9961024;71,8;55,16382;61,43562
17296650;107,19;55,170065;61,294848
6340056;37,81;55,17336;61,36843
10035150;65;55,182297;61,234912
10249198;56,7;55,173372;61,36710624
9459951;50,7;55,15142;61,30195
6300000;38,97;55,17454;61,41601
4630547;38,15;55,16907225;61,31212603
12172949;104,34;55,16907225;61,31212603
6275484;51,34;55,173447;61,321741
17371466;106,3;55,170065;61,294848
5868000;40,75;55,21355;61,30287
5301400;40,77;55,10542441;61,34532177
8792956;54,99;55,17336;61,36843
10423600;47,38;55,1485743;61,36363528
5899000;34,7;55,17319;61,289033
6142525;54,29;55,08973;61,23944
21863900;83,44;55,16916799;61,37096213
8358064;56,2;55,186757;61,226865
6900000;43,08;55,13655;61,42469
9956520;52,68;55,10908385;61,25782762
5744000;34,68;55,18717966;61,22635491
10480850;58,16;55,171139;61,292474
10951850;58,09;55,17992613;61,34096187
12794300;65,97;55,174775;61,393563
7832650;56,34;55,213324;61,30255
9269760;48,27;55,10908385;61,25782762
12084450;47,38;55,122712;61,37265
18359870;106,3;55,157389;61,402709
5364000;29,79;55,17319;61,289033
10188850;47,38;55,148498;61,363387
16119400;86,19;55,16063;61,43206
10088900;38,29;55,16976;61,3722
6738720;48,47;55,21316;61,30282
4256015;35,29;55,127295;61,260969
6150000;35,06;55,11611;61,45367
6715000;69,5;55,103719;61,251798
15445080;61,29;55,16989;61,3723
7224850;59,08;55,187887;61,231487
5530000;31,6;55,17319;61,289033
3869470;24,26;55,10231;61,34543
4864160;32,31;55,10222425;61,34539511
10174780;66,06;55,169946;61,377931
14155652;78,09;55,157389;61,402709
12731550;65,29;55,09343218;61,24079687
16478000;77;55,115743;61,246804
15246460;93,3;55,17128914;61,29316285
12486000;104,05;55,170912;61,318013
12817920;100,13;55,250895;61,24728
7832650;56,34;55,21335569;61,30290753
7203749;61,61;55,13106596;61,26330208
7093660;32,2;55,160355;61,431929
17371466;106,3;55,16990478;61,29537389
28530000;94,84;55,15713553;61,41171927
10504559;56,29;55,171745;61,377967
4978400;37,5;55,121263;61,242779
8976000;56,09;55,173447;61,321741
4709473;31,2;55,16907225;61,31212603
25621875;94,8;55,11193;61,325796
6702500;38,29;55,17319;61,289033
5868000;40,75;55,21298762;61,30193121
12269070;50,49;55,16976;61,3722
8649000;53,31;55,182297;61,234912
6285797;38,16;55,172979;61,367986
5859354;35,24;55,18748;61,2327
7000000;40;55,17230151;61,29111409
10877300;53,06;55,122712;61,37265
13005000;78,5;55,171745;61,377967
9594000;73,8;55,173447;61,321741
5382000;29,89;55,17319;61,289033
4474815;37,9;55,08973;61,23944
4831840;38,15;55,16907225;61,31212603
14980440;80,54;55,10908385;61,25782762
9949800;47,38;55,1485743;61,36363528
10537500;70,25;55,173447;61,321741
5445000;33;55,17282962;61,29152178
10631140;65,94;55,169946;61,377931
17330400;74,69;55,113993;61,251376
17712000;82;55,112625;61,250663
3992800;28,52;55,250895;61,24728
35360000;108,5;55,15713553;61,41171927
12145997;81,23;55,172805;61,365669
8946540;64,83;55,108254;61,249729
4639536;28,79;55,173447;61,321741
9480276;51,79;55,157389;61,402709
5600000;32,52;55,173781;61,329179
9363200;61,84;55,113143;61,274678
6623893;37,52;55,172979;61,367986
5115650;36,7;55,170912;61,318013
7979202;59,84;55,173447;61,321741
6715000;69,3;55,10314;61,247069
5348245;35;55,18710168;61,23087229
11134300;47,38;55,1485743;61,36363528
11734380;93,12;55,173447;61,321741
7889000;56,34;55,2129;61,30134
9233566;66,18;55,172805;61,365669
5177025;36,33;55,10222425;61,34539511
9787000;69,66;55,186378;61,226709
13553260;73,9;55,16002;61,43216
11623979;88,2;55,250793;61,403197
7840620;60,77;55,10542441;61,34532177
9526320;76,05;55,16907225;61,31212603
16068460;61,33;55,16916799;61,37096213
3655790;32,24;55,13106596;61,26330208
9374000;70,84;55,173769;61,329517
13569750;60,31;55,14897983;61,36362455
12438520;80,9;55,182297;61,234912
5232500;29,89;55,17319;61,289033
7840000;44,79;55,17319;61,289033
11690000;91,61;55,16814;61,53102
12567830;67,09;55,17908192;61,34101551
5612200;40,59;55,102247;61,346833
7246982;58,79;55,18696663;61,23160185
9595647;62,9;55,17336;61,36843
6134452;37,77;55,172979;61,367986
5225000;33,59;55,121033;61,242418
19253520;79,55;55,16976;61,3722
6280500;61,5;55,10314;61,247069
5935500;39,56;55,1737459;61,32446462
4467320;31,45;55,10907;61,35937
21440880;130,88;55,17128914;61,29316285
4642036;30,7;55,170912;61,318013
3912000;24,45;55,213324;61,30255
6071040;37,52;55,172805;61,365669
8064000;44,79;55,17319;61,289033
5609500;37,45;55,173447;61,321741
7773540;59,34;55,214029;61,298371
5669500;38,09;55,173447;61,321741
7863230;56,56;55,21355;61,30287
7067728;60,54;55,173447;61,321741
7287280;50,04;55,186757;61,226865
5200000;42,9;55,12082;61,246166
9062400;47,2;55,17994;61,341
9015200;47,2;55,17994;61,341
7008720;46,11;55,113143;61,274678
17991540;68,66;55,169879;61,371867
11500320;67,3;55,171139;61,292474
3912000;24,45;55,213324;61,30255
13056200;70,61;55,174775;61,393563
5470600;32,18;55,213324;61,30255
17362800;81,9;55,115635;61,245187
7877200;37,59;55,17992613;61,34096187
20949500;94,88;55,17102;61,29359
5973125;37,52;55,172979;61,367986
19399380;82,27;55,169879;61,371867
16954000;60,54;55,14799671;61,36368892
13150696;81,58;55,169946;61,377931
8811000;53,4;55,17230151;61,29111409
7574000;54,09;55,21277904;61,30311138
16268000;98;55,17994;61,341
7413710;36,59;55,171139;61,292474
5132490;35;55,120405;61,245889
22310000;82,56;55,11145;61,32772
4482450;44,7;55,10314;61,247069
13165014;78,3;55,170065;61,294848
11971500;69;55,17992613;61,34096187
7863230;56,56;55,21355;61,30287
11452560;80,19;55,208243;61,188443
4168980;24,37;55,111258;61,357638
6609080;52,04;55,10547;61,34532
5107300;42,9;55,121705;61,247684
11349970;66,27;55,171139;61,292474
5472000;34,2;55,17282962;61,29152178
11168000;69,8;55,17319;61,289033
17371466;106,3;55,16990478;61,29537389
14411970;60,81;55,16989266;61,37174534
11771790;49,66;55,16976;61,3722
3655790;32,24;55,13106596;61,26330208
7616000;44,79;55,17230151;61,29111409
11593285;104,34;55,16907225;61,31212603
9983830;70,61;55,172979;61,367986
10493460;58,18;55,171139;61,292474
7709000;59,29;55,173447;61,321741
5746000;33,79;55,17282962;61,29152178
5441360;40;55,10542441;61,34532177
10005660;52,93;55,10908385;61,25782762
6285797;38,16;55,17336;61,36843
4177880;24,29;55,111258;61,357638
4388400;24,37;55,10956;61,35981
11326130;44,99;55,16976;61,3722
4919508;30,39;55,170912;61,318013
12656000;79,09;55,17282962;61,29152178
4635400;33,59;55,121263;61,242779
7200000;40;55,17319;61,289033
17440115;106,69;55,170065;61,294848
7832650;56,34;55,2129;61,30134
6340034;38;55,172979;61,367986
7889000;56,34;55,213324;61,30255
5200470;35;55,120405;61,245889
10977900;55,4;55,169946;61,377931
8204735;73,84;55,173447;61,321741
3600000;30,12;55,124681;61,249481
4057500;32,18;55,12719;61,622804
13711500;83,12;55,108254;61,249729
13086360;75,59;55,16002;61,43216
6460000;60,99;55,12582;61,24988
10161720;56;55,171139;61,292474
4249810;35,45;55,13106596;61,26330208
6706500;39,45;55,173447;61,321741
18661380;78,73;55,16989266;61,37174534
4606000;32,9;55,16907225;61,31212603
4584895;36,2;55,173447;61,321741
5834880;40,52;55,21277904;61,30311138
17356579;85,09;55,170065;61,294848
7558900;53,79;55,173447;61,321741
8328320;56;55,18692;61,23104
6760480;35,95;55,116042;61,255014
11035600;58,7;55,116062;61,253549
5083000;29,89;55,17230151;61,29111409
10220890;57,7;55,171139;61,292474
11300000;83,55;55,13564955;61,42441978
9936000;62,09;55,170912;61,318013
7722000;59,4;55,173447;61,321741
23730000;87,81;55,11193;61,325796
5974964;37,52;55,172979;61,367986
11455763;103,3;55,16907225;61,31212603
8438001;76,05;55,173447;61,321741
4342447;26,95;55,186757;61,226865
4630547;38,15;55,173447;61,321741
5840640;40,56;55,213324;61,30255
6811000;48,65;55,173447;61,321741
6860000;39,2;55,17230151;61,29111409
5933000;34,9;55,17282962;61,29152178
6700000;42,22;55,17454;61,41601
15836400;95,4;55,17994;61,341
6110000;48,47;55,12719;61,622804
8316000;59,4;55,170912;61,318013
40103680;130,22;55,169879;61,371867
6730000;36,77;55,197718;61,185027
12712983;69,29;55,15142;61,30195
7956000;68,08;55,187887;61,231487
15760499;95,4;55,171745;61,377967
12148500;62,29;55,09659;61,243812
4011150;24,3;55,10887778;61,35977304
8448000;51,2;55,17282962;61,29152178
5439000;38,84;55,170912;61,318013
23960000;90,12;55,15713553;61,41171927
5590200;36,29;55,113143;61,274678
9827000;63,4;55,173769;61,329517
5064800;38,95;55,10547;61,34532
17285599;94,5;55,171745;61,377967
8432000;52,7;55,17282962;61,29152178
9150000;56,4;55,17454;61,41601
10327562;63,65;55,172979;61,367986
4447500;29,64;55,250895;61,24728
4379562;28,79;55,173447;61,321741
13350840;78,4;55,16990478;61,29537389
16522000;90,34;55,17179;61,29243
6896500;53,04;55,173447;61,321741
4007850;24,29;55,10887778;61,35977304
10180000;81,44;55,10542441;61,34532177
5729000;38,5;55,173447;61,321741
9848280;67;55,110934;61,352464
4099750;35,65;55,172606;61,491112
6071021;37,9;55,17336;61,36843
7679000;54,84;55,173447;61,321741
20780000;72,8;55,15713553;61,41171927
6800000;43,4;55,17446777;61,41569903
10042500;66,94;55,173447;61,321741
5445000;33;55,17319;61,289033
10005870;46,11;55,09343218;61,24079687
4780160;45,5;55,103719;61,251798
8770140;61,2;55,10995;61,351691
12658600;75;55,108254;61,249729
11698500;70,9;55,17230151;61,29111409
9062580;34,59;55,16989;61,3723
9112000;53,59;55,17230151;61,29111409
13410000;59,59;55,14799671;61,36368892
9661500;48;55,169946;61,377931
7756800;40,4;55,10908385;61,25782762
8900000;53,49;55,17454;61,41601
5859354;35,24;55,18748;61,2327
11740000;79,3;55,186104;61,226133
13518303;88,2;55,250793;61,403197
6314000;41;55,1726;61,47311
12109500;62,09;55,09659;61,243812
10576800;44,06;55,122712;61,37265
6567051;37,24;55,172805;61,365669
7773540;59,34;55,214029;61,298371
12239000;77,16;55,186561;61,227535
7889000;56,34;55,21335569;61,30290753
6545000;38,5;55,17319;61,289033
7579344;46,7;55,250793;61,403197
12150000;86,41;55,13848;61,45237
8865300;61,13;55,250895;61,24728
16242600;75,9;55,106021;61,252925
8150000;47,68;55,11612993;61,45367541
9352398;70,15;55,173447;61,321741
11670152;80,61;55,172979;61,367986
5348245;35,65;55,187887;61,231487
7600000;47,15;55,17446777;61,41569903
6682000;51,4;55,17343849;61,31978642
5445000;33;55,17282962;61,29152178
8714550;70,84;55,173769;61,329517
11444674;103,19;55,173447;61,321741
5729000;38,5;55,170912;61,318013
13005000;78;55,169946;61,377931
9745290;79,23;55,10547;61,34532
7450000;47,04;55,17454;61,41601
9612000;66,18;55,18717966;61,22635491
7754880;40,38;55,11713;61,24662
10780312;44,2;55,170065;61,294848
5020400;35,86;55,10907;61,35937
10188850;47,38;55,14799671;61,36368892
4978600;32,11;55,111258;61,357638
5973125;37,52;55,172979;61,367986
13586280;79;55,16990478;61,29537389
7628100;54,09;55,21316;61,30282
12859000;77;55,108254;61,249729
13839048;79;55,16990478;61,29537389
54204000;180,69;55,157389;61,402709
18880000;77,79;55,157305;61,411689
18090600;99,9;55,169946;61,377931
13279300;63,09;55,17469173;61,39388388
12167580;51,34;55,16989266;61,37174534
9676800;44,79;55,115635;61,245187
8373200;36,95;55,17102;61,29359
5859354;35,24;55,18748;61,2327
12234830;52,5;55,16989266;61,37174534
12469100;53,06;55,122712;61,37265
10040470;49,88;55,178617;61,359747
8002900;38,2;55,180537;61,339986
7709000;59,29;55,170912;61,318013
12172949;104,34;55,16907225;61,31212603
19744200;78,34;55,169879;61,371867
5201250;36,5;55,104096;61,350497
16317000;98;55,180537;61,339986
9459120;71,66;55,213324;61,30255
7863230;56,56;55,21298762;61,30193121
13350840;78,4;55,157389;61,402709
10311600;79,31;55,250895;61,24728
14957400;80,88;55,174775;61,393563
4883725;32,45;55,10222425;61,34539511
8976000;56,09;55,170912;61,318013
3217200;26,8;55,172606;61,491112
7620480;38,88;55,169946;61,377931
12451584;81,23;55,172805;61,365669
11750000;84,25;55,17454;61,41601
5935500;39,56;55,173447;61,321741
14145660;80,09;55,16002;61,43216
7399020;58,25;55,10547;61,34532
3647700;32,18;55,08973;61,23944
5006500;32,29;55,10903154;61,35920441
13018250;60,54;55,14799671;61,36368892
15536500;80,5;55,09659;61,243812
5583474;40,59;55,186772;61,23314
5337809;46,22;55,08973;61,23944
5665000;42,9;55,120405;61,245889
6220935;54,81;55,17270144;61,49115693
15748200;80,76;55,09343218;61,24079687
5117000;30,1;55,17319;61,289033
6300000;38,97;55,17446777;61,41569903
6441906;37,77;55,172805;61,365669
7203750;57,63;55,10542441;61,34532177
5835528;47,75;55,173447;61,321741
5083000;29,89;55,17319;61,289033
5609500;37,45;55,173447;61,321741
10012500;66,75;55,173447;61,321741
5584000;34,9;55,17319;61,289033
7748580;58,25;55,10547;61,34532
5558490;36,33;55,10907;61,35937
7892500;45,09;55,17319;61,289033
6550000;43,09;55,17454;61,41601
10012500;66,75;55,170912;61,318013
8721984;48;55,173308;61,369697
5010720;32,11;55,10887778;61,35977304
7662850;67,61;55,08973;61,23944
7358000;56,59;55,173447;61,321741
4269301;35,5;55,127295;61,260969
13191200;59,95;55,14897983;61,36362455
9393200;46;55,17928;61,34155
3869470;24,26;55,104096;61,350497
5584000;34,9;55,17319;61,289033
9818200;70,12;55,21335569;61,30290753
11265000;75,09;55,173769;61,329517
6311098;37,59;55,172979;61,367986
7752500;44,29;55,17230151;61,29111409
5699200;38,29;55,173447;61,321741
4193360;24,37;55,10854;61,35956
6257549;27,5;55,171745;61,377967
5688000;31,6;55,17230151;61,29111409
10260000;59,5;55,197718;61,185027
12323400;53,58;55,148498;61,363387
9520772;41,2;55,157389;61,402709
10150016;88,59;55,113138;61,274687
5558490;36,33;55,10903154;61,35920441
12709200;60,52;55,122712;61,37265
5493984;45,29;55,125443;61,254763
5759100;38,66;55,186378;61,226709
6339750;61,59;55,10314;61,247069
12814000;74,5;55,180537;61,339986
5767730;35,24;55,18748;61,2327
8889657;44,09;55,170065;61,294848
4582413;39,79;55,113138;61,274687
5266817;45,79;55,126256;61,25616
13321000;60,54;55,122712;61,37265
15098600;104,77;55,18641;61,22835
3048890;24,45;55,12719;61,622804
6311098;37,59;55,172979;61,367986
10199000;72,84;55,170912;61,318013
10662400;62,72;55,250895;61,24728
9072410;53,09;55,171139;61,292474
11771790;49,66;55,16989266;61,37174534
5095490;36,59;55,170912;61,318013
5030507;38,7;55,173447;61,321741
9590000;58,79;55,11612993;61,45367541
8310000;66,05;55,12082;61,246166
12129000;62,2;55,09659;61,243812
5439000;38,84;55,170912;61,318013
12498000;104,15;55,170912;61,318013
12215950;59,59;55,1485743;61,36363528
10050441;61,88;55,17336;61,36843
12658600;75,8;55,108254;61,249729
5814000;34,2;55,17282962;61,29152178
4269301;35,5;55,125922;61,253945
7520240;51,65;55,18766;61,23199
13570300;66;55,174775;61,393563
10981750;70,84;55,173781;61,329179
11142600;53,06;55,122712;61,37265
7694273;46,77;55,17336;61,36843
5398778;45,2;55,125436;61,254759
5493984;45,29;55,125443;61,254763
11952900;69,9;55,17994;61,341
8950836,8;47,79;55,16002;61,43216
3295280;24,22;55,214029;61,298371
7950872;55,04;55,173447;61,321741
18639000;99,8;55,169946;61,377931
3685900;26,42;55,12082;61,246166
18090600;99,19;55,171745;61,377967
7663970;38,29;55,171139;61,292474
4168980;24,37;55,111258;61,357638
10604000;69,26;55,18722;61,22869
5604682;35,65;55,18692;61,23104
5740560;58,79;55,103719;61,251798
6727500;51,75;55,17343849;61,31978642
13821660;74,3;55,10908385;61,25782762
5577000;33,79;55,17282962;61,29152178
10625914;74,66;55,252399;61,384974
9667800;61,5;55,172979;61,367986
6110030;26,18;55,17205061;61,29205778
8728199;48,15;55,173372;61,36710624
5868000;40,75;55,21298762;61,30193121
11517000;69,8;55,17282962;61,29152178
12771600;44,04;55,122712;61,37265
13540800;74,4;55,108254;61,249729
5558490;36,33;55,111258;61,357638
10472860;65,94;55,169946;61,377931
17513724;103,41;55,172805;61,365669
8118000;49,2;55,17282962;61,29152178
9759860;80,66;55,10547;61,34532
9433380;44,2;55,170065;61,294848
24566044;89,98;55,11193;61,325796
10983900;53,58;55,148498;61,363387
11488650;57,29;55,17908192;61,34101551
5758500;34,9;55,17319;61,289033
10042500;66,94;55,170912;61,318013
11781476;74,19;55,160741;61,460675
7542500;43,09;55,17230151;61,29111409
10192500;45,29;55,14799671;61,36368892
10035900;47,79;55,122712;61,37265
12625800;58,09;55,17179;61,29243
10314580;65,94;55,169946;61,377931
7460926;50,61;55,18748;61,2327
11200000;72,3;55,197718;61,185027
6096856;37,31;55,172805;61,365669
7632060;58,25;55,10547;61,34532
6096700;62;55,103719;61,251798
3912000;24,45;55,213324;61,30255
9751410;51,75;55,171139;61,292474
6871400;36,54;55,116042;61,255014
7667000;45,09;55,17230151;61,29111409
5291013;45,5;55,126456;61,255112
5669500;38,09;55,170912;61,318013
3912000;24,45;55,213324;61,30255
6511000;38,29;55,17319;61,289033
12090000;62;55,097548;61,237722
5661515;48,7;55,08973;61,23944
10208000;64,83;55,18722;61,22869
8035740;58,22;55,108254;61,249729
11673950;65,19;55,17205061;61,29205778
8370000;48,84;55,197718;61,185027
4673589;41,95;55,08973;61,23944
7326699;31,1;55,169946;61,377931
6797000;48,54;55,170912;61,318013
7773540;59,34;55,214029;61,298371
7362000;61,34;55,17343849;61,31978642
5899000;34,7;55,17282962;61,29152178
8397760;86,59;55,10314;61,247069
9062580;34,59;55,169879;61,371867
3685900;26,42;55,121705;61,247684
8712030;61;55,10941;61,35114
8485500;56,56;55,21298762;61,30193121
9352398;70,15;55,16907225;61,31212603
8959000;52,7;55,17319;61,289033
4821600;37,68;55,121263;61,242779
12016000;75,09;55,173769;61,329517
7919800;56,56;55,2129;61,30134
15108360;82,19;55,180537;61,339986
4338405;35,29;55,113138;61,274687
5669400;37,84;55,170912;61,318013
11734380;93,12;55,173447;61,321741
17405200;82,09;55,115635;61,245187
8260285;74,34;55,173447;61,321741
12215950;59,59;55,1485743;61,36363528
14562018;78,9;55,170065;61,294848
9352398;70,15;55,16907225;61,31212603
16790325;106,09;55,157389;61,402709
4642685;38,34;55,173447;61,321741
7600000;47,15;55,17454;61,41601
10087800;48,5;55,171745;61,377967
9930000;70,73;55,1384635;61,45219134
5767730;35,24;55,18748;61,2327
8452500;56,34;55,213324;61,30255
5758500;34,9;55,17282962;61,29152178
17327070;73,11;55,16976;61,3722
5574800;35,88;55,113143;61,274678
11902800;61,04;55,14897983;61,36362455
9169999;47,09;55,169946;61,377931
9945936;68,3;55,186743;61,232097
11771790;49,66;55,16976;61,3722
9439200;46;55,17908192;61,34101551
5445000;33;55,17282962;61,29152178
10149080;52,09;55,16002;61,43216
5594820;36,33;55,10854;61,35956
8813280;42,7;55,16011945;61,43196358
10188850;47,38;55,148498;61,363387
9721423;79,94;55,08973;61,23944
12261200;81,19;55,113143;61,274678
12564860;81,58;55,171077;61,377832
5023920;38,06;55,10542441;61,34532177
5092000;42,9;55,120424;61,244423
17320400;81,69;55,112625;61,250663
4338405;35,29;55,113138;61,274687
4919508;30,39;55,170912;61,318013
5594820;36,33;55,10887778;61,35977304
11778720;63,59;55,160355;61,431929
12316500;53,54;55,122712;61,37265
8885600;46,4;55,17992613;61,34096187
13383000;59,47;55,1485743;61,36363528
21845560;81,68;55,169879;61,371867
11058960;62,47;55,118179;61,253873
12120000;84,76;55,197718;61,185027
9983000;64,59;55,182297;61,234912
10859870;59,9;55,16011945;61,43196358
5759424;38,4;55,173447;61,321741
7026270;59,84;55,08973;61,23944
10774798;56,83;55,173372;61,36710624
9618000;67,66;55,186378;61,226709
7187400;36,29;55,09489;61,243489
7142064;49,45;55,16907225;61,31212603
12500730;67,09;55,17928;61,34155
6760480;35,95;55,116042;61,255014
5973138;37,9;55,172805;61,365669
7353100;53,65;55,187887;61,231487
6720000;38,4;55,17230151;61,29111409
12392820;51,2;55,16976;61,3722
15652300;81,09;55,095451;61,246004
7600000;47,15;55,17454;61,41601
6245691;37,59;55,17336;61,36843
14667370;91,25;55,17128914;61,29316285
10660000;67,26;55,197718;61,185027
12060174;80,94;55,172979;61,367986
6727500;51,75;55,17343849;61,31978642
3151780;26,7;55,25536;61,39563
8527200;77,51;55,25536;61,39563
38031600;166,69;55,148498;61,363387
3434213;29,69;55,13106596;61,26330208
7632060;58,25;55,10547;61,34532
16790325;106,09;55,170065;61,294848
9065002;65,55;55,250793;61,403197
6248301;39,56;55,173447;61,321741
6441911;37,59;55,17299;61,37108
10064185;70,61;55,17299;61,37108
7207200;36,4;55,093617;61,240075
9000000;76,84;55,124681;61,249481
5868000;40,75;55,21298762;61,30193121
7597500;60,77;55,10542441;61,34532177
23420000;85,12;55,15713553;61,41171927
3655790;32,24;55,13106596;61,26330208
11544500;74,95;55,18641;61,22835
3977600;25,61;55,18641;61,22835
5840640;40,56;55,21277904;61,30311138
8253730;42,9;55,171139;61,292474
16389120;80,88;55,178617;61,359747
6197608;40,9;55,16382;61,43562
7889000;56,34;55,213324;61,30255
3625000;26,42;55,12082;61,246166
7892500;45,09;55,17230151;61,29111409
5840640;40,56;55,213324;61,30255
15497900;80,3;55,093617;61,240075
5840640;40,56;55,21316;61,30282
5801896;49,43;55,08973;61,23944
10044880;52,09;55,16002;61,43216
7892420;56,77;55,1726;61,47311
9269910;79,23;55,10547;61,34532
20759520;103,19;55,11372;61,24745
55153150;180,89;55,17019956;61,29454777
6758120;67,19;55,10314;61,247069
6136302;37,9;55,172805;61,365669
5758500;34,9;55,17282962;61,29152178
5095490;36,59;55,173447;61,321741
6314000;41;55,1726;61,47311
15997800;58,59;55,16989;61,3723
19590000;105,08;55,197718;61,185027
4642036;30,7;55,173447;61,321741
9352398;70,15;55,173447;61,321741
6797000;48,54;55,170912;61,318013
9691360;81,44;55,10542441;61,34532177
10883400;43,95;55,178617;61,359747
8744400;64,83;55,186378;61,226709
10480850;57,59;55,171139;61,292474
12109500;62,09;55,09659;61,243812
14374320;80,8;55,160355;61,431929
7660800;39,9;55,10908385;61,25782762
4857583;41,95;55,08973;61,23944
7679000;54,84;55,170912;61,318013
9440340;63,7;55,208243;61,188443
17798400;82,4;55,115635;61,245187
10198360;61,5;55,172805;61,365669
17998200;90,9;55,169881;61,2723
4864160;32,31;55,104096;61,350497
5933000;34,9;55,17282962;61,29152178
6126400;43,75;55,250895;61,24728
11998900;61,84;55,171077;61,377832
7835120;52,93;55,11131;61,248762
24710000;94,66;55,15713553;61,41171927
14520300;100,13;55,250895;61,24728
13237950;78,09;55,17992613;61,34096187
4947000;29,1;55,173447;61,321741
5030507;38,7;55,16907225;61,31212603
8642700;42,45;55,171139;61,292474
17335080;68,79;55,16916799;61,37096213
9568000;73,59;55,173447;61,321741
19055080;78,73;55,16989266;61,37174534
7892500;45,09;55,17230151;61,29111409
8035500;48,93;55,108254;61,249729
5445000;33;55,17319;61,289033
4482639;26,95;55,186743;61,232097
10251000;60,29;55,17319;61,289033
7748580;58,25;55,10547;61,34532
6990000;45,63;55,17454;61,41601
9587160;72,62;55,213324;61,30255
5200470;35;55,120405;61,245889
7597500;60,77;55,10542441;61,34532177
16260000;56,56;55,11145;61,32772
5652625;35,61;55,252399;61,384974
8950000;46;55,197718;61,185027
3655790;32,24;55,13106596;61,26330208
9607000;73,9;55,173447;61,321741
6103692;37,52;55,172979;61,371274
6483330;43,02;55,186757;61,226865
9491300;61,59;55,182297;61,234912
10012500;66,75;55,173447;61,321741
6909000;36,75;55,116042;61,255014
4639536;28,79;55,170912;61,318013
4883725;32,45;55,10222425;61,34539511
5280000;33;55,17319;61,289033
5834880;40,52;55,21277904;61,30311138
5439000;38,84;55,173447;61,321741
7889000;56,34;55,21335569;61,30290753
5868000;40,75;55,21335569;61,30290753
4762031;31,75;55,173447;61,321741
8485500;56,56;55,21335569;61,30290753
5454000;30,29;55,17230151;61,29111409
5767730;35,24;55,18748;61,2327
4572431;37,84;55,13106596;61,26330208
6899349;27,29;55,171745;61,377967
10186700;47,38;55,122712;61,37265
5759424;38,4;55,173447;61,321741
10370000;65,18;55,11611;61,45367
7832650;56,34;55,21298762;61,30193121
9641000;66,37;55,186378;61,226709
5861017;35,25;55,18766;61,23199
6871400;36,54;55,116042;61,255014
12016000;75,09;55,17319;61,289033
10536760;59,79;55,16011945;61,43196358
8786460;63,66;55,108254;61,249729
12825600;76,8;55,108254;61,249729
9155830;44,29;55,174775;61,393563
5559400;36,09;55,113143;61,274678
10506510;56,7;55,180537;61,339986
7764480;40,43;55,10849233;61,25690017
11265000;75,09;55,173781;61,329179
10020250;64,9;55,182297;61,234912
8934425;57,68;55,250793;61,403197
6285800;37,79;55,17336;61,36843
17936520;68,45;55,16916799;61,37096213
5933000;34,9;55,17319;61,289033
6715000;69,09;55,10314;61,247069
12709200;60,52;55,14799671;61,36368892
8492350;38,25;55,171139;61,292474
5066000;29,79;55,17319;61,289033
21863900;83,44;55,16989;61,3723
7293000;43,29;55,18722;61,22869
8417552;56,59;55,186757;61,226865
3512608;32,18;55,08973;61,23944
9571000;56,29;55,17319;61,289033
4269346;35,4;55,127295;61,260969
14943240;80,33;55,10908385;61,25782762
5756200;50,61;55,12082;61,246166
5493984;45,29;55,113138;61,274687
9408800;61,9;55,113143;61,274678
11577570;65,41;55,118179;61,253873
13119750;53,54;55,122712;61,37265
9299070;83,69;55,16907225;61,31212603
16379000;89,48;55,17179;61,29243
4269301;35,5;55,127295;61,260969
9558000;47,79;55,14897983;61,36362455
12117584;72,65;55,173308;61,369697
10156920;62,95;55,17336;61,36843
12155500;80,5;55,113143;61,274678
8778000;53,2;55,17319;61,289033
10841592;64,37;55,169946;61,377931
6072917;37,52;55,172805;61,365669
9365600;81,44;55,10542441;61,34532177
6112500;40,75;55,2129;61,30134
3920180;26,07;55,120405;61,245889
3888610;24,37;55,10231;61,34543
6871400;36,54;55,116042;61,255014
9399602;48,15;55,173372;61,36710624
4177880;24,29;55,10854;61,35956
16221200;75,8;55,106021;61,252925
5834880;40,52;55,21277904;61,30311138
11574030;65,38;55,118179;61,253873
11110060;49,4;55,16011945;61,43196358
5298560;38,95;55,10547;61,34532
11698500;70,9;55,17319;61,289033
8475500;77,05;55,173447;61,321741
7937599;33,7;55,169946;61,377931
9345000;66,75;55,173447;61,321741
13350840;78,4;55,16990478;61,29537389
6150000;38,86;55,17446777;61,41569903
7221850;69,69;55,103719;61,251798
8982013;48,29;55,173372;61,36710624
10528395;74,66;55,252399;61,384974
10639892;68,02;55,171077;61,377832
11455763;103,3;55,16907225;61,31212603
5616097;58,29;55,127295;61,260969
4770045;31,7;55,173447;61,321741
14262800;78,8;55,115985;61,253505
18980246;107,3;55,170065;61,294848
15498150;83,09;55,17928;61,34155
9289500;56,29;55,17319;61,289033
9142654;60,9;55,16382;61,43562
13821660;74,3;55,114982;61,244986
7147800;36,09;55,093617;61,240075
7146180;33,29;55,160355;61,431929
15536500;80,5;55,095997;61,242833
19047200;82,09;55,114023;61,25137
6727500;51,75;55,17343849;61,31978642
7919800;56,56;55,213324;61,30255
5420000;42,9;55,12082;61,246166
9624120;72,91;55,213324;61,30255
8629140;62,52;55,108254;61,249729
10149266;67,02;55,17360031;61,32317977
5669500;38,09;55,170912;61,318013
5115000;50,79;55,12582;61,24988
8161399;33,09;55,171745;61,377967
10210140;77,94;55,250895;61,24728
6351625;38,18;55,17336;61,36843
5402250;36,75;55,108254;61,249729
10190000;76,16;55,16814;61,53102
9437220;80,66;55,10547;61,34532
6554145;43,5;55,186743;61,232097
4168980;24,37;55,111258;61,357638
23200000;100;55,112625;61,250663
6838000;70,8;55,10314;61,247069
16063220;61,31;55,16916799;61,37096213
7358000;56,59;55,173447;61,321741
10117800;40,65;55,17102;61,29359
6294000;36,83;55,18717966;61,22635491
10476816;71,16;55,172805;61,365669
8449155;76,05;55,173447;61,321741
10156300;65,94;55,169946;61,377931
11574030;65,38;55,118179;61,253873
3888610;24,37;55,10231;61,34543
5107300;42,9;55,12082;61,246166
9369224;41,2;55,170065;61,294848
6993000;49,95;55,173447;61,321741
9528480;81,44;55,10542441;61,34532177
4762031;31,75;55,173447;61,321741
10531680;59,2;55,160355;61,431929
22298800;104,19;55,106021;61,252925
23525170;102,73;55,114;61,24535
5454000;30,29;55,17319;61,289033
9493900;70,84;55,173769;61,329517
8452500;56,34;55,213324;61,30255
15555800;80,59;55,09659;61,243812
9951900;47,38;55,14799671;61,36368892
9914520;64,37;55,169946;61,377931
9352398;70,15;55,16907225;61,31212603
6073125;61,59;55,10314;61,247069
18055720;73,22;55,169879;61,371867
4978600;32,11;55,10907;61,35937
3048890;24,45;55,12719;61,622804
5840640;40,56;55,21277904;61,30311138
8171405;73,55;55,173447;61,321741
5750000;49,99;55,124681;61,249481
8942400;64,8;55,108254;61,249729
6136305;37,52;55,17336;61,36843
3138890;27,45;55,12719;61,622804
14660820;61,86;55,16976;61,3722
8112000;67,59;55,17343849;61,31978642
7029260;32,2;55,16011945;61,43196358
4709473;31,2;55,173447;61,321741
5621000;36,2;55,113143;61,274678
10480850;57,59;55,17128914;61,29316285
6201607;37,52;55,172979;61,371274
6473250;32,29;55,171745;61,377967
5302500;30,29;55,17319;61,289033
9703201;79,8;55,08973;61,23944
7213890;39,33;55,17128914;61,29316285
17296650;107,19;55,157389;61,402709
6287673;36,97;55,172979;61,367986
15980000;53,97;55,157305;61,411689
6544000;40,9;55,208243;61,188443
8890123;54,99;55,17336;61,36843
11066092;71,16;55,172805;61,365669
7064950;55,04;55,173447;61,321741
9936000;62,09;55,170912;61,318013
12760676;81,58;55,171077;61,377832
9555000;73,5;55,170912;61,318013
3869470;24,26;55,10231;61,34543
5083000;29,89;55,17319;61,289033
7832650;56,34;55,21335569;61,30290753
18705811;106,3;55,157389;61,402709
11160600;60,5;55,17102;61,29359
8843000;59,75;55,11131;61,248762
9204576;62,61;55,172979;61,367986
28859750;119,75;55,16989;61,3723
17016219;103,41;55,172805;61,365669
9693999;46,59;55,169946;61,377931
7863230;56,56;55,213324;61,30255
12136770;51,2;55,16989266;61,37174534
17041998;106,3;55,170065;61,294848
7979202;59,84;55,16907225;61,31212603
11444674;103,19;55,173447;61,321741
6136302;37,9;55,172805;61,365669
18508839;103,41;55,172805;61,365669
7863230;56,56;55,21355;61,30287
6754840;35,93;55,118179;61,253873
7667000;45,09;55,17230151;61,29111409
12115300;59,59;55,171139;61,292474
12167580;51,34;55,16989266;61,37174534
6071040;37,52;55,172805;61,365669
4587783;26,95;55,186757;61,226865
6871400;36,54;55,116042;61,255014
10322499;56,29;55,169946;61,377931
12215950;59,59;55,122712;61,37265
6172110;27,64;55,17205061;61,29205778
25732500;109,5;55,166588;61,390938
5584000;34,9;55,17282962;61,29152178
11354820;66;55,171139;61,292474
14454904;78,3;55,170065;61,294848
5604682;35,65;55,18692;61,23104
10330000;56,49;55,197718;61,185027
7029600;48,47;55,21277904;61,30311138
10083171;63,65;55,17299;61,37108
8573032;70,15;55,16907225;61,31212603
8246000;58,9;55,170912;61,318013
6734000;46,43;55,12082;61,246166
16672019;85,5;55,170065;61,294848
4929507;28,6;55,173447;61,321741
17371466;106,3;55,16990478;61,29537389
11251464;88,2;55,250793;61,403197
11124900;78,9;55,108254;61,249729
5150485;30,1;55,170912;61,318013
11773368;72,65;55,17349829;61,36949225
52110000;189,49;55,11205672;61,32504179
20390000;72,87;55,15713553;61,41171927
13229628;83,3;55,169946;61,377931
17712000;82;55,112625;61,250663
16665600;99,19;55,17994;61,341
9000000;76,84;55,124681;61,249481
10864560;60,9;55,16002;61,43216
12386290;93,12;55,173447;61,321741
6877500;39,29;55,17230151;61,29111409
20319390;72,73;55,169879;61,371867
8792956;54,99;55,172805;61,365669
5453820;45;55,125443;61,254763
6094950;37,5;55,172805;61,365669
16205600;86,19;55,16063;61,43206
9257160;70,12;55,213324;61,30255
6621166;48,59;55,18757434;61,23137654
8035740;58,22;55,108254;61,249729
11830000;83,9;55,186378;61,226709
4168980;24,37;55,10903154;61,35920441
11257200;63,59;55,118179;61,253873
8160000;45,33;55,173769;61,329517
6350000;33,88;55,197718;61,185027
10472860;65,94;55,171077;61,377832
5990000;55,43;55,12582;61,24988
5673300;49,02;55,172606;61,491112
6715000;69,09;55,103719;61,251798
7696000;59,2;55,170912;61,318013
4342447;26,95;55,186757;61,226865
9047500;51,7;55,17282962;61,29152178
7026270;59,84;55,08973;61,23944
5010000;25,19;55,197718;61,185027
18855720;79,55;55,16976;61,3722
7110246;51,2;55,18757434;61,23137654
7326699;31,39;55,169946;61,377931
11301850;46,13;55,14799671;61,36368892
8793050;38,33;55,17205061;61,29205778
10625914;74,66;55,252399;61,384974
7074000;39,29;55,17319;61,289033
7696000;59,2;55,173447;61,321741
11800000;85,94;55,13655;61,42469
4482639;26,95;55,186743;61,232097
8778000;53,2;55,17319;61,289033
9924080;65,29;55,113143;61,274678
7628100;54,09;55,21316;61,30282
14317100;79,09;55,115985;61,253505
7456250;59,65;55,173447;61,321741
4494000;32,09;55,17343849;61,31978642
5285000;30,2;55,17230151;61,29111409
5594820;36,33;55,10854;61,35956
11513250;53,54;55,1485743;61,36363528
7620480;38,88;55,171077;61,377832
14775950;60,31;55,14897983;61,36362455
4864160;32,31;55,104096;61,350497
14455120;80,8;55,160355;61,431929
13150696;81,58;55,169946;61,377931
5552000;34,7;55,17282962;61,29152178
27290000;108,43;55,157305;61,411689
9332400;84;55,16907225;61,31212603
3613800;26,07;55,12082;61,246166
6473250;32,29;55,169946;61,377931
3530750;24,35;55,17306391;61,31981861
20529080;126,09;55,17908192;61,34101551
5530000;31,6;55,17230151;61,29111409
10188850;47,38;55,122712;61,37265
9854240;81,44;55,10542441;61,34532177
12150032;66,97;55,15142;61,30195
10050441;61,88;55,172805;61,365669
14244700;78,69;55,115985;61,253505
8629140;62,52;55,108254;61,249729
17814330;73,3;55,16989266;61,37174534
8148000;67,9;55,17343849;61,31978642
10649000;92,59;55,179205;61,319181
8432000;52,7;55,17319;61,289033
4587783;26,95;55,186757;61,226865
7124133;51,65;55,187887;61,231487
11383470;51,29;55,16011945;61,43196358
8607284;42,11;55,169946;61,377931
7327000;43,09;55,17319;61,289033
18503276;93,83;55,169946;61,377931
4716000;40;55,113138;61,274687
11990000;86,08;55,1384635;61,45219134
9397116;73,55;55,16907225;61,31212603
5017579;38,59;55,173447;61,321741
5226977;30,39;55,170912;61,318013
11265000;75,09;55,173769;61,329517
10631140;65,94;55,171077;61,377832
8706720;41,97;55,17205061;61,29205778
5584000;34,9;55,17319;61,289033
9721423;79,94;55,08973;61,23944
7697280;40,09;55,10908385;61,25782762
4641000;33,15;55,173447;61,321741
11773368;72,65;55,172805;61,365669
11996000;59,97;55,14897983;61,36362455
10156300;65,94;55,169946;61,377931
8591000;49,31;55,18606474;61,2272569
10920000;43,68;55,122712;61,37265
9991000;66,88;55,18717966;61,22635491
8828970;60,9;55,10995;61,351691
7706300;55,04;55,173447;61,321741
17371466;106,3;55,170065;61,294848
14171700;87,08;55,171139;61,292474
4342447;26,95;55,186757;61,226865
5556985;35,24;55,187887;61,231487
9951900;47,38;55,14799671;61,36368892
6545000;38,5;55,17230151;61,29111409
11015160;59,79;55,160355;61,431929
11750000;84,25;55,17454;61,41601
8791000;55,06;55,186378;61,226709
8443989;41,2;55,157389;61,402709
12767040;64,48;55,171077;61,377832
12057750;69,9;55,180537;61,339986
10042500;66,94;55,170912;61,318013
12392820;51,2;55,16989266;61,37174534
4193360;24,37;55,10854;61,35956
8714550;70,84;55,173781;61,329179
9365600;81,44;55,10542441;61,34532177
10425800;47,38;55,14799671;61,36368892
6512000;40,7;55,17282962;61,29152178
32241300;118,09;55,16989;61,3723
13227500;83,5;55,186757;61,226865
3434213;29,69;55,13106596;61,26330208
8683038;58,9;55,18748;61,2327
9112000;53,59;55,17319;61,289033
20470060;78,12;55,16916799;61,37096213
11524800;47,04;55,122712;61,37265
10693931;83,69;55,16907225;61,31212603
12098700;44,81;55,14897983;61,36362455
5427070;35,86;55,120405;61,245889
12117584;72,65;55,172805;61,365669
18680000;111,33;55,197718;61,185027
4482450;44,7;55,103719;61,251798
8186675;40,75;55,15142;61,30195
4642685;38,34;55,173447;61,321741
6380414;37,59;55,172805;61,365669
12779520;99,83;55,250895;61,24728
5840640;40,56;55,213324;61,30255
10789800;44,04;55,122712;61,37265
9299070;83,69;55,16907225;61,31212603
13484400;79,31;55,250895;61,24728
4978600;32,11;55,111258;61,357638
5699200;38,29;55,170912;61,318013
12391500;75,09;55,17319;61,289033
7595000;43,4;55,108254;61,249729
7889000;56,34;55,21335569;61,30290753
7722240;40,22;55,10849233;61,25690017
10825200;55,79;55,16063;61,43206
21049560;81,83;55,169879;61,371867
5107300;42,9;55,12082;61,246166
3271048;29,38;55,08973;61,23944
8121960;35,15;55,16916799;61,37096213
15277500;83,8;55,17469173;61,39388388
5189700;42,9;55,12082;61,246166
11031116;52,79;55,17019956;61,29454777
7026270;59,84;55,08973;61,23944
6528000;38,4;55,17319;61,289033
6001000;35,29;55,17319;61,289033
15997800;58,59;55,169879;61,371867
8660925;58,75;55,18748;61,2327
10285000;69,8;55,186378;61,226709
3403850;26,35;55,121705;61,247684
8449155;76,05;55,16907225;61,31212603
11430540;82,83;55,108254;61,249729
6382381;42,36;55,186757;61,226865
5400000;49,2;55,12471;61,24962
4930000;35,65;55,121705;61,247684
5720000;42,79;55,121033;61,242418
13122800;61,9;55,115635;61,245187
13917560;85,05;55,171139;61,292474
9816400;43,63;55,178617;61,359747
8185840;46,29;55,171077;61,377832
8051000;31,04;55,171139;61,292474
6069168;37,77;55,17336;61,36843
9443070;34,59;55,16916799;61,37096213
7190000;44,52;55,17446777;61,41569903
12513900;59,59;55,122712;61,37265
7667000;45,09;55,17319;61,289033
5725500;34,7;55,17282962;61,29152178
7706300;55,04;55,16907225;61,31212603
13188000;79,08;55,108254;61,249729
7937599;33,59;55,171745;61,377967
12551280;72,3;55,16002;61,43216
6311111;37,77;55,17336;61,36843
13085600;59,47;55,1485743;61,36363528
9096080;61,45;55,11131;61,248762
16864000;99,19;55,17994;61,341
12806088;72,65;55,17349829;61,36949225
11047450;53,88;55,14897983;61,36362455
6285802;38,18;55,17336;61,36843
16542200;77,3;55,115743;61,246804
10537500;70,25;55,173447;61,321741
5382000;29,89;55,17230151;61,29111409
13513500;83,12;55,108254;61,249729
19744200;78,34;55,16989;61,3723
11360000;72,4;55,197718;61,185027
11755200;49,59;55,16989266;61,37174534
5145000;42,79;55,121263;61,242779
8745000;53;55,17319;61,289033
5372000;31,6;55,17230151;61,29111409
12344680;70,3;55,16002;61,43216
7890000;51,13;55,16814;61,53102
4600000;37,88;55,124681;61,249481
14535240;82,12;55,118179;61,253873
5311110;36,13;55,108254;61,249729
9090900;68,15;55,18742594;61,2285301
13633760;69,55;55,171077;61,377832
10882430;59,04;55,171139;61,292474
17371466;106,3;55,170065;61,294848
11112000;60;55,160355;61,431929
9595647;62,9;55,172979;61,367986
12269070;50,49;55,16989266;61,37174534
4978600;32,11;55,111258;61,357638
5297600;37,84;55,250895;61,24728
10483900;59,5;55,16011945;61,43196358
6688500;51,45;55,17343849;61,31978642
6736798;42,43;55,25239182;61,38401031
9257160;70,12;55,2129;61,30134
8789000;51,7;55,17319;61,289033
6133600;29,92;55,171077;61,377832
3888610;24,37;55,10231;61,34543
4679098;38,65;55,16907225;61,31212603
5298560;38,95;55,10547;61,34532
13821760;75,19;55,16002;61,43216
5835528;47,75;55,16907225;61,31212603
7456250;59,65;55,1737459;61,32446462
7122500;40,7;55,17319;61,289033
15613700;80,9;55,096178;61,240866
4802000;35,91;55,121263;61,242779
11457000;60,88;55,167798;61,308043
7000000;40;55,17319;61,289033
4762031;31,75;55,16907225;61,31212603
3655790;32,24;55,13106596;61,26330208
7000000;40;55,17319;61,289033
4452374;37,36;55,08973;61,23944
31584000;117,54;55,11145;61,32772
3271048;29,38;55,08973;61,23944
10032400;71,66;55,213324;61,30255
7919800;56,56;55,21355;61,30287
7358000;56,59;55,173447;61,321741
22234600;103,9;55,106021;61,252925
16264000;76;55,116768;61,249804
8690000;77,61;55,12471;61,24962
13459896;79;55,16990478;61,29537389
5385616;45,09;55,125436;61,254759
6976000;43,59;55,17319;61,289033
7200318;59,08;55,187887;61,231487
8425500;41,09;55,16011945;61,43196358
9716300;40,79;55,17179;61,29243
14660910;82,83;55,116042;61,255014
4439760;44,7;55,10314;61,247069
9211920;35,15;55,16916799;61,37096213
6050000;38,58;55,17446777;61,41569903
8591000;48,22;55,18606474;61,2272569
7650000;44,18;55,11611;61,45367
12406600;60,52;55,122712;61,37265
8721984;48;55,173308;61,369697
10992000;60;55,16011945;61,43196358
12591600;59,95;55,122712;61,37265
9670000;59,79;55,186561;61,227535
9880183;66,51;55,250793;61,403197
6126440;61,79;55,103719;61,251798
24710000;94,66;55,157305;61,411689
5574800;36,06;55,113143;61,274678
7000000;40;55,17230151;61,29111409
6760480;35,95;55,116042;61,255014
3180000;29,32;55,12582;61,24988
15517200;80,4;55,09489;61,243489
5729000;38,5;55,170912;61,318013
7889000;56,34;55,21355;61,30287
12140400;80,4;55,113143;61,274678
9459120;71,66;55,21316;61,30282
11455763;103,3;55,16907225;61,31212603
5188278;45,06;55,13106596;61,26330208
11975000;79,3;55,186378;61,226709
12859000;83,5;55,186757;61,226865
7519900;54,09;55,213324;61,30255
9172800;63;55,18766;61,23199
5281260;38,27;55,10547;61,34532
5030507;38,7;55,16907225;61,31212603
3271048;29,38;55,08973;61,23944
5616097;58,29;55,127295;61,260969
8785400;70,84;55,173769;61,329517
13525174;79;55,170065;61,294848
4957463;31,59;55,187887;61,231487
13368510;73,9;55,160355;61,431929
11265000;75,09;55,173781;61,329179
14304000;59,59;55,148498;61,363387
8997950;70,84;55,173781;61,329179
5599000;49,99;55,12471;61,24962
5346000;32,4;55,17282962;61,29152178
6838000;70,8;55,103719;61,251798
8709573;59,08;55,186743;61,232097
8789000;51,7;55,17319;61,289033
14223110;66;55,178617;61,359747
7832650;56,34;55,213324;61,30255
10721900;59,5;55,16011945;61,43196358
10364200;66,34;55,18641;61,22835
5604682;35,65;55,18692;61,23104
7919800;56,56;55,21298762;61,30193121
6274332;38;55,17336;61,36843
5216640;39,52;55,10547;61,34532
6311098;37,59;55,172805;61,365669
4256015;35,29;55,125922;61,253945
6340034;38;55,17336;61,36843
7684099;31,29;55,169946;61,377931
10005600;45,47;55,122712;61,37265
5840640;40,56;55,213324;61,30255
14103000;78,4;55,170065;61,294848
6220935;54,81;55,172606;61,491112
9693999;46,59;55,169946;61,377931
10101600;55,2;55,17994;61,341
6937200;36,9;55,118179;61,253873
6993000;49,95;55,173447;61,321741
8681563;58,88;55,18748;61,2327
4847515;30,1;55,170912;61,318013
19055080;78,73;55,16976;61,3722
6340056;37,81;55,17336;61,36843
18342705;107,31;55,17349829;61,36949225
5402250;36,75;55,108254;61,249729
13287514;78,09;55,170065;61,294848
5859354;35,24;55,18748;61,2327
8649000;53,31;55,182297;61,234912
5363525;35,09;55,18710168;61,23087229
4342447;26,95;55,186757;61,226865
16260000;56,56;55,11205672;61,32504179
18855720;79,55;55,16989266;61,37174534
9332400;84;55,173447;61,321741
16994999;101,3;55,169946;61,377931
9936000;62,09;55,170912;61,318013
7026694;50,2;55,18748227;61,23197736
6860000;39,2;55,17319;61,289033
5045500;42,9;55,121705;61,247684
35680000;166,52;55,11145;61,32772
5665000;42,9;55,120405;61,245889
12100000;86,08;55,13848;61,45237
4474815;37,9;55,08973;61,23944
12136024;80,94;55,172979;61,371274
7574000;54,09;55,213324;61,30255
11066092;71,16;55,17336;61,36843
4526261;38,29;55,08973;61,23944
7863230;56,56;55,21335569;61,30290753
4875000;39;55,17306391;61,31981861
6134452;37,77;55,172805;61,365669
12448800;43,68;55,122712;61,37265
7362880;48,43;55,113143;61,274678
18705811;106,3;55,170065;61,294848
16807200;70,02;55,16989266;61,37174534
9000000;53,49;55,17446777;61,41569903
11519700;53,58;55,14799671;61,36368892
4168980;24,37;55,10903154;61,35920441
8660925;58,75;55,18748;61,2327
6896500;53,04;55,170912;61,318013
21024360;83,43;55,169879;61,371867
17285599;96,19;55,169946;61,377931
8387808;56,4;55,186757;61,226865
8121450;56;55,170984;61,434093
11574030;65,38;55,118179;61,253873
21863900;83,44;55,169879;61,371867
8573032;70,15;55,173447;61,321741
4587783;26,95;55,186757;61,226865
8844000;53,59;55,17319;61,289033
15353200;58,59;55,169879;61,371867
5267500;30,1;55,17282962;61,29152178
17447600;82,3;55,112625;61,250663
11136650;47,38;55,14799671;61,36368892
12140400;80,4;55,113143;61,274678
9299070;83,69;55,16907225;61,31212603
12155500;80,5;55,113143;61,274678
4574543;30,2;55,173447;61,321741
7412000;43,59;55,17319;61,289033
14897500;59,59;55,122712;61,37265
5286120;35,95;55,108254;61,249729
6285800;37,79;55,17336;61,36843
9982500;60,5;55,17319;61,289033
5935500;39,56;55,1737459;61,32446462
10520880;59,43;55,118179;61,253873
7090000;44,52;55,17454;61,41601
10983900;53,58;55,14799671;61,36368892
32056500;136,03;55,11145;61,32772
11478600;63;55,16011945;61,43196358
13910400;83,12;55,108254;61,249729
9157950;43,29;55,16011945;61,43196358
6250250;54,34;55,173447;61,321741
5800000;32,22;55,173769;61,329517
18352400;94,16;55,178617;61,359747
7012697;50,61;55,187887;61,231487
4059770;24,3;55,10887778;61,35977304
6351647;37,79;55,17336;61,36843
8064000;44,79;55,17230151;61,29111409
14520900;85;55,171139;61,292474
5006500;32,29;55,10907;61,35937
6314000;41;55,172661;61,473134
10050441;61,88;55,172979;61,367986
6937200;36,9;55,118179;61,253873
7679000;54,84;55,170912;61,318013
15171000;95,8;55,169946;61,377931
3295280;24,22;55,214029;61,298371
4220000;37,72;55,12582;61,24988
8565700;36,59;55,17102;61,29359
12707100;60,5;55,1485743;61,36363528
17513724;103,41;55,172805;61,365669
9700000;58,91;55,115574;61,450108
10977899;55,29;55,171745;61,377967
4169200;29,78;55,250895;61,24728
3655790;32,24;55,13106596;61,26330208
7853500;56,5;55,187224;61,233634
5586030;36,5;55,10907;61,35937
7752960;40,38;55,10908385;61,25782762
12509120;64,48;55,171077;61,377832
31172760;118,98;55,16989;61,3723
10727568;56,88;55,15142;61,30195
9555000;73,5;55,170912;61,318013
5023920;38,06;55,10542441;61,34532177
9110880;66,51;55,250793;61,403197
4919508;30,39;55,173447;61,321741
9066480;61,25;55,11131;61,248762
6578449;27,29;55,169946;61,377931
4587783;26,95;55,186757;61,226865
9582720;65,09;55,208243;61,188443
10015110;52,99;55,10908385;61,25782762
9968100;64,5;55,182297;61,234912
6314000;41;55,172661;61,473134
3295280;24,22;55,214029;61,298371
7327000;43,09;55,17319;61,289033
9335000;59,95;55,186561;61,227535
5574360;42,9;55,120405;61,245889
13368510;73,9;55,16011945;61,43196358
13153800;59,79;55,16989266;61,37174534
15594400;80,8;55,093061;61,238593
3912000;24,45;55,213324;61,30255
7367440;56,24;55,214029;61,298371
8695500;52,7;55,17319;61,289033
12770850;44,81;55,14897983;61,36362455
5616097;58,29;55,127295;61,260969
8387808;56,4;55,186757;61,226865
4978600;32,11;55,10907;61,35937
13395000;53,58;55,148498;61,363387
12709200;60,52;55,148498;61,363387
3912000;24,45;55,213324;61,30255
6700000;42,22;55,17454;61,41601
3912000;24,45;55,213324;61,30255
7530213;51,08;55,18692;61,23104
7616000;44,79;55,17319;61,289033
12172949;104,34;55,173447;61,321741
7839600;56,4;55,1726;61,47311
7773540;59,34;55,214029;61,298371
6351647;37,79;55,17336;61,36843
8942400;64,8;55,108254;61,249729
5030507;38,7;55,173447;61,321741
7826000;60,2;55,17306391;61,31981861
6550000;36,97;55,197718;61,185027
7207200;36,4;55,094091;61,242321
18232830;78,93;55,169879;61,371867
25330000;72,8;55,157305;61,411689
13570300;68,69;55,17469173;61,39388388
7722000;59,4;55,170912;61,318013
12203800;53,06;55,14897983;61,36362455
7087083;48,79;55,16382;61,43562
14943000;87,9;55,17994;61,341
7848210;59,9;55,10547;61,34532
14299000;79;55,117128;61,252858
8118000;49,2;55,17319;61,289033
13576215;88,2;55,250793;61,403197
10266720;58,4;55,16002;61,43216
14166870;78,3;55,170065;61,294848
6245691;37,59;55,172979;61,367986
6789700;67,19;55,10314;61,247069
6417457;37,79;55,17299;61,37108
12934999;78,59;55,169946;61,377931
4883725;32,45;55,10231;61,34543
6128370;41,13;55,10887778;61,35977304
9699200;43,29;55,113993;61,251376
11263006;97,12;55,13106596;61,26330208
15555800;80,59;55,093679;61,243624
5834880;40,52;55,21316;61,30282
8745000;53;55,17319;61,289033
10733580;59,4;55,16002;61,43216
5839600;44,91;55,13106596;61,26330208
10834110;60,9;55,160355;61,431929
7392000;45,56;55,108254;61,249729
6838000;70,8;55,10314;61,247069
6092169;49,84;55,16907225;61,31212603
10381470;57,9;55,16011945;61,43196358
15442560;61,27;55,16989;61,3723
7520240;51,65;55,18766;61,23199
13917300;60,5;55,122712;61,37265
11902500;69;55,180537;61,339986
8714550;70,84;55,173769;61,329517
6441906;37,77;55,17299;61,37108
10648872;66,05;55,171077;61,377832
6561000;45,95;55,18717966;61,22635491
7919800;56,56;55,213324;61,30255
12954904;81,58;55,169946;61,377931
23375200;95,8;55,166588;61,390938
3912000;24,45;55,213324;61,30255
7679000;54,84;55,170912;61,318013
12942600;65,8;55,17179;61,29243
15517200;80,4;55,09489;61,243489
6285802;38,18;55,17336;61,36843
7863230;56,56;55,21355;61,30287
6495400;46,5;55,173447;61,321741
7863230;56,56;55,213324;61,30255
15034800;103,55;55,18641;61,22835
7752960;40,38;55,10908385;61,25782762
9526320;76,05;55,16907225;61,31212603
17715600;93,23;55,171077;61,377832
9428370;79,23;55,10547;61,34532
9721423;79,94;55,08973;61,23944
22310000;82,56;55,11205672;61,32504179
5006500;32,29;55,111258;61,357638
5467000;39,04;55,173447;61,321741
21330000;76,3;55,11145;61,32772
18855720;79,55;55,16989266;61,37174534
7147800;36,09;55,093061;61,238593
7200318;59,08;55,187887;61,231487
4177880;24,29;55,10854;61,35956
35690000;103,75;55,157305;61,411689
7400000;68,26;55,12471;61,24962
41633700;148,97;55,11193;61,325796
6031994;37,31;55,172805;61,365669
6134425;37,59;55,172979;61,367986
9393600;61,79;55,113143;61,274678
7221850;69,69;55,10314;61,247069
7709000;59,29;55,173447;61,321741
7287280;50,04;55,18692;61,23104
6561000;45,95;55,186378;61,226709
4978600;32,11;55,111258;61,357638
9595647;62,9;55,172979;61,367986
6542000;67,8;55,103719;61,251798
6069168;37,77;55,17336;61,36843
5840640;40,56;55,213324;61,30255
4177880;24,29;55,111258;61,357638
7412000;43,59;55,17282962;61,29152178
9586830;79,23;55,10547;61,34532
8448000;51,2;55,17319;61,289033
15517200;80,4;55,09489;61,243489
6069169;37,59;55,172805;61,365669
30170790;125,19;55,16989;61,3723
10327562;63,65;55,172805;61,365669
11799000;82,41;55,186378;61,226709
7889000;56,34;55,213324;61,30255
10018800;55,2;55,180537;61,339986
15671600;81,19;55,095451;61,246004
11615940;61,45;55,11713;61,24662
12837999;78,3;55,171745;61,377967
33901140;124,18;55,16989;61,3723
9459120;71,66;55,21277904;61,30311138
18359870;106,3;55,16990478;61,29537389
9951900;47,38;55,14799671;61,36368892
5201250;36,5;55,10222425;61,34539511
12192900;62,66;55,174775;61,393563
9852500;56,29;55,17319;61,289033
11298420;59,77;55,10908385;61,25782762
6304880;61,7;55,103719;61,251798
9300000;56,4;55,17446777;61,41569903
10083171;63,65;55,17299;61,37108
5281320;40;55,10542441;61,34532177
31892161;112,98;55,11193;61,325796
8288000;59,2;55,170912;61,318013
4945869;39,04;55,173447;61,321741
6311111;37,77;55,17336;61,36843
10168200;72,62;55,21277904;61,30311138
4864160;32,31;55,10231;61,34543
5608350;42,9;55,120405;61,245889
12117584;72,65;55,172805;61,365669
16264000;76;55,106021;61,252925
14385100;85,59;55,17205061;61,29205778
7276500;48,5;55,11131;61,248762
3048890;24,45;55,12719;61,622804
8717100;59,29;55,108254;61,249729
4057500;32,18;55,12719;61,622804
7124133;51,65;55,187887;61,231487
14695500;85,59;55,171139;61,292474
5899000;34,7;55,17282962;61,29152178
14211330;80,29;55,116042;61,255014
5669400;37,84;55,170912;61,318013
5835528;47,75;55,16907225;61,31212603
24612724;86,72;55,11193;61,325796
23018129;84,33;55,11145;61,32772
8080000;61,77;55,121705;61,247684
7751040;40,36;55,10849233;61,25690017
5699200;38,29;55,170912;61,318013
9325580;38;55,171139;61,292474
10032400;71,66;55,21277904;61,30311138
10819200;47,04;55,14897983;61,36362455
8505120;61,09;55,208243;61,188443
24197600;104,3;55,114023;61,25137
5872191;48,04;55,16907225;61,31212603
8736109;59,25;55,186757;61,226865
7457977;50,59;55,18766;61,23199
16684000;94,16;55,174775;61,393563
7892500;45,09;55,17319;61,289033
9349200;44,09;55,112625;61,250663
10419000;45,29;55,148498;61,363387
6060000;33,36;55,197718;61,185027
12963000;74,5;55,180537;61,339986
7979202;59,84;55,16907225;61,31212603
10217527;44,2;55,157389;61,402709
8938615;65,55;55,250793;61,403197
9789300;70,61;55,172979;61,367986
7863230;56,56;55,21355;61,30287
9526320;76,05;55,173447;61,321741
4057500;32,18;55,12719;61,622804
11464290;64,76;55,118179;61,253873
9023350;62,22;55,17096;61,434045
13550900;64,3;55,17102;61,29359
21530000;76,3;55,11205672;61,32504179
9818200;70,12;55,21355;61,30287
11474910;64,83;55,116042;61,255014
10148600;46,13;55,14799671;61,36368892
17013135;106,09;55,170065;61,294848
7187240;38,22;55,116042;61,255014
8695500;52,7;55,17282962;61,29152178
8596947;61,31;55,250793;61,403197
19410000;74,19;55,157305;61,411689
10810852;71,69;55,172979;61,367986
8220660;59,56;55,108254;61,249729
12117584;72,65;55,17349829;61,36949225
11620000;78,95;55,197718;61,185027
10977899;55,29;55,169946;61,377931
10476816;71,16;55,17299;61,37108
6138182;37,52;55,172979;61,367986
7444800;30,79;55,17102;61,29359
27990000;94,84;55,157305;61,411689
5372850;36,54;55,108254;61,249729
5669500;38,09;55,173447;61,321741
11869890;60,95;55,171139;61,292474
16883400;59,24;55,14897983;61,36362455
3180000;29,69;55,12582;61,24988
6727500;51,75;55,17343849;61,31978642
6471438;38;55,172805;61,365669
6896500;53,04;55,170912;61,318013
10746060;59,79;55,16002;61,43216
4757100;34,84;55,12082;61,246166
8417552;56,59;55,186757;61,226865
8738000;51,4;55,17319;61,289033
10979440;56,79;55,180537;61,339986
25621875;94,8;55,11145;61,32772
9911460;51,29;55,17128914;61,29316285
9691360;81,44;55,10542441;61,34532177
9624120;72,91;55,21316;61,30282
6554145;43,5;55,186743;61,232097
6874868;47,59;55,16907225;61,31212603
12838400;68;55,17908192;61,34101551
7614191;46,7;55,250793;61,403197
13011800;60,52;55,122712;61,37265
19158450;113,69;55,160355;61,431929
6380414;37,59;55,17299;61,37108
6110000;48,47;55,12719;61,622804
22377900;98,16;55,17469173;61,39388388
25059400;89,41;55,11205672;61,32504179
10270360;43,95;55,17469173;61,39388388
5558490;36,33;55,111258;61,357638
8443989;41,2;55,157389;61,402709
9434000;44,5;55,112625;61,250663
9955999;46,4;55,171745;61,377967
10083171;63,65;55,172805;61,365669
6702500;38,29;55,17230151;61,29111409
11619524;68,02;55,169946;61,377931
7110246;51,65;55,187887;61,231487
16505520;85,08;55,108256;61,249732
12717780;100,13;55,250895;61,24728
13497000;83,12;55,108254;61,249729
5150485;30,1;55,173447;61,321741
7821000;48,61;55,108254;61,249729
6913000;44,59;55,173769;61,329517
16242600;75,9;55,116768;61,249804
13484900;74,75;55,15142;61,30195
6245714;37,77;55,172805;61,365669
7224850;58,9;55,18696663;61,23160185
5935500;39,56;55,1737459;61,32446462
8932000;46,4;55,180537;61,339986
6322800;36,99;55,18641;61,22835
9951900;47,38;55,148498;61,363387
5834880;40,52;55,21277904;61,30311138
11827200;49,27;55,16989266;61,37174534
14443300;89,48;55,171139;61,292474
10258927;70,61;55,172979;61,371274
10472860;65,94;55,171077;61,377832
5100040;38,06;55,10542441;61,34532177
7752960;40,38;55,10908385;61,25782762
15450120;61,31;55,16989;61,3723
6314000;41;55,172661;61,473134
9200800;57;55,182297;61,234912
5232500;29,89;55,17230151;61,29111409
11234127;52,79;55,170065;61,294848
4256000;35,4;55,127295;61,260969
13013000;83,9;55,186757;61,226865
6554145;43,5;55,186757;61,226865
7668750;61,34;55,17343849;61,31978642
5868000;40,75;55,21335569;61,30290753
8660925;58,75;55,18766;61,23199
11523600;56;55,17102;61,29359
6511000;38,29;55,17230151;61,29111409
9745290;79,23;55,10547;61,34532
16715200;99,19;55,17992613;61,34096187
4047080;24,37;55,111258;61,357638
8132160;63,04;55,10547;61,34532
13433200;78,09;55,17994;61,341
8122780;42,34;55,17128914;61,29316285
9078000;53,4;55,17319;61,289033
5311110;36,13;55,108254;61,249729
10021740;56,61;55,116042;61,255014
5188278;45,06;55,13106596;61,26330208
7679000;54,84;55,173447;61,321741
10350000;70,95;55,13848;61,45237
14317100;79,09;55,117403;61,25269
18903500;98,19;55,17928;61,34155
5244200;40,34;55,10547;61,34532
12058200;69,3;55,17994;61,341
10819000;69,8;55,17282962;61,29152178
7840620;60,77;55,10542441;61,34532177
6285800;37,79;55,172805;61,365669
5868000;40,75;55,213324;61,30255
10327562;63,65;55,172805;61,365669
8696476;57,68;55,250793;61,403197
6874868;47,59;55,173447;61,321741
5029440;34,11;55,121705;61,247684
6483267;37,79;55,172979;61,371274
3890016;26,95;55,18672;61,23403
5213000;40,09;55,17343849;61,31978642
12136770;51,2;55,16976;61,3722
5030507;38,7;55,16907225;61,31212603
30870000;119,04;55,11193;61,325796
3997960;34,84;55,13106596;61,26330208
7962667;46,7;55,250793;61,403197
9210400;46,4;55,180537;61,339986
6528000;38,4;55,17230151;61,29111409
5134000;30,2;55,17319;61,289033
10168200;72,62;55,213324;61,30255
10849260;74,3;55,11131;61,248762
6201583;37,9;55,172979;61,371274
21785300;83,15;55,16916799;61,37096213
18631723;114,19;55,17019956;61,29454777
9827000;63,4;55,173781;61,329179
7209860;34,29;55,180537;61,339986
10625914;74,66;55,25239182;61,38401031
4770045;31,7;55,16907225;61,31212603
4342447;26,95;55,186757;61,226865
6094950;37,5;55,17336;61,36843
16900000;53,97;55,15713553;61,41171927
5478000;33,2;55,17282962;61,29152178
4379562;28,79;55,173447;61,321741
6128370;41,13;55,10854;61,35956
8074720;46,29;55,171077;61,377832
14535240;82,12;55,118179;61,253873
5311110;36,13;55,108254;61,249729
18570000;74,19;55,15713553;61,41171927
9100000;76,63;55,124681;61,249481
10207400;72,91;55,21316;61,30282
5907000;42,9;55,120405;61,245889
10455000;67,76;55,186378;61,226709
25235000;95,25;55,11145;61,32772
3992800;28,52;55,250895;61,24728
8709573;59,08;55,186743;61,232097
5758500;34,9;55,17282962;61,29152178
8257500;55,04;55,170912;61,318013
7919800;56,56;55,213324;61,30255
4342447;26,95;55,186757;61,226865
5899000;34,7;55,17282962;61,29152178
10374001;55,77;55,17349829;61,36949225
7863230;56,56;55,2129;61,30134
6011621;38,65;55,16907225;61,31212603
12140400;80,4;55,113143;61,274678
9722520;47,79;55,17928;61,34155
12469100;53,06;55,14897983;61,36362455
7696000;59,2;55,170912;61,318013
9547200;44,2;55,112625;61,250663
14166870;78,3;55,17019956;61,29454777
10314580;65,94;55,171077;61,377832
10216800;47,29;55,112625;61,250663
6919000;40,7;55,17282962;61,29152178
4864160;32,31;55,104096;61,350497
10022057;63,65;55,17336;61,36843
4181320;24,3;55,10854;61,35956
9581000;67;55,208243;61,188443
12392820;51,2;55,16976;61,3722
9894120;80,44;55,10542441;61,34532177
7460926;50,61;55,18748;61,2327
7194460;50,9;55,18710168;61,23087229
12770850;44,81;55,122712;61,37265
8974084;57,68;55,250793;61,403197
7743360;40,33;55,11713;61,24662
5870895;42,43;55,252399;61,384974
8165000;48,02;55,18717966;61,22635491
6475294;53,79;55,13106596;61,26330208
8204735;73,84;55,173447;61,321741
6245714;37,77;55,172805;61,365669
9961952;62,29;55,160741;61,460675
11750000;83,66;55,17454;61,41601
7058746;60,45;55,13106596;61,26330208
5935500;39,56;55,173447;61,321741
5332964;34,9;55,18710168;61,23087229
8843000;59,75;55,11131;61,248762
5868000;40,75;55,213324;61,30255
13329000;59,24;55,14897983;61,36362455
36352980;133,58;55,11193;61,325796
3888610;24,37;55,10222425;61,34539511
8811000;53,4;55,17319;61,289033
16783500;100,5;55,108254;61,249729
13328500;78,5;55,169946;61,377931
5467202;45,09;55,125443;61,254763
11729640;80,33;55,11131;61,248762
9695400;44,06;55,148498;61,363387
11524800;47,04;55,14897983;61,36362455
9695400;44,06;55,14799671;61,36368892
5324000;33,47;55,121033;61,242418
4056430;24,29;55,10887778;61,35977304
10976029;70,9;55,160741;61,460675
14644260;84,59;55,16011945;61,43196358
7194460;50,9;55,18710168;61,23087229
39182961;142,63;55,11145;61,32772
12575100;75,3;55,108254;61,249729
4168980;24,37;55,10907;61,35937
7756800;40,4;55,10908385;61,25782762
14943240;80,33;55,11713;61,24662
11996000;59,97;55,122712;61,37265
5644000;33,2;55,17282962;61,29152178
10005350;64,8;55,182297;61,234912
10156300;65,94;55,171077;61,377832
4057500;32,18;55,12719;61,622804
13350840;78,4;55,157389;61,402709
8712030;61,09;55,10995;61,351691
8833372;61,31;55,250793;61,403197
8854358;65,55;55,250793;61,403197
17513724;103,41;55,173308;61,369697
6072917;37,52;55,172805;61,365669
6996330;33,29;55,16002;61,43216
5878463;40,9;55,16382;61,43562
6500000;39,27;55,17446777;61,41569903
7728390;59,9;55,10547;61,34532
3048890;24,45;55,12719;61,622804
29337000;124,51;55,11205672;61,32504179
9568200;51,79;55,16990478;61,29537389
14943240;80,33;55,11713;61,24662
7979202;59,84;55,173447;61,321741
6109000;41;55,10854;61,35956
5927600;40,97;55,17096;61,434045
13328500;78,3;55,169946;61,377931
8417552;56,59;55,186757;61,226865
14516250;59,25;55,122712;61,37265
6050000;38,58;55,17446777;61,41569903
17327070;73,11;55,16989266;61,37174534
4582413;39,79;55,125922;61,253945
12690000;108,12;55,16814;61,53102
23200000;85,02;55,15713553;61,41171927
7863230;56,56;55,213324;61,30255
8854955;48,79;55,173372;61,36710624
3912000;24,45;55,213324;61,30255
5128180;38,27;55,10547;61,34532
6979000;49,84;55,173447;61,321741
14338000;104,77;55,18717966;61,22635491
13350840;78,4;55,170065;61,294848
15517200;80,4;55,093679;61,243624
7561633;46,77;55,17336;61,36843
4168980;24,37;55,10907;61,35937
22768250;74,69;55,17019956;61,29454777
12060174;80,94;55,172979;61,367986
10131765;70,15;55,173447;61,321741
6554145;43,5;55,186757;61,226865
6351625;38,18;55,17336;61,36843
4716000;40;55,126086;61,2562
6545000;38,5;55,17230151;61,29111409
7628100;54,09;55,213324;61,30255
5998620;60,79;55,103719;61,251798
6702500;38,29;55,17319;61,289033
29050000;94,83;55,15713553;61,41171927
10006840;64,8;55,182297;61,234912
8660925;58,75;55,18748;61,2327
4595203;39,9;55,125922;61,253945
9638860;62,59;55,17096;61,434045
13405460;73,9;55,16002;61,43216
7832650;56,34;55,21335569;61,30290753
17513724;103,41;55,17349829;61,36949225
9100000;76,84;55,124681;61,249481
9796950;47,79;55,122712;61,37265
5609500;37,45;55,173447;61,321741
7628100;54,09;55,213324;61,30255
17327070;73,11;55,16989266;61,37174534
7616000;44,79;55,17319;61,289033
11996000;59,97;55,14897983;61,36362455
3942840;26,35;55,120405;61,245889
15743000;60,54;55,14799671;61,36368892
7950872;55,04;55,16907225;61,31212603
7863230;56,56;55,213324;61,30255
12200800;80,56;55,113143;61,274678
13329000;59,24;55,122712;61,37265
10241000;73,15;55,170912;61,318013
6071021;37,9;55,172979;61,367986
21050000;72,98;55,11145;61,32772
7706300;55,04;55,173447;61,321741
9555000;73,5;55,173447;61,321741
8118000;45,09;55,17319;61,289033
6706500;39,45;55,173447;61,321741
19744200;78,34;55,169879;61,371867
13004999;78,8;55,169946;61,377931
4056430;24,29;55,10887778;61,35977304
6311111;37,77;55,172805;61,365669
9956000;46,5;55,171745;61,377967
5759100;38,66;55,18742594;61,2285301
20759520;103;55,11372;61,24745
24276000;89,83;55,11145;61,32772
12117584;72,65;55,173308;61,369697
15026160;82,19;55,17928;61,34155
9520772;41,2;55,16990478;61,29537389
5594820;36,33;55,111258;61,357638
32455500;137,72;55,11193;61,325796
11155400;57,79;55,16063;61,43206
12424280;51,34;55,16989266;61,37174534
4193360;24,37;55,10854;61,35956
5311110;36,13;55,108254;61,249729
5361230;40,13;55,10547;61,34532
8408064;86,69;55,103719;61,251798
10005660;52,93;55,10908385;61,25782762
9061942;44,2;55,170065;61,294848
4045500;34,75;55,124001;61,247289
6274332;38;55,172979;61,367986
3869470;24,26;55,104096;61,350497
13630100;64,3;55,17102;61,29359
10192500;45,29;55,148498;61,363387
9739060;65,55;55,250793;61,403197
12781620;83,54;55,250895;61,24728
10022057;63,65;55,172979;61,367986
8475500;77,05;55,1737459;61,32446462
16063220;61,31;55,169879;61,371867
9369224;41,2;55,157389;61,402709
15353200;58,59;55,16989;61,3723
11046929;70,9;55,158549;61,468086
6682766;37,81;55,172805;61,365669
8749230;42,7;55,16002;61,43216
9415000;67,25;55,173447;61,321741
26876500;109,69;55,208243;61,188443
12451584;81,23;55,172979;61,371274
8302195;65,62;55,17360031;61,32317977
6245691;37,59;55,172979;61,367986
15536500;80,5;55,094091;61,242321
4168980;24,37;55,111258;61,357638
13004999;78,8;55,171745;61,377967
10192500;45,29;55,14799671;61,36368892
5117000;30,1;55,17282962;61,29152178
7276500;48,5;55,11131;61,248762
6285797;38,16;55,172805;61,365669
8298626;40,88;55,15142;61,30195
5439000;38,84;55,173447;61,321741
20376720;72,94;55,169879;61,371867
15555800;80,59;55,094091;61,242321
5400000;49,2;55,12471;61,24962
6006000;41,25;55,18748;61,2327
5586030;36,5;55,10907;61,35937
13279300;63,09;55,174775;61,393563
7124133;51,65;55,187887;61,231487
3912000;24,45;55,213324;61,30255
6450000;37,34;55,11611;61,45367
12140400;80,4;55,113143;61,274678
3552000;26,42;55,12082;61,246166
8792235;41,2;55,16990478;61,29537389
12020140;49,66;55,16976;61,3722
10804223;71,16;55,17299;61,37108
11578140;61,25;55,11713;61,24662
9299070;83,69;55,173447;61,321741
11136650;47,38;55,148498;61,363387
4572431;37,84;55,13106596;61,26330208
10835650;58,09;55,17992613;61,34096187
15690900;81,3;55,095451;61,246004
3271048;29,38;55,08973;61,23944
7110000;39,5;55,173447;61,321741
4642685;38,34;55,16907225;61,31212603
17341600;81,8;55,112625;61,250663
8112000;67,59;55,17343849;61,31978642
13444200;66;55,17469173;61,39388388
3912000;24,45;55,213324;61,30255
3512608;32,18;55,08973;61,23944
5298560;38,95;55,10547;61,34532
9491300;61,59;55,182297;61,234912
6454380;32,97;55,171139;61,292474
5508000;32,4;55,17282962;61,29152178
9275000;53;55,17230151;61,29111409
7295937;59,7;55,16907225;61,31212603
6274343;37,81;55,17336;61,36843
5835528;47,75;55,173447;61,321741
8677500;48;55,172805;61,365669
5332964;34,9;55,18710168;61,23087229
8344063;49,59;55,17349829;61,36949225
19055080;78,73;55,16989266;61,37174534
9150000;58,29;55,13655;61,42469
7962180;60,77;55,10542441;61,34532177
17249200;59,47;55,122712;61,37265
4919508;30,39;55,173447;61,321741
8811000;53,4;55,17319;61,289033
4978600;32,11;55,111258;61,357638
16883400;59,24;55,14897983;61,36362455
8432000;52,7;55,17282962;61,29152178
6554145;43,5;55,18692;61,23104
20396700;77,84;55,169879;61,371867
8387808;56,4;55,186757;61,226865
9400000;57,95;55,17446777;61,41569903
12136770;51,2;55,16976;61,3722
9945000;58,5;55,17319;61,289033
5699200;38,29;55,173447;61,321741
14366256;78,4;55,170065;61,294848
5372000;31,6;55,17230151;61,29111409
6071040;37,52;55,172805;61,365669
8811000;53,4;55,17230151;61,29111409
8129767;46,47;55,250793;61,403197
6896777;50,2;55,187887;61,231487
6366030;47,75;55,173447;61,321741
5758500;34,9;55,17282962;61,29152178
11052000;60;55,160355;61,431929
12709200;71,19;55,17992613;61,34096187
9960650;64,5;55,182297;61,234912
7748580;58,25;55,10547;61,34532
32246100;132,69;55,166588;61,390938
5493984;45,29;55,113138;61,274687
19555680;72,94;55,16916799;61,37096213
6222000;36,59;55,170912;61,318013
23269600;100,3;55,114023;61,25137
10581840;56,79;55,17992613;61,34096187
7724160;40,22;55,114982;61,244986
10006840;64,8;55,182297;61,234912
8387808;56,4;55,186757;61,226865
19325000;77,3;55,115743;61,246804
5669500;38,09;55,170912;61,318013
37206000;163,83;55,11193;61,325796
8997950;70,84;55,173769;61,329517
13826400;82,84;55,108254;61,249729
9503399;62,61;55,172805;61,365669
10012500;66,75;55,170912;61,318013
9481750;41,45;55,17128914;61,29316285
7412000;43,59;55,17319;61,289033
9712900;47,38;55,1485743;61,36363528
10154025;70,86;55,17336;61,36843
3271048;29,38;55,08973;61,23944
6134425;37,59;55,172979;61,367986
9109800;67,62;55,186378;61,226709
7203773;60,99;55,13106596;61,26330208
19051753;106,3;55,16990478;61,29537389
8789180;59,61;55,18692;61,23104
9211920;35,15;55,16989;61,3723
18639000;99,8;55,171745;61,377967
10864000;59,75;55,17205061;61,29205778
15748200;80,76;55,09343218;61,24079687
7863230;56,56;55,213324;61,30255
10932000;60;55,160355;61,431929
55766200;182,89;55,17019956;61,29454777
13623750;60,54;55,148498;61,363387
6285800;37,79;55,17336;61,36843
5600000;45,4;55,124681;61,249481
7027507;60,2;55,13106596;61,26330208
16192850;96,09;55,16002;61,43216
9047500;51,7;55,17319;61,289033
4587783;26,95;55,186757;61,226865
9878000;64,83;55,18722;61,22869
5030507;38,7;55,16907225;61,31212603
12125300;80,59;55,113143;61,274678
5372850;36,54;55,108254;61,249729
9828000;43,68;55,14897983;61,36362455
6058500;40,38;55,11131;61,248762
11832623;80,94;55,17336;61,36843
18158400;95,33;55,171139;61,292474
6238750;54,25;55,170912;61,318013
7666976;36,43;55,171077;61,377832
18705811;106,3;55,157389;61,402709
24589724;87,48;55,11145;61,32772
8530500;51,7;55,17282962;61,29152178
12881272;88,2;55,250793;61,403197
9878400;47,04;55,122712;61,37265
3888610;24,37;55,10231;61,34543
7105186;49,11;55,172805;61,365669
10511000;45,7;55,14897983;61,36362455
13926500;60,54;55,148498;61,363387
26635700;118,9;55,148498;61,363387
7542500;43,09;55,17230151;61,29111409
7832650;56,34;55,213324;61,30255
4474815;37,9;55,08973;61,23944
19101600;113,69;55,160355;61,431929
5215000;29,79;55,17319;61,289033
8058050;56,34;55,21335569;61,30290753
8871720;38,43;55,17179;61,29243
6818900;26,47;55,17179;61,29243
7667000;45,09;55,17319;61,289033
9654802;65,55;55,250793;61,403197
15445080;61,29;55,16989;61,3723
9300000;56,84;55,17446777;61,41569903
7749440;48,79;55,16382;61,43562
5236000;37,4;55,250895;61,24728
17299200;81,59;55,112625;61,250663
12776750;74,5;55,17994;61,341
4151000;29,64;55,250895;61,24728
7110000;39,5;55,173447;61,321741
21024360;83,43;55,16916799;61,37096213
4582413;39,79;55,127295;61,260969
4753928;31,39;55,18710168;61,23087229
5586030;36,5;55,10903154;61,35920441
10132200;77,94;55,250895;61,24728
6311111;37,77;55,172979;61,367986
5859354;35,24;55,18766;61,23199
4478240;45,5;55,103719;61,251798
3647700;32,18;55,08973;61,23944
6538000;35,7;55,18692798;61,22776039
6311111;37,77;55,172979;61,367986
4168980;24,37;55,10903154;61,35920441
11669100;62,45;55,17469173;61,39388388
6552638;43,49;55,186757;61,226865
11834740;82,3;55,208243;61,188443
10819928;97,44;55,16907225;61,31212603
5558490;36,33;55,10907;61,35937
9069795;61,31;55,250793;61,403197
9837444;66,51;55,250793;61,403197
9407249;48;55,171745;61,377967
4606000;32,9;55,16907225;61,31212603
14244700;78,69;55,116062;61,253549
6727500;51,75;55,17343849;61,31978642
6134425;37,59;55,172805;61,365669
11166120;59,08;55,10908385;61,25782762
11998000;83,9;55,186378;61,226709
3912000;24,45;55,213324;61,30255
7224000;60,2;55,17306391;61,31981861
6311098;37,59;55,172979;61,367986
18639000;99,8;55,169946;61,377931
9902300;50,58;55,15142;61,30195
7719060;60,77;55,10542441;61,34532177
12954904;81,58;55,171077;61,377832
13680400;59,47;55,1485743;61,36363528
7000000;40;55,17319;61,289033
12707100;60,5;55,1485743;61,36363528
13623750;60,54;55,122712;61,37265
14754000;98,36;55,250895;61,24728
35553000;131,96;55,11193;61,325796
3655790;32,24;55,13106596;61,26330208
6369375;61,59;55,10314;61,247069
15231660;82,19;55,180537;61,339986
4587783;26,95;55,186757;61,226865
13550000;88,56;55,11611;61,45367
24276000;89,83;55,11205672;61,32504179
6069169;37,59;55,172979;61,367986
4709529;31,39;55,16907225;61,31212603
8987291;54,99;55,172979;61,371274
5215000;29,79;55,17230151;61,29111409
5201250;36,5;55,10222425;61,34539511
22213200;103,8;55,116768;61,249804
14336600;73,11;55,17469173;61,39388388
12100000;90;55,1384635;61,45219134
14986950;87,9;55,180537;61,339986
11683320;63,59;55,16002;61,43216
4587783;26,95;55,186757;61,226865
10965960;66,05;55,169946;61,377931
9945000;58,5;55,17319;61,289033
11740000;79,3;55,186378;61,226709
5710320;42,9;55,120405;61,245889
6893048;48,79;55,16382;61,43562
16505520;85,08;55,108256;61,249732
8648100;64,83;55,18742594;61,2285301
3434213;29,69;55,13106596;61,26330208
8150000;46,4;55,197718;61,185027
4886000;34,9;55,17306391;61,31981861
7093660;32,2;55,16011945;61,43196358
21099840;85,08;55,113998;61,27928
6394100;61,7;55,10314;61,247069
8557543;61,31;55,250793;61,403197
16111700;73,41;55,178617;61,359747
8758400;39,09;55,114023;61,25137
9439200;46;55,180537;61,339986
11615940;61,45;55,10908385;61,25782762
6754110;32,56;55,17128914;61,29316285
6285802;38,18;55,17336;61,36843
10331784;66,05;55,171077;61,377832
5971284;37,59;55,172979;61,367986
5129790;36,79;55,173447;61,321741
14414200;85,09;55,171139;61,292474
9944830;42,7;55,16011945;61,43196358
7979202;59,84;55,16907225;61,31212603
4762031;31,75;55,16907225;61,31212603
6126248;54,16;55,08973;61,23944
16250280;85,08;55,108256;61,249732
6811000;48,65;55,173447;61,321741
8324799;33,79;55,171745;61,377967
9397116;73,55;55,16907225;61,31212603
9022873;65,55;55,250793;61,403197
11681100;90,77;55,186378;61,226709
7774000;59,79;55,170912;61,318013
3886190;26,53;55,120405;61,245889
5151000;30,29;55,17319;61,289033
4136550;35,97;55,172606;61,491112
5083000;39,09;55,17306391;61,31981861
12486000;104,05;55,170912;61,318013
5188278;45,06;55,13106596;61,26330208
33299600;141,1;55,166588;61,390938
8438001;76,05;55,16907225;61,31212603
7919800;56,56;55,2129;61,30134
12251050;91,19;55,110934;61,352464
9496600;46,09;55,160746;61,431749
6554145;43,5;55,186757;61,226865
4612000;42,5;55,12582;61,24988
5868000;40,75;55,21355;61,30287
12167580;51,34;55,16976;61,3722
8766900;45,9;55,17994;61,341
8246000;58,9;55,173447;61,321741
15442560;61,27;55,16916799;61,37096213
33876700;128,55;55,11193;61,325796
5917895;40,9;55,16382;61,43562
6351625;38,18;55,172979;61,367986
7832650;56,34;55,2129;61,30134
4379562;28,79;55,173447;61,321741
11140483;71,69;55,172979;61,367986
5612020;40,52;55,104096;61,350497
9753059;61,88;55,172805;61,365669
9962569;61,5;55,172979;61,367986
12155500;80,5;55,113143;61,274678
9300000;56,84;55,17446777;61,41569903
8590500;41,5;55,17994;61,341
8360524;61,31;55,250793;61,403197
17440115;106,69;55,170065;61,294848
7327000;43,09;55,17230151;61,29111409
7889000;56,34;55,213324;61,30255
7055014;60,08;55,08973;61,23944
9285660;65,3;55,208243;61,188443
12391500;75,09;55,17282962;61,29152178
10605280;77,98;55,111258;61,357638
5552000;34,7;55,17319;61,289033
10251000;60,29;55,17282962;61,29152178
5868000;40,75;55,21298762;61,30193121
4709529;31,39;55,173447;61,321741
17526130;102,48;55,17349829;61,36949225
9753059;61,88;55,17336;61,36843
10875060;56,7;55,17994;61,341
16063220;61,31;55,169879;61,371867
7035000;50,25;55,170912;61,318013
7457977;50,59;55,18766;61,23199
5201250;36,5;55,10231;61,34543
7756800;40,4;55,10908385;61,25782762
5226977;30,39;55,170912;61,318013
4674600;33,68;55,121263;61,242779
8417552;56,59;55,186757;61,226865
6150000;38,86;55,17446777;61,41569903
3434213;29,69;55,13106596;61,26330208
4256000;35,4;55,125922;61,253945
13821660;74,3;55,11713;61,24662
6792440;36,13;55,116042;61,255014
10250000;72,33;55,1384635;61,45219134
10168200;72,62;55,21277904;61,30311138
15325200;77,4;55,160746;61,431749
7889000;56,34;55,213324;61,30255
8714550;70,84;55,173781;61,329179
13348124;81,58;55,169946;61,377931
4978600;32,11;55,10907;61,35937
14550000;83,63;55,17469173;61,39388388
6528000;38,4;55,17230151;61,29111409
14275200;59,47;55,1485743;61,36363528
16063220;61,31;55,16916799;61,37096213
7889000;56,34;55,213324;61,30255
14607230;63,09;55,178617;61,359747
9526320;76,05;55,173447;61,321741
9917950;46,13;55,148498;61,363387
6974060;59,18;55,12719;61,622804
18473650;94,88;55,171139;61,292474
6811000;48,65;55,173447;61,321741
7863230;56,56;55,21335569;61,30290753
5834400;60,9;55,10314;61,247069
10188850;47,38;55,14799671;61,36368892
13948000;72,9;55,17102;61,29359
7863230;56,56;55,213324;61,30255
4490965;37;55,16907225;61,31212603
4168980;24,37;55,111258;61,357638
12117584;72,65;55,17349829;61,36949225
3647700;32,18;55,08973;61,23944
16250280;85,08;55,108256;61,249732
5127900;42,9;55,121705;61,247684
9275000;53;55,17230151;61,29111409
6792440;36,13;55,116042;61,255014
13459896;79;55,16990478;61,29537389
18661380;78,73;55,16976;61,3722
6314000;41;55,1726;61,47311
14386900;59,45;55,148498;61,363387
6512000;40,7;55,17319;61,289033
10835850;46,11;55,122712;61,37265
3048890;24,45;55,12719;61,622804
5182990;40,97;55,12719;61,622804
5859354;35,24;55,18748;61,2327
16883400;59,24;55,122712;61,37265
23756800;102,4;55,112625;61,250663
9010080;62,56;55,170984;61,434093
36016931;141,08;55,11193;61,325796
7862750;44,93;55,250895;61,24728
8778000;53,2;55,17282962;61,29152178
9068902;47,79;55,160355;61,431929
6304880;61,7;55,10314;61,247069
4864160;32,31;55,10222425;61,34539511
18342705;107,31;55,173308;61,369697
6633000;35,88;55,18722;61,22869
9721423;79,94;55,08973;61,23944
9352398;70,15;55,16907225;61,31212603
7722240;40,22;55,10849233;61,25690017
9528480;81,44;55,10542441;61,34532177
10327562;63,65;55,172979;61,367986
9661500;48;55,171745;61,377967
5933000;34,9;55,17282962;61,29152178
9962569;61,5;55,17336;61,36843
12855027;69,29;55,15142;61,30195
7773540;59,34;55,214029;61,298371
6013030;26,47;55,171139;61,292474
12117584;72,65;55,17349829;61,36949225
12891400;59,95;55,14897983;61,36362455
4642036;30,7;55,173447;61,321741
10966860;79,47;55,108254;61,249729
6877500;39,29;55,17230151;61,29111409
10804223;71,16;55,172805;61,365669
8573032;70,15;55,173447;61,321741
7755570;50,84;55,170984;61,434093
10819928;97,44;55,16907225;61,31212603
3992800;28,52;55,250895;61,24728
32213211;115,44;55,11205672;61,32504179
20276880;126,09;55,17928;61,34155
12136770;51,2;55,16989266;61,37174534
5868000;40,75;55,2129;61,30134
13480500;83,12;55,108254;61,249729
6874868;47,59;55,173447;61,321741
15555800;80,59;55,09489;61,243489
17109345;106,69;55,157389;61,402709
9949500;60,29;55,17319;61,289033
6030112;37,5;55,172805;61,365669
7327000;43,09;55,17230151;61,29111409
10288284;61,88;55,17299;61,37108
7520240;51,65;55,18766;61,23199
7700000;30,01;55,17179;61,29243
6835680;48,47;55,213324;61,30255
13108580;80,59;55,171139;61,292474
9526320;76,05;55,173447;61,321741
12571200;70,81;55,174775;61,393563
6311098;37,59;55,17336;61,36843
5017579;38,59;55,173447;61,321741
11849994;80,09;55,17299;61,37108
12310320;93,26;55,250895;61,24728
12404550;60,5;55,1485743;61,36363528
20759520;102,8;55,11372;61,24745
7840000;44,79;55,17230151;61,29111409
4342447;26,95;55,186757;61,226865
11444674;103,19;55,16907225;61,31212603
18278084;93,83;55,171077;61,377832
9010000;53;55,17230151;61,29111409
9428370;79,23;55,10547;61,34532
12167580;51,34;55,16989266;61,37174534
4193360;24,37;55,111258;61,357638
13059400;78,19;55,108254;61,249729
4762049;31,75;55,173447;61,321741
13543960;95,37;55,250895;61,24728
7863230;56,56;55,21335569;61,30290753
5765200;41,18;55,17096;61,434045
11578140;61,25;55,10908385;61,25782762
23820000;76,91;55,15713553;61,41171927
8328320;56;55,18692;61,23104
10120860;57,18;55,118179;61,253873
5935500;39,56;55,1737459;61,32446462
5868000;40,75;55,21355;61,30287
6030112;37,5;55,172805;61,365669
4007850;24,29;55,10887778;61,35977304
17335080;68,79;55,16989;61,3723
10083171;63,65;55,172805;61,365669
10354320;58,4;55,16011945;61,43196358
12513900;59,59;55,1485743;61,36363528
3912000;24,45;55,213324;61,30255
8645700;62,65;55,17096;61,434045
9956520;52,68;55,10908385;61,25782762
18521885;103,48;55,173308;61,369697
10619910;56,7;55,180537;61,339986
8690000;77,61;55,12471;61,24962
9445800;48,43;55,09343218;61,24079687
11245500;53,54;55,122712;61,37265
16684000;94,16;55,17469173;61,39388388
9299070;83,69;55,173447;61,321741
9952000;62,2;55,170912;61,318013
16063220;61,31;55,169879;61,371867
13596000;51,5;55,166588;61,390938
8869500;65,06;55,18742594;61,2285301
9133014;54,99;55,172979;61,371274
12050000;86,08;55,1384635;61,45219134
9887360;44,2;55,170065;61,294848
13968000;77,65;55,17128914;61,29316285
6304880;61,7;55,103719;61,251798
3048890;24,45;55,12719;61,622804
9512000;46,4;55,17994;61,341
12016000;75,09;55,173781;61,329179
9201250;43,29;55,16011945;61,43196358
6471446;37,81;55,172805;61,365669
10539830;52,09;55,160355;61,431929
10156920;62,95;55,17336;61,36843
5868000;40,75;55,213324;61,30255
7810532;45,41;55,250793;61,403197
17827700;93,83;55,169946;61,377931
10022057;63,65;55,172805;61,365669
5609500;37,45;55,173447;61,321741
6474750;30,5;55,171139;61,292474
4574543;30,5;55,173447;61,321741
6221600;40,4;55,113143;61,274678
9892654;68,3;55,186757;61,226865
12020140;49,66;55,16976;61,3722
13150696;81,58;55,171077;61,377832
13821660;74,3;55,10908385;61,25782762
13347200;68,3;55,17469173;61,39388388
4193360;24,37;55,10854;61,35956
7222729;51,27;55,187887;61,231487
9289500;56,29;55,17230151;61,29111409
5840640;40,56;55,21277904;61,30311138
17440115;106,69;55,157389;61,402709
4494000;32,09;55,17343849;61,31978642
8449155;76,05;55,173447;61,321741
12170600;80,59;55,113143;61,274678
5935500;39,56;55,1737459;61,32446462
13051500;79,09;55,17282962;61,29152178
19750000;63,5;55,11205672;61,32504179
7399020;58,25;55,10547;61,34532
7058746;60,45;55,13106596;61,26330208
10087799;55,59;55,171745;61,377967
8432000;52,7;55,17282962;61,29152178
5653670;42,9;55,120405;61,245889
17299880;107,19;55,17019956;61,29454777
11588000;74,01;55,18717966;61,22635491
6840000;63,25;55,12582;61,24988
10778000;53,88;55,14897983;61,36362455
12770850;44,81;55,122712;61,37265
6441911;37,59;55,172805;61,365669
9721600;43,4;55,113915;61,248933
7187400;36,29;55,093617;61,240075
4630547;38,15;55,173447;61,321741
5493984;45,29;55,113138;61,274687
11578140;61,25;55,10908385;61,25782762
5834880;40,52;55,213324;61,30255
17053376;85,09;55,157389;61,402709
10131765;70,15;55,16907225;61,31212603
12486200;81,19;55,182297;61,234912
7009000;40,43;55,182297;61,234912
9687300;46,13;55,14799671;61,36368892
9374000;70,84;55,173769;61,329517
10042500;66,94;55,173447;61,321741
7542500;43,09;55,17230151;61,29111409
9215360;41,2;55,16990478;61,29537389
9493900;70,84;55,173769;61,329517
5758500;34,9;55,17282962;61,29152178
16542200;77,3;55,115743;61,246804
5378806;35,2;55,18710168;61,23087229
6314000;41;55,1726;61,47311
10763280;59,4;55,160355;61,431929
10681199;55,5;55,171745;61,377967
5652625;35,61;55,252399;61,384974
9110400;36,5;55,16002;61,43216
6245691;37,59;55,172805;61,365669
9352398;70,15;55,16907225;61,31212603
12963000;74,5;55,17992613;61,34096187
12125300;80,59;55,113143;61,274678
5961000;53,04;55,12582;61,24988
9930850;64,3;55,182297;61,234912
5729000;38,5;55,173447;61,321741
8506220;42,11;55,169946;61,377931
5302500;30,29;55,17230151;61,29111409
4071460;24,37;55,10854;61,35956
9595647;62,9;55,172805;61,365669
8987291;54,99;55,17299;61,37108
11444674;103,19;55,173447;61,321741
10327562;63,65;55,17336;61,36843
20370000;72,81;55,15713553;61,41171927
5850000;49,2;55,12471;61,24962
11750000;84,25;55,17454;61,41601
7142064;49,45;55,173447;61,321741
6274343;37,81;55,17336;61,36843
12404550;60,5;55,122712;61,37265
11374220;65,8;55,171139;61,292474
6950646;49,59;55,18710168;61,23087229
9421610;41,45;55,171139;61,292474
7696000;59,2;55,170912;61,318013
6552638;43,49;55,186743;61,232097
13180440;90,59;55,11098;61,35252
8083740;60,77;55,10542441;61,34532177
6314000;41;55,172661;61,473134
6369375;61,7;55,103719;61,251798
7295937;59,7;55,173447;61,321741
10710120;59,9;55,16002;61,43216
6835680;48,47;55,21316;61,30282
8763300;67,01;55,18742594;61,2285301
6094962;37,31;55,172979;61,367986
17285600;95,09;55,171745;61,377967
9200000;76,84;55,124681;61,249481
7526400;45,56;55,108254;61,249729
9452547;50,38;55,173372;61,36710624
8959000;52,7;55,17282962;61,29152178
10292670;51,45;55,17205061;61,29205778
14606040;82,51;55,118179;61,253873
9257160;70,12;55,2129;61,30134
8714550;70,84;55,173769;61,329517
7367440;56,24;55,214717;61,29745
6993000;49,95;55,170912;61,318013
20376720;72,94;55,16989;61,3723
7683370;39,52;55,171139;61,292474
19055080;78,73;55,16976;61,3722
6136302;37,9;55,17336;61,36843
6136302;37,9;55,172805;61,365669
4762049;31,75;55,16907225;61,31212603
5933000;34,9;55,17282962;61,29152178
9586830;79,23;55,10547;61,34532
9313920;48,5;55,11713;61,24662
14607230;89,55;55,17128914;61,29316285
8257500;55,04;55,173447;61,321741
9345000;66,75;55,173447;61,321741
7628100;54,09;55,21316;61,30282
5066000;29,79;55,17230151;61,29111409
12050000,04;86,08;55,13848;61,45237
9766400;43,59;55,114023;61,25137
6274332;38;55,172805;61,365669
14522400;60,5;55,122712;61,37265
7369770;57,13;55,10542441;61,34532177
8770140;61,4;55,10941;61,35114
18886434;106,69;55,157389;61,402709
6727500;51,75;55,17343849;61,31978642
9756000;69,9;55,186378;61,226709
10652540;57,79;55,17992613;61,34096187
6340056;37,81;55,172979;61,367986
10199000;72,84;55,170912;61,318013
6382381;42,36;55,186757;61,226865
4642036;30,7;55,170912;61,318013
18095000;91,75;55,17102;61,29359
5759424;38,4;55,16907225;61,31212603
6310920;40,97;55,170984;61,434093
3618600;24,45;55,2129;61,30134
6311098;37,59;55,172979;61,367986
4582413;39,79;55,127295;61,260969
4494300;31,64;55,10907;61,35937
3727570;26,42;55,120405;61,245889
46023600;166,69;55,148498;61,363387
6245714;37,77;55,17336;61,36843
8844000;53,59;55,17230151;61,29111409
9703201;79,8;55,08973;61,23944
11615940;61,45;55,114982;61,244986
10880490;62,54;55,171139;61,292474
4999000;46,65;55,12471;61,24962
10012500;66,75;55,170912;61,318013
10810852;71,69;55,172805;61,365669
5600000;32,52;55,173769;61,329517
12448800;43,68;55,122712;61,37265
4686198;37;55,173447;61,321741
8705280;45,34;55,11713;61,24662
11729640;80,33;55,11131;61,248762
11257200;63,59;55,118179;61,253873
12427500;49,7;55,16976;61,3722
7203749;61,61;55,13106596;61,26330208
6853000;48,95;55,170912;61,318013
10424249;47,4;55,169946;61,377931
5546080;40,77;55,10542441;61,34532177
12638080;64,48;55,169946;61,377931
5801896;49,43;55,08973;61,23944
12140520;62,58;55,10849233;61,25690017
14972000;78,8;55,16063;61,43206
7919800;56,56;55,21335569;61,30290753
14035376;78,3;55,17019956;61,29454777
3993140;32,18;55,12719;61,622804
14868950;85,69;55,17994;61,341
13429572;83,3;55,169946;61,377931
11920000;81,98;55,197718;61,185027
10672500;71,15;55,173447;61,321741
5725500;34,7;55,17319;61,289033
6979000;49,84;55,170912;61,318013
9096080;61,45;55,11131;61,248762
12770850;44,81;55,122712;61,37265
6274343;37,81;55,172805;61,365669
9854240;81,44;55,10542441;61,34532177
3048890;24,45;55,12719;61,622804
7394800;53,2;55,18710168;61,23087229
9951900;47,38;55,122712;61,37265
11734380;93,12;55,173447;61,321741
10806600;58,09;55,17994;61,341
9275645;65,55;55,250793;61,403197
7890000;51,13;55,16814;61,53102
7892420;56,77;55,10854;61,35956
4176900;24,56;55,173447;61,321741
13329000;59,24;55,14897983;61,36362455
9624120;72,91;55,213324;61,30255
9345000;53,4;55,17319;61,289033
7195460;32,65;55,171139;61,292474
5302500;30,29;55,17230151;61,29111409
7832650;56,34;55,21355;61,30287
8416000;46,02;55,173372;61,36710624
10430000;67,08;55,197718;61,185027
9952410;50,7;55,16002;61,43216
9600000;70,84;55,173769;61,329517
9257160;70,12;55,213324;61,30255
16291800;60,34;55,14897983;61,36362455
6471446;37,81;55,172805;61,365669
5600000;32,52;55,173769;61,329517
55153150;180,89;55,157389;61,402709
4929507;28,6;55,170912;61,318013
6102750;61,59;55,10314;61,247069
7606380;38,29;55,16011945;61,43196358
5029440;34,11;55,124001;61,247289
6072917;37,52;55,172979;61,367986
6664000;39,2;55,17230151;61,29111409
9109600;47,2;55,17994;61,341
4804216;35;55,12082;61,246166
11500000;72,22;55,11611;61,45367
5868000;40,75;55,21298762;61,30193121
6838000;70,8;55,103719;61,251798
15613700;80,9;55,093061;61,238593
5699200;38,29;55,170912;61,318013
9857120;67,69;55,186757;61,226865
6285802;38,18;55,172979;61,367986
8358660;60,56;55,108254;61,249729
13383000;59,47;55,122712;61,37265
10819928;97,44;55,173447;61,321741
17353600;74,8;55,114023;61,25137
21774820;81,41;55,16989;61,3723
13708000;59,59;55,14799671;61,36368892
6584360;32,97;55,171139;61,292474
9818200;70,12;55,21298762;61,30193121
9393480;43,81;55,174775;61,393563
3912000;24,45;55,213324;61,30255
6314000;41;55,1726;61,47311
18025600;68,8;55,169879;61,371867
22768250;74,69;55,17019956;61,29454777
6069169;37,59;55,172979;61,367986
12781620;83,54;55,250895;61,24728
10018800;55,2;55,17992613;61,34096187
5229700;24,1;55,10908385;61,25782762
6633000;38,66;55,18722;61,22869
17053376;85,09;55,16990478;61,29537389
6682000;51,4;55,17343849;61,31978642
4639536;28,6;55,173447;61,321741
10359480;52,4;55,17908192;61,34101551
9066480;61,25;55,11131;61,248762
11067810;62,52;55,116042;61,255014
7752500;44,29;55,17319;61,289033
7612500;43,5;55,108254;61,249729
9520000;42,5;55,113915;61,248933
13378260;74,19;55,160355;61,431929
13114400;75,43;55,17469173;61,39388388
7102320;55,34;55,173447;61,321741
10190000;74,8;55,16814;61,53102
4574543;30,2;55,173447;61,321741
23420000;85,11;55,15713553;61,41171927
9691360;81,44;55,10542441;61,34532177
7213049;32,7;55,171745;61,377967
17559500;60,54;55,1485743;61,36363528
13838400;74,4;55,10849233;61,25690017
5605600;36,18;55,113143;61,274678
5201250;36,5;55,10231;61,34543
4256015;35,29;55,113138;61,274687
7559697;51,27;55,18692;61,23104
5935500;39,56;55,173447;61,321741
5286120;35,95;55,108254;61,249729
9952000;62,2;55,170912;61,318013
15555800;80,59;55,09659;61,243812
7605120;39,61;55,10908385;61,25782762
7832650;56,34;55,21298762;61,30193121
5303470;31,2;55,16907225;61,31212603
12019270;64,3;55,17128914;61,29316285
11080020;80,29;55,108254;61,249729
7207200;36,4;55,093061;61,238593
7719060;60,77;55,10542441;61,34532177
3647700;32,18;55,08973;61,23944
10870650;59,5;55,16002;61,43216
7754880;40,38;55,10908385;61,25782762
18886434;106,69;55,157389;61,402709
14244700;78,69;55,117128;61,252858
7748580;58,25;55,10547;61,34532
13197800;83,9;55,186757;61,226865
16505520;85,08;55,108256;61,249732
4177880;24,29;55,111258;61,357638
6909000;36,75;55,116042;61,255014
12427500;49,7;55,16976;61,3722
4864160;32,31;55,104096;61,350497
7863230;56,56;55,21335569;61,30290753
20396700;77,84;55,16989;61,3723
7159040;38,08;55,116042;61,255014
6025500;40,16;55,11131;61,248762
6909000;36,75;55,116042;61,255014
8259550;38,22;55,171139;61,292474
32790922;118,7;55,11205672;61,32504179
6339750;61,59;55,103719;61,251798
20496260;78,23;55,16916799;61,37096213
7826000;60,2;55,17306391;61,31981861
9324118;62,61;55,172805;61,365669
11952900;69,9;55,17994;61,341
4354825;37,65;55,08973;61,23944
13321000;60,54;55,122712;61,37265
9924080;65,29;55,113143;61,274678
5868000;40,75;55,21355;61,30287
4671533;28,79;55,170912;61,318013
8735750;41,5;55,180537;61,339986
5509000;39,34;55,173447;61,321741
20396700;77,84;55,16916799;61,37096213
5100040;38,06;55,10542441;61,34532177
14366256;78,4;55,157389;61,402709
10759770;56,93;55,10849233;61,25690017
5439000;38,84;55,173447;61,321741
16063220;61,31;55,16916799;61,37096213
9911460;51,29;55,171139;61,292474
17821667;107,31;55,17349829;61,36949225
3685900;26,42;55,12082;61,246166
7273204;59,61;55,187887;61,231487
7450000;47,04;55,17446777;61,41569903
9374000;70,84;55,173781;61,329179
4639536;28,6;55,173447;61,321741
6738720;48,47;55,21316;61,30282
10003690;70,3;55,208243;61,188443
5530000;31,6;55,17230151;61,29111409
12392820;51,2;55,16989266;61,37174534
11298420;59,77;55,10908385;61,25782762
4929507;28,6;55,170912;61,318013
6495400;46,5;55,170912;61,318013
5030507;38,7;55,16907225;61,31212603
5030507;38,7;55,173447;61,321741
27388400;118,9;55,14799671;61,36368892
9493900;70,84;55,173781;61,329179
10840550;46,13;55,14799671;61,36368892
6860000;39,2;55,17319;61,289033
19942000;118;55,160355;61,431929
5337809;46,22;55,08973;61,23944
7646800;54,61;55,250895;61,24728
15575100;80,69;55,097677;61,241037
10168200;72,62;55,21277904;61,30311138
7965440;62,72;55,250895;61,24728
10990000;81,27;55,13848;61,45237
7840620;60,77;55,10542441;61,34532177
10030000;71,77;55,1384635;61,45219134
8364000;49,2;55,17282962;61,29152178
17821667;107,31;55,173308;61,369697
8540682;60,9;55,16382;61,43562
10625914;74,66;55,252399;61,384974
6979000;49,84;55,170912;61,318013
7287280;50,04;55,186757;61,226865
7872000;49,2;55,17282962;61,29152178
7706300;55,04;55,173447;61,321741
5372850;36,54;55,108254;61,249729
6274343;37,81;55,172979;61,367986
4176900;24,56;55,173447;61,321741
16219000;98;55,17992613;61,34096187
8865300;61,13;55,250895;61,24728
4584895;36,2;55,173447;61,321741
14943240;80,33;55,10908385;61,25782762
10607725;44,2;55,170065;61,294848
13623750;60,54;55,148498;61,363387
10151700;68,5;55,208243;61,188443
8417552;56,59;55,186757;61,226865
24276000;89,83;55,11193;61,325796
7889000;56,34;55,21298762;61,30193121
5409420;40,52;55,10231;61,34543
7628100;54,09;55,213324;61,30255
3530750;24,35;55,17306391;61,31981861
7387595;51,15;55,173447;61,321741
17130160;73,51;55,16989266;61,37174534
20529080;126,09;55,180537;61,339986
11527500;46,11;55,122712;61,37265
4355400;31,87;55,121705;61,247684
6287673;36,97;55,172979;61,367986
10083171;63,65;55,172805;61,365669
5594820;36,33;55,10887778;61,35977304
12869100;49,59;55,16976;61,3722
15671600;81,19;55,095451;61,246004
4645200;33,68;55,121263;61,242779
6304880;61,7;55,10314;61,247069
6001000;35,29;55,17282962;61,29152178
5621000;36,18;55,113143;61,274678
17776800;82,3;55,115635;61,245187
20470060;78,12;55,16989;61,3723
4269301;35,5;55,125922;61,253945
5095490;36,59;55,170912;61,318013
9555000;73,5;55,173447;61,321741
14212720;80,8;55,16011945;61,43196358
17296650;107,19;55,17019956;61,29454777
7187240;38,22;55,116042;61,255014
7697280;40,09;55,10908385;61,25782762
6321000;37,11;55,186378;61,226709
25059400;89,41;55,11145;61,32772
8407300;36,59;55,17102;61,29359
5590200;36,2;55,113143;61,274678
4641000;33,15;55,16907225;61,31212603
14287900;75,9;55,17102;61,29359
9796950;47,79;55,122712;61,37265
8566070;40,25;55,171139;61,292474
10002270;56,5;55,116042;61,255014
10883400;59,54;55,17205061;61,29205778
8180000;46,93;55,197718;61,185027
5436000;30,2;55,17319;61,289033
5445000;33;55,17282962;61,29152178
6351625;38,18;55,17336;61,36843
8789850;45,9;55,180537;61,339986
9380000;53,59;55,17230151;61,29111409
9352398;70,15;55,173447;61,321741
9366946;41,2;55,16990478;61,29537389
6071040;37,52;55,17336;61,36843
23733600;102,3;55,113993;61,251376
10412720;58,4;55,160355;61,431929
6094950;37,5;55,172805;61,365669
5725500;34,7;55,17282962;61,29152178
9952000;62,2;55,173447;61,321741
4168980;24,37;55,10907;61,35937
12215950;59,59;55,1485743;61,36363528
18503276;93,83;55,171077;61,377832
7550399;33,79;55,169946;61,377931
6351853;36,97;55,17336;61,36843
24612724;86,72;55,11145;61,32772
10835850;46,11;55,122712;61,37265
16435200;76,8;55,115743;61,246804
10739500;45,7;55,14897983;61,36362455
4978600;32,11;55,10907;61,35937
8626389;48,77;55,173372;61,36710624
5060500;34,9;55,17306391;61,31981861
6250000;35,06;55,11611;61,45367
5943190;50,93;55,12082;61,246166
7695073;62,2;55,18757434;61,23137654
9775900;71,19;55,110934;61,352464
6790000;30,01;55,17205061;61,29205778
10327562;63,65;55,172979;61,367986
10983500;69,8;55,186757;61,226865
9464290;44,45;55,178617;61,359747
7434270;57,63;55,10542441;61,34532177
10022057;63,65;55,172805;61,365669
7399020;58,25;55,10547;61,34532
13525174;79;55,17019956;61,29454777
8997950;70,84;55,173781;61,329179
10046400;43,68;55,14897983;61,36362455
9459120;71,66;55,21316;61,30282
4769068;32,11;55,187887;61,231487
6094950;37,5;55,172805;61,365669
6976000;43,59;55,17319;61,289033
12498000;104,15;55,173447;61,321741
4435180;45,4;55,103719;61,251798
7338280;68,94;55,08973;61,23944
7213049;32,9;55,169946;61,377931
3295280;24,22;55,214029;61,298371
10168200;72,62;55,21316;61,30282
12985500;65,19;55,17179;61,29243
10483200;43,68;55,122712;61,37265
10028460;50,7;55,16011945;61,43196358
12668480;67,09;55,17908192;61,34101551
10903410;56,7;55,17992613;61,34096187
8358660;60,56;55,108254;61,249729
9434000;44,5;55,115635;61,245187
6275468;51,34;55,173447;61,321741
8425500;41,09;55,160355;61,431929
8789180;59,61;55,18692;61,23104
6285802;38,18;55,17336;61,36843
12209200;52,4;55,16989266;61,37174534
3960000;26,2;55,121033;61,242418
6134425;37,59;55,172805;61,365669
7122500;40,7;55,17319;61,289033
5935500;39,56;55,1737459;61,32446462
11990000;86,08;55,13848;61,45237
7259000;55,45;55,12082;61,246166
4595203;39,9;55,127295;61,260969
9745290;79,23;55,10547;61,34532
12925750;74,5;55,17994;61,341
9766400;43,59;55,113993;61,251376
8449155;76,05;55,173447;61,321741
3999490;26,42;55,120405;61,245889
5445000;33;55,17319;61,289033
7319000;56,29;55,170912;61,318013
6274343;37,81;55,17336;61,36843
6114880;29,5;55,17128914;61,29316285
3912000;24,45;55,213324;61,30255
5459454;36,59;55,170912;61,318013
10575400;38;55,17179;61,29243
9949000;70,73;55,186378;61,226709
5500000;49,2;55,124681;61,249481
9703201;79,8;55,08973;61,23944
12016000;75,09;55,173769;61,329517
17249200;59,47;55,1485743;61,36363528
4951505;30,7;55,170912;61,318013
9086000;47,2;55,180537;61,339986
8681563;58,88;55,18766;61,23199
10448380;58,59;55,160355;61,431929
12289900;62,66;55,174775;61,393563
5285000;30,2;55,17319;61,289033
6512000;40,7;55,17319;61,289033
9818200;70,12;55,21298762;61,30193121
10522560;58,2;55,17205061;61,29205778
5859354;35,24;55,18766;61,23199
7632060;58,25;55,10547;61,34532
9555000;73,5;55,173447;61,321741
11469600;64,8;55,116042;61,255014
9873600;41,97;55,17179;61,29243
15728700;80,66;55,09343218;61,24079687
10147500;59,9;55,186757;61,226865
5558490;36,33;55,10903154;61,35920441
17284430;83,91;55,171139;61,292474
5115650;36,7;55,170912;61,318013
8118000;45,09;55,17319;61,289033
10159050;77,55;55,10854;61,35956
18052892;93,83;55,169946;61,377931
6913080;33,29;55,160355;61,431929
9096080;61,45;55,11131;61,248762
13490894;78,8;55,157389;61,402709
17973200;68,59;55,169879;61,371867
5400000;49,2;55,12471;61,24962
5840640;40,56;55,21316;61,30282
6821280;67,3;55,10314;61,247069
10393110;56,7;55,180537;61,339986
17715600;70,3;55,166588;61,390938
12260500;79,09;55,17319;61,289033
14831300;85,59;55,171139;61,292474
11257200;63,59;55,118179;61,253873
13350840;78,4;55,170065;61,294848
10841592;64,37;55,171077;61,377832
32790922;118,7;55,11193;61,325796
10763329;70,9;55,160741;61,460675
9061942;44,2;55,170065;61,294848
7898870;59,38;55,10542441;61,34532177
8767067;59,47;55,18692;61,23104
5801908;40,5;55,187887;61,231487
4587783;26,95;55,186757;61,226865
5746000;33,79;55,17319;61,289033
6134452;37,77;55,172805;61,365669
4057500;32,18;55,12719;61,622804
10306710;58,22;55,116042;61,255014
32550880;124,23;55,16916799;61,37096213
7471296;69,76;55,13106596;61,26330208
22890825;82,56;55,11145;61,32772
8973306;54,77;55,250793;61,403197
4315500;28,77;55,250895;61,24728
6871400;36,54;55,116042;61,255014
6136305;37,52;55,17336;61,36843
10504560;55,2;55,169946;61,377931
9698620;47,79;55,17908192;61,34101551
7832650;56,34;55,213324;61,30255
14333920;80,8;55,16002;61,43216
17086300;93,19;55,17102;61,29359
10227230;52,09;55,16011945;61,43196358
6136302;37,9;55,172979;61,367986
19055080;78,73;55,16976;61,3722
10017120;81,44;55,10542441;61,34532177
9580040;64,73;55,11131;61,248762
6351630;37,79;55,17336;61,36843
14056560;83,69;55,170065;61,294848
9257160;70,12;55,213324;61,30255
6974060;59,18;55,12719;61,622804
4650493;39,5;55,126086;61,2562
10777550;58,09;55,180537;61,339986
6094950;37,5;55,17336;61,36843
10952270;58,2;55,171139;61,292474
6142525;54,29;55,08973;61,23944
11902800;61,04;55,122712;61,37265
5669400;37,84;55,173447;61,321741
4642685;38,34;55,173447;61,321741
4169200;29,78;55,250895;61,24728
6682766;37,81;55,172805;61,365669
7851279;67,61;55,08973;61,23944
55766200;182,89;55,157389;61,402709
10478600;43,29;55,16002;61,43216
9856396;62,95;55,172805;61,365669
9571000;56,29;55,17319;61,289033
17109345;106,69;55,170065;61,294848
5605600;36,4;55,113143;61,274678
3271048;29,38;55,08973;61,23944
5480590;45,2;55,113138;61,274687
19116800;82,4;55,114023;61,25137
6728520;35,79;55,118179;61,253873
14361820;70,61;55,178617;61,359747
6554145;43,5;55,186757;61,226865
12280000;70,45;55,197718;61,185027
15353200;58,59;55,16916799;61,37096213
12039660;63,4;55,180537;61,339986
10983900;53,58;55,148498;61,363387
6300000;38,97;55,17446777;61,41569903
7628100;54,09;55,21316;61,30282
5767730;35,24;55,18748;61,2327
7620000;46,9;55,197718;61,185027
10366800;48,9;55,112625;61,250663
4600000;37,88;55,124681;61,249481
7090000;45,88;55,17446777;61,41569903
16228538;102,59;55,16990478;61,29537389
32280000;107,66;55,15713553;61,41171927
5439000;38,84;55,170912;61,318013
4177880;24,29;55,10854;61,35956
11265000;75,09;55,173769;61,329517
10199000;72,84;55,170912;61,318013
12386290;93,12;55,17360031;61,32317977
16346000;85,09;55,17179;61,29243
18661380;78,73;55,16976;61,3722
5973125;37,52;55,172805;61,365669
23129200;89,11;55,11145;61,32772
5600000;32,52;55,173781;61,329179
12095900;55,29;55,174775;61,393563
8976170;47,79;55,16011945;61,43196358
10554260;58,7;55,16002;61,43216
7793550;62,09;55,10231;61,34543
21009200;99,09;55,115635;61,245187
5117000;30,1;55,17230151;61,29111409
4709473;31,39;55,16907225;61,31212603
9096080;61,45;55,11131;61,248762
8417402;60,9;55,16382;61,43562
8894600;40,79;55,17102;61,29359
5669500;38,09;55,173447;61,321741
5340510;36,33;55,10907;61,35937
16337000;96,09;55,160355;61,431929
7754880;40,38;55,11713;61,24662
8767067;59,47;55,18692;61,23104
8527200;77,51;55,25536;61,39563
9676800;43,2;55,114023;61,25137
6680747;37,36;55,17336;61,36843
15989000;59;55,166588;61,390938
15997800;58,59;55,169879;61,371867
11163600;63;55,160355;61,431929
23524800;101,4;55,113993;61,251376
11996000;59,97;55,14897983;61,36362455
4642685;38,34;55,16907225;61,31212603
4847515;30,1;55,170912;61,318013
5324880;40,34;55,10547;61,34532
7719060;60,77;55,10542441;61,34532177
12386290;93,12;55,173447;61,321741
9526320;76,05;55,16907225;61,31212603
3869470;24,26;55,104096;61,350497
8387808;56,4;55,186757;61,226865
11596200;51,75;55,17179;61,29243
12102000;60,5;55,1485743;61,36363528
12233970;64,73;55,114982;61,244986
5822709;49,59;55,08973;61,23944
17480000;53,93;55,157305;61,411689
6126440;61,79;55,10314;61,247069
12338700;62,54;55,17102;61,29359
14813460;84,59;55,160355;61,431929
9538271;66,51;55,250793;61,403197
4193360;24,37;55,111258;61,357638
15997800;58,59;55,16916799;61,37096213
13395000;53,58;55,122712;61,37265
10327562;63,65;55,172805;61,365669
10052444;44,2;55,16990478;61,29537389
9206560;48,29;55,173372;61,36710624
17536200;106,3;55,157389;61,402709
3912000;24,45;55,213324;61,30255
6682766;37,81;55,17336;61,36843
5215000;29,79;55,17319;61,289033
5418000;30,1;55,17230151;61,29111409
16063220;61,31;55,16916799;61,37096213
12199690;72,9;55,17128914;61,29316285
8660925;58,75;55,18748;61,2327
9368476;67,02;55,173447;61,321741
12817920;100,13;55,250895;61,24728
6797000;48,54;55,173447;61,321741
8358064;56,2;55,186757;61,226865
8358064;56,2;55,18692;61,23104
4168980;24,37;55,111258;61,357638
8364000;49,2;55,17282962;61,29152178
7353100;52,9;55,18696663;61,23160185
11181300;79,3;55,108254;61,249729
9376840;84,4;55,16907225;61,31212603
7358000;56,59;55,173447;61,321741
6700000;43,04;55,17454;61,41601
7548930;38,29;55,16002;61,43216
5182990;40,97;55,12719;61,622804
6351625;38,18;55,172979;61,367986
9924080;65,29;55,113143;61,274678
12500730;67,09;55,17928;61,34155
6750000;43,4;55,17454;61,41601
5552000;34,7;55,17282962;61,29152178
5767730;35,24;55,18748;61,2327
3912000;24,45;55,213324;61,30255
8645700;62,65;55,170984;61,434093
13122800;61,9;55,112625;61,250663
6896500;53,04;55,173447;61,321741
12709200;60,52;55,122712;61,37265
7276500;48,5;55,11131;61,248762
12140400;80,4;55,113143;61,274678
5767730;35,24;55,18748;61,2327
4181320;24,3;55,10854;61,35956
9825200;40,79;55,17179;61,29243
10150000;59,75;55,11547808;61,45024218
5278500;39,09;55,17306391;61,31981861
6134452;37,77;55,172979;61,367986
10873110;61,43;55,116042;61,255014
10143880;73,4;55,208243;61,188443
7105186;49,11;55,17336;61,36843
3872000;25,27;55,18717966;61,22635491
4883725;32,45;55,10231;61,34543
13923750;59,25;55,122712;61,37265
5302000;33,47;55,121033;61,242418
11619524;68,02;55,169946;61,377931
5724634;37,34;55,18766;61,23199
7919800;56,56;55,213324;61,30255
9990000;59,58;55,197718;61,185027
21099840;85,08;55,113998;61,27928
8112000;67,59;55,17343849;61,31978642
18640000;127,73;55,197718;61,185027
9915750;44,06;55,122712;61,37265
11771790;49,66;55,16976;61,3722
11269590;63,66;55,116042;61,255014
3138890;27,45;55,12719;61,622804
14353300;79,3;55,117403;61,25269
7722000;59,4;55,173447;61,321741
7168700;34,29;55,17994;61,341
7752500;44,29;55,17230151;61,29111409
16777200;95,3;55,169946;61,377931
6781160;36,06;55,118179;61,253873
4642036;30,7;55,170912;61,318013
10214876;71,16;55,17336;61,36843
10327562;63,65;55,172979;61,367986
7230867;46,7;55,250793;61,403197
14980440;80,54;55,10908385;61,25782762
5609500;37,45;55,170912;61,318013
3618600;24,45;55,213324;61,30255
8397760;86,59;55,10314;61,247069
17605500;106,69;55,170065;61,294848
12060174;80,94;55,172805;61,365669
14660910;82,83;55,116042;61,255014
9526320;76,05;55,16907225;61,31212603
6134452;37,77;55,172979;61,367986
12611500;54,65;55,17179;61,29243
4684400;33,81;55,121263;61,242779
5773600;38,79;55,173447;61,321741
3912000;24,45;55,213324;61,30255
6700000;43,04;55,17446777;61,41569903
9480276;51,79;55,16990478;61,29537389
6797000;48,54;55,170912;61,318013
5188278;45,06;55,13106596;61,26330208
6138182;37,52;55,172979;61,367986
11640500;75,09;55,17319;61,289033
8887860;61,2;55,10941;61,35114
6382381;42,36;55,186757;61,226865
6134452;37,77;55,172805;61,365669
6285802;38,18;55,172979;61,367986
10250000;72,33;55,13848;61,45237
10827139;70,9;55,160704;61,460663
4709529;31,39;55,173447;61,321741
8155700;38,2;55,180537;61,339986
5302500;30,29;55,17319;61,289033
5974800;38,29;55,208243;61,188443
9062580;34,59;55,16916799;61,37096213
7982500;63,86;55,13106596;61,26330208
5439000;38,84;55,173447;61,321741
6682766;37,81;55,172805;61,365669
10190000;72,33;55,1384635;61,45219134
5840640;40,56;55,21277904;61,30311138
10214876;71,16;55,172805;61,365669
17028179;102,48;55,172805;61,365669
10837750;56,29;55,17992613;61,34096187
5594820;36,33;55,111258;61,357638
6103692;37,52;55,17299;61,37108
9459120;71,66;55,21316;61,30282
14158120;77,65;55,17128914;61,29316285
12261200;81,19;55,113143;61,274678
8775792;57,68;55,250793;61,403197
7762860;63,63;55,13106596;61,26330208
9917950;46,13;55,148498;61,363387
6623903;37,09;55,172805;61,365669
10721040;52,4;55,17908192;61,34101551
9791040;49,59;55,16002;61,43216
5412000;37,5;55,121033;61,242418
7026694;50,61;55,187887;61,231487
15956500;91,75;55,17128914;61,29316285
5150485;30,1;55,173447;61,321741
9485200;46;55,180537;61,339986
4705160;35,86;55,121705;61,247684
8257500;55,04;55,170912;61,318013
6314000;41;55,172661;61,473134
11112000;60;55,16011945;61,43196358
13018250;60,54;55,14799671;61,36368892
12047400;62,09;55,160746;61,431749
9683100;46,11;55,1485743;61,36363528
3582900;26,42;55,121705;61,247684
9685410;81,38;55,10542441;61,34532177
6511000;38,29;55,17230151;61,29111409
10126040;65,59;55,182297;61,234912
13179570;50,79;55,16976;61,3722
11265000;75,09;55,173769;61,329517
8417552;56,59;55,186757;61,226865
7832650;56,34;55,2129;61,30134
7054689;50,4;55,18748227;61,23197736
3789750;24,45;55,213324;61,30255
14775950;60,31;55,122712;61,37265
4474815;37,9;55,08973;61,23944
13331250;59,25;55,14897983;61,36362455
7356799;34,09;55,169946;61,377931
5824500;35,29;55,17282962;61,29152178
22938100;83,56;55,11145;61,32772
7863230;56,56;55,21335569;61,30290753
14297800;85,69;55,171139;61,292474
12246300;61,84;55,169946;61,377931
5220640;38,95;55,10547;61,34532
5609500;37,45;55,173447;61,321741
10150000;59,75;55,115574;61,450108
6103662;37,9;55,172979;61,371274
10898039;70,9;55,160704;61,460663
11916847;81,23;55,172979;61,367986
10005600;45,47;55,122712;61,37265
9010000;53;55,17319;61,289033
6134425;37,59;55,172805;61,365669
7370258;46,7;55,250793;61,403197
11117829;70,9;55,160741;61,460675
4584895;36,2;55,16907225;61,31212603
10483200;43,68;55,14897983;61,36362455
6136305;37,52;55,172979;61,367986
16192000;85,09;55,17179;61,29243
11550000;82,81;55,13564955;61,42441978
7203749;61,61;55,13106596;61,26330208
8180700;39,33;55,17102;61,29359
4847515;30,1;55,173447;61,321741
6860129;57,93;55,13106596;61,26330208
9093058;57,68;55,250793;61,403197
8246000;58,9;55,173447;61,321741
5083000;29,89;55,17230151;61,29111409
6025500;40,16;55,11131;61,248762
4978600;32,11;55,10907;61,35937
9571000;56,29;55,17230151;61,29111409
7983100;42,34;55,171139;61,292474
11474910;64,83;55,116042;61,255014
5095490;36,59;55,170912;61,318013
6311098;37,59;55,172979;61,367986
5456000;37,5;55,121033;61,242418
7206040;38,33;55,116042;61,255014
14035376;78,3;55,170065;61,294848
3912000;24,45;55,213324;61,30255
10751650;59,5;55,16002;61,43216
9600000;70,84;55,173781;61,329179
10517520;71,3;55,110934;61,352464
13476200;78,4;55,170065;61,294848
7559697;51,27;55,18692;61,23104
13085600;59,47;55,148498;61,363387
5599000;49,99;55,12471;61,24962
18141780;114,69;55,157389;61,402709
11771790;49,66;55,16976;61,3722
7558900;53,79;55,173447;61,321741
4168980;24,37;55,10903154;61,35920441
11184250;58,09;55,180537;61,339986
8224000;51,4;55,17319;61,289033
10590880;59,2;55,16011945;61,43196358
26764500;108,62;55,11145;61,32772
10537500;70,25;55,173447;61,321741
10035000;66,9;55,250895;61,24728
4926074;35,61;55,252399;61,384974
16205600;86,19;55,160355;61,431929
3655790;32,24;55,13106596;61,26330208
4788000;35;55,12082;61,246166
9359900;42,9;55,17179;61,29243
7743360;40,33;55,11713;61,24662
5558490;36,33;55,10903154;61,35920441
13119750;53,54;55,122712;61,37265
5117000;30,1;55,17230151;61,29111409
18987900;113,69;55,16011945;61,43196358
10175130;52,09;55,16011945;61,43196358
6136305;37,52;55,172805;61,365669
4168980;24,37;55,111258;61,357638
10710000;53,54;55,122712;61,37265
16313000;85,59;55,17179;61,29243
6860000;39,2;55,17319;61,289033
3562300;26,07;55,12082;61,246166
9433380;44,2;55,157389;61,402709
5143520;37,81;55,10547;61,34532
12136024;80,94;55,172805;61,365669
5174000;39,79;55,17343849;61,31978642
6664000;39,2;55,17230151;61,29111409
3869470;24,26;55,104096;61,350497
6502365;37,24;55,172805;61,365669
7439558;69,5;55,13106596;61,26330208
9300000;56,4;55,17454;61,41601
7953746;67,65;55,13106596;61,26330208
5454000;30,29;55,17319;61,289033
12126287;103,94;55,16907225;61,31212603
16544000;90,25;55,17179;61,29243
9314910;39,77;55,178617;61,359747
7616000;44,79;55,17230151;61,29111409
4168980;24,37;55,10907;61,35937
10052444;44,2;55,16990478;61,29537389
23200000;100;55,113915;61,248933
6680747;37,36;55,17336;61,36843
6979000;49,84;55,173447;61,321741
9374000;70,84;55,173769;61,329517
11360000;72,33;55,197718;61,185027
12012000;61,59;55,093617;61,240075
19744200;78,34;55,16989;61,3723
16063220;61,31;55,16916799;61,37096213
7706300;55,04;55,16907225;61,31212603
6134425;37,59;55,17336;61,36843
6650000;43,29;55,17454;61,41601
6094962;37,31;55,172805;61,365669
12051000;61,79;55,09489;61,243489
6974060;59,18;55,12719;61,622804
9086000;47,2;55,17992613;61,34096187
6096856;37,31;55,172979;61,367986
9172800;63;55,18766;61,23199
10322499;56,29;55,171745;61,377967
10977900;55,79;55,169946;61,377931
6069169;37,59;55,17336;61,36843
9113850;38,7;55,160355;61,431929
5590200;36,29;55,113143;61,274678
4168980;24,37;55,111258;61,357638
6340034;38;55,17336;61,36843
7319000;56,29;55,173447;61,321741
4777700;35;55,121705;61,247684
3240000;27;55,25536;61,39563
10895010;60,9;55,160355;61,431929
13000250;74,5;55,17994;61,341
7919800;56,56;55,213324;61,30255
19253520;79,55;55,16989266;61,37174534
9917950;46,13;55,148498;61,363387
6049500;40,33;55,11131;61,248762
6351853;36,97;55,172805;61,365669
6283200;29,92;55,171077;61,377832
5758500;34,9;55,17282962;61,29152178
11196500;45,7;55,122712;61,37265
5066000;29,79;55,17230151;61,29111409
6933801;47,38;55,187887;61,231487
21054600;81,84;55,16989;61,3723
5806800;35,88;55,18742594;61,2285301
4883725;32,45;55,10231;61,34543
10826695;97,44;55,173447;61,321741
13189200;45,47;55,1485743;61,36363528
8685380;42,04;55,174775;61,393563
9705000;66,34;55,18717966;61,22635491
7490410;50,81;55,18748;61,2327
9555000;73,5;55,170912;61,318013
8475500;77,05;55,173447;61,321741
28550000;108,5;55,15713553;61,41171927
10584600;71,9;55,11098;61,35252
6512000;40,7;55,17282962;61,29152178
8976000;56,09;55,173447;61,321741
6351630;37,79;55,172805;61,365669
13876800;83,12;55,108254;61,249729
14374320;80,8;55,16011945;61,43196358
10005660;52,93;55,11713;61,24662
6600000;41,86;55,17454;61,41601
9377000;60,79;55,10941;61,35114
9555000;73,5;55,173447;61,321741
4731844;31,54;55,173447;61,321741
10012500;66,75;55,170912;61,318013
6680747;37,36;55,172805;61,365669
7696000;59,2;55,173447;61,321741
13390000;94,95;55,197718;61,185027
10876807;71,69;55,172805;61,365669
8387808;56,4;55,186757;61,226865
5500000;49,2;55,124681;61,249481
14229250;60,54;55,14799671;61,36368892
6314000;41;55,172661;61,473134
7697280;40,09;55,10908385;61,25782762
10131765;70,15;55,173447;61,321741
18945648;107,3;55,17019956;61,29454777
7889000;56,34;55,2129;61,30134
5584000;34,9;55,17319;61,289033
11054400;47,04;55,122712;61,37265
3434213;29,69;55,13106596;61,26330208
4724616;31,39;55,173447;61,321741
11625656;74,19;55,160704;61,460663
15345400;83,8;55,174775;61,393563
12889600;60,79;55,115635;61,245187
13586280;79;55,157389;61,402709
11396700;60,29;55,10908385;61,25782762
11570000;72,4;55,197718;61,185027
12014960;59,47;55,1485743;61,36363528
8724100;38,93;55,17102;61,29359
10250000;72,33;55,1384635;61,45219134
11956950;93,77;55,173447;61,321741
6736798;42,43;55,252399;61,384974
3855950;23,95;55,10907;61,35937
23420000;85,05;55,157305;61,411689
11868000;69;55,17994;61,341
32056500;136,03;55,11205672;61,32504179
10017120;81,44;55,10542441;61,34532177
7222729;51,09;55,18710168;61,23087229
14660910;82,83;55,116042;61,255014
4958800;37,5;55,121263;61,242779
7259000;55,45;55,121705;61,247684
5083000;29,89;55,17230151;61,29111409
9275000;53;55,17319;61,289033
7832650;56,34;55,213324;61,30255
5467000;39,04;55,173447;61,321741
12126287;103,94;55,173447;61,321741
13838400;74,4;55,10849233;61,25690017
6979000;49,84;55,173447;61,321741
6727500;51,75;55,17343849;61,31978642
9428370;79,23;55,10547;61,34532
6201583;37,9;55,17299;61,37108
9961900;53,84;55,171139;61,292474
13833600;52,4;55,166588;61,390938
12889600;60,79;55,112625;61,250663
6781160;36,06;55,118179;61,253873
11500000;72,22;55,11611;61,45367
10881000;55,79;55,160746;61,431749
4269301;35,5;55,113138;61,274687
12709200;71,19;55,17992613;61,34096187
10720440;52,29;55,171139;61,292474
9526320;76,05;55,16907225;61,31212603
5753000;42,79;55,121033;61,242418
7213049;32,9;55,169946;61,377931
6512000;40,7;55,17319;61,289033
5473500;41;55,10231;61,34543
9343511;52,52;55,17360031;61,32317977
4731844;31,54;55,16907225;61,31212603
13764260;108,37;55,250895;61,24728
12185700;80,69;55,113143;61,274678
14211330;80,29;55,116042;61,255014
9211920;35,15;55,16916799;61,37096213
10960030;59,04;55,17205061;61,29205778
4059770;24,3;55,10854;61,35956
16170000;85,69;55,17179;61,29243
9827000;63,4;55,173781;61,329179
7492100;53,9;55,187887;61,231487
15624106;85,3;55,170065;61,294848
5758500;34,9;55,17319;61,289033
8850000;57,02;55,13564955;61,42441978
10857600;59,5;55,15142;61,30195
9424800;42,79;55,17179;61,29243
10037500;66,72;55,18707;61,22825
5286120;35,95;55,108254;61,249729
7542500;43,09;55,17319;61,289033
9571000;56,29;55,17230151;61,29111409
4821600;35,91;55,121263;61,242779
3138890;27,45;55,12719;61,622804
7259000;55,45;55,121705;61,247684
6638500;39,04;55,173447;61,321741
17526097;103,48;55,173308;61,369697
10042500;66,94;55,170912;61,318013
5010720;32,11;55,10854;61,35956
7632060;58,25;55,10547;61,34532
9065620;44,29;55,174775;61,393563
5083000;39,09;55,17306391;61,31981861
9526320;76,05;55,16907225;61,31212603
6215137;41,25;55,18748;61,2327
5278500;39,09;55,17306391;61,31981861
5363525;35,09;55,18710168;61,23087229
10168200;72,62;55,21277904;61,30311138
23803200;102,59;55,114023;61,25137
10640000;67,19;55,197718;61,185027
6919000;40,7;55,17319;61,289033
7169971;61,34;55,13106596;61,26330208
8448000;51,2;55,17319;61,289033
8987291;54,99;55,172805;61,365669
4320011;35,97;55,13106596;61,26330208
6340056;37,81;55,172805;61,365669
6043950;40,9;55,16382;61,43562
12215950;59,59;55,1485743;61,36363528
8408064;86,69;55,10314;61,247069
6311111;37,77;55,172979;61,367986
12404550;60,5;55,122712;61,37265
13995390;79,06;55,118179;61,253873
15171000;96,09;55,169946;61,377931
13051500;79,09;55,17282962;61,29152178
7194460;51,27;55,187887;61,231487
3912000;24,45;55,213324;61,30255
10022057;63,65;55,172805;61,365669
4256015;35,29;55,113138;61,274687
7892500;45,09;55,17230151;61,29111409
13680400;59,47;55,1485743;61,36363528
6314000;41;55,1726;61,47311
8204735;73,84;55,173447;61,321741
10590880;59,2;55,160355;61,431929
5669400;37,84;55,173447;61,321741
11640500;75,09;55,17319;61,289033
7813560;56,61;55,108254;61,249729
13398000;94,19;55,16907225;61,31212603
9061942;44,2;55,16990478;61,29537389
9917950;46,13;55,122712;61,37265
5095490;36,7;55,170912;61,318013
27990000;94,84;55,15713553;61,41171927
7457977;50,59;55,18766;61,23199
4176900;24,56;55,1737459;61,32446462
13529560;70,45;55,178617;61,359747
11593285;104,34;55,16907225;61,31212603
11464290;64,76;55,118179;61,253873
9038800;47,2;55,17992613;61,34096187
9326844;51,11;55,15142;61,30195
6554145;43,5;55,18692;61,23104
9806000;69,98;55,186378;61,226709
10109550;55,7;55,180537;61,339986
14516250;59,25;55,14897983;61,36362455
4454930;36,7;55,173447;61,321741
18980246;107,3;55,157389;61,402709
8828970;60,5;55,10995;61,351691
12784640;70,4;55,16002;61,43216
7027507;60,2;55,13106596;61,26330208
8257500;55,04;55,173447;61,321741
7909000;37,04;55,17102;61,29359
5100040;38,06;55,10542441;61,34532177
10156300;65,94;55,171077;61,377832
7510380;58,22;55,10547;61,34532
6058500;40,38;55,11131;61,248762
4342447;26,95;55,186757;61,226865
12998000;70,66;55,17469173;61,39388388
9568000;73,59;55,173447;61,321741
13919600;60,52;55,122712;61,37265
7519900;54,09;55,21316;61,30282
6311111;37,77;55,17336;61,36843
8230550;39,09;55,180537;61,339986
6399000;61,59;55,10314;61,247069
7287280;50,04;55,18692;61,23104
6110000;48,47;55,12719;61,622804
13092800;78,4;55,108254;61,249729
4027800;28,77;55,250895;61,24728
9133200;47,2;55,17992613;61,34096187
8681563;58,88;55,18766;61,23199
7889000;56,34;55,2129;61,30134
8908000;46,59;55,171745;61,377967
8118000;45,09;55,17230151;61,29111409
12896000;64,48;55,169946;61,377931
4193360;24,37;55,111258;61,357638
8590000;76,63;55,12471;61,24962
10778000;53,88;55,122712;61,37265
7667000;45,09;55,17319;61,289033
13084500;79,3;55,18606474;61,2272569
13490894;78,8;55,170065;61,294848
7212584;58,79;55,18696663;61,23160185
4890200;37,5;55,121263;61,242779
21057120;81,86;55,16989;61,3723
12442500;59,25;55,14897983;61,36362455
8159800;32,65;55,17179;61,29243
17841600;82,59;55,115635;61,245187
12770400;68;55,17928;61,34155
4639536;28,6;55,170912;61,318013
5859354;35,24;55,18748;61,2327
5445000;33;55,17319;61,289033
18342705;107,31;55,173308;61,369697
10931760;56,7;55,17994;61,341
9612000;66,18;55,186378;61,226709
5933000;34,9;55,17282962;61,29152178
5232500;29,89;55,17230151;61,29111409
4864160;32,31;55,10222425;61,34539511
11849994;80,09;55,172979;61,371274
9233566;66,18;55,17336;61,36843
11771790;49,66;55,16989266;61,37174534
6314000;41;55,172661;61,473134
5188278;45,06;55,13106596;61,26330208
10864700;58,09;55,17994;61,341
12155500;80,5;55,113143;61,274678
17827700;93,83;55,171077;61,377832
9624120;72,91;55,21316;61,30282
10152560;61,15;55,169946;61,377931
7298160;38,81;55,116042;61,255014
8369961;56,27;55,186743;61,232097
6849700;35,7;55,18707;61,22825
10042500;66,94;55,170912;61,318013
10850924;63,52;55,169946;61,377931
3647700;32,18;55,08973;61,23944
33128021;118,73;55,11145;61,32772
5758500;34,9;55,17319;61,289033
6274332;38;55,17336;61,36843
8660925;58,75;55,18766;61,23199
14233840;78,3;55,170065;61,294848
7999200;40,4;55,093617;61,240075
4168980;24,37;55,111258;61,357638
8006080;63,04;55,10547;61,34532
7227000;36,5;55,093617;61,240075
17028151;103,48;55,17349829;61,36949225
21892720;81,86;55,16916799;61,37096213
5868000;40,75;55,213324;61,30255
5699200;38,29;55,170912;61,318013
40990000;125,23;55,15713553;61,41171927
13459896;79;55,157389;61,402709
6112500;40,75;55,2129;61,30134
10770020;59,9;55,16002;61,43216
6134452;37,77;55,172805;61,365669
5669400;37,84;55,173447;61,321741
3855950;23,95;55,111258;61,357638
4168980;24,37;55,111258;61,357638
9555000;73,5;55,173447;61,321741
9424990;76,13;55,08973;61,23944
7982509;68,31;55,13106596;61,26330208
4574543;30,2;55,170912;61,318013
6150000;38,77;55,17446777;61,41569903
8882290;53,09;55,17128914;61,29316285
3879900;23,95;55,111258;61,357638
11773368;72,65;55,172805;61,365669
7743360;40,33;55,11713;61,24662
5973138;37,9;55,172979;61,367986
6682000;51,4;55,17343849;61,31978642
9257160;70,12;55,2129;61,30134
7319000;56,29;55,170912;61,318013
10131765;70,15;55,173447;61,321741
6285800;37,79;55,172805;61,365669
11675000;83,93;55,18717966;61,22635491
9624120;72,91;55,21277904;61,30311138
17594400;73,3;55,16989266;61,37174534
5859354;35,24;55,18748;61,2327
4762049;31,75;55,16907225;61,31212603
10619910;56,7;55,17992613;61,34096187
4864160;32,31;55,10231;61,34543
8358064;56,2;55,186757;61,226865
10799970;59,9;55,16011945;61,43196358
5669500;38,09;55,173447;61,321741
6682000;51,4;55,17343849;61,31978642
6552638;43,49;55,186743;61,232097
11265000;75,09;55,173769;61,329517
11577300;75,4;55,182297;61,234912
10785992;97,44;55,16907225;61,31212603
5714300;38,15;55,173447;61,321741
6128370;41,13;55,10887778;61,35977304
3434213;29,69;55,13106596;61,26330208
14124890;79;55,157389;61,402709
7758000;43,09;55,17319;61,289033
4435180;45,4;55,10314;61,247069
9269910;79,23;55,10547;61,34532
7706300;55,04;55,16907225;61,31212603
6238750;54,25;55,170912;61,318013
9078000;53,4;55,17319;61,289033
9332400;84;55,173447;61,321741
4582413;39,79;55,127295;61,260969
6096856;37,31;55,172979;61,367986
11988900;69,3;55,17994;61,341
9555000;73,5;55,173447;61,321741
3888610;24,37;55,10231;61,34543
7841240;62,47;55,10231;61,34543
11773368;72,65;55,173308;61,369697
13368510;73,9;55,160355;61,431929
12155500;80,5;55,113143;61,274678
8387808;56,4;55,186757;61,226865
5619810;38,22;55,108254;61,249729
7889000;56,34;55,213324;61,30255
14813980;81,8;55,160355;61,431929
7913260;40,79;55,171139;61,292474
12740200;85,16;55,18641;61,22835
12200800;80,56;55,113143;61,274678
4639536;28,6;55,173447;61,321741
10780312;44,2;55,157389;61,402709
18359870;106,3;55,16990478;61,29537389
12109500;62,09;55,097677;61,241037
6713160;52,04;55,10547;61,34532
28510000;94,83;55,15713553;61,41171927
4388400;24,37;55,111258;61,357638
8464500;38,29;55,17102;61,29359
12438520;80,9;55,182297;61,234912
11239800;51,29;55,17102;61,29359
9952000;62,2;55,170912;61,318013
12136770;51,2;55,16976;61,3722
5724634;37,34;55,18766;61,23199
14317100;79,09;55,116062;61,253549
11916847;81,23;55,172805;61,365669
7706300;55,04;55,173447;61,321741
7456250;59,65;55,1737459;61,32446462
11975040;49,27;55,16989266;61,37174534
5868000;40,75;55,213324;61,30255
5121280;40;55,10542441;61,34532177
9600000;80,52;55,124681;61,249481
7046280;33,29;55,160355;61,431929
21869140;83,47;55,169879;61,371867
7863230;56,56;55,21355;61,30287
6245691;37,59;55,172805;61,365669
17426400;82,19;55,115635;61,245187
5935500;39,56;55,1737459;61,32446462
9891090;43,81;55,178617;61,359747
11396700;60,29;55,10908385;61,25782762
6049500;40,33;55,11131;61,248762
4435180;45,4;55,10314;61,247069
7840000;44,79;55,17319;61,289033
6096856;37,31;55,172805;61,365669
5774473;38,5;55,173447;61,321741
5839580;49,38;55,13106596;61,26330208
10992000;60;55,160355;61,431929
9211920;35,15;55,169879;61,371867
4047080;24,37;55,111258;61,357638
6245714;37,77;55,172805;61,365669
10331180;58,59;55,16002;61,43216
20527700;78,34;55,169879;61,371867
6552638;43,49;55,186757;61,226865
9000000;57,65;55,13564955;61,42441978
9624120;72,91;55,21316;61,30282
8767067;59,47;55,18692;61,23104
5558490;36,33;55,10907;61,35937
3325950;26,53;55,121705;61,247684
6245905;55,02;55,172606;61,491112
6366030;47,75;55,173447;61,321741
4168980;24,37;55,10903154;61,35920441
4695900;44,7;55,103719;61,251798
10692000;60;55,160355;61,431929
11690000;91,61;55,16814;61,53102
8387808;56,4;55,186757;61,226865
6974060;59,18;55,12719;61,622804
4929507;28,6;55,170912;61,318013
6913000;44,59;55,173769;61,329517
3869470;24,26;55,104096;61,350497
7319000;56,29;55,173447;61,321741
13355520;69,55;55,171077;61,377832
10681199;55,29;55,169946;61,377931
4056430;24,29;55,10887778;61,35977304
3894400;24,34;55,213324;61,30255
6957510;51,08;55,187887;61,231487
11850000;84,7;55,17454;61,41601
4800000;40,59;55,243988;61,253829
7889000;56,34;55,21355;61,30287
4056430;24,29;55,10887778;61,35977304
10472860;65,94;55,169946;61,377931
10625914;74,66;55,25239182;61,38401031
21190000;72,81;55,157305;61,411689
9378000;66,72;55,18692798;61,22776039
6817000;35,5;55,186378;61,226709
10504559;56,4;55,169946;61,377931
9440704;64,83;55,186757;61,226865
9925013;62,29;55,160704;61,460663
6049500;40,33;55,11131;61,248762
7724160;40,22;55,10908385;61,25782762
6706500;39,45;55,173447;61,321741
13112000;59,59;55,14799671;61,36368892
5759424;38,4;55,16907225;61,31212603
3942840;26,42;55,120405;61,245889
7519900;54,09;55,187887;61,231487
6069169;37,59;55,17336;61,36843
4071460;24,37;55,10887778;61,35977304
10190000;76,16;55,16814;61,53102
8937000;64,83;55,18742594;61,2285301
4709473;31,39;55,173447;61,321741
4256015;35,29;55,127295;61,260969
17928660;68,43;55,16989;61,3723
4808600;35,24;55,12082;61,246166
3188914;29,69;55,13106596;61,26330208
5675740;39,9;55,170984;61,434093
9661499;48,5;55,169946;61,377931
5362999;31,54;55,173447;61,321741
6471446;37,81;55,172805;61,365669
5454000;30,29;55,17319;61,289033
5332964;34,9;55,18710168;61,23087229
10383520;58,4;55,16002;61,43216
6502365;37,24;55,172979;61,367986
4059770;24,3;55,10887778;61,35977304
10701480;69,4;55,208243;61,188443
21051600;99,3;55,115635;61,245187
3048890;24,45;55,12719;61,622804
7090000;45,88;55,17454;61,41601
7832650;56,34;55,21335569;61,30290753
8439332;61,31;55,250793;61,403197
7056000;39,2;55,17230151;61,29111409
5835528;47,75;55,173447;61,321741
8397760;86,59;55,103719;61,251798
6702500;38,29;55,17319;61,289033
5182990;40,97;55,12719;61,622804
7722000;59,4;55,173447;61,321741
8475000;58,84;55,10941;61,35114
5868000;40,75;55,213324;61,30255
9949800;47,38;55,1485743;61,36363528
6737500;38,5;55,17319;61,289033
11030000;60,88;55,167798;61,308043
7840000;44,79;55,17230151;61,29111409
9421666,8;47,79;55,16002;61,43216
12513900;59,59;55,1485743;61,36363528
10962000;60;55,16002;61,43216
17371466;106,3;55,16990478;61,29537389
5375523;38,4;55,16907225;61,31212603
10822680;59,4;55,160355;61,431929
5443732;48,7;55,08973;61,23944
5586030;36,5;55,111258;61,357638
10835850;46,11;55,1485743;61,36363528
20759520;103,19;55,11372;61,24745
12020140;49,66;55,16976;61,3722
4587783;26,95;55,186757;61,226865
12567830;67,09;55,17908192;61,34101551
20402980;126,09;55,17908192;61,34101551
9211920;35,15;55,16916799;61,37096213
5168000;30,39;55,173447;61,321741
8799360;45,83;55,10908385;61,25782762
9480276;51,79;55,170065;61,294848
16229400;98,36;55,250895;61,24728
5597760;38,08;55,108254;61,249729
6990000;44,34;55,17446777;61,41569903
11136650;47,38;55,14799671;61,36368892
13847720;79,55;55,17128914;61,29316285
7851279;67,61;55,08973;61,23944
9624120;72,91;55,213324;61,30255
5767730;35,24;55,18748;61,2327
12140400;80,59;55,113143;61,274678
6094950;37,5;55,17336;61,36843
6554145;43,5;55,186743;61,232097
5594820;36,33;55,10854;61,35956
8900000;53,49;55,17446777;61,41569903
5262500;42,09;55,17306391;61,31981861
13208800;89,83;55,18707;61,22825
6738720;48,47;55,213324;61,30255
64730000;209,8;55,15713553;61,41171927
6511000;38,29;55,17319;61,289033
16228538;102,59;55,157389;61,402709
7773540;59,34;55,214029;61,298371
13257000;78,9;55,171745;61,377967
8844000;53,59;55,17230151;61,29111409
28308000;100,87;55,11145;61,32772
5201250;36,5;55,10222425;61,34539511
5609500;37,45;55,170912;61,318013
5822709;49,59;55,08973;61,23944
6126440;61,79;55,103719;61,251798
6475294;53,79;55,13106596;61,26330208
9903750;79,23;55,10547;61,34532
6382381;42,36;55,186757;61,226865
8471680;42,7;55,16011945;61,43196358
6417457;37,79;55,17299;61,37108
9917950;46,13;55,122712;61,37265
15956500;91,75;55,171139;61,292474
12947200;68;55,17908192;61,34101551
5083000;39,09;55,17306391;61,31981861
5868000;40,75;55,21355;61,30287
8200000;48,22;55,186104;61,226133
6311111;37,77;55,172805;61,365669
4057500;32,18;55,12719;61,622804
6110000;48,47;55,12719;61,622804
7694273;46,77;55,172805;61,365669
7530213;51,08;55,18692;61,23104
9892654;68,3;55,186757;61,226865
6096700;62;55,10314;61,247069
18042970;106,69;55,17019956;61,29454777
10476816;71,16;55,172979;61,371274
9951900;47,38;55,14799671;61,36368892
12298461;86,75;55,17336;61,36843
12050000;90;55,1384635;61,45219134
6682000;51,4;55,17343849;61,31978642
6682000;51,4;55,17343849;61,31978642
9153620;66,51;55,250793;61,403197
12507000;45,47;55,122712;61,37265
13316050;78,09;55,180537;61,339986
6512000;40,7;55,17319;61,289033
4315500;28,77;55,250895;61,24728
8773123;60,9;55,16382;61,43562
6314000;41;55,172661;61,473134
6112500;40,75;55,213324;61,30255
11450000;83,55;55,13564955;61,42441978
9010000;53;55,17319;61,289033
6471446;37,81;55,172979;61,371274
8477340;61,43;55,108254;61,249729
11176489;84,87;55,172979;61,367986
16291800;86,19;55,160746;61,431749
7660800;39,9;55,10908385;61,25782762
19397070;83,97;55,16989;61,3723
5285000;30,2;55,17230151;61,29111409
11593285;104,34;55,16907225;61,31212603
7200000;40;55,17319;61,289033
5612020;40,52;55,104096;61,350497
5346000;32,4;55,17319;61,289033
12769000;78,3;55,169946;61,377931
9000000;53,49;55,17454;61,41601
7851279;67,61;55,08973;61,23944
18232830;78,93;55,16989;61,3723
19253520;79,55;55,16976;61,3722
9428370;79,23;55,10547;61,34532
6542000;68;55,10314;61,247069
7533800;54,2;55,186772;61,23314
5610000;33;55,17319;61,289033
12275520;80,76;55,113143;61,274678
10030000;71,77;55,13848;61,45237
13412190;62,66;55,178617;61,359747
6700000;42,22;55,17446777;61,41569903
12814000;74,5;55,17992613;61,34096187
12493600;68,55;55,17469173;61,39388388
11570490;65,37;55,118179;61,253873
9062580;34,59;55,16916799;61,37096213
8705280;45,34;55,11713;61,24662
7863230;56,56;55,213324;61,30255
7696000;59,2;55,170912;61,318013
7366696;49,11;55,17336;61,36843
3613800;26,07;55,121705;61,247684
5456239;27,8;55,172805;61,365669
7029260;32,2;55,160355;61,431929
11263006;97,12;55,13106596;61,26330208
3295280;24,22;55,214029;61,298371
27766700;105,09;55,148498;61,363387
4193360;24,37;55,111258;61,357638
7542500;43,09;55,17230151;61,29111409
5297160;40,13;55,10542441;61,34532177
10032400;71,66;55,21316;61,30282
5868000;40,75;55,2129;61,30134
5669500;38,09;55,170912;61,318013
14142600;72,88;55,174775;61,393563
8590000;46,97;55,197718;61,185027
4074000;22,7;55,186104;61,226133
6682000;51,4;55,17343849;61,31978642
10349316;70,86;55,17336;61,36843
12145997;81,23;55,172805;61,365669
10199000;72,84;55,173447;61,321741
8695500;52,7;55,17282962;61,29152178
9818200;70,12;55,21355;61,30287
11184250;58,09;55,17992613;61,34096187
10005660;52,93;55,10908385;61,25782762
3869470;24,26;55,10222425;61,34539511
11574030;65,38;55,118179;61,253873
21099840;85,08;55,113998;61,27928
5174000;39,79;55,17343849;61,31978642
3434213;29,69;55,13106596;61,26330208
11773368;72,65;55,173308;61,369697
17550000;61,54;55,157305;61,411689
9571000;56,29;55,17230151;61,29111409
6471438;38;55,172979;61,371274
12656000;79,09;55,17282962;61,29152178
12140400;80,4;55,113143;61,274678
13917300;60,5;55,1485743;61,36363528
5868000;40,75;55,2129;61,30134
32550880;124,23;55,169879;61,371867
6311098;37,59;55,172805;61,365669
13165014;78,3;55,17019956;61,29454777
9378000;59,9;55,186561;61,227535
14535420;82,01;55,173372;61,36710624
6340056;37,81;55,17336;61,36843
12842300;76;55,108254;61,249729
13921400;59,24;55,14897983;61,36362455
5612020;40,52;55,10231;61,34543
12098700;44,81;55,122712;61,37265
7668750;61,34;55,17343849;61,31978642
5557217;46,09;55,113138;61,274687
12731550;65,29;55,09343218;61,24079687
3048890;24,45;55,12719;61,622804
7863230;56,56;55,213324;61,30255
7026270;59,84;55,08973;61,23944
9796950;47,79;55,14897983;61,36362455
9891090;43,81;55,178617;61,359747
6340056;37,81;55,172805;61,365669
8990000;51,91;55,11611;61,45367
8691100;38,29;55,17102;61,29359
9818200;70,12;55,21335569;61,30290753
14416140;74,3;55,11713;61,24662
9300000;77,4;55,124681;61,249481
4883725;32,45;55,104096;61,350497
20333040;72,77;55,16916799;61,37096213
6540600;59,45;55,172606;61,491112
11699856;74,19;55,160704;61,460663
6239000;36,7;55,170912;61,318013
11058960;62,47;55,118179;61,253873
9791100;55,9;55,169946;61,377931
9791100;55,9;55,169946;61,377931
12563760;95,18;55,250895;61,24728
18855720;79,55;55,16976;61,3722
17605500;106,69;55,17019956;61,29454777
12203800;53,06;55,122712;61,37265
17017290;70,02;55,16989266;61,37174534
11140483;71,69;55,172805;61,365669
7601000;30,01;55,17179;61,29243
21774820;81,41;55,16916799;61,37096213
8738000;51,4;55,17319;61,289033
7000000;40;55,17230151;61,29111409
8894767;57,68;55,250793;61,403197
9013742;57,68;55,250793;61,403197
5060500;34,9;55,17306391;61,31981861
17692620;73,11;55,16989266;61,37174534
15246460;93,3;55,171139;61,292474
5669400;37,84;55,170912;61,318013
8959000;52,7;55,17282962;61,29152178
10419000;45,29;55,148498;61,363387
5493984;45,29;55,125443;61,254763
7832650;56,34;55,21335569;61,30290753
6071021;37,9;55,172979;61,367986
6550000;41,93;55,17454;61,41601
6351641;38,16;55,17336;61,36843
6750000;43,4;55,17446777;61,41569903
8112000;67,59;55,17343849;61,31978642
8885600;46,4;55,180537;61,339986
8756000;70,9;55,17909;61,319795
8987291;54,99;55,17299;61,37108
9698400;44,9;55,115635;61,245187
10625914;74,66;55,252399;61,384974
13108580;80,59;55,17128914;61,29316285
12709200;60,52;55,14799671;61,36368892
11133660;58,09;55,171139;61,292474
10781400;59,5;55,160355;61,431929
4176900;24,56;55,173447;61,321741
13350840;78,4;55,170065;61,294848
5834880;40,52;55,213324;61,30255
8192000;51,2;55,17319;61,289033
10842000;60;55,16002;61,43216
5586030;36,5;55,10903154;61,35920441
12215900;80,56;55,113143;61,274678
10983900;53,58;55,122712;61,37265
7913260;40,79;55,17128914;61,29316285
12020140;49,66;55,16976;61,3722
10774798;56,83;55,173372;61,36710624
4686198;37;55,16907225;61,31212603
28530000;94,84;55,157305;61,411689
4342447;26,95;55,186757;61,226865
5006500;32,29;55,111258;61,357638
5188278;45,06;55,13106596;61,26330208
18574608;107,19;55,157389;61,402709
10528395;74,66;55,25239182;61,38401031
6285800;37,79;55,172805;61,365669
9657900;65,69;55,108254;61,249729
24589724;87,48;55,11205672;61,32504179
6957510;50,7;55,18710168;61,23087229
4168980;24,37;55,111258;61,357638
7875450;38,7;55,160355;61,431929
5605600;36,18;55,113143;61,274678
9300000;56,84;55,17454;61,41601
27330000;108,58;55,157305;61,411689
19001700;98,19;55,17908192;61,34101551
13896468;66,9;55,16990478;61,29537389
6789700;67,3;55,103719;61,251798
6471446;37,81;55,17299;61,37108
5729000;38,5;55,173447;61,321741
7300000;69,19;55,243988;61,253829
13472250;78,09;55,17992613;61,34096187
6351630;37,79;55,172979;61,367986
5840640;40,56;55,21277904;61,30311138
9428370;79,23;55,10547;61,34532
18090600;99,9;55,171745;61,377967
4919508;30,39;55,173447;61,321741
4342447;26,95;55,186757;61,226865
5181000;33,59;55,121033;61,242418
12493600;68,55;55,174775;61,393563
11430540;82,83;55,108254;61,249729
5652625;35,61;55,25239182;61,38401031
12399510;76,59;55,17128914;61,29316285
9915950;64,19;55,182297;61,234912
10384499;55,29;55,171745;61,377967
9555000;73,5;55,170912;61,318013
13623750;60,54;55,1485743;61,36363528
11464290;64,76;55,118179;61,253873
11133660;58,09;55,17205061;61,29205778
7712640;40,16;55,11713;61,24662
6274343;37,81;55,172805;61,365669
11916847;81,23;55,172979;61,367986
5558490;36,33;55,10907;61,35937
7203749;61,61;55,13106596;61,26330208
5773343;50,93;55,12082;61,246166
9469200;62,5;55,110934;61,352464
12404550;60,5;55,1485743;61,36363528
10872000;45,29;55,148498;61,363387
14394800;85,59;55,171139;61,292474
6103692;37,52;55,172979;61,371274
7832650;56,34;55,21298762;61,30193121
6041903;39,41;55,18766;61,23199
9073600;42,79;55,115635;61,245187
13356420;90,86;55,250895;61,24728
15536500;80,5;55,094091;61,242321
10150016;88,59;55,127295;61,260969
4007850;24,29;55,10887778;61,35977304
9624120;72,91;55,21316;61,30282
12424280;51,34;55,16976;61,3722
6017000;36,83;55,18641;61,22835
35680000;166,52;55,11193;61,325796
17536200;106,3;55,16990478;61,29537389
3295280;24,22;55,214029;61,298371
5669500;38,09;55,170912;61,318013
13708000;59,59;55,148498;61,363387
9676800;43,2;55,113993;61,251376
6222000;36,59;55,173447;61,321741
6070000;56,13;55,12582;61,24988
13410000;59,59;55,122712;61,37265
4857583;41,95;55,08973;61,23944
10590000;65,18;55,11611;61,45367
10012500;66,75;55,173447;61,321741
11168000;69,8;55,17319;61,289033
6871400;36,54;55,116042;61,255014
8997950;70,84;55,173781;61,329179
6789700;67,3;55,10314;61,247069
38794050;142,63;55,11145;61,32772
6405736;38;55,17299;61,37108
5610000;33;55,17319;61,289033
14943240;80,33;55,10908385;61,25782762
6804750;52,75;55,10542441;61,34532177
7195460;32,65;55,17205061;61,29205778
5382960;40,77;55,10542441;61,34532177
7457977;50,59;55,18766;61,23199
4269301;35,5;55,125922;61,253945
7212584;59,08;55,187887;61,231487
6287673;36,97;55,17336;61,36843
9078000;53,4;55,17319;61,289033
10066440;65,19;55,182297;61,234912
9493900;70,84;55,173781;61,329179
6221600;40,52;55,113143;61,274678
10042500;66,94;55,170912;61,318013
10858350;57,29;55,180537;61,339986
17041998;106,3;55,16990478;61,29537389
7840620;60,77;55,10542441;61,34532177
8629140;62,52;55,108254;61,249729
6110000;48,47;55,12719;61,622804
3888610;24,37;55,10231;61,34543
10540000;67,19;55,197718;61,185027
7851279;67,61;55,08973;61,23944
38409000;142,63;55,11145;61,32772
9111450;79,23;55,10547;61,34532
10184400;55,2;55,17992613;61,34096187
8712030;60,9;55,10941;61,35114
6314000;41;55,1726;61,47311
5552000;34,7;55,17319;61,289033
5045500;42,9;55,12082;61,246166
5558490;36,33;55,10907;61,35937
5600000;32,52;55,173781;61,329179
12498000;104,15;55,173447;61,321741
6071021;37,9;55,172805;61,365669
6311098;37,59;55,172979;61,367986
10150016;88,59;55,127295;61,260969
10590880;59,2;55,16011945;61,43196358
17016160;107,43;55,17349829;61,36949225
11610550;47,38;55,148498;61,363387
5411991;45,29;55,125436;61,254759
5699200;38,29;55,170912;61,318013
12837899;78,8;55,169946;61,377931
6896500;53,04;55,170912;61,318013
13350840;78,4;55,16990478;61,29537389
8714550;70,84;55,173769;61,329517
5758500;34,9;55,17282962;61,29152178
15997800;58,59;55,16989;61,3723
10188850;47,38;55,122712;61,37265
8204735;73,84;55,173447;61,321741
7207200;36,4;55,093061;61,238593
5508000;32,4;55,17319;61,289033
4587783;26,95;55,186757;61,226865
5151000;30,29;55,17319;61,289033
11096700;78,69;55,108254;61,249729
7549530;57,63;55,10542441;61,34532177
10631140;65,94;55,171077;61,377832
4864160;32,31;55,10231;61,34543
21054600;81,84;55,169879;61,371867
7267240;48,79;55,16382;61,43562
7064200;36,02;55,18707;61,22825
7008950;70,69;55,103719;61,251798
22377900;98,16;55,174775;61,393563
6096856;37,31;55,17336;61,36843
12451584;81,23;55,17299;61,37108
12095900;55,29;55,17469173;61,39388388
10472860;65,94;55,169946;61,377931
4879512;30,2;55,170912;61,318013
11166120;59,08;55,10908385;61,25782762
10152560;61,15;55,169946;61,377931
7889000;56,34;55,21298762;61,30193121
9222009;50,38;55,173372;61,36710624
3655790;32,24;55,13106596;61,26330208
4587783;26,95;55,186757;61,226865
4465000;25,61;55,186378;61,226709
8417552;56,59;55,186757;61,226865
23910000;85,05;55,157305;61,411689
12448800;43,68;55,14897983;61,36362455
7839600;56,4;55,1726;61,47311
14142581;81,91;55,173372;61,36710624
12442500;59,25;55,122712;61,37265
6554145;43,5;55,18692;61,23104
9857120;67,69;55,186757;61,226865
6821280;67,4;55,103719;61,251798
6236380;36,29;55,182297;61,234912
6860000;39,2;55,17230151;61,29111409
11110739;70,9;55,160704;61,460663
10383520;58,4;55,16002;61,43216
6034500;40,22;55,11131;61,248762
7387595;51,15;55,173447;61,321741
12218000;59,59;55,14799671;61,36368892
12215900;80,9;55,113143;61,274678
7982509;68,31;55,13106596;61,26330208
15517200;80,4;55,095997;61,242833
9750000;56,56;55,197718;61,185027
5590000;34,63;55,16814;61,53102
7863230;56,56;55,21335569;61,30290753
9949800;47,38;55,1485743;61,36363528
11142600;53,06;55,14897983;61,36362455
18980246;107,3;55,17019956;61,29454777
5688000;31,6;55,17319;61,289033
9109199;61,31;55,250793;61,403197
6976000;43,59;55,17319;61,289033
9568000;73,59;55,173447;61,321741
7169971;61,34;55,13106596;61,26330208
9818200;70,12;55,21298762;61,30193121
12117584;72,65;55,173308;61,369697
7161000;30,5;55,17102;61,29359
6238750;54,25;55,170912;61,318013
9000000;57,65;55,13564955;61,42441978
32056500;136,03;55,11193;61,325796
5201250;36,5;55,10222425;61,34539511
10662400;62,72;55,250895;61,24728
6285802;38,18;55,172805;61,365669
9273600;67,75;55,186378;61,226709
6871400;36,54;55,116042;61,255014
4971170;39,25;55,173447;61,321741
9037850;62,33;55,170984;61,434093
5899000;34,7;55,17319;61,289033
8645700;62,65;55,17096;61,434045
3138890;27,45;55,12719;61,622804
5382000;29,89;55,17230151;61,29111409
3817600;23,86;55,10887778;61,35977304
12136770;51,2;55,16989266;61,37174534
8328320;56;55,186757;61,226865
7858125;46,7;55,250793;61,403197
9945936;68,3;55,186743;61,232097
10412720;58,4;55,16011945;61,43196358
18537200;96,8;55,180537;61,339986
8534060;44,15;55,17469173;61,39388388
5552000;34,7;55,17319;61,289033
16221200;75,8;55,116768;61,249804
9848190;81,38;55,10542441;61,34532177
11251800;53,58;55,148498;61,363387
5267500;30,1;55,17230151;61,29111409
23733600;102,3;55,114023;61,25137
10192500;45,29;55,122712;61,37265
4193360;24,37;55,111258;61,357638
6071021;37,9;55,17336;61,36843
6471438;38;55,172979;61,371274
9698910;50,7;55,160355;61,431929
7460926;50,61;55,18748;61,2327
13175800;68,01;55,17179;61,29243
17371466;106,3;55,157389;61,402709
15498000;73,8;55,169881;61,2723
12391500;75,09;55,17282962;61,29152178
7510380;58,22;55,10547;61,34532
11593285;104,34;55,173447;61,321741
7863230;56,56;55,213324;61,30255
3999490;26,42;55,120405;61,245889
8889657;44,09;55,170065;61,294848
7357042;60,2;55,173447;61,321741
10218400;48,2;55,115635;61,245187
5151000;30,29;55,17319;61,289033
13794200;82;55,108254;61,249729
9017507;60,9;55,16382;61,43562
7335409;46,7;55,250793;61,403197
5729000;38,5;55,170912;61,318013
6909000;36,75;55,116042;61,255014
7601000;30,01;55,17179;61,29243
9695400;44,06;55,122712;61,37265
10066440;65,19;55,182297;61,234912
13623750;60,54;55,122712;61,37265
13180440;91,19;55,110934;61,352464
5558490;36,33;55,10903154;61,35920441
10778000;53,88;55,14897983;61,36362455
28710000;98,29;55,15713553;61,41171927
6600000;41,68;55,17446777;61,41569903
3138890;27,45;55,12719;61,622804
13553858;68,5;55,157389;61,402709
8991450;46,11;55,09343218;61,24079687
7203749;61,61;55,13106596;61,26330208
8712030;60,9;55,10995;61,351691
5095490;36,59;55,170912;61,318013
6285800;37,79;55,172979;61,367986
7515540;58,25;55,10547;61,34532
21795780;83,19;55,16989;61,3723
10715580;60,54;55,116042;61,255014
11265000;75,09;55,173769;61,329517
6737500;38,5;55,17230151;61,29111409
10685600;70,5;55,208243;61,188443
5478000;33,2;55,17319;61,289033
8112000;67,59;55,17343849;61,31978642
4716000;40;55,126256;61,25616
18418400;101,19;55,108254;61,249729
10069940;69,4;55,208243;61,188443
15432600;60,52;55,148498;61,363387
5644000;33,2;55,17319;61,289033
10563210;56,7;55,180537;61,339986
6110000;48,47;55,12719;61,622804
13680400;59,47;55,122712;61,37265
5634510;38,33;55,108254;61,249729
15869000;113,34;55,250895;61,24728
10960110;56,7;55,180537;61,339986
13398000;90,77;55,18722;61,22869
19001700;98,19;55,180537;61,339986
3869470;24,26;55,10222425;61,34539511
13563000;82,84;55,108254;61,249729
8369961;56,27;55,186743;61,232097
12218608;89,72;55,172979;61,371274
9360000;58,5;55,17282962;61,29152178
12008600;68,01;55,171139;61,292474
18886434;106,69;55,17019956;61,29454777
6865407;63,49;55,12582;61,24988
11830000;83,9;55,186561;61,227535
14304000;59,59;55,122712;61,37265
9480276;51,79;55,170065;61,294848
5151000;30,29;55,17319;61,289033
12000000;78,62;55,18717966;61,22635491
9917523;52,04;55,173447;61,321741
11025990;57,29;55,17205061;61,29205778
5792791;49,36;55,08973;61,23944
7743360;40,33;55,11713;61,24662
6797000;48,54;55,170912;61,318013
7874833;45,4;55,250793;61,403197
5758500;34,9;55,17282962;61,29152178
10415500;56,29;55,17994;61,341
7709000;59,29;55,170912;61,318013
6584900;40,9;55,208243;61,188443
9437220;80,66;55,10547;61,34532
6251125;60,79;55,103719;61,251798
12999700;53,06;55,14897983;61,36362455
17680000;80;55,284388;61,895313
9336740;78,45;55,10547;61,34532
8641760;58,61;55,186757;61,226865
13350840;78,4;55,16990478;61,29537389
10952270;58,2;55,17205061;61,29205778
7743360;40,33;55,10908385;61,25782762
9878400;47,04;55,14897983;61,36362455
5188278;45,06;55,13106596;61,26330208
7654500;37,79;55,16011945;61,43196358
6483267;37,79;55,172805;61,365669
9526320;76,05;55,16907225;61,31212603
4595203;39,9;55,127295;61,260969
10740070;59,9;55,16011945;61,43196358
19744200;78,34;55,16989;61,3723
4169000;22,38;55,186378;61,226709
4587783;26,95;55,186757;61,226865
4168980;24,37;55,10903154;61,35920441
11455763;103,3;55,173447;61,321741
12767040;64,48;55,169946;61,377931
9503399;62,61;55,17336;61,36843
7863230;56,56;55,213324;61,30255
10168200;72,62;55,21277904;61,30311138
8789000;51,7;55,17319;61,289033
8736109;59,25;55,186757;61,226865
17200000;53,97;55,157305;61,411689
5840640;40,56;55,21277904;61,30311138
7889000;56,34;55,21335569;61,30290753
9439200;62,09;55,113143;61,274678
11221280;60,2;55,16002;61,43216
4342447;26,95;55,186757;61,226865
15497900;80,3;55,093617;61,240075
7758000;43,09;55,17230151;61,29111409
7752500;44,29;55,17319;61,289033
11384100;63;55,16002;61,43216
16121000;98;55,180537;61,339986
5774473;38,5;55,16907225;61,31212603
7666976;36,43;55,171077;61,377832
13012895;68,5;55,17019956;61,29454777
9683100;46,11;55,122712;61,37265
9938200;62,9;55,208243;61,188443
7632060;58,25;55,10547;61,34532
10022057;63,65;55,172979;61,367986
9695400;44,06;55,122712;61,37265
32783100;140,69;55,166588;61,390938
9691360;81,44;55,10542441;61,34532177
6096700;61,9;55,10314;61,247069
9652500;58,5;55,17282962;61,29152178
5456239;27,8;55,17299;61,37108
6351630;37,79;55,172979;61,367986
7319000;56,29;55,170912;61,318013
6134425;37,59;55,172979;61,367986
7628100;54,09;55,21277904;61,30311138
6136305;37,52;55,17336;61,36843
6405736;38;55,172979;61,371274
6998038;59,95;55,16907225;61,31212603
6245714;37,77;55,172979;61,367986
9047500;51,7;55,17282962;61,29152178
4526261;38,29;55,08973;61,23944
6314000;41;55,172661;61,473134
35758022;141,47;55,11205672;61,32504179
10113600;47,04;55,122712;61,37265
5868000;40,75;55,21355;61,30287
7668750;61,34;55,17343849;61,31978642
5006500;32,29;55,10903154;61,35920441
12636000;64,8;55,093617;61,240075
5661515;48,7;55,08973;61,23944
12392820;51,2;55,16989266;61,37174534
32550880;124,23;55,16916799;61,37096213
4847515;30,1;55,170912;61,318013
8865670;41,2;55,16990478;61,29537389
17335080;68,79;55,16916799;61,37096213
6900000;43,08;55,13655;61,42469
3149903;29,38;55,08973;61,23944
7743360;40,33;55,11713;61,24662
3912000;24,45;55,213324;61,30255
12141100;63,4;55,17928;61,34155
9565800;61,83;55,182297;61,234912
14899050;87,9;55,17992613;61,34096187
17537750;59,45;55,148498;61,363387
4642685;38,34;55,173447;61,321741
9397116;73,55;55,16907225;61,31212603
5605600;36,4;55,113143;61,274678
6860000;39,2;55,17230151;61,29111409
5095490;36,59;55,170912;61,318013
6974060;59,18;55,12719;61,622804
4320011;35,97;55,13106596;61,26330208
12170600;80,59;55,113143;61,274678
5859354;35,24;55,18748;61,2327
9654400;43,09;55,114023;61,25137
6050000;38,38;55,17454;61,41601
9165150;36,5;55,16011945;61,43196358
5000000;42,4;55,243988;61,253829
10850924;63,52;55,171077;61,377832
17617200;83,09;55,112625;61,250663
7561633;46,77;55,172979;61,367986
3311563;29,69;55,08973;61,23944
7520240;51,65;55,18748;61,2327
10831700;69,34;55,18641;61,22835
6554145;43,5;55,186757;61,226865
9580040;64,73;55,11131;61,248762
6000618;40,9;55,16382;61,43562
13358840;67,48;55,178617;61,359747
4951505;30,7;55,170912;61,318013
7561633;46,77;55,172805;61,365669
17018100;93,19;55,17102;61,29359
9299070;83,69;55,173447;61,321741
10799970;59,9;55,160355;61,431929
10050441;61,88;55,172979;61,367986
5385616;45,09;55,125436;61,254759
11615940;61,45;55,11713;61,24662
10349316;70,86;55,172979;61,367986
5372000;31,6;55,17230151;61,29111409
7979202;59,84;55,16907225;61,31212603
8074720;46,29;55,169946;61,377931
6545000;38,5;55,17230151;61,29111409
12150000;86,41;55,1384635;61,45219134
9204576;62,61;55,172805;61,365669
13079000;59,45;55,14799671;61,36368892
12125300;80,3;55,113143;61,274678
7776000;36;55,17994;61,341
8976000;56,09;55,170912;61,318013
20402980;126,09;55,17908192;61,34101551
4634000;33,09;55,16907225;61,31212603
4704000;35,91;55,121263;61,242779
10083171;63,65;55,172979;61,371274
5418000;30,1;55,17319;61,289033
12323400;53,58;55,14799671;61,36368892
4978600;32,11;55,10907;61,35937
6682000;51,4;55,17343849;61,31978642
12053000;70,9;55,17319;61,289033
15728700;80,66;55,09343218;61,24079687
14629512;78,4;55,157389;61,402709
5375523;38,4;55,173447;61,321741
8373040;38,25;55,17128914;61,29316285
11251800;53,58;55,148498;61,363387
6969299;31,29;55,171745;61,377967
8758880;42,11;55,171077;61,377832
15127500;60,5;55,1485743;61,36363528
9818200;70,12;55,21335569;61,30290753
10850924;63,52;55,169946;61,377931
7628100;54,09;55,21316;61,30282
4057500;32,18;55,12719;61,622804
9299070;83,69;55,16907225;61,31212603
6600000;41,88;55,17454;61,41601
10425867;55,77;55,173308;61,369697
6311098;37,59;55,17336;61,36843
10517520;71,09;55,11098;61,35252
10144000;63,4;55,173769;61,329517
4467000;29,78;55,250895;61,24728
5302500;30,29;55,17230151;61,29111409
9257160;70,12;55,213324;61,30255
8358064;56,2;55,18692;61,23104
14124890;79;55,170065;61,294848
5750000;49,99;55,124681;61,249481
5372850;36,54;55,108254;61,249729
11110800;59,09;55,116062;61,253549
12707100;60,5;55,122712;61,37265
6215137;41,25;55,18748;61,2327
9955999;46,4;55,169946;61,377931
9077260;43,81;55,174775;61,393563
9676800;43,2;55,113993;61,251376
5800000;32,52;55,173781;61,329179
13970750;59,45;55,122712;61,37265
14165060;78,3;55,170065;61,294848
16567600;94,16;55,17469173;61,39388388
14155652;78,09;55,170065;61,294848
4890200;37,68;55,121263;61,242779
6110000;48,47;55,12719;61,622804
6311111;37,77;55,172979;61,367986
11734380;93,12;55,17360031;61,32317977
6990000;45,7;55,17454;61,41601
4582413;39,79;55,125922;61,253945
10434600;68,09;55,208243;61,188443
14911800;85,69;55,17992613;61,34096187
5569980;49,36;55,08973;61,23944
4582413;39,79;55,113138;61,274687
11550000;84,9;55,13655;61,42469
8991470;50,38;55,173372;61,36710624
24360000;86,69;55,11145;61,32772
7709000;59,29;55,170912;61,318013
9309039;48,79;55,173372;61,36710624
7530213;51,08;55,18692;61,23104
15127500;60,5;55,1485743;61,36363528
4047080;24,37;55,10907;61,35937
10188850;47,38;55,122712;61,37265
5678500;41;55,10231;61,34543
11142600;53,06;55,14897983;61,36362455
4978600;32,11;55,10907;61,35937
8628492;58,52;55,18766;61,23199
10850632;103,3;55,16907225;61,31212603
12261200;81,19;55,113143;61,274678
11593285;104,34;55,173447;61,321741
6394100;61,7;55,103719;61,251798
5418000;30,1;55,17230151;61,29111409
6790600;31,39;55,169946;61,377931
9338000;71,8;55,16382;61,43562
15594400;80,8;55,095343;61,241692
12707100;60,5;55,122712;61,37265
11996000;59,97;55,14897983;61,36362455
7212399;32,7;55,171745;61,377967
9433380;44,2;55,16990478;61,29537389
9951900;47,38;55,148498;61,363387
11615940;61,45;55,114982;61,244986
6096700;61,79;55,10314;61,247069
8600000;56,04;55,197718;61,185027
4709529;31,39;55,173447;61,321741
7582949;32,7;55,169946;61,377931
17536200;106,3;55,16990478;61,29537389
9376840;84,4;55,173447;61,321741
10190000;76,16;55,16814;61,53102
7758000;43,09;55,17230151;61,29111409
12954904;81,58;55,171077;61,377832
5219840;40,77;55,10542441;61,34532177
5241200;42,9;55,121705;61,247684
10649000;92,59;55,179097;61,319819
6567051;37,24;55,172805;61,365669
10715580;60,54;55,116042;61,255014
6715000;69,5;55,103719;61,251798
5584000;34,9;55,17319;61,289033
7982509;68,31;55,13106596;61,26330208
7832650;56,34;55,2129;61,30134
5590200;36,29;55,113143;61,274678
9630500;38,25;55,17102;61,29359
10980300;64,58;55,113143;61,274678
6894000;38,29;55,17230151;61,29111409
12451584;81,23;55,172805;61,365669
8387808;56,4;55,186757;61,226865
5439000;38,84;55,173447;61,321741
3869470;24,26;55,104096;61,350497
8246000;58,9;55,170912;61,318013
6702500;38,29;55,17319;61,289033
10849260;74,3;55,11131;61,248762
64730000;209,8;55,157305;61,411689
19555680;72,94;55,169879;61,371867
6257549;27,2;55,171745;61,377967
9580040;64,73;55,11131;61,248762
6311098;37,59;55,17336;61,36843
9571000;56,29;55,17319;61,289033
5933000;34,9;55,17282962;61,29152178
4857583;41,95;55,08973;61,23944
5634510;38,33;55,108254;61,249729
6134452;37,77;55,17336;61,36843
10977750;53,54;55,122712;61,37265
20639140;79,63;55,16989266;61,37174534
7832650;56,34;55,2129;61,30134
4709529;31,39;55,173447;61,321741
12250000;81,26;55,197718;61,185027
8844000;53,59;55,17319;61,289033
26200000;101,33;55,157305;61,411689
17405200;82,09;55,112625;61,250663
10190000;76,16;55,16814;61,53102
17973200;68,59;55,16989;61,3723
10136100;44,06;55,148498;61,363387
10977900;55,79;55,171745;61,377967
4847515;30,1;55,170912;61,318013
18659258;118;55,16990478;61,29537389
11832623;80,94;55,172805;61,365669
6554145;43,5;55,186743;61,232097
4870600;37,5;55,121263;61,242779
18638999;99,69;55,171745;61,377967
9886765;41,2;55,16990478;61,29537389
6967280;37,06;55,118179;61,253873
5478000;33,2;55,17282962;61,29152178
5597760;38,08;55,108254;61,249729
6245691;37,59;55,17336;61,36843
6017000;34,68;55,18641;61,22835
3311563;29,69;55,08973;61,23944
20396700;77,84;55,16916799;61,37096213
3562300;26,07;55,121705;61,247684
5382000;29,89;55,17319;61,289033
12260500;79,09;55,17282962;61,29152178
4587783;26,95;55,186757;61,226865
14228180;78,09;55,170065;61,294848
5372850;36,54;55,108254;61,249729
9122490;44,06;55,122712;61,37265
14222200;60,52;55,122712;61,37265
10036640;65;55,182297;61,234912
22669169;83,41;55,11205672;61,32504179
5132500;46,22;55,08973;61,23944
11893840;53,59;55,16011945;61,43196358
16242600;75,9;55,116768;61,249804
9915750;44,06;55,122712;61,37265
4731844;31,54;55,173447;61,321741
10490328;66,05;55,171077;61,377832
9624120;72,91;55,213324;61,30255
17109345;106,69;55,17019956;61,29454777
6314000;41;55,172661;61,473134
8204735;73,84;55,16907225;61,31212603
5303470;31,2;55,173447;61,321741
12200800;80,56;55,113143;61,274678
8789000;51,7;55,17282962;61,29152178
5688000;31,6;55,17230151;61,29111409
4978600;32,11;55,10903154;61,35920441
7531000;44,29;55,17319;61,289033
9982500;60,5;55,17319;61,289033
15633200;83,59;55,160746;61,431749
6969300;31,5;55,169946;61,377931
4342447;26,95;55,186757;61,226865
6877500;39,29;55,17230151;61,29111409
7853500;56,5;55,187887;61,231487
10602900;59,5;55,16011945;61,43196358
4857583;41,95;55,08973;61,23944
8951583;61,31;55,250793;61,403197
5586030;36,5;55,111258;61,357638
6811000;48,65;55,170912;61,318013
8083740;60,77;55,10542441;61,34532177
11729640;80,33;55,11131;61,248762
6311098;37,59;55,17336;61,36843
4168980;24,37;55,10907;61,35937
3855950;23,95;55,111258;61,357638
5973125;37,52;55,17336;61,36843
6382381;42,36;55,186757;61,226865
4482450;44,7;55,103719;61,251798
7110246;51,2;55,18757434;61,23137654
10020250;64,9;55,182297;61,234912
10020250;64,8;55,182297;61,234912
10160000;62,04;55,197718;61,185027
8074720;46,29;55,171077;61,377832
7979202;59,84;55,173447;61,321741
5619810;38,22;55,108254;61,249729
4978600;32,11;55,10907;61,35937
7327000;43,09;55,17319;61,289033
8889657;44,09;55,16990478;61,29537389
8417552;56,59;55,186757;61,226865
5439000;38,84;55,170912;61,318013
11289600;63;55,160355;61,431929
4781280;44,7;55,103719;61,251798
11066092;71,16;55,172979;61,367986
4379562;28,79;55,170912;61,318013
5311110;36,13;55,108254;61,249729
6974060;59,18;55,12719;61,622804
7348770;67,61;55,08973;61,23944
10190000;72,33;55,13848;61,45237
11832623;80,94;55,172979;61,367986
5418000;30,1;55,17282962;61,29152178
4193360;24,37;55,10854;61,35956
5935500;39,56;55,1737459;61,32446462
27310000;105,86;55,11193;61,325796
4782400;35,91;55,121263;61,242779
9568000;73,59;55,170912;61,318013
6250000;35;55,11612993;61,45367541
6939080;36,9;55,118179;61,253873
5600000;32,52;55,173781;61,329179
5067880;37,81;55,10547;61,34532
6102750;61,59;55,103719;61,251798
20390000;72,87;55,157305;61,411689
17109345;106,69;55,17019956;61,29454777
8417552;56,59;55,186757;61,226865
3912000;24,45;55,213324;61,30255
11590700;56;55,17102;61,29359
13923750;59,25;55,14897983;61,36362455
