price;area;lat;lon
7795860;76,43;51,74306;36,26765
13292400;69,95;51,759188;36,195617
11695050;86,62;51,733373;36,268635
5388200;37,15;51,72331;36,120216
5695500;37,97;51,70206435;36,1557454
6482430;40,77;51,701582;36,159871
10843200;80,31;51,733373;36,268635
9103534;68,68;51,70199;36,15262
5990040;47,54;51,743892;36,262796
9490650;61,22;51,72331;36,120216
7992160;66,87;51,701582;36,159871
4737705;40,9;51,725513;36,264607
7108200;43,08;51,70144;36,15457
8725880;70,37;51,74306613;36,26601465
8791376;66,87;51,70147;36,15305
9047345;75,7;51,70143134;36,15535298
10515000;70,09;51,7927191;36,19131513
5400000;26,89;51,71744982;36,13114244
6908132;40,77;51,70147;36,15305
9547650;90,93;51,701582;36,159871
4878619;40,7;51,725513;36,264607
7558994;37,29;51,71743187;36,12808761
4414520;27,94;51,70206435;36,1557454
4895372;40,9;51,725513;36,264607
9873730;62,88;51,701582;36,159871
9045432;67,68;51,70147;36,15305
7178820;43,79;51,70281;36,15325
7410000;39,9;51,71744982;36,13114244
7962500;45,5;51,72429633;36,16913203
7023990;51,27;51,74306613;36,26601465
9199850;42,79;51,75910824;36,1955961
7879170;59,02;51,70143134;36,15535298
6397380;43,08;51,70143134;36,15535298
6420546;36,02;51,70147;36,15305
8626800;47,4;51,74398;36,20298
7795860;76,43;51,743872;36,262736
13788300;77,9;51,743976;36,202977
13560000;85;51,71744982;36,13114244
10545000;70,3;51,79266587;36,19080014
6608387;36,97;51,70144;36,15457
7849200;42,2;51,72429633;36,16913203
13450000;71,9;51,71743187;36,12808761
9911000;93,5;51,70211768;36,15484418
6558190;47,86;51,743892;36,262796
7092800;45,75;51,74306613;36,26601465
9397700;72,29;51,74306613;36,26601465
7094620;41,97;51,701582;36,159871
11480320;89,69;51,701582;36,159871
6311325;40,84;51,701638;36,15469852
7885170;71,26;51,725513;36,264607
6441930;43,38;51,70206435;36,1557454
7757904;41,97;51,70128;36,15614
7108200;43,08;51,70144;36,15457
10668400;71,59;51,701582;36,159871
9420818;70,77;51,70144;36,15457
11486563;92,41;51,70128;36,15614
6767640;51,27;51,74306613;36,26601465
9801200;91,59;51,701638;36,15469852
9144696;62,97;51,70144;36,15457
5872425;37,04;51,701582;36,159871
7259362;42,43;51,70144;36,15457
6594000;43,95;51,74306613;36,26601465
5033952;40,86;51,725301;36,264853
7203240;42,79;51,70199;36,15262
8965766;71,26;51,725301;36,264853
11689650;86,58;51,733373;36,268635
6262014;36,02;51,70147;36,15305
7596760;42,43;51,701582;36,159871
5040112;40,9;51,725301;36,264853
9322700;70,36;51,70143134;36,15535298
11235210;76,43;51,74306613;36,26601465
7153096;40,77;51,70144;36,15457
8526375;64,34;51,701582;36,159871
9729510;90,93;51,70211768;36,15484418
5201478;40,86;51,725301;36,264853
4872015;40,77;51,725301;36,264853
6870000;35,79;51,71744982;36,13114244
6899050;44,5;51,74416;36,26398
6333360;47,97;51,743872;36,262736
4872015;40,77;51,725301;36,264853
10909800;94,05;51,701582;36,159871
8778000;39,9;51,72429633;36,16913203
11451137;75,7;51,70144;36,15457
6439290;37,04;51,70199;36,15262
5954080;43,77;51,74306613;36,26601465
6275650;31,29;51,71743187;36,12808761
6010080;39,54;51,70206435;36,1557454
6276270;37,04;51,70281;36,15325
6602435;43,86;51,701582;36,159871
8430000;67,44;51,743872;36,262736
8721000;105,3;;
5931000;39,54;51,701582;36,159871
8997560;48,4;51,702701;36,15772
10019675;67,93;51,701582;36,159871
6439290;37,04;51,70281;36,15325
8750700;83,33;51,74287;36,26825
6357480;51,27;51,743892;36,262796
4595420;40,9;51,725513;36,264607
7782400;51,2;51,686534;36,153345
6275280;47,54;51,74306613;36,26601465
6400000;34,5;51,71744982;36,13114244
6422850;40,77;51,701582;36,159871
6480606;39,54;51,70281;36,15325
7962500;45,5;51,72429633;36,16913203
7466400;48,79;51,686534;36,153345
5207843;40,9;51,725301;36,264853
10859700;68,3;51,743976;36,202977
9686520;89,69;51,701582;36,159871
9095170;76,43;51,743892;36,262796
6480606;39,54;51,70281;36,15325
6684300;42,43;51,70143134;36,15535298
6140000;34,09;51,71744982;36,13114244
9003995;70,06;51,70036268;36,15518624
6630000;35,9;51,71744982;36,13114244
8490100;71,94;51,70206435;36,1557454
11342500;69,8;51,717072;36,130169
5388200;37,15;51,821038;36,157091
5220290;27,26;51,701582;36,159871
6355800;42,79;51,701582;36,159871
5040112;40,9;51,725301;36,264853
8155440;67,68;51,701582;36,159871
8473000;74;51,701582;36,159871
5848200;43,31;51,733373;36,268635
12037850;111,98;51,701582;36,159871
9464150;88,44;51,701582;36,159871
6899050;44,5;51,74306613;36,26601465
7700000;44;;
6322470;43;51,743892;36,262796
11567500;66,09;;
4878619;40,77;51,725513;36,264607
10181813;57,5;51,717072;36,130169
6542970;44,5;51,74306613;36,26601465
6672000;44,47;51,70206435;36,1557454
6620640;42,43;51,70143134;36,15535298
9570300;83,94;51,74287;36,26825
8594432;61,04;51,70147;36,15305
8427820;71,26;51,725513;36,264607
6239340;40,77;51,701582;36,159871
11021642;67,93;51,70128;36,15614
9169875;64,34;51,70201197;36,16007471
8077440;72,12;51,701582;36,159871
8636590;76,43;51,743872;36,262736
6216760;43,77;51,743892;36,262796
9490650;61,22;51,72331;36,120216
7700000;44;51,72429633;36,16913203
8608950;81,98;51,701582;36,159871
6535760;42,43;51,701582;36,159871
5100300;37,77;51,733373;36,268635
6767640;51,27;51,743872;36,262736
6657600;43,79;51,701582;36,159871
7009860;40,84;51,70147;36,15305
6361333;54,93;51,725513;36,264607
5207843;40,9;51,725301;36,264853
6288000;39,29;51,793511;36,19137
6179200;38,61;51,72331;36,120216
8295120;67,44;51,743872;36,262736
7872290;76,43;51,743892;36,262796
12122642;75,09;51,71745186;36,12955209
4888745;40,9;51,725301;36,264853
7849200;42,2;;
7093770;35,79;51,717072;36,130169
8275940;68,68;51,701582;36,159871
10870000;65,19;51,71744982;36,13114244
5691400;43,77;51,743892;36,262796
5952170;36,97;51,701582;36,159871
14570000;77,9;51,717072;36,130169
10505513;65,09;51,71745186;36,12955209
5710755;36,02;51,70211768;36,15484418
8288000;59,2;51,72331;36,120216
9472000;59,2;51,821038;36,157091
12198841;64,4;51,717072;36,130169
7224261;36,68;51,70128;36,15614
10524700;69,69;51,79266587;36,19080014
8965766;71,26;51,725301;36,264853
6429320;47,97;51,74306;36,26765
12864900;67,7;51,75910824;36,1955961
6101130;51,27;51,743892;36,262796
7087564;40,77;51,70199;36,15262
10104300;92,69;51,701638;36,15469852
9768000;105,5;;
6107420;43;51,74306613;36,26601465
7040000;38,79;51,71744982;36,13114244
6963100;35,79;51,717072;36,130169
12418500;82,79;51,74287;36,26825
5742750;37,04;51,701582;36,159871
6154400;43,95;51,74287;36,26825
8872500;84,5;51,74306613;36,26601465
7936320;70,86;51,70206435;36,1557454
12350000;84,9;51,71744982;36,13114244
6360120;40,77;51,70143134;36,15535298
10545000;70,3;51,793511;36,19137
12540000;66;51,72429633;36,16913203
5207843;40,9;51,725301;36,264853
10202400;65,4;51,793511;36,19137
9897800;89,98;51,70143134;36,15535298
5609250;41,54;51,733373;36,268635
6573033;54,93;51,725513;36,264607
10718530;61,79;51,730617;36,192605
5978390;43;51,74287;36,26825
6573033;54,93;51,725513;36,264607
5793780;47,49;51,743892;36,262796
6523200;40,77;51,701582;36,159871
5872425;37,04;51,701582;36,159871
8936990;70,37;51,743892;36,262796
10074000;83,94;51,74306613;36,26601465
6767376;54,93;51,725301;36,264853
6484200;42,79;51,701582;36,159871
9618000;91,59;51,70211768;36,15484418
10579800;91,59;51,70199;36,15262
8778000;39,9;;
14050000;75,09;51,717072;36,130169
12720000;79,3;51,71744982;36,13114244
5040112;40,9;51,725301;36,264853
8330870;76,43;51,743892;36,262796
8170935;65,62;51,701582;36,159871
7037118;43,08;51,70144;36,15457
6290900;40,84;51,701582;36,159871
5599900;38,61;51,72331;36,120216
5406800;38,61;51,821038;36,157091
6863274;40,77;51,70147;36,15305
4889389;40,86;51,725513;36,264607
6341290;40,77;51,701582;36,159871
5888760;47,49;51,743892;36,262796
4888745;40,9;51,725301;36,264853
6010080;39,54;51,701582;36,159871
5710755;36,02;51,701582;36,159871
8898830;67,93;51,70036268;36,15518624
8943340;70,41;51,743892;36,262796
6818416;40,77;51,70147;36,15305
6311220;43,08;51,701582;36,159871
8125920;66,87;51,701582;36,159871
8872920;70,41;51,74306613;36,26601465
5890950;37,04;51,70206435;36,1557454
6117000;40,77;51,701582;36,159871
6950360;36,97;51,70143134;36,15535298
5853400;39,54;51,70206435;36,1557454
5872425;37,04;51,70211768;36,15484418
8490150;62,88;51,701582;36,159871
6767640;51,27;51,74306613;36,26601465
7962500;45,5;51,72429633;36,16913203
4895372;40,9;51,725513;36,264607
9637270;69,8;51,70147;36,15305
10555500;70,37;51,74306613;36,26601465
13122000;81;51,74398;36,20298
9732870;66,2;51,743892;36,262796
5742750;37,04;51,70206435;36,1557454
8170935;65,62;51,701638;36,15469852
9047345;75,7;51,701582;36,159871
6458640;47,49;51,743872;36,262736
10533600;94,05;51,701582;36,159871
8133047;71,26;51,725513;36,264607
6942342;43,08;51,70144;36,15457
4878619;40,77;51,725513;36,264607
5450000;26,89;51,71744982;36,13114244
8636590;76,43;51,743892;36,262796
11594000;68,19;;
8491725;72,26;51,701582;36,159871
14240000;76,09;51,71743187;36,12808761
7180500;47,86;51,74287;36,26825
8572200;61,22;51,821038;36,157091
6290900;40,84;51,70206435;36,1557454
6482245;39,54;51,70281;36,15325
4595420;40,9;51,725513;36,264607
7787700;51,2;51,687043;36,154206
5380000;26,29;51,71744982;36,13114244
11070400;62,9;51,72429633;36,16913203
10431344;84,66;51,70147;36,15305
6858240;37,59;51,717072;36,130169
4721492;40,77;51,725513;36,264607
9219960;85,37;51,70206435;36,1557454
5872890;36,02;51,701582;36,159871
14246720;84,4;51,71745186;36,12955209
5040112;40,9;51,725301;36,264853
8939700;85,13;51,701582;36,159871
4721492;40,77;51,725513;36,264607
10190180;71,26;51,74306613;36,26601465
11250000;69,8;51,71744982;36,13114244
8133047;71,26;51,725513;36,264607
6178170;40,77;51,701638;36,15469852
9413690;59,02;51,70143134;36,15535298
11422493;80,8;51,702701;36,15772
7062000;42,79;51,70147;36,15305
4595420;40,9;51,725513;36,264607
6280120;40,77;51,701582;36,159871
5742750;37,04;51,701582;36,159871
7962500;45,5;51,72429633;36,16913203
6866100;50,86;51,733373;36,268635
6767640;51,27;51,743872;36,262736
6535760;42,43;51,701582;36,159871
4871339;27,94;51,70281;36,15325
6562560;51,27;51,743892;36,262796
6402460;40,77;51,701582;36,159871
6620640;42,43;51,70143134;36,15535298
5942700;41,84;51,743892;36,262796
8001720;64,52;51,70206435;36,1557454
11107800;93,5;51,70147;36,15305
8866620;70,37;51,74287;36,26825
6787800;50,27;51,733373;36,268635
4895372;40,9;51,725513;36,264607
4878619;40,77;51,725513;36,264607
13880550;67,7;51,759188;36,195617
6796580;45,15;51,70211768;36,15484418
14240000;76,09;51,717072;36,130169
6444800;43,2;51,687043;36,154206
8374225;71,26;51,725301;36,264853
7955000;74;51,701582;36,159871
6741570;39,54;51,70281;36,15325
4593310;27,26;51,70143134;36,15535298
9817950;88,44;51,701638;36,15469852
8667087;59,02;51,70144;36,15457
8761155;69,8;51,701582;36,159871
12191150;106,01;51,74306613;36,26601465
9093200;71,59;51,70201197;36,16007471
6402460;40,77;51,701582;36,159871
6117000;40,77;51,70206435;36,1557454
8039675;65,62;51,701582;36,159871
15475200;80,59;51,743976;36,202977
5599900;38,61;51,72331;36,120216
6360120;40,77;51,701582;36,159871
5595200;26,89;51,71745186;36,12955209
15250000;81,5;51,717072;36,130169
8430000;67,44;51,74306613;36,26601465
4809871;27,94;51,70281;36,15325
6308515;31,29;51,71745186;36,12955209
8789450;76,43;51,74306613;36,26601465
7353600;38,29;51,743976;36,202977
6131400;37,15;51,821038;36,157091
4895372;40,9;51,725513;36,264607
6483540;43,08;51,70143134;36,15535298
10086862;64,34;51,702701;36,15772
6583040;44,47;51,701582;36,159871
6397380;43,08;51,701582;36,159871
6573033;54,93;51,725513;36,264607
4889389;40,86;51,725513;36,264607
9313700;84,66;51,701582;36,159871
11586960;94,05;51,70144;36,15457
11210000;59,9;51,71743187;36,12808761
5599900;38,61;51,72331;36,120216
5607900;41,84;51,74306613;36,26601465
7962500;45,5;;
11079959;92,41;51,70128;36,15614
6613800;43,79;51,70206435;36,1557454
4872015;40,77;51,725301;36,264853
5798325;37,04;51,70211768;36,15484418
6443240;40,77;51,701638;36,15469852
10745600;83,94;51,74287;36,26825
11024000;68,9;51,72429633;36,16913203
8939700;85,13;51,701638;36,15469852
5022864;40,77;51,725301;36,264853
6422850;40,77;51,70211768;36,15484418
8965766;71,26;51,725301;36,264853
6840845;40,77;51,70199;36,15262
5631600;37,04;51,701582;36,159871
9890500;65,5;51,79266587;36,19080014
7952400;67,68;51,70211768;36,15484418
6615450;43,38;51,701582;36,159871
9464150;88,44;51,701582;36,159871
5207843;40,9;51,725301;36,264853
7495920;43,08;51,701582;36,159871
6955520;45,75;51,743892;36,262796
4895372;40,9;51,725513;36,264607
7376072;42,43;51,70144;36,15457
13476700;77,9;51,743976;36,202977
10555500;70,37;51,74287;36,26825
7952400;67,68;51,701582;36,159871
6341290;40,77;51,70211768;36,15484418
6443240;40,77;51,701638;36,15469852
6022520;43,95;51,743892;36,262796
11895386;69,8;51,730617;36,192605
8299900;49,7;51,743976;36,202977
10482500;59,9;51,730617;36,192605
8133047;71,26;51,725513;36,264607
7110680;60,25;51,70211768;36,15484418
9931500;66,2;51,74306613;36,26601465
5207843;40,9;51,725301;36,264853
5207843;40,9;51,725301;36,264853
6117000;40,77;51,70206435;36,1557454
4589803;40,86;51,725513;36,264607
4878619;40,77;51,725513;36,264607
4595420;40,9;51,725513;36,264607
5853400;39,54;51,701582;36,159871
8330870;76,43;51,743892;36,262796
8607456;66,87;51,70199;36,15262
10502415;90,93;51,70199;36,15262
11793870;94,05;51,70144;36,15457
6078720;47,49;51,743892;36,262796
9547650;90,93;51,701582;36,159871
5931000;39,54;51,70206435;36,1557454
8778000;39,9;;
5201478;40,86;51,725301;36,264853
8655100;42,22;51,75916;36,1956
11398233;65,16;51,702701;36,15772
7992160;66,87;51,70211768;36,15484418
5516280;43,77;51,743892;36,262796
4889389;40,86;51,725513;36,264607
6399000;39,5;51,79266587;36,19080014
4731914;40,86;51,725513;36,264607
4595420;40,9;51,725513;36,264607
7795860;76,43;51,74306613;36,26601465
7771852;40,84;51,70128;36,15614
8474880;66,2;51,74306613;36,26601465
5816850;37,04;51,70206435;36,1557454
8769600;69,59;51,70143134;36,15535298
9990780;58,4;51,717072;36,130169
6259730;40,77;51,70211768;36,15484418
8564380;70,77;51,70143134;36,15535298
6818910;51,27;51,743892;36,262796
9313700;84,66;51,701582;36,159871
6137390;40,77;51,70211768;36,15484418
4895372;40,9;51,725513;36,264607
8177910;48,38;51,70201197;36,16007471
6463630;40,77;51,701582;36,159871
9131210;64,59;51,70144;36,15457
7885170;71,26;51,725513;36,264607
6357780;37,04;51,70147;36,15305
10416000;69,44;51,74306613;36,26601465
9654250;83,94;51,743892;36,262796
4721492;40,77;51,725513;36,264607
8427820;71,26;51,725513;36,264607
9911370;90,93;51,70211768;36,15484418
7108200;43,08;51,70144;36,15457
6695315;40,84;51,70281;36,15325
7833700;58,9;51,686534;36,153345
11079959;92,41;51,70128;36,15614
6535760;42,43;51,70143134;36,15535298
11212313;64,3;51,717072;36,130169
9946440;78,94;51,70036268;36,15518624
6361680;40,77;51,701638;36,15469852
6361333;54,93;51,725513;36,264607
4932807;27,94;51,70281;36,15325
6372300;38,61;51,821038;36,157091
8401400;70,59;51,701582;36,159871
6837000;31,79;51,759188;36,195617
8992740;67,11;51,70036268;36,15518624
6872723;36,97;51,70144;36,15457
9750000;57,9;51,71744982;36,13114244
8726250;69,8;51,701582;36,159871
5965050;37,04;51,701638;36,15469852
5051770;26,37;51,701582;36,159871
10533600;94,05;51,70143134;36,15535298
10617618;84,66;51,70147;36,15305
6311220;43,08;51,701582;36,159871
6352000;39,7;51,7927191;36,19131513
6382800;39,4;51,7927191;36,19131513
8087760;67,68;51,70211768;36,15484418
4872015;40,77;51,725301;36,264853
6975419;40,77;51,70199;36,15262
6679400;47,7;51,74287;36,26825
6956000;37;51,71743187;36,12808761
9801200;91,59;51,70211768;36,15484418
7195500;36,9;51,71743187;36,12808761
6821785;43,86;51,701582;36,159871
6983640;40,84;51,701582;36,159871
6482400;43,79;51,70206435;36,1557454
9865900;89,69;51,70143134;36,15535298
5609250;41,54;51,733373;36,268635
5693512;26,68;51,70144;36,15457
4888745;40,9;51,725301;36,264853
6952990;40,77;51,70147;36,15305
8133047;71,26;51,725513;36,264607
4497790;26,37;51,70143134;36,15535298
8091720;70,98;51,701582;36,159871
11160207;64,19;51,730617;36,192605
4579694;40,77;51,725513;36,264607
6679400;47,7;51,74306613;36,26601465
11480320;89,69;51,70143134;36,15535298
6439290;37,04;51,70147;36,15305
10257510;92,41;51,70036268;36,15518624
5524200;40,91;51,733373;36,268635
9618000;91,59;51,701582;36,159871
6320900;40,77;51,701582;36,159871
6672000;44,47;51,701582;36,159871
6333360;47,97;51,74306;36,26765
11917500;68,09;51,72429633;36,16913203
16420300;96,58;51,75910824;36,1955961
11586960;94,05;51,70144;36,15457
6620640;42,43;51,701582;36,159871
8560860;61,04;51,70199;36,15262
5388200;37,15;51,72331;36,120216
8427820;71,26;51,725513;36,264607
6541500;43,61;51,74287;36,26825
8133047;71,26;51,725513;36,264607
6745200;51,2;51,687043;36,154206
8983000;69,09;51,70201197;36,16007471
6564135;54,93;51,725301;36,264853
7660420;42,43;51,70143134;36,15535298
5680000;31,5;51,71744982;36,13114244
7542450;40,77;51,701582;36,159871
4737705;40,9;51,725513;36,264607
8449804;42,43;51,70144;36,15457
7858400;66,87;51,70211768;36,15484418
9553750;76,43;51,74306613;36,26601465
4737705;40,9;51,725513;36,264607
10384085;80,8;51,701582;36,159871
6061790;43,61;51,74287;36,26825
8432340;70,86;51,70206435;36,1557454
8260200;70,59;51,701582;36,159871
8491200;69,59;51,70143134;36,15535298
6462120;43,95;51,743892;36,262796
11594000;68,19;;
5763340;43;51,743892;36,262796
6564135;54,93;51,725301;36,264853
6972720;51,27;51,743872;36,262736
8636590;76,43;51,74306;36,26765
9652500;64,34;51,701582;36,159871
9790605;65,93;51,70144;36,15457
9490650;61,22;51,72331;36,120216
7885170;71,26;51,725513;36,264607
12088142;90,81;51,702701;36,15772
8960000;105,3;;
10325850;83,94;51,743892;36,262796
7082460;43,79;51,70281;36,15325
5798325;37,04;51,701582;36,159871
10391700;62,97;51,70144;36,15457
10507860;88,44;51,70147;36,15305
10706850;92,69;51,70199;36,15262
9911370;90,93;51,701638;36,15469852
12996000;68,4;51,72426;36,16924
12010000;64,19;51,71743187;36,12808761
6280120;40,77;51,70206435;36,1557454
9520850;82,79;51,743892;36,262796
8918030;64,59;51,70144;36,15457
4595420;40,9;51,725513;36,264607
7153096;40,77;51,70144;36,15457
12540000;66;51,72429633;36,16913203
5033952;40,86;51,725301;36,264853
10778400;79,83;51,733373;36,268635
10697375;94,25;51,70143134;36,15535298
13450000;71,9;51,717072;36,130169
10530256;62,97;51,70144;36,15457
8474880;66,2;51,74287;36,26825
10853060;76,43;51,743892;36,262796
4889389;40,86;51,725513;36,264607
5388200;37,15;51,72331;36,120216
8619000;84,5;51,743892;36,262796
9049220;85,37;51,701582;36,159871
8721000;51,29;51,72426;36,16924
9339110;71,94;51,70281;36,15325
5388200;37,15;51,72331;36,120216
8514770;70,37;51,743892;36,262796
9490650;61,22;51,72331;36,120216
8177000;74;51,70211768;36,15484418
5620050;41,63;51,733373;36,268635
6556980;42,43;51,701582;36,159871
6131400;37,15;51,821038;36,157091
4895372;40,9;51,725513;36,264607
4856400;28,39;51,686744;36,153487
8290620;70,86;51,70206435;36,1557454
4538790;27,26;51,701582;36,159871
5033952;40,86;51,725301;36,264853
12309234;77,69;51,717072;36,130169
6341290;40,77;51,70211768;36,15484418
4737705;40,9;51,725513;36,264607
12527240;88,22;51,70201197;36,16007471
4870925;26,69;51,701582;36,159871
10018350;74,2;51,733373;36,268635
7542450;40,77;51,70143134;36,15535298
12678600;67,8;51,74398;36,20298
6357780;37,04;51,70147;36,15305
5803650;42,99;51,733373;36,268635
5207843;40,9;51,725301;36,264853
8771950;42,79;51,75916;36,1956
8772930;81,98;51,701638;36,15469852
6785185;40,84;51,70281;36,15325
4595420;40,9;51,725513;36,264607
8232120;70,36;51,70143134;36,15535298
6259730;40,77;51,70211768;36,15484418
6420546;36,02;51,70147;36,15305
5388200;37,15;51,72331;36,120216
5756520;43,61;51,743892;36,262796
5806350;43;51,74287;36,26825
5599900;38,61;51,72331;36,120216
10620000;64,3;51,71744982;36,13114244
6275280;47,54;51,74306613;36,26601465
10902100;93,5;51,70147;36,15305
6382070;40,77;51,701638;36,15469852
6262014;36,02;51,70147;36,15305
6363660;47,49;51,74306613;36,26601465
9918900;92,69;51,701582;36,159871
7536690;51,27;51,74306613;36,26601465
10200000;54,5;51,717072;36,130169
6318900;31,5;51,71745186;36,12955209
8928290;65,16;51,70201197;36,16007471
10630000;64,19;51,71744982;36,13114244
8177910;48,38;51,701582;36,159871
5440500;41,84;51,743892;36,262796
5818500;43,09;51,733373;36,268635
6146400;39,4;51,793511;36,19137
9313700;84,66;51,70211768;36,15484418
6237400;47,97;51,743892;36,262796
8789450;76,43;51,743872;36,262736
5932500;39,54;51,701582;36,159871
5599900;38,61;51,72331;36,120216
5954080;43,77;51,74306613;36,26601465
10655172;89,69;51,70144;36,15457
7106160;40,84;51,701582;36,159871
8356436;42,43;51,70144;36,15457
8061440;62,97;51,701582;36,159871
6863274;40,77;51,70147;36,15305
5946525;37,04;51,70211768;36,15484418
8427820;71,26;51,725513;36,264607
4579694;40,77;51,725513;36,264607
8288000;59,2;51,821038;36,157091
5190021;40,77;51,725301;36,264853
12848705;77,69;51,730617;36,192605
10112000;63,2;;
9679500;71,69;51,733373;36,268635
8985900;42,79;51,759188;36,195617
6370000;33,7;51,71744982;36,13114244
10597120;82,79;51,74287;36,26825
8942310;76,43;51,743892;36,262796
7721600;51,2;51,687043;36,154206
10793920;64,76;51,70128;36,15614
6818416;40,77;51,70147;36,15305
5388200;37,15;51,72331;36,120216
9340897;72,26;51,70199;36,15262
7259362;42,43;51,70144;36,15457
5890950;37,04;51,701582;36,159871
4595420;40,9;51,725513;36,264607
6178170;40,77;51,701638;36,15469852
9865900;89,69;51,70143134;36,15535298
12380000;66,19;51,717072;36,130169
9400890;76,43;51,74306613;36,26601465
8497104;66,87;51,70147;36,15305
6280120;40,77;51,70206435;36,1557454
7935200;61,04;51,701582;36,159871
9833670;85,13;51,70199;36,15262
8970984;67,68;51,70199;36,15262
8427820;71,26;51,725513;36,264607
7566570;76,43;51,743892;36,262796
6300510;40,77;51,701638;36,15469852
6218950;40,77;51,701582;36,159871
5782815;36,02;51,701582;36,159871
5933685;36,97;51,701582;36,159871
15360000;82,09;51,71743187;36,12808761
9897800;89,98;51,70143134;36,15535298
5965050;37,04;51,701638;36,15469852
5388200;37,15;51,72331;36,120216
6952360;35,79;51,717072;36,130169
9547650;90,93;51,701638;36,15469852
4895372;40,9;51,725513;36,264607
10668400;71,59;51,70201197;36,16007471
4579694;40,77;51,725513;36,264607
11304000;75,36;51,74287;36,26825
8721000;105,3;;
6259730;40,77;51,70211768;36,15484418
7275180;43,79;51,70281;36,15325
10508875;94,25;51,70143134;36,15535298
7038405;43,38;51,70281;36,15325
9984400;91,59;51,701582;36,159871
11533000;60,7;51,72429633;36,16913203
7962500;45,5;51,72429633;36,16913203
6482400;43,79;51,701582;36,159871
13640000;72,9;51,717072;36,130169
8260200;70,59;51,701582;36,159871
7757904;41,97;51,70128;36,15614
8178010;76,43;51,743892;36,262796
10721700;94,05;51,70143134;36,15535298
8221680;72,12;51,701582;36,159871
13642200;69,95;51,75916;36,1956
6767640;51,27;51,74306613;36,26601465
5952170;36,97;51,70143134;36,15535298
6311325;40,84;51,701582;36,159871
7700000;44;;
6259730;40,77;51,70211768;36,15484418
6361680;40,77;51,701582;36,159871
8473000;74;51,70211768;36,15484418
8608950;81,98;51,70211768;36,15484418
5798325;37,04;51,701582;36,159871
7997210;59,02;51,70143134;36,15535298
4878619;40,77;51,725513;36,264607
6117000;40,77;51,70206435;36,1557454
9641050;88,44;51,701582;36,159871
7885170;71,26;51,725513;36,264607
8276250;66,2;51,743892;36,262796
8274271;40,77;51,70144;36,15457
5816850;37,04;51,701582;36,159871
8491725;72,26;51,701582;36,159871
8528990;70,77;51,70143134;36,15535298
8427820;71,26;51,725513;36,264607
5946525;37,04;51,701582;36,159871
7813120;61,04;51,701582;36,159871
5651310;47,49;51,743892;36,262796
7992160;66,87;51,70211768;36,15484418
8584000;74;51,701582;36,159871
6061790;43,61;51,74287;36,26825
7874665;43,86;51,701582;36,159871
8140800;42,4;51,730617;36,192605
7858400;66,87;51,701582;36,159871
7782400;51,2;51,68814231;36,15447795
12200000;65,19;51,717072;36,130169
9873730;62,88;51,70143134;36,15535298
7108249;40,77;51,70144;36,15457
4595420;40,9;51,725513;36,264607
10077760;89,98;51,70143134;36,15535298
7951810;70,37;51,743892;36,262796
6333360;47,97;51,74306613;36,26601465
6996000;31,79;51,759188;36,195617
8717800;67,05;51,70036268;36,15518624
10590000;56,59;51,71743187;36,12808761
10759369;65,19;51,730617;36,192605
6360120;40,77;51,701582;36,159871
6541177;37,04;51,70199;36,15262
8754200;67,33;51,701582;36,159871
6316170;47,49;51,743892;36,262796
8725880;70,37;51,74287;36,26825
9768000;52,79;51,72429633;36,16913203
5388200;37,15;51,72331;36,120216
6510320;47,86;51,743892;36,262796
8811000;49,5;51,74398;36,20298
5890950;37,04;51,701582;36,159871
6300510;40,77;51,701582;36,159871
6443240;40,77;51,701582;36,159871
8200200;47,4;51,74398;36,20298
4737705;40,9;51,725513;36,264607
6341290;40,77;51,70211768;36,15484418
6564135;54,93;51,725301;36,264853
8778000;39,9;51,72426;36,16924
8636590;76,43;51,74306613;36,26601465
7625062;36,97;51,70144;36,15457
9736200;72,12;51,733373;36,268635
6840845;40,77;51,70147;36,15305
8900775;69,8;51,70211768;36,15484418
5933685;36,97;51,70143134;36,15535298
14035000;80,19;51,730617;36,192605
10533600;94,05;51,70143134;36,15535298
10431540;82,79;51,74306613;36,26601465
6972720;51,27;51,743872;36,262736
11235210;76,43;51,743872;36,262736
7087564;40,77;51,70199;36,15262
8841000;42,09;51,72429633;36,16913203
5771395;26,89;51,71745186;36,12955209
7352840;39,31;51,702701;36,15772
8233680;70,98;51,701582;36,159871
6361680;40,77;51,701582;36,159871
4872015;40,77;51,725301;36,264853
6341290;40,77;51,701582;36,159871
10474700;70,3;51,7927191;36,19131513
12790800;94,05;51,70143134;36,15535298
5946525;37,04;51,701582;36,159871
11490000;61,4;51,71743187;36,12808761
6908132;40,77;51,70147;36,15305
10733800;69,69;51,7927191;36,19131513
6767376;54,93;51,725301;36,264853
8154000;45,29;;
8427820;71,26;51,725513;36,264607
7691040;61,04;51,70211768;36,15484418
10257720;89,98;51,701582;36,159871
5566050;41,84;51,743892;36,262796
5040112;40,9;51,725301;36,264853
4595420;40,9;51,725513;36,264607
15072200;80,59;51,74398;36,20298
8177910;48,38;51,701582;36,159871
8607300;66,2;51,74287;36,26825
6360120;40,77;51,70143134;36,15535298
6131400;37,15;51,821038;36,157091
10137000;65,4;51,7927191;36,19131513
5040112;40,9;51,725301;36,264853
4882770;40,86;51,725301;36,264853
6567594;39,54;51,70281;36,15325
6439290;37,04;51,70147;36,15305
6997848;40,77;51,70147;36,15305
6393025;40,84;51,701582;36,159871
8374225;71,26;51,725301;36,264853
6899280;45,38;51,743892;36,262796
5998590;51,27;51,74306613;36,26601465
10617500;68,5;51,72429633;36,16913203
9093200;71,59;51,70201197;36,16007471
9483040;84,66;51,70211768;36,15484418
12320682;80,58;51,70144;36,15457
7042706;40,77;51,70147;36,15305
8667087;59,02;51,70144;36,15457
10202400;65,4;51,79266587;36,19080014
10459800;70,19;51,7927191;36,19131513
4895372;40,9;51,725513;36,264607
9801200;91,59;51,701638;36,15469852
8333094;42,43;51,70144;36,15457
14123200;77,59;51,74398;36,20298
5695500;37,97;51,70206435;36,1557454
7187840;40,84;51,70036268;36,15518624
6229625;40,84;51,701582;36,159871
5954080;43,77;51,74306;36,26765
4888745;40,9;51,725301;36,264853
8965766;71,26;51,725301;36,264853
9610000;58,29;51,71744982;36,13114244
17122000;87;51,717072;36,130169
9202270;64,59;51,70144;36,15457
10913500;83,94;51,74306613;36,26601465
6886900;45,15;51,701582;36,159871
6657600;43,79;51,701582;36,159871
6767640;51,27;51,74306613;36,26601465
8977500;51,29;51,72429633;36,16913203
6866100;50,86;51,733373;36,268635
6520800;37,04;51,70147;36,15305
6863274;40,77;51,70147;36,15305
6154005;37,04;51,70281;36,15325
10893720;78,94;51,701582;36,159871
6037200;44,72;51,733373;36,268635
4737705;40,9;51,725513;36,264607
5040112;40,9;51,725301;36,264853
8079500;56,5;51,68814231;36,15447795
9400000;57,2;51,71744982;36,13114244
5798325;37,04;51,701582;36,159871
8202645;72,26;51,701638;36,15469852
7885170;71,26;51,725513;36,264607
5597100;41,45;51,733373;36,268635
5081430;47,49;51,743892;36,262796
10640000;66,3;51,71744982;36,13114244
6661100;45,15;51,70211768;36,15484418
5742750;37,04;51,70206435;36,1557454
9911000;93,5;51,701582;36,159871
10586500;68,3;51,743976;36,202977
10354313;57,5;51,717072;36,130169
6361680;40,77;51,701638;36,15469852
6620640;42,43;51,701582;36,159871
6870150;50,88;51,733373;36,268635
7786925;43,86;51,70143134;36,15535298
5793780;47,49;51,743892;36,262796
10722745;62,88;51,70144;36,15457
6458640;47,49;51,74306613;36,26601465
10045280;89,69;51,701582;36,159871
9911370;90,93;51,701638;36,15469852
8684270;67,05;51,701582;36,159871
6602435;43,86;51,70143134;36,15535298
6117000;40,77;51,701582;36,159871
9796800;75,36;51,74306613;36,26601465
7691040;61,04;51,701582;36,159871
7803000;51,2;51,687043;36,154206
10545705;80,8;51,701582;36,159871
5640000;31,29;51,71744982;36,13114244
9160600;56,2;51,686744;36,153487
9913680;67,44;51,74306613;36,26601465
7906624;40,84;51,70128;36,15614
10018350;74,2;51,733373;36,268635
8652178;71,26;51,725301;36,264853
5932500;39,54;51,70206435;36,1557454
5695500;37,97;51,701582;36,159871
11160000;69,69;51,71744982;36,13114244
8863239;67,7;51,70144;36,15457
8867584;62,97;51,70144;36,15457
5667354;27,26;51,70144;36,15457
9768000;52,79;51,72426;36,16924
8374225;71,26;51,725301;36,264853
14680000;78,5;51,71743187;36,12808761
8087760;67,68;51,70211768;36,15484418
9724000;93,5;51,701582;36,159871
5599900;38,61;51,72331;36,120216
8325856;61,04;51,70147;36,15305
8374225;71,26;51,725301;36,264853
5130000;26,29;51,71744982;36,13114244
12780000;68,3;51,71743187;36,12808761
6239340;40,77;51,701582;36,159871
9077300;42,22;51,759188;36,195617
9450000;57,5;51,71744982;36,13114244
8365920;72,12;51,701582;36,159871
9157500;74;51,70147;36,15305
8965766;71,26;51,725301;36,264853
12942600;69,95;51,759188;36,195617
8821540;67,33;51,70036268;36,15518624
11085536;89,98;51,70144;36,15457
6503000;46,45;51,74287;36,26825
6751129;40,77;51,70199;36,15262
8223120;67,68;51,701582;36,159871
4878619;40,77;51,725513;36,264607
5180000;26,29;51,71744982;36,13114244
5756520;43,61;51,743892;36,262796
13241635;111,98;51,70144;36,15457
5806350;43;51,74287;36,26825
6245915;31,29;51,71745186;36,12955209
9738200;83,94;51,74287;36,26825
8155440;67,68;51,701638;36,15469852
7689700;59,29;51,687043;36,154206
6268680;47,49;51,743872;36,262736
10689000;71,26;51,74416;36,26398
6790000;37,7;51,71744982;36,13114244
5872890;36,02;51,701638;36,15469852
6570000;43,79;51,701582;36,159871
6275280;47,54;51,74306;36,26765
4888745;40,9;51,725301;36,264853
8474880;66,2;51,74287;36,26825
7153096;40,77;51,70144;36,15457
9058630;65,16;51,70201197;36,16007471
7383900;48,9;51,686534;36,153345
6891850;47,52;51,70143134;36,15535298
5273400;37,9;51,687043;36,154206
7795860;76,43;51,74306613;36,26601465
8290800;67,68;51,701582;36,159871
7065135;40,77;51,70199;36,15262
9526650;44,31;51,75910824;36,1955961
5866520;43,77;51,74306;36,26765
7884800;51,2;51,793511;36,19137
14105000;77,5;51,74398;36,20298
6357780;37,04;51,70147;36,15305
8288000;59,2;51,821038;36,157091
6790000;38,29;51,71744982;36,13114244
8296680;56,43;51,70036268;36,15518624
6818416;40,77;51,70147;36,15305
7092800;45,75;51,74416;36,26398
4959812;26,68;51,70144;36,15457
6378157;37,04;51,70199;36,15262
8260200;70,59;51,701582;36,159871
10564554;70,36;51,70144;36,15457
11024640;69,59;51,70144;36,15457
6767640;51,27;51,74306613;36,26601465
8621535;69,8;51,70211768;36,15484418
14348000;84,4;51,730617;36,192605
4889389;40,86;51,725513;36,264607
6360120;40,77;51,70143134;36,15535298
6482245;39,54;51,70281;36,15325
10802500;69,69;51,79266587;36,19080014
5201478;40,86;51,725301;36,264853
5816850;37,04;51,70206435;36,1557454
10781320;91,59;51,70199;36,15262
8087760;67,68;51,701582;36,159871
8655510;70,37;51,743892;36,262796
8542600;70,59;51,701582;36,159871
8999600;59,59;51,686534;36,153345
6930000;37,79;51,71744982;36,13114244
6361680;40,77;51,701638;36,15469852
8223120;67,68;51,70211768;36,15484418
5428720;43,77;51,743892;36,262796
5931000;39,54;51,70206435;36,1557454
10409800;83,94;51,74306613;36,26601465
8313360;62,97;51,70143134;36,15535298
6127500;40,84;51,70206435;36,1557454
8924100;59,29;51,687043;36,154206
5787370;36,97;51,701582;36,159871
6482400;43,79;51,701582;36,159871
6841680;39,31;51,701582;36,159871
10950060;70,59;51,70144;36,15457
9552697;67,05;51,70128;36,15614
8832990;74,54;51,701582;36,159871
9897800;89,98;51,70143134;36,15535298
5599900;38,61;51,72331;36,120216
6378157;37,04;51,70199;36,15262
5201478;40,86;51,725301;36,264853
7314000;31,79;51,759188;36,195617
10353000;60,9;51,730617;36,192605
5040112;40,9;51,725301;36,264853
10749200;71,8;51,793511;36,19137
8260200;70,59;51,70143134;36,15535298
5742750;37,04;51,70206435;36,1557454
6920000;37,09;51,71744982;36,13114244
5587650;41,38;51,733373;36,268635
8769600;69,59;51,70143134;36,15535298
9065375;65,93;51,70143134;36,15535298
13351080;74;51,717072;36,130169
6844500;50,7;51,733373;36,268635
9768000;105,5;;
5330000;27;51,71744982;36,13114244
9641050;88,44;51,701582;36,159871
5798325;37,04;51,701582;36,159871
9036250;72,29;51,743892;36,262796
6170287;54,93;51,725513;36,264607
6482400;43,79;51,701582;36,159871
7617980;42,43;51,701582;36,159871
8021800;42,22;51,75910824;36,1955961
6770000;37,59;51,71744982;36,13114244
9103534;68,68;51,70199;36,15262
4962480;26,68;51,70036268;36,15518624
6523200;40,77;51,70143134;36,15535298
10072690;92,41;51,701582;36,159871
9618000;91,59;51,701582;36,159871
6465440;47,54;51,74306;36,26765
11567500;66,09;51,72426;36,16924
8769600;69,59;51,701582;36,159871
6275280;47,54;51,74306;36,26765
6952990;40,77;51,70147;36,15305
8652178;71,26;51,725301;36,264853
7110680;60,25;51,701582;36,159871
8168770;72,29;51,743892;36,262796
12805620;90,81;51,701582;36,159871
11352412;94,25;51,70144;36,15457
11052800;62,79;51,72426;36,16924
9747950;62,88;51,701582;36,159871
9305100;44,31;51,75916;36,1956
13958051;82,09;51,71744982;36,13114244
5381100;39,86;51,733373;36,268635
4737705;40,9;51,725513;36,264607
8288000;59,2;51,72331;36,120216
13450000;71,9;51,717072;36,130169
9427860;80,58;51,701582;36,159871
9298575;64,34;51,701582;36,159871
12592500;83,94;51,74306613;36,26601465
9686520;89,69;51,701582;36,159871
7743765;39,9;51,717072;36,130169
9768000;52,79;51,72429633;36,16913203
7162800;51,2;51,687043;36,154206
6107075;40,84;51,70211768;36,15484418
10555500;70,37;51,74306613;36,26601465
6602435;43,86;51,70143134;36,15535298
9976400;71,26;51,743892;36,262796
7997210;59,02;51,701582;36,159871
7463200;56,7;51,687043;36,154206
4737705;40,9;51,725513;36,264607
5998590;51,27;51,743872;36,262736
5782815;36,02;51,701582;36,159871
7098000;40,56;51,70036268;36,15518624
8125920;66,87;51,701638;36,15469852
6992589;54,93;51,725301;36,264853
6422850;40,77;51,70211768;36,15484418
8866620;70,37;51,74287;36,26825
5207843;40,9;51,725301;36,264853
8374225;71,26;51,725301;36,264853
8801655;65,93;51,70143134;36,15535298
8196940;70,36;51,701582;36,159871
8867584;62,97;51,70144;36,15457
9956000;65,5;51,7927191;36,19131513
4842420;26,68;51,70144;36,15457
6127500;40,84;51,70206435;36,1557454
8872500;84,5;51,74306613;36,26601465
8607456;66,87;51,70147;36,15305
6237810;40,77;51,70143134;36,15535298
8333094;42,43;51,70144;36,15457
15164630;96,58;51,75910824;36,1955961
5094900;37,74;51,733373;36,268635
7192416;44,47;51,70281;36,15325
10679400;69,8;51,7927191;36,19131513
4721492;40,77;51,725513;36,264607
6418920;43,08;51,70143134;36,15535298
12030000;64,3;51,71743187;36,12808761
5211222;26,69;51,70128;36,15614
4589803;40,86;51,725513;36,264607
5631600;37,04;51,70206435;36,1557454
6997848;40,77;51,70199;36,15262
7402500;52,5;51,686744;36,153487
6570000;43,79;51,701582;36,159871
7700000;44;51,72429633;36,16913203
10020000;57,5;51,71744982;36,13114244
9641050;88,44;51,701638;36,15469852
7035450;45,38;51,74416;36,26398
8301100;64,59;51,701582;36,159871
7577415;39,79;51,730617;36,192605
5406800;38,61;51,821038;36,157091
5810400;48,41;51,74306613;36,26601465
6602435;43,86;51,701582;36,159871
6276270;37,04;51,70281;36,15325
6198360;43,95;51,74306613;36,26601465
6333360;47,97;51,74306613;36,26601465
6280120;40,77;51,701638;36,15469852
6512980;47,54;51,74306613;36,26601465
8514770;70,37;51,743892;36,262796
6011600;39,54;51,701582;36,159871
6340000;34,2;51,71744982;36,13114244
9313700;84,66;51,70211768;36,15484418
6443240;40,77;51,701638;36,15469852
5524200;41,84;51,743872;36,262736
7131894;43,08;51,70144;36,15457
5033952;40,86;51,725301;36,264853
4414520;27,94;51,701582;36,159871
10186800;65,3;51,793511;36,19137
10910790;92,69;51,70199;36,15262
6973708;40,77;51,70144;36,15457
6402460;40,77;51,701582;36,159871
9897800;89,98;51,701582;36,159871
8965766;71,26;51,725301;36,264853
7724640;66,87;51,70211768;36,15484418
6527000;42,79;51,70211768;36,15484418
6620640;42,43;51,701582;36,159871
9768000;52,79;51,72429633;36,16913203
10301385;67,11;51,701582;36,159871
5930960;43,61;51,743892;36,262796
7992160;66,87;51,70211768;36,15484418
5599900;38,61;51,72331;36,120216
9553750;76,43;51,74306;36,26765
6192620;43,61;51,74306613;36,26601465
9199850;42,79;51,75916;36,1956
10902507;90,93;51,70147;36,15305
5201478;40,86;51,725301;36,264853
9120600;56,29;51,68814231;36,15447795
5892370;43;51,74287;36,26825
9397700;72,29;51,74306613;36,26601465
6209200;40,84;51,701582;36,159871
9686520;89,69;51,701582;36,159871
5040112;40,9;51,725301;36,264853
6482400;43,79;51,70206435;36,1557454
6463630;40,77;51,701638;36,15469852
7020277;40,77;51,70199;36,15262
10762700;82,79;51,74306613;36,26601465
9180000;51;51,72429633;36,16913203
6209200;40,84;51,701582;36,159871
10655172;89,69;51,70144;36,15457
5854875;36,02;51,701582;36,159871
7156160;42,79;51,70147;36,15305
8826400;47,2;51,74398;36,20298
4889389;40,86;51,725513;36,264607
9464150;88,44;51,701638;36,15469852
8427820;71,26;51,725513;36,264607
6242320;43,95;51,74306613;36,26601465
8863700;58,7;51,687647;36,139976
4872015;40,77;51,725301;36,264853
5556330;47,49;51,74306;36,26765
6578200;42,43;51,70143134;36,15535298
6480606;39,54;51,70281;36,15325
7082460;43,79;51,70281;36,15325
11594000;68,19;51,72426;36,16924
6422850;40,77;51,701582;36,159871
6514540;42,43;51,70143134;36,15535298
5599900;38,61;51,72331;36,120216
8924100;59,09;51,687647;36,139976
10697375;94,25;51,701582;36,159871
5932500;39,54;51,70206435;36,1557454
10545705;80,8;51,70201197;36,16007471
9553750;76,43;51,743872;36,262736
6683842;40,77;51,70281;36,15325
6218950;40,77;51,70211768;36,15484418
6996000;31,79;51,759188;36,195617
6921450;51,27;51,743892;36,262796
6439290;37,04;51,70281;36,15325
8667087;59,02;51,70144;36,15457
4595420;40,9;51,725513;36,264607
6832350;50,61;51,733373;36,268635
6089160;39,54;51,70206435;36,1557454
7962500;45,5;;
6420546;36,02;51,70147;36,15305
10755900;70,3;51,793511;36,19137
4595420;40,9;51,725513;36,264607
6393025;40,84;51,70211768;36,15484418
6863274;40,77;51,70147;36,15305
9652380;84,66;51,70211768;36,15484418
8766186;72,12;51,70281;36,15325
8900775;69,8;51,701582;36,159871
9060000;56,59;51,71744982;36,13114244
8742900;59,29;51,687043;36,154206
5787370;36,97;51,701638;36,15469852
8412105;69,8;51,701582;36,159871
10002520;71,59;51,702701;36,15772
10681275;64,19;51,71745186;36,12955209
6360120;40,77;51,70143134;36,15535298
6992589;54,93;51,725301;36,264853
6750000;37,79;51,71744982;36,13114244
7229277;43,38;51,70281;36,15325
6996000;31,79;51,75910824;36,1955961
13530000;72,3;51,717072;36,130169
8801342;68,68;51,70199;36,15262
8572200;61,22;51,72331;36,120216
12400000;66,3;51,717072;36,130169
9065375;65,93;51,701582;36,159871
7020277;40,77;51,70147;36,15305
8036000;57,4;51,72331;36,120216
8791376;66,87;51,70147;36,15305
7580000;40,59;51,71744982;36,13114244
5872425;37,04;51,70211768;36,15484418
6657600;43,79;51,70206435;36,1557454
7669164;37,09;51,717072;36,130169
4595420;40,9;51,725513;36,264607
11759850;87,11;51,733373;36,268635
8133047;71,26;51,725513;36,264607
6360120;40,77;51,70143134;36,15535298
7560540;43,08;51,70143134;36,15535298
8497104;66,87;51,70147;36,15305
12386100;77,9;51,74398;36,20298
10502415;90,93;51,70147;36,15305
6594000;43,95;51,74306613;36,26601465
4889389;40,86;51,725513;36,264607
6451500;43;51,74306613;36,26601465
6541500;43,61;51,74287;36,26825
6863274;40,77;51,70147;36,15305
4595420;40,9;51,725513;36,264607
16903250;96,58;51,75916;36,1956
9646560;69,59;51,70144;36,15457
10586400;88,22;51,70201197;36,16007471
6443240;40,77;51,701582;36,159871
6320900;40,77;51,701638;36,15469852
5872425;37,04;51,701582;36,159871
7106160;40,84;51,701582;36,159871
9727160;89,23;51,701582;36,159871
6514540;42,43;51,701582;36,159871
6361333;54,93;51,725513;36,264607
11343070;106,01;51,74287;36,26825
4737705;40,9;51,725513;36,264607
10689000;71,26;51,74306613;36,26601465
9007360;70,37;51,74306613;36,26601465
6280120;40,77;51,70206435;36,1557454
6351000;43,79;51,701582;36,159871
5484402;26,37;51,70144;36,15457
8963960;72,29;51,74287;36,26825
8365920;72,12;51,701582;36,159871
6443240;40,77;51,701638;36,15469852
4737705;40,9;51,725513;36,264607
7813120;61,04;51,701582;36,159871
8891080;48,4;51,702701;36,15772
6581138;31,5;51,71743187;36,12808761
9314920;78,94;51,701582;36,159871
10202346;90,93;51,70147;36,15305
10626630;72,29;51,743892;36,262796
10344390;70,37;51,743892;36,262796
8721000;51,29;51,72429633;36,16913203
10263800;70,3;51,793511;36,19137
5599900;38,61;51,72331;36,120216
6259730;40,77;51,70211768;36,15484418
6875055;40,84;51,70281;36,15325
9826650;72,79;51,733373;36,268635
6254940;51,27;51,743892;36,262796
6510320;47,86;51,743892;36,262796
10696400;93,5;51,70147;36,15305
8900320;42,79;51,75910824;36,1955961
6997848;40,77;51,70199;36,15262
7749360;67,68;51,70211768;36,15484418
10655172;89,69;51,70144;36,15457
9990780;58,4;51,71745186;36,12955209
9655500;64,37;51,74416;36,26398
4895372;40,9;51,725513;36,264607
8796931;59,02;51,70144;36,15457
8427820;71,26;51,725513;36,264607
4595420;40,9;51,725513;36,264607
8725880;70,37;51,74306613;36,26601465
8176000;51,09;51,79266587;36,19080014
6541500;43,61;51,74306613;36,26601465
7885170;71,26;51,725513;36,264607
7187840;40,84;51,70036268;36,15518624
9817950;88,44;51,701582;36,159871
8880300;77,22;51,701582;36,159871
7849200;42,2;51,72429633;36,16913203
10104300;92,69;51,701638;36,15469852
11102661;61,4;51,730617;36,192605
12187800;67,7;51,75910824;36,1955961
7432800;48,9;51,68814231;36,15447795
6333360;47,97;51,74306613;36,26601465
5861330;36,97;51,701638;36,15469852
8427820;71,26;51,725513;36,264607
6022520;43,95;51,743892;36,262796
6528690;43,38;51,701582;36,159871
10410125;75,7;51,70143134;36,15535298
5388200;37,15;51,72331;36,120216
6695315;40,84;51,70281;36,15325
5022864;40,77;51,725301;36,264853
10077760;89,98;51,701582;36,159871
9305100;44,31;51,759188;36,195617
9413690;59,02;51,701582;36,159871
5756520;43,61;51,743892;36,262796
9965659;84,66;51,70147;36,15305
10585100;70,09;51,7927191;36,19131513
8374225;71,26;51,725301;36,264853
6333360;47,97;51,743872;36,262736
9181903;72,26;51,70199;36,15262
8619520;67,33;51,70036268;36,15518624
4888745;40,9;51,725301;36,264853
10098000;93,5;51,701582;36,159871
7254000;40,29;51,72429633;36,16913203
5022864;40,77;51,725301;36,264853
7050000;37,79;51,71744982;36,13114244
8747090;72,29;51,743892;36,262796
5211222;26,69;51,70128;36,15614
8325000;74;51,701582;36,159871
10545000;70,3;51,793511;36,19137
8290620;70,86;51,701582;36,159871
8933780;75,7;51,701582;36,159871
10830000;57,9;51,71743187;36,12808761
6361333;54,93;51,725513;36,264607
9154600;70,41;51,74306613;36,26601465
5599900;38,61;51,72331;36,120216
6930561;40,77;51,70199;36,15262
12230000;84,3;51,71744982;36,13114244
13022531;80,8;51,702701;36,15772
8446100;64,97;51,74287;36,26825
8908366;64,52;51,70281;36,15325
4895372;40,9;51,725513;36,264607
8374225;71,26;51,725301;36,264853
6505080;43,08;51,701582;36,159871
17122000;87;51,71745186;36,12955209
4595420;40,9;51,725513;36,264607
11560000;61,79;51,717072;36,130169
9897800;89,98;51,701582;36,159871
5388200;37,15;51,72331;36,120216
5816850;37,04;51,701582;36,159871
6300510;40,77;51,70211768;36,15484418
4595420;40,9;51,725513;36,264607
7885170;71,26;51,725513;36,264607
6435660;43,77;51,74306613;36,26601465
8491725;72,26;51,701638;36,15469852
6218950;40,77;51,701582;36,159871
9706610;76,43;51,74306;36,26765
5853400;39,54;51,70206435;36,1557454
13049640;84,3;51,717072;36,130169
9831640;67,33;51,701582;36,159871
9547650;90,93;51,70211768;36,15484418
10896500;70,3;51,7927191;36,19131513
9613890;67,23;51,70201197;36,16007471
6508480;36,97;51,70199;36,15262
8878480;85,37;51,70206435;36,1557454
7280340;51,27;51,743892;36,262796
6657600;43,79;51,70206435;36,1557454
6382070;40,77;51,701582;36,159871
5388200;37,15;51,72331;36,120216
8841000;42,09;;
10767600;79,76;51,733373;36,268635
4595420;40,9;51,725513;36,264607
10720000;57,29;51,71743187;36,12808761
6795900;50,34;51,733373;36,268635
6451500;43;51,74287;36,26825
6300510;40,77;51,701582;36,159871
8408400;58,79;51,68814231;36,15447795
4950995;26,69;51,70036268;36,15518624
4878619;40,77;51,725513;36,264607
7524000;41,79;51,72429633;36,16913203
6508480;36,97;51,70199;36,15262
5998590;51,27;51,743872;36,262736
8965766;71,26;51,725301;36,264853
8484840;67,33;51,70036268;36,15518624
6360120;40,77;51,70143134;36,15535298
5853400;39,54;51,701582;36,159871
6506130;47,49;51,74306;36,26765
9646080;75,36;51,74287;36,26825
5599900;38,61;51,821038;36,157091
8427820;71,26;51,725513;36,264607
5485890;51,27;51,743892;36,262796
7189336;42,43;51,70144;36,15457
6821785;43,86;51,70143134;36,15535298
8742900;57,9;51,686534;36,153345
7861700;40,84;51,70128;36,15614
13292400;69,95;51,75910824;36,1955961
9446057;64,8;51,70128;36,15614
12037498;71,9;51,71745186;36,12955209
7082460;43,79;51,70281;36,15325
11001000;57;51,717072;36,130169
8836260;86,62;51,70211768;36,15484418
6710000;35,79;51,71744982;36,13114244
6523200;40,77;51,701582;36,159871
11611000;68,3;;
5816850;37,04;51,701582;36,159871
5733450;41,84;51,74306;36,26765
10246412;78,94;51,70128;36,15614
8260200;70,59;51,70143134;36,15535298
5798325;37,04;51,701582;36,159871
9719886;86,62;51,70147;36,15305
5040112;40,9;51,725301;36,264853
6773558;40,77;51,70281;36,15325
9045432;67,68;51,70147;36,15305
8977500;105,3;;
14636050;97,9;51,71745186;36,12955209
6355800;42,79;51,70211768;36,15484418
7153096;40,77;51,70144;36,15457
6876900;50,93;51,733373;36,268635
6952990;40,77;51,70147;36,15305
9984400;91,59;51,70211768;36,15484418
6370360;47,54;51,74306;36,26765
5946525;37,04;51,701582;36,159871
10320375;94,25;51,701582;36,159871
10712965;75,7;51,701582;36,159871
9865900;89,69;51,701582;36,159871
7962500;45,5;51,72429633;36,16913203
9180000;51;51,72429633;36,16913203
9706610;76,43;51,74306613;36,26601465
10675000;61;;
8133047;71,26;51,725513;36,264607
8891670;72,29;51,743892;36,262796
6439290;37,04;51,70147;36,15305
8133047;71,26;51,725513;36,264607
5931000;39,54;51,701582;36,159871
8771950;42,79;51,75916;36,1956
9213204;70,98;51,70281;36,15325
5872425;37,04;51,70211768;36,15484418
9169875;64,34;51,701582;36,159871
10697375;94,25;51,70143134;36,15535298
6580000;35,2;51,71744982;36,13114244
5872425;37,04;51,70211768;36,15484418
9729510;90,93;51,701582;36,159871
10383975;65,93;51,701582;36,159871
8221680;72,12;51,70206435;36,1557454
7094620;41,97;51,70036268;36,15518624
10137000;65,4;51,7927191;36,19131513
6010080;39,54;51,70206435;36,1557454
9900000;59,9;51,71744982;36,13114244
5798325;37,04;51,701582;36,159871
9305100;44,31;51,75910824;36,1955961
8761155;69,8;51,701638;36,15469852
6620640;42,43;51,70143134;36,15535298
8320200;59,43;51,72331;36,120216
5890950;37,04;51,70206435;36,1557454
8652178;71,26;51,725301;36,264853
6337402;37,04;51,70199;36,15262
5022864;40,77;51,725301;36,264853
5599900;38,61;51,72331;36,120216
6441660;40,77;51,70143134;36,15535298
6154005;37,04;51,70281;36,15325
9340320;69,59;51,70144;36,15457
12592500;83,94;51,74287;36,26825
9618000;91,59;51,70211768;36,15484418
6239340;40,77;51,701582;36,159871
12592800;69,95;51,75910824;36,1955961
8965766;71,26;51,725301;36,264853
6382070;40,77;51,701638;36,15469852
6357780;37,04;51,70147;36,15305
4579694;40,77;51,725513;36,264607
6482400;43,79;51,701582;36,159871
8427820;71,26;51,725513;36,264607
7885170;71,26;51,725513;36,264607
7566570;76,43;51,743892;36,262796
10720000;64,3;51,71744982;36,13114244
7724640;66,87;51,70211768;36,15484418
8965766;71,26;51,725301;36,264853
6333360;47,97;51,74306;36,26765
5225902;26,69;51,70128;36,15614
8785095;71,94;51,70281;36,15325
6955520;45,75;51,743892;36,262796
4878619;40,77;51,725513;36,264607
5388200;37,15;51,72331;36,120216
8251190;64,97;51,743892;36,262796
7014920;42,79;51,70199;36,15262
8296680;56,43;51,701582;36,159871
8896536;67,68;51,70147;36,15305
13895200;78,94;51,717072;36,130169
7098240;36,97;51,701582;36,159871
7109080;42,79;51,70199;36,15262
5388200;37,15;51,72331;36,120216
10555500;70,37;51,74287;36,26825
8385640;72,29;51,74287;36,26825
12380000;66,19;51,717072;36,130169
4689800;35,79;51,72331;36,120216
8936990;70,37;51,743892;36,262796
6894000;38,29;51,730617;36,192605
11085536;89,98;51,70144;36,15457
4888745;40,9;51,725301;36,264853
5695500;37,97;51,701582;36,159871
7275180;43,79;51,70281;36,15325
9052100;69,09;51,701582;36,159871
6983640;40,84;51,70036268;36,15518624
6218950;40,77;51,701582;36,159871
7861700;40,84;51,70128;36,15614
9481472;67,33;51,70128;36,15614
6525280;47,97;51,74306613;36,26601465
6151950;41,84;51,74306;36,26765
4624800;28,2;51,70143134;36,15535298
8292900;43,08;51,70144;36,15457
6105400;43,61;51,74306613;36,26601465
8636590;76,43;51,74306613;36,26601465
10909800;94,05;51,701582;36,159871
6393140;47,7;51,743892;36,262796
5847380;37,97;51,70206435;36,1557454
5340000;26,29;51,71744982;36,13114244
10781320;91,59;51,70147;36,15305
15400000;95,3;51,71744982;36,13114244
9553750;76,43;51,74306;36,26765
6355800;42,79;51,70211768;36,15484418
7992160;66,87;51,701582;36,159871
6363660;47,49;51,74306613;36,26601465
6767640;51,27;51,74306;36,26765
6556980;42,43;51,701582;36,159871
6311220;43,08;51,701582;36,159871
4878619;40,77;51,725513;36,264607
8133047;71,26;51,725513;36,264607
5890950;37,04;51,70206435;36,1557454
11793870;94,05;51,70144;36,15457
10157950;83,94;51,743892;36,262796
4721492;40,77;51,725513;36,264607
8636590;76,43;51,74306;36,26765
8960000;51,2;51,72426;36,16924
6435660;43,77;51,743872;36,262736
10332700;71,26;51,74306613;36,26601465
4878600;28,2;51,68814231;36,15447795
7560540;43,08;51,701582;36,159871
6840845;40,77;51,70199;36,15262
7936320;70,86;51,701582;36,159871
5946525;37,04;51,701582;36,159871
6323450;43,61;51,74306613;36,26601465
10913500;83,94;51,74306613;36,26601465
10563000;70,41;51,74287;36,26825
6107000;39,4;51,793511;36,19137
8607300;66,2;51,74306613;36,26601465
7082460;43,79;51,70281;36,15325
12570000;67,19;51,717072;36,130169
6320900;40,77;51,701582;36,159871
8878480;85,37;51,70206435;36,1557454
9262000;42,09;51,72429633;36,16913203
6345768;36,97;51,70199;36,15262
10820000;67,19;51,71744982;36,13114244
10427373;67,23;51,702701;36,15772
6218950;40,77;51,701582;36,159871
8721000;51,29;51,72429633;36,16913203
5742750;37,04;51,701582;36,159871
6429320;47,97;51,743872;36,262736
5742750;37,04;51,70206435;36,1557454
5207843;40,9;51,725301;36,264853
9729500;88,44;51,701582;36,159871
9016634;70,36;51,70144;36,15457
8652178;71,26;51,725301;36,264853
6821550;50,52;51,733373;36,268635
9402400;83,94;51,74306613;36,26601465
8900320;42,79;51,759188;36,195617
7037550;52,13;51,733373;36,268635
19026000;90,59;51,724353;36,172136
6672000;44,47;51,701582;36,159871
6908132;40,77;51,70199;36,15262
10813020;106,01;51,74306613;36,26601465
6767640;51,27;51,74306613;36,26601465
4522260;26,68;51,70143134;36,15535298
9826074;67,93;51,70128;36,15614
6045480;47,97;51,743892;36,262796
6767376;54,93;51,725301;36,264853
4895372;40,9;51,725513;36,264607
11784261;75,7;51,70144;36,15457
11553520;69,09;51,702701;36,15772
8374225;71,26;51,725301;36,264853
7460910;40,77;51,701582;36,159871
8091720;70,98;51,70206435;36,1557454
12938021;76,09;51,71744982;36,13114244
8878480;85,37;51,70206435;36,1557454
7955000;74;51,70211768;36,15484418
6520000;35,29;51,71744982;36,13114244
5742750;37,04;51,701582;36,159871
6620640;42,43;51,701582;36,159871
9180000;56,59;51,71744982;36,13114244
10826200;70,3;51,793511;36,19137
8092550;70,37;51,743892;36,262796
10696400;93,5;51,70147;36,15305
9897800;89,98;51,701582;36,159871
10118641;75,7;51,70144;36,15457
5201478;40,86;51,725301;36,264853
7013370;47,7;51,743892;36,262796
7162100;38,29;51,743976;36,202977
8789450;76,43;51,74306;36,26765
5388200;37,15;51,72331;36,120216
10887580;89,98;51,70144;36,15457
4888745;40,9;51,725301;36,264853
7879950;58,36;51,733373;36,268635
9537605;70,77;51,70144;36,15457
6981030;47,49;51,74306;36,26765
6863274;40,77;51,70281;36,15325
12161905;80,8;51,70201197;36,16007471
6573033;54,93;51,725513;36,264607
10721700;94,05;51,70143134;36,15535298
7803000;51;51,68814231;36,15447795
7042706;40,77;51,70147;36,15305
12040000;72,5;51,71744982;36,13114244
5816850;37,04;51,70206435;36,1557454
4579694;40,77;51,725513;36,264607
8177000;74;51,701582;36,159871
6157780;40,77;51,701638;36,15469852
8572200;61,22;51,72331;36,120216
6443240;40,77;51,701638;36,15469852
5798325;37,04;51,701582;36,159871
5786000;26,29;51,717072;36,130169
9199850;42,79;51,759188;36,195617
8466000;56,43;51,70036268;36,15518624
6760960;44,47;51,70206435;36,1557454
11114730;92,69;51,70199;36,15262
11437129;73;51,71745186;36,12955209
12957000;64,15;51,724353;36,172136
6870180;51,27;51,74306613;36,26601465
6440850;47,7;51,74287;36,26825
9150550;83,94;51,743892;36,262796
6361680;40,77;51,701638;36,15469852
6357480;51,27;51,743892;36,262796
6463630;40,77;51,701638;36,15469852
6341290;40,77;51,70211768;36,15484418
10077760;89,98;51,70143134;36,15535298
8148900;70,86;51,70206435;36,1557454
6930561;40,77;51,70147;36,15305
8939700;85,13;51,70211768;36,15484418
12684000;62,75;51,724353;36,172136
8918030;64,59;51,70144;36,15457
8325856;61,04;51,70147;36,15305
10410565;88,44;51,70199;36,15262
8133047;71,26;51,725513;36,264607
7507920;61,04;51,701582;36,159871
5033952;40,86;51,725301;36,264853
4895372;40,9;51,725513;36,264607
6527000;42,79;51,701582;36,159871
7901550;58,52;51,733373;36,268635
5829300;43,18;51,733373;36,268635
9248030;76,43;51,74306613;36,26601465
10131480;63,72;51,70201197;36,16007471
6463630;40,77;51,701582;36,159871
9865900;89,69;51,701582;36,159871
6620640;42,43;51,70143134;36,15535298
7592850;35,9;51,717072;36,130169
6820000;37,2;51,71744982;36,13114244
11586960;94,05;51,70144;36,15457
5310630;45,38;51,743892;36,262796
15937350;96,58;51,75910824;36,1955961
4810050;35,63;51,733373;36,268635
6443240;40,77;51,701582;36,159871
11577720;71,59;51,702701;36,15772
10799745;88,44;51,70199;36,15262
6630000;36,9;51,71744982;36,13114244
7037118;43,08;51,70144;36,15457
6439290;37,04;51,70147;36,15305
8427820;71,26;51,725513;36,264607
5853560;47,97;51,743892;36,262796
6728700;40,77;51,70147;36,15305
6463630;40,77;51,701638;36,15469852
8621535;69,8;51,70211768;36,15484418
13271460;76,09;51,730617;36,192605
6573033;54,93;51,725513;36,264607
13292400;69,95;51,75916;36,1956
5094900;37,74;51,733373;36,268635
6734045;43,86;51,701582;36,159871
12088142;90,81;51,702701;36,15772
5388200;37,15;51,72331;36,120216
10207680;69,44;51,743892;36,262796
4950995;26,69;51,701582;36,159871
4878600;28,89;51,687043;36,154206
8251190;64,97;51,743892;36,262796
7994600;56,7;51,687043;36,154206
10484050;68,3;51,717072;36,130169
5033952;40,86;51,725301;36,264853
5803650;42,99;51,733373;36,268635
6171200;40,59;51,79266587;36,19080014
6767640;51,27;51,74306613;36,26601465
4737705;40,9;51,725513;36,264607
8296680;56,43;51,70036268;36,15518624
6570000;43,79;51,70206435;36,1557454
9483040;84,66;51,70211768;36,15484418
10493750;83,94;51,743892;36,262796
7997210;59,02;51,70143134;36,15535298
9706610;76,43;51,74306613;36,26601465
8133047;71,26;51,725513;36,264607
10475220;71,26;51,743892;36,262796
13602350;81,5;51,717072;36,130169
6972720;51,27;51,74306613;36,26601465
10493750;83,94;51,743892;36,262796
10022400;69,59;51,701582;36,159871
6131400;37,15;51,821038;36,157091
6209200;40,84;51,701582;36,159871
7383900;49,9;51,687043;36,154206
9086220;70,59;51,70144;36,15457
6997848;40,77;51,70199;36,15262
11586960;94,05;51,70144;36,15457
6357780;37,04;51,70281;36,15325
8732080;70,41;51,74287;36,26825
6441660;40,77;51,701582;36,159871
13262929;72,3;51,71745186;36,12955209
6863274;40,77;51,70281;36,15325
6382070;40,77;51,701582;36,159871
10045280;89,69;51,701582;36,159871
9405165;67,05;51,70128;36,15614
4889389;40,86;51,725513;36,264607
5645250;48,25;51,743892;36,262796
6360120;40,77;51,70143134;36,15535298
5691600;41,84;51,743872;36,262736
5207843;40,9;51,725301;36,264853
10941084;78,94;51,70128;36,15614
7952400;67,68;51,70211768;36,15484418
6300510;40,77;51,701582;36,159871
6726740;42,43;51,701582;36,159871
5890950;37,04;51,701582;36,159871
9298575;64,34;51,70201197;36,16007471
9160600;56,2;51,68814231;36,15447795
7165994;42,43;51,70144;36,15457
5816850;37,04;51,701582;36,159871
5133860;47,97;51,743892;36,262796
9169875;64,34;51,701582;36,159871
6570000;43,79;51,70206435;36,1557454
6107075;40,84;51,701638;36,15469852
6952990;40,77;51,70147;36,15305
9944434;69,8;51,70199;36,15262
6562560;51,27;51,743892;36,262796
5190021;40,77;51,725301;36,264853
10335350;106,55;51,743892;36,262796
6131400;37,15;51,821038;36,157091
5806350;43;51,74287;36,26825
7180500;47,86;51,74306613;36,26601465
9484800;49,4;51,74398;36,20298
8473000;74;51,70211768;36,15484418
6389600;39,2;51,7927191;36,19131513
6523200;40,77;51,701582;36,159871
7156160;42,79;51,70147;36,15305
7409794;37,29;51,730617;36,192605
7026750;52,04;51,733373;36,268635
5778960;43,77;51,74306;36,26765
9148100;70,37;51,74287;36,26825
5872425;37,04;51,70211768;36,15484418
10033320;69,09;51,702701;36,15772
6311325;40,84;51,701582;36,159871
7376072;42,43;51,70144;36,15457
5742750;37,04;51,70206435;36,1557454
4721492;40,77;51,725513;36,264607
10087000;65,5;51,793511;36,19137
6288000;39,29;51,79266587;36,19080014
4595420;40,9;51,725513;36,264607
8148900;70,86;51,701582;36,159871
6977220;45,15;51,701582;36,159871
11422372;65,93;51,70144;36,15457
8652178;71,26;51,725301;36,264853
7444300;49,29;51,687647;36,139976
10745600;83,94;51,74287;36,26825
6641860;42,43;51,701582;36,159871
5599900;38,61;51,72331;36,120216
8316594;43,08;51,70144;36,15457
6767640;51,27;51,743872;36,262736
11793870;94,05;51,70144;36,15457
12592500;83,94;51,74287;36,26825
11283492;89,98;51,70144;36,15457
8374225;71,26;51,725301;36,264853
4888745;40,9;51,725301;36,264853
9472000;59,2;51,72331;36,120216
4895372;40,9;51,725513;36,264607
7286807;43,86;51,70144;36,15457
4595420;40,9;51,725513;36,264607
10545000;70,3;51,7927191;36,19131513
5974570;43,61;51,74287;36,26825
5935290;36,97;51,701638;36,15469852
9157500;74;51,70147;36,15305
6268680;47,49;51,74306613;36,26601465
6573260;47,97;51,743872;36,262736
8638003;43,86;51,70144;36,15457
9275574;70,86;51,70281;36,15325
5931000;39,54;51,701582;36,159871
8494200;64,34;51,70036268;36,15518624
5654500;26,29;51,71745186;36,12955209
9528500;64,59;51,70143134;36,15535298
6010080;39,54;51,70206435;36,1557454
12210972;74;51,71744982;36,13114244
6259730;40,77;51,701582;36,159871
9305100;44,31;51,759188;36,195617
6866100;50,86;51,733373;36,268635
13060000;69,8;51,71743187;36,12808761
8841000;42,09;51,72426;36,16924
9605200;74;51,70199;36,15262
7254000;40,29;51,72429633;36,16913203
9768000;52,79;51,72426;36,16924
10565100;70,19;51,7927191;36,19131513
9103534;68,68;51,70199;36,15262
8494200;64,34;51,701582;36,159871
6449600;44,47;51,70206435;36,1557454
8963960;72,29;51,74306613;36,26601465
10098000;93,5;51,70211768;36,15484418
6372300;38,61;51,72331;36,120216
4731914;40,86;51,725513;36,264607
12191150;106,01;51,74287;36,26825
9086220;70,59;51,70144;36,15457
6556980;42,43;51,70143134;36,15535298
6276270;37,04;51,70281;36,15325
6218950;40,77;51,70211768;36,15484418
5934600;43,95;51,74287;36,26825
13203450;67,7;51,759188;36,195617
6816150;50,49;51,733373;36,268635
8449804;42,43;51,70144;36,15457
6360120;40,77;51,70143134;36,15535298
7314000;31,79;51,75916;36,1956
4731914;40,86;51,725513;36,264607
11024000;68,9;;
9379012;64,34;51,70128;36,15614
6357780;37,04;51,70199;36,15262
8202645;72,26;51,701582;36,159871
10261000;66,19;51,71745186;36,12955209
7867800;42,29;51,72426;36,16924
6528690;43,38;51,701582;36,159871
15110000;97,9;51,71744982;36,13114244
6372300;38,61;51,821038;36,157091
6886900;45,15;51,701582;36,159871
6393025;40,84;51,70211768;36,15484418
8526375;64,34;51,70036268;36,15518624
6405900;49,9;51,687043;36,154206
4895372;40,9;51,725513;36,264607
6602435;43,86;51,701582;36,159871
6232800;39,2;51,793511;36,19137
6767640;51,27;51,743872;36,262736
6270750;46,45;51,74306613;36,26601465
10514330;82,79;51,743892;36,262796
13895200;78,94;51,730617;36,192605
11567500;66,09;51,72429633;36,16913203
6341290;40,77;51,701582;36,159871
6293000;40,59;51,793511;36,19137
6308515;31,29;51,717072;36,130169
7992160;66,87;51,701582;36,159871
5270000;27;51,71744982;36,13114244
4888745;40,9;51,725301;36,264853
10605155;88,44;51,70199;36,15262
6268680;47,49;51,74306;36,26765
6053400;44,84;51,733373;36,268635
5388200;37,15;51,72331;36,120216
8288000;59,2;51,821038;36,157091
9483040;84,66;51,701582;36,159871
9320300;74;51,70147;36,15305
14830400;80,59;51,74398;36,20298
8900775;69,8;51,701638;36,15469852
9344640;75,36;51,74306613;36,26601465
6382070;40,77;51,701582;36,159871
5040112;40,9;51,725301;36,264853
14050000;75,09;51,71743187;36,12808761
5599900;38,61;51,72331;36,120216
8001720;64,52;51,701582;36,159871
5872425;37,04;51,701582;36,159871
6840845;40,77;51,70199;36,15262
6683842;40,77;51,70281;36,15325
12720000;68;51,717072;36,130169
10982840;91,59;51,70199;36,15262
6115661;26,89;51,717072;36,130169
6117000;40,77;51,701582;36,159871
8636590;76,43;51,74306;36,26765
9003995;70,06;51,701582;36,159871
6414580;47,86;51,743892;36,262796
7782400;51,2;51,686744;36,153487
6520800;37,04;51,70199;36,15262
9672421;85,37;51,70281;36,15325
11070400;62,9;51,72429633;36,16913203
6837000;31,79;51,75910824;36,1955961
10843500;72,29;51,74306613;36,26601465
12592500;83,94;51,74287;36,26825
8965766;71,26;51,725301;36,264853
8965766;71,26;51,725301;36,264853
8789450;76,43;51,743892;36,262796
8695148;61,04;51,70199;36,15262
6262014;36,02;51,70147;36,15305
12853981;77,9;51,71744982;36,13114244
9729510;90,93;51,701638;36,15469852
8091720;70,98;51,701582;36,159871
6192620;43,61;51,74306613;36,26601465
7460910;40,77;51,70143134;36,15535298
8374225;71,26;51,725301;36,264853
9530000;55,09;51,71744982;36,13114244
9833670;85,13;51,70147;36,15305
5873615;26,89;51,717072;36,130169
8560860;61,04;51,70199;36,15262
9672200;70,59;51,701582;36,159871
10112000;63,2;;
5040112;40,9;51,725301;36,264853
9600000;59,9;51,71744982;36,13114244
7691040;61,04;51,70211768;36,15484418
10913500;83,94;51,74306613;36,26601465
18984000;90,4;51,724353;36,172136
6037200;44,72;51,733373;36,268635
8125920;66,87;51,701582;36,159871
8715520;68,08;51,701582;36,159871
4589803;40,86;51,725513;36,264607
7700000;44;51,72426;36,16924
10502415;90,93;51,70199;36,15262
6762150;50,09;51,733373;36,268635
9904394;70,06;51,70128;36,15614
8274271;40,77;51,70144;36,15457
5202400;37,15;51,821038;36,157091
9576480;67,44;51,743892;36,262796
11070400;62,9;51,72426;36,16924
6785185;40,84;51,70281;36,15325
5935290;36,97;51,701638;36,15469852
6658400;40,59;51,7927191;36,19131513
8960000;51,2;51,72429633;36,16913203
7985835;72,26;51,701638;36,15469852
14356039;87;51,71744982;36,13114244
6345768;36,97;51,70199;36,15262
13819050;67,41;51,75910824;36,1955961
11085536;89,98;51,70144;36,15457
10152500;65,5;51,79266587;36,19080014
10045280;89,69;51,701582;36,159871
5022864;40,77;51,725301;36,264853
9003995;70,06;51,70036268;36,15518624
6179200;38,61;51,72331;36,120216
6170287;54,93;51,725513;36,264607
11767112;94,25;51,70144;36,15457
9868500;73,09;51,733373;36,268635
6341290;40,77;51,701582;36,159871
5946525;37,04;51,701582;36,159871
7131894;43,08;51,70144;36,15457
9948680;62,59;51,702701;36,15772
5599900;38,61;51,72331;36,120216
6773558;40,77;51,70199;36,15262
9176900;56,29;51,68814231;36,15447795
5601900;26,29;51,717072;36,130169
10909800;94,05;51,701582;36,159871
8133047;71,26;51,725513;36,264607
6813160;47,97;51,743892;36,262796
4895372;40,9;51,725513;36,264607
12114240;71,8;51,730617;36,192605
8965766;71,26;51,725301;36,264853
10131480;63,72;51,701582;36,159871
6270750;46,45;51,74287;36,26825
9911370;90,93;51,70211768;36,15484418
6258600;36,59;51,686534;36,153345
6382070;40,77;51,701582;36,159871
10697375;94,25;51,701582;36,159871
6382070;40,77;51,701638;36,15469852
8875535;47,59;51,70201197;36,16007471
6300510;40,77;51,701582;36,159871
8965766;71,26;51,725301;36,264853
5932500;39,54;51,701582;36,159871
6402460;40,77;51,70211768;36,15484418
5190021;40,77;51,725301;36,264853
5931000;39,54;51,701582;36,159871
6393025;40,84;51,701582;36,159871
5388200;37,15;51,821038;36,157091
6179200;38,61;51,72331;36,120216
4822200;28,2;51,68814231;36,15447795
9944434;69,8;51,70199;36,15262
6992589;54,93;51,725301;36,264853
8514770;70,37;51,743892;36,262796
6967840;42,79;51,70147;36,15305
7165994;42,43;51,70144;36,15457
7155000;31,79;51,75910824;36,1955961
6952990;40,77;51,70147;36,15305
6312300;39,7;51,793511;36,19137
9226173;70,77;51,70144;36,15457
10098900;68,69;51,74398;36,20298
11331523;67,11;51,70128;36,15614
7755600;67,44;51,743892;36,262796
9472000;59,2;51,72331;36,120216
8427820;71,26;51,725513;36,264607
9840000;61,4;51,71744982;36,13114244
9169200;56,7;51,687043;36,154206
7399000;49,9;51,687043;36,154206
5742750;37,04;51,701582;36,159871
6300510;40,77;51,701582;36,159871
6527000;42,79;51,701582;36,159871
10600200;70,19;51,79266587;36,19080014
9059570;59,02;51,701582;36,159871
6796580;45,15;51,701582;36,159871
7962500;45,5;51,72429633;36,16913203
7689700;58,7;51,686534;36,153345
8791376;66,87;51,70147;36,15305
11114730;92,69;51,70199;36,15262
5861330;36,97;51,701638;36,15469852
6429320;47,97;51,74306613;36,26601465
4737705;40,9;51,725513;36,264607
8061440;62,97;51,701582;36,159871
8133047;71,26;51,725513;36,264607
6665100;51,27;51,743892;36,262796
7536690;51,27;51,74306;36,26765
11024000;68,9;51,72429633;36,16913203
8924100;59,09;51,686534;36,153345
8411900;42,7;51,730617;36,192605
6357780;37,04;51,70147;36,15305
13779964;88,22;51,702701;36,15772
6333360;47,97;51,74306;36,26765
10697375;94,25;51,70143134;36,15535298
10755900;70,19;51,793511;36,19137
8965766;71,26;51,725301;36,264853
10228432;64,34;51,702701;36,15772
8621535;69,8;51,70211768;36,15484418
11533000;60,7;51,72429633;36,16913203
10679400;69,8;51,79266587;36,19080014
7178820;43,79;51,70281;36,15325
14341800;69,95;51,75910824;36,1955961
8160000;51;51,793511;36,19137
7817040;67,68;51,701582;36,159871
5890950;37,04;51,70206435;36,1557454
4895372;40,9;51,725513;36,264607
10072690;92,41;51,70036268;36,15518624
13086770;78,19;51,717072;36,130169
8841000;42,09;51,72429633;36,16913203
10590000;56,59;51,717072;36,130169
6573033;54,93;51,725513;36,264607
10112000;63,2;51,72426;36,16924
4737705;40,9;51,725513;36,264607
6863274;40,77;51,70147;36,15305
7617980;42,43;51,70143134;36,15535298
10231690;65,16;51,701582;36,159871
16903250;96,58;51,759188;36,195617
9007360;70,37;51,74306613;36,26601465
8061440;62,97;51,70143134;36,15535298
8427820;71,26;51,725513;36,264607
11449080;106,01;51,74306613;36,26601465
9202270;64,59;51,70144;36,15457
10409800;83,94;51,74306613;36,26601465
5524200;41,84;51,74306;36,26765
14705600;80,8;51,74398;36,20298
9375700;88,44;51,701582;36,159871
7062000;42,79;51,70147;36,15305
10853060;76,43;51,743892;36,262796
6641860;42,43;51,70143134;36,15535298
5795550;42,93;51,733373;36,268635
8133047;71,26;51,725513;36,264607
9077300;42,22;51,759188;36,195617
7353600;38,29;51,74398;36,20298
12942600;69,95;51,75910824;36,1955961
7734815;41,97;51,70128;36,15614
9083514;72,12;51,70281;36,15325
4579694;40,77;51,725513;36,264607
10745600;83,94;51,74306613;36,26601465
6443240;40,77;51,701582;36,159871
8221680;72,12;51,70206435;36,1557454
11689650;86,58;51,733373;36,268635
7813120;61,04;51,701582;36,159871
16420300;96,58;51,759188;36,195617
15790000;84,4;51,717072;36,130169
8262000;51;51,793511;36,19137
6439290;37,04;51,70147;36,15305
6011600;39,54;51,701582;36,159871
6268680;47,49;51,74306613;36,26601465
4895372;40,9;51,725513;36,264607
5040112;40,9;51,725301;36,264853
6465440;47,54;51,74306613;36,26601465
5887350;43,61;51,74287;36,26825
9313700;84,66;51,70211768;36,15484418
7849200;42,2;51,72426;36,16924
5998590;51,27;51,74306613;36,26601465
5872425;37,04;51,701582;36,159871
12030000;64,3;51,717072;36,130169
6357780;37,04;51,70281;36,15325
10025815;57,5;51,730617;36,192605
7885170;71,26;51,725513;36,264607
10843500;72,29;51,74287;36,26825
8624434;64,52;51,70281;36,15325
10503200;69,09;51,70201197;36,16007471
7082460;43,79;51,70281;36,15325
9077300;42,22;51,75910824;36,1955961
6381340;47,97;51,743892;36,262796
8863855;70,06;51,701582;36,159871
8061440;62,97;51,701582;36,159871
5388200;37,15;51,72331;36,120216
7803000;51;51,686534;36,153345
10074000;83,94;51,74306613;36,26601465
4595420;40,9;51,725513;36,264607
4681200;28,2;51,70143134;36,15535298
4589803;40,86;51,725513;36,264607
8766400;64,52;51,70281;36,15325
8275940;68,68;51,701638;36,15469852
8841000;42,09;51,72429633;36,16913203
8472000;70,59;51,701582;36,159871
8766186;72,12;51,70281;36,15325
7135821;44,13;51,70144;36,15457
8695148;61,04;51,70199;36,15262
10590000;56,59;51,71743187;36,12808761
7013424;43,08;51,70144;36,15457
10893720;78,94;51,70036268;36,15518624
9180830;72,29;51,743892;36,262796
7580000;40,59;51,71744982;36,13114244
8721000;51,29;51,72426;36,16924
12470000;77,69;51,71744982;36,13114244
11917500;68,09;51,72426;36,16924
11254000;66,19;51,72429633;36,16913203
10679400;69,8;51,793511;36,19137
9681820;65,93;51,70144;36,15457
6280120;40,77;51,701582;36,159871
13060000;69,8;51,71743187;36,12808761
6573033;54,93;51,725513;36,264607
8715520;68,08;51,70036268;36,15518624
6981030;47,49;51,74306613;36,26601465
6818416;40,77;51,70147;36,15305
8784418;72,26;51,70199;36,15262
4737705;40,9;51,725513;36,264607
9675292;74,54;51,70144;36,15457
9790852;69,8;51,70199;36,15262
8942310;76,43;51,743892;36,262796
8965766;71,26;51,725301;36,264853
8754592;66,87;51,70199;36,15262
9121200;69,09;51,70201197;36,16007471
8313184;66,87;51,70147;36,15305
6996000;31,79;51,75916;36,1956
6665100;51,27;51,743892;36,262796
7952400;67,68;51,701582;36,159871
9971912;65,93;51,70144;36,15457
10654691;66,19;51,730617;36,192605
8721000;105,3;;
6395235;39,54;51,70281;36,15325
6837000;31,79;51,75916;36,1956
13689000;81;51,743976;36,202977
8313360;62,97;51,701582;36,159871
9144696;62,97;51,70144;36,15457
5388200;37,15;51,72331;36,120216
9011700;58,9;51,687647;36,139976
6569800;42,79;51,701582;36,159871
6089160;39,54;51,701582;36,159871
12540000;66;51,72429633;36,16913203
7700000;44;51,72429633;36,16913203
5798325;37,04;51,70211768;36,15484418
11848200;80,59;51,74398;36,20298
7582080;43,08;51,701582;36,159871
8387430;70,77;51,701582;36,159871
9490650;61,22;51,72331;36,120216
4737705;40,9;51,725513;36,264607
8965766;71,26;51,725301;36,264853
11713200;68,09;51,74398;36,20298
8426572;61,04;51,70199;36,15262
4895372;40,9;51,725513;36,264607
5710000;31,29;51,71744982;36,13114244
8022700;51,09;51,79266587;36,19080014
11714573;67,19;51,730617;36,192605
6192620;43,61;51,74306613;36,26601465
10910790;92,69;51,70199;36,15262
8832990;74,54;51,70143134;36,15535298
10022400;69,59;51,70143134;36,15535298
6259730;40,77;51,701582;36,159871
6839167;40,77;51,70144;36,15457
6427124;36,97;51,70199;36,15262
9831640;67,33;51,70036268;36,15518624
5201478;40,86;51,725301;36,264853
11020169;65,19;51,730617;36,192605
9213204;70,98;51,70281;36,15325
5388200;37,15;51,821038;36,157091
6613800;43,79;51,701582;36,159871
6583040;44,47;51,701582;36,159871
6276270;37,04;51,70281;36,15325
6439290;37,04;51,70147;36,15305
4912500;37,5;51,72331;36,120216
6332760;43,08;51,70143134;36,15535298
8133047;71,26;51,725513;36,264607
5816850;37,04;51,701582;36,159871
7992160;66,87;51,70211768;36,15484418
11805750;87,44;51,733373;36,268635
6198560;40,77;51,701582;36,159871
8320200;59,43;51,72331;36,120216
10878300;80,58;51,701582;36,159871
9547650;90,93;51,701638;36,15469852
14341800;69,95;51,759188;36,195617
12678600;67,8;51,743976;36,202977
8661660;70,41;51,743892;36,262796
8644240;66,87;51,70147;36,15305
6997848;40,77;51,70199;36,15262
4889389;40,86;51,725513;36,264607
5040112;40,9;51,725301;36,264853
7178820;43,79;51,70281;36,15325
9629620;67,33;51,70128;36,15614
9553750;76,43;51,74306613;36,26601465
8121600;42,29;51,71735985;36,12666315
7879170;59,02;51,701582;36,159871
6268680;47,49;51,74306;36,26765
5207843;40,9;51,725301;36,264853
7858400;66,87;51,701582;36,159871
19047000;90,69;51,724353;36,172136
6767640;51,27;51,74306613;36,26601465
6229625;40,84;51,70211768;36,15484418
6127500;40,84;51,70206435;36,1557454
6402460;40,77;51,701582;36,159871
10112000;63,2;;
4872015;40,77;51,725301;36,264853
12339600;67,8;51,74398;36,20298
6617800;40,59;51,793511;36,19137
8850000;50;51,743976;36,202977
6767376;54,93;51,725301;36,264853
6107000;39,4;51,7927191;36,19131513
10257720;89,98;51,701582;36,159871
5524200;40,91;51,733373;36,268635
6657600;43,79;51,70206435;36,1557454
5040112;40,9;51,725301;36,264853
8965766;71,26;51,725301;36,264853
6170287;54,93;51,725513;36,264607
10861103;62,88;51,70144;36,15457
5946525;37,04;51,701582;36,159871
4888745;40,9;51,725301;36,264853
9918900;92,69;51,701582;36,159871
11244150;83,29;51,733373;36,268635
5599900;38,61;51,821038;36,157091
6520800;37,04;51,70147;36,15305
7542450;40,77;51,70143134;36,15535298
8140800;42,4;51,717072;36,130169
9163880;70,59;51,70144;36,15457
4888745;40,9;51,725301;36,264853
5599900;38,61;51,72331;36,120216
6275650;31,29;51,717072;36,130169
7153096;40,77;51,70144;36,15457
8754200;67,33;51,70036268;36,15518624
9526650;44,31;51,75916;36,1956
10702461;90,93;51,70199;36,15262
6463630;40,77;51,701638;36,15469852
6602435;43,86;51,701582;36,159871
9119880;67,68;51,70199;36,15262
12726000;70,69;51,72429633;36,16913203
9957310;69,09;51,702701;36,15772
13060000;69,8;51,717072;36,130169
8872500;84,5;51,74306613;36,26601465
4595420;40,9;51,725513;36,264607
9589580;67,05;51,70128;36,15614
9918900;92,69;51,701638;36,15469852
8747640;67,68;51,70147;36,15305
5273100;41,84;51,743892;36,262796
14091595;81,5;51,730617;36,192605
6505080;43,08;51,701582;36,159871
7879170;59,02;51,70143134;36,15535298
10087000;65,5;51,79266587;36,19080014
6275280;47,54;51,74306613;36,26601465
15454400;96,58;51,75916;36,1956
6117000;40,77;51,70206435;36,1557454
8227100;51,09;51,793511;36,19137
7495920;43,08;51,70143134;36,15535298
9469845;81,98;51,70147;36,15305
7189336;42,43;51,70144;36,15457
5412150;40,09;51,733373;36,268635
4737705;40,9;51,725513;36,264607
4595420;40,9;51,725513;36,264607
9305100;44,31;51,75910824;36,1955961
10577700;83,94;51,74287;36,26825
6320900;40,77;51,701582;36,159871
11070400;62,9;;
10650000;65,09;51,71744982;36,13114244
6595900;46,45;51,74306613;36,26601465
6311325;40,84;51,70211768;36,15484418
9148100;70,37;51,74287;36,26825
4721492;40,77;51,725513;36,264607
9618000;91,59;51,70211768;36,15484418
9049220;85,37;51,70206435;36,1557454
6327300;39,29;51,7927191;36,19131513
6107075;40,84;51,701582;36,159871
6977220;45,15;51,70211768;36,15484418
6131400;37,15;51,821038;36,157091
9016634;70,36;51,70144;36,15457
8374225;71,26;51,725301;36,264853
8387430;70,77;51,70143134;36,15535298
9381889;70,77;51,70144;36,15457
6439290;37,04;51,70147;36,15305
6657600;43,79;51,70206435;36,1557454
6937920;43,79;51,70281;36,15325
11839124;88,22;51,702701;36,15772
10160000;61,4;51,71744982;36,13114244
6268680;47,49;51,74306613;36,26601465
5207843;40,9;51,725301;36,264853
5599900;38,61;51,72331;36,120216
4882770;40,86;51,725301;36,264853
9652500;64,34;51,70036268;36,15518624
5599900;38,61;51,72331;36,120216
5391900;39,93;51,733373;36,268635
6863274;40,77;51,70281;36,15325
7786925;43,86;51,701582;36,159871
12592500;83,94;51,74306613;36,26601465
6462120;43,95;51,743892;36,262796
6967500;46,45;51,74287;36,26825
6276270;37,04;51,70281;36,15325
4878619;40,77;51,725513;36,264607
7280340;51,27;51,743892;36,262796
9790852;69,8;51,70147;36,15305
9768000;52,79;51,72426;36,16924
10257720;89,98;51,70143134;36,15535298
10902507;90,93;51,70199;36,15262
8821540;67,33;51,70036268;36,15518624
4895372;40,9;51,725513;36,264607
6351000;43,79;51,70206435;36,1557454
6886900;45,15;51,701582;36,159871
9049220;85,37;51,701582;36,159871
9483040;84,66;51,701582;36,159871
6402460;40,77;51,701582;36,159871
8621535;69,8;51,701582;36,159871
5942700;41,84;51,743892;36,262796
9167400;83,33;51,74306613;36,26601465
7669164;37,09;51,71743187;36,12808761
5040112;40,9;51,725301;36,264853
9065375;65,93;51,70143134;36,15535298
5935290;36,97;51,701582;36,159871
4737705;40,9;51,725513;36,264607
8963960;72,29;51,74306613;36,26601465
5524200;40,91;51,733373;36,268635
5524200;41,84;51,74306613;36,26601465
5803650;42,99;51,733373;36,268635
16590000;82,08;51,724353;36,172136
6333360;47,97;51,743872;36,262736
6570000;43,79;51,701582;36,159871
9817950;88,44;51,701582;36,159871
9790852;69,8;51,70199;36,15262
10409800;83,94;51,74287;36,26825
12592500;83,94;51,74306613;36,26601465
10533600;94,05;51,701582;36,159871
7962500;45,5;51,72429633;36,16913203
8427820;71,26;51,725513;36,264607
10721700;94,05;51,70143134;36,15535298
7238550;43,86;51,70144;36,15457
10424800;66,4;;
5022864;40,77;51,725301;36,264853
6276270;37,04;51,70281;36,15325
4888745;40,9;51,725301;36,264853
6439290;37,04;51,70199;36,15262
6110440;43,95;51,74287;36,26825
6360120;40,77;51,70143134;36,15535298
8965766;71,26;51,725301;36,264853
6973708;40,77;51,70144;36,15457
13430000;71,8;51,71743187;36,12808761
8426462;42,43;51,70144;36,15457
6218950;40,77;51,70211768;36,15484418
8346200;71,94;51,701582;36,159871
7879200;64,31;51,701638;36,15469852
5040112;40,9;51,725301;36,264853
7065135;40,77;51,70199;36,15262
10819000;71,8;51,793511;36,19137
4950995;26,69;51,70036268;36,15518624
6393025;40,84;51,701582;36,159871
4737705;40,9;51,725513;36,264607
6480606;39,54;51,70281;36,15325
14511200;77,59;51,74398;36,20298
7023990;51,27;51,743872;36,262736
12085140;106,01;51,743892;36,262796
6131400;46,45;51,743892;36,262796
6767376;54,93;51,725301;36,264853
9897800;89,98;51,70143134;36,15535298
7734815;41,97;51,70128;36,15614
5965050;37,04;51,701582;36,159871
9479430;67,23;51,701582;36,159871
9478315;70,33;51,70128;36,15614
4878619;40,77;51,725513;36,264607
6908132;40,77;51,70199;36,15262
8898830;67,93;51,70036268;36,15518624
8020080;67,68;51,701582;36,159871
9882972;63,72;51,702701;36,15772
10620650;68,3;51,71745186;36,12955209
6361333;54,93;51,725513;36,264607
6482400;43,79;51,701582;36,159871
4731914;40,86;51,725513;36,264607
9248030;76,43;51,74306613;36,26601465
15000000;80,19;51,717072;36,130169
5816850;37,04;51,701582;36,159871
7463200;49,09;51,686534;36,153345
5040112;40,9;51,725301;36,264853
6131400;37,15;51,72331;36,120216
10859700;68,3;51,74398;36,20298
5485890;51,27;51,743892;36,262796
7992160;66,87;51,701582;36,159871
10030000;60;51,71744982;36,13114244
9681820;65,93;51,70144;36,15457
5207843;40,9;51,725301;36,264853
10843500;72,29;51,74306613;36,26601465
16156560;96,16;51,717072;36,130169
5059220;38,61;51,821038;36,157091
4872015;40,77;51,725301;36,264853
6229625;40,84;51,70211768;36,15484418
8483730;76,43;51,743892;36,262796
5190021;40,77;51,725301;36,264853
6583040;44,47;51,70206435;36,1557454
8872500;84,5;51,74287;36,26825
8796250;70,37;51,743892;36,262796
9646560;69,59;51,70144;36,15457
10586400;88,22;51,70201197;36,16007471
8053920;67,68;51,701582;36,159871
7212678;42,43;51,70144;36,15457
6393025;40,84;51,701638;36,15469852
5040112;40,9;51,725301;36,264853
9768000;52,79;51,72429633;36,16913203
10802700;80,01;51,733373;36,268635
8133047;71,26;51,725513;36,264607
6418920;43,08;51,701582;36,159871
5861330;36,97;51,701638;36,15469852
4878619;40,77;51,725513;36,264607
6105400;43,61;51,74287;36,26825
12590000;84,4;51,71744982;36,13114244
5946525;37,04;51,701582;36,159871
8288000;59,2;51,72331;36,120216
10853060;76,43;51,743892;36,262796
7009860;40,84;51,70199;36,15262
8801655;65,93;51,701582;36,159871
8082800;48,4;51,701582;36,159871
6569800;42,79;51,701638;36,15469852
4950995;26,69;51,70036268;36,15518624
9455400;92,69;51,701638;36,15469852
10320375;94,25;51,70143134;36,15535298
9637270;69,8;51,70199;36,15262
8531200;49,59;51,74398;36,20298
9144696;62,97;51,70144;36,15457
11024000;68,9;51,72429633;36,16913203
7042706;40,77;51,70147;36,15305
6395235;39,54;51,70281;36,15325
9181903;72,26;51,70199;36,15262
6262014;36,02;51,70147;36,15305
6101130;51,27;51,743892;36,262796
5485890;51,27;51,743892;36,262796
9729510;90,93;51,701638;36,15469852
12942600;69,95;51,75916;36,1956
8621535;69,8;51,701582;36,159871
11553520;69,09;51,702701;36,15772
6483540;43,08;51,701582;36,159871
6727110;47,7;51,74306613;36,26601465
11560000;61,79;51,71743187;36,12808761
6198560;40,77;51,701582;36,159871
5998590;51,27;51,74306;36,26765
10555500;70,37;51,74287;36,26825
5207843;40,9;51,725301;36,264853
7577415;39,79;51,717072;36,130169
8572200;61,22;51,72331;36,120216
5778960;43,77;51,743872;36,262736
7106160;40,84;51,70036268;36,15518624
6232800;39,2;51,7927191;36,19131513
7803000;51,29;51,687043;36,154206
6454800;48,9;51,68814231;36,15447795
8551725;69,8;51,701638;36,15469852
6973708;40,77;51,70144;36,15457
8619000;84,5;51,743892;36,262796
7087564;40,77;51,70199;36,15262
6562560;51,27;51,743892;36,262796
7885170;71,26;51,725513;36,264607
6860000;37,59;51,71744982;36,13114244
7962500;45,5;;
6564135;54,93;51,725301;36,264853
5750000;31,5;51,71744982;36,13114244
6767640;51,27;51,74306;36,26765
4737705;40,9;51,725513;36,264607
7782400;51,2;51,687043;36,154206
13819050;67,41;51,75916;36,1956
6734045;43,86;51,70143134;36,15535298
8769600;69,59;51,701582;36,159871
9817950;88,44;51,701582;36,159871
8061440;62,97;51,70143134;36,15535298
6009729;26,89;51,730617;36,192605
8325000;74;51,701582;36,159871
16420300;96,58;51,75916;36,1956
5033952;40,86;51,725301;36,264853
7524000;41,79;51,72429633;36,16913203
6972720;51,27;51,74306;36,26765
9552600;88,44;51,701582;36,159871
6505080;43,08;51,70143134;36,15535298
10072690;92,41;51,70036268;36,15518624
7302372;45,15;51,70147;36,15305
4872015;40,77;51,725301;36,264853
5798325;37,04;51,70211768;36,15484418
10661650;83,94;51,743892;36,262796
8878480;85,37;51,701582;36,159871
11254000;66,19;51,72426;36,16924
8636590;76,43;51,74306;36,26765
7238550;43,86;51,70144;36,15457
8796250;70,37;51,743892;36,262796
9672421;85,37;51,70281;36,15325
6930561;40,77;51,70199;36,15262
6512980;47,54;51,743872;36,262736
6441660;40,77;51,701582;36,159871
7543728;36,97;51,70144;36,15457
6615450;43,38;51,70206435;36,1557454
10565100;70,19;51,793511;36,19137
9176900;56,29;51,686744;36,153487
6767376;54,93;51,725301;36,264853
6397380;43,08;51,701582;36,159871
9511474;64,76;51,70128;36,15614
7106160;40,84;51,70036268;36,15518624
6300510;40,77;51,701638;36,15469852
6357780;37,04;51,70281;36,15325
5816850;37,04;51,701582;36,159871
6010080;39,54;51,70206435;36,1557454
8437800;57,4;51,74398;36,20298
9479430;67,23;51,70201197;36,16007471
8572200;61,22;51,72331;36,120216
6357780;37,04;51,70147;36,15305
10928000;68,3;51,72429633;36,16913203
9108540;72,29;51,74287;36,26825
11645100;68,09;51,74398;36,20298
5932500;39,54;51,70206435;36,1557454
6089160;39,54;51,701582;36,159871
7566570;76,43;51,743892;36,262796
7885170;71,26;51,725513;36,264607
4731914;40,86;51,725513;36,264607
4888745;40,9;51,725301;36,264853
8572200;61,22;51,72331;36,120216
7314000;31,79;51,75910824;36,1955961
7104000;37;51,730617;36,192605
6227400;42,79;51,70211768;36,15484418
8427820;71,26;51,725513;36,264607
5872425;37,04;51,70211768;36,15484418
4526280;27,94;51,701582;36,159871
6509175;44,13;51,70143134;36,15535298
8288000;59,2;51,72331;36,120216
8295120;67,44;51,74306;36,26765
16156560;96,16;51,71735985;36,12666315
5388200;37,15;51,72331;36,120216
6573033;54,93;51,725513;36,264607
8408670;66,2;51,743892;36,262796
6341280;36,02;51,70147;36,15305
8233680;70,98;51,701582;36,159871
6259730;40,77;51,70211768;36,15484418
7098240;36,97;51,70143134;36,15535298
5787370;36,97;51,701638;36,15469852
6477300;47,97;51,743892;36,262796
9154000;91,54;51,70206435;36,1557454
10533600;94,05;51,70143134;36,15535298
6482400;43,79;51,70206435;36,1557454
4895372;40,9;51,725513;36,264607
10605155;88,44;51,70199;36,15262
8364370;62,88;51,70143134;36,15535298
8802500;70,41;51,743892;36,262796
5388200;37,15;51,821038;36,157091
10319400;70,19;51,79266587;36,19080014
8288000;59,2;51,72331;36,120216
7885170;71,26;51,725513;36,264607
12339600;67,8;51,74398;36,20298
10157950;83,94;51,743892;36,262796
6973708;40,77;51,70144;36,15457
6767640;51,27;51,74306613;36,26601465
7009860;40,84;51,70147;36,15305
6910000;37,59;51,71744982;36,13114244
8572200;61,22;51,72331;36,120216
8427820;71,26;51,725513;36,264607
6667200;37,04;51,701582;36,159871
11052800;62,79;51,72429633;36,16913203
6767640;51,27;51,74306;36,26765
6813160;47,97;51,743892;36,262796
6360120;40,77;51,70143134;36,15535298
11843512;71,9;51,730617;36,192605
6355800;42,79;51,701582;36,159871
5983740;47,49;51,743892;36,262796
8430000;67,44;51,74306613;36,26601465
8863855;70,06;51,70036268;36,15518624
6564135;54,93;51,725301;36,264853
8661075;67,93;51,70036268;36,15518624
13450000;71,9;51,717072;36,130169
10071600;65,4;51,79266587;36,19080014
5872425;37,04;51,701582;36,159871
8564880;67,44;51,74306;36,26765
8276250;66,2;51,743892;36,262796
12170130;82,79;51,743892;36,262796
5890950;37,04;51,701582;36,159871
8364370;62,88;51,70143134;36,15535298
5599900;38,61;51,821038;36,157091
6439290;37,04;51,70281;36,15325
6610000;34,5;51,71744982;36,13114244
10586500;68,3;51,74398;36,20298
12406614;81,73;51,70128;36,15614
9493440;69,59;51,70144;36,15457
5782815;36,02;51,70211768;36,15484418
10006200;65,4;51,79266587;36,19080014
11661100;106,01;51,74287;36,26825
10679400;71,9;51,793511;36,19137
10702450;88,44;51,70147;36,15305
6395235;39,54;51,70281;36,15325
6942342;43,08;51,70144;36,15457
10416000;69,44;51,74416;36,26398
6866100;50,86;51,733373;36,268635
6259730;40,77;51,70211768;36,15484418
7036890;47,86;51,743892;36,262796
11533000;60,7;;
7935200;61,04;51,701582;36,159871
9714600;71,95;51,733373;36,268635
5695500;37,97;51,701582;36,159871
8987880;68,08;51,70036268;36,15518624
6422850;40,77;51,701582;36,159871
7885170;71,26;51,725513;36,264607
4737705;40,9;51,725513;36,264607
7755200;59,2;51,821038;36,157091
8133047;71,26;51,725513;36,264607
8983000;69,09;51,701582;36,159871
6482400;43,79;51,701582;36,159871
4595420;40,9;51,725513;36,264607
10022885;57,29;51,730617;36,192605
12540000;66;51,72429633;36,16913203
8140800;51,2;51,793511;36,19137
7549080;39,9;51,717072;36,130169
8584000;74;51,701582;36,159871
9897800;89,98;51,70143134;36,15535298
10655172;89,69;51,70144;36,15457
8037200;56,59;51,686534;36,153345
6465440;47,54;51,743872;36,262736
8091720;70,98;51,70206435;36,1557454
7063402;40,77;51,70144;36,15457
6382800;39,4;51,793511;36,19137
6357480;51,27;51,743892;36,262796
5872425;37,04;51,701582;36,159871
8347185;72,26;51,701638;36,15469852
6556980;42,43;51,70143134;36,15535298
6767640;51,27;51,74306613;36,26601465
6657600;43,79;51,701582;36,159871
7282704;42,43;51,70144;36,15457
9801200;91,59;51,70211768;36,15484418
6276270;37,04;51,70281;36,15325
13819050;67,41;51,759188;36,195617
6695315;40,84;51,70147;36,15305
6484200;42,79;51,701582;36,159871
6031000;36,79;51,687043;36,154206
9687600;71,76;51,733373;36,268635
6767640;51,27;51,74306613;36,26601465
6259730;40,77;51,70211768;36,15484418
6320900;40,77;51,70211768;36,15484418
6034500;44,7;51,733373;36,268635
8474880;66,2;51,74306613;36,26601465
6254940;51,27;51,743892;36,262796
4595420;40,9;51,725513;36,264607
5956940;27,7;51,717072;36,130169
8187400;62,97;51,701582;36,159871
7935200;61,04;51,70211768;36,15484418
6996000;31,79;51,75910824;36,1955961
8133047;71,26;51,725513;36,264607
8721000;51,29;51,72429633;36,16913203
12386100;77,9;51,743976;36,202977
8491725;72,26;51,701582;36,159871
7087564;40,77;51,70199;36,15262
6527053;36,97;51,70144;36,15457
4737705;40,9;51,725513;36,264607
6899050;44,5;51,74306613;36,26601465
7721600;50,79;51,68814231;36,15447795
5727326;27,26;51,70144;36,15457
10104300;92,69;51,701582;36,159871
7691040;61,04;51,70211768;36,15484418
13302540;84,3;51,71745186;36,12955209
8924850;72,12;51,70281;36,15325
6918648;43,08;51,70144;36,15457
8725880;70,37;51,74306613;36,26601465
4579694;40,77;51,725513;36,264607
11567500;66,09;;
9095170;76,43;51,743892;36,262796
9219960;85,37;51,701582;36,159871
5599900;38,61;51,72331;36,120216
5388200;37,15;51,72331;36,120216
10484050;68,3;51,71745186;36,12955209
7691040;61,04;51,701582;36,159871
9355270;82,79;51,743892;36,262796
8652178;71,26;51,725301;36,264853
6523200;40,77;51,701582;36,159871
6523200;40,77;51,70143134;36,15535298
7236020;42,43;51,70144;36,15457
7032150;52,09;51,733373;36,268635
7360000;40,59;51,71744982;36,13114244
9397700;72,29;51,74306613;36,26601465
13278300;63,22;51,724353;36,172136
9984400;91,59;51,701582;36,159871
4737705;40,9;51,725513;36,264607
6604200;36,68;51,701582;36,159871
12760000;84,4;51,71744982;36,13114244
6482400;43,79;51,70206435;36,1557454
6463630;40,77;51,701638;36,15469852
9065375;65,93;51,70143134;36,15535298
6198560;40,77;51,701582;36,159871
6615450;43,38;51,70206435;36,1557454
6973708;40,77;51,70144;36,15457
6259730;40,77;51,70211768;36,15484418
8963960;72,29;51,74287;36,26825
8427820;71,26;51,725513;36,264607
8572200;61,22;51,72331;36,120216
9180000;51;51,72429633;36,16913203
4721492;40,77;51,725513;36,264607
6816150;50,49;51,733373;36,268635
9790852;69,8;51,70147;36,15305
9427860;80,58;51,701582;36,159871
5040112;40,9;51,725301;36,264853
6569800;42,79;51,701638;36,15469852
10923000;66,19;51,72429633;36,16913203
7536690;51,27;51,74306;36,26765
6431400;39,7;51,793511;36,19137
6767640;51,27;51,74306613;36,26601465
8717800;67,05;51,701582;36,159871
8542600;70,59;51,70143134;36,15535298
8754200;67,33;51,70036268;36,15518624
4721492;40,77;51,725513;36,264607
8634000;71,94;51,70206435;36,1557454
6840845;40,77;51,70199;36,15262
6398600;42,79;51,701638;36,15469852
7582080;43,08;51,70143134;36,15535298
9672421;85,37;51,70281;36,15325
6796580;45,15;51,70211768;36,15484418
10702461;90,93;51,70147;36,15305
12380000;66,19;51,71743187;36,12808761
9357100;68,3;51,74398;36,20298
10112000;63,2;51,72429633;36,16913203
6259730;40,77;51,701582;36,159871
10617618;84,66;51,70147;36,15305
6131400;37,15;51,72331;36,120216
9472000;59,2;51,72331;36,120216
7867800;42,29;51,72429633;36,16913203
6919990;40,84;51,70147;36,15305
10283500;65,5;51,793511;36,19137
5872425;37,04;51,70211768;36,15484418
13031850;81,5;51,717072;36,130169
6996000;31,79;51,75916;36,1956
6997848;40,77;51,70199;36,15262
6332760;43,08;51,70143134;36,15535298
8977500;51,29;51,72429633;36,16913203
8761155;69,8;51,701582;36,159871
13203000;81,5;51,730617;36,192605
5853400;39,54;51,70206435;36,1557454
10675000;61;51,72426;36,16924
5157290;26,37;51,701582;36,159871
4888745;40,9;51,725301;36,264853
5190021;40,77;51,725301;36,264853
8139600;64,59;51,701582;36,159871
7460910;40,77;51,701582;36,159871
8130350;71,94;51,70206435;36,1557454
10112000;63,2;51,72429633;36,16913203
7405300;49,7;51,74398;36,20298
15937350;96,58;51,75916;36,1956
9680000;58,2;51,71744982;36,13114244
5207843;40,9;51,725301;36,264853
12418500;82,79;51,74306613;36,26601465
5040112;40,9;51,725301;36,264853
7813120;61,04;51,701638;36,15469852
5978560;43,95;51,743892;36,262796
6767640;51,27;51,743872;36,262736
8634000;71,94;51,701582;36,159871
9198200;74;51,70199;36,15262
5872425;37,04;51,701582;36,159871
6463630;40,77;51,701638;36,15469852
8551725;69,8;51,701582;36,159871
6137390;40,77;51,701582;36,159871
6480000;37;51,71744982;36,13114244
9826866;65,93;51,70144;36,15457
6179200;38,61;51,72331;36,120216
4595420;40,9;51,725513;36,264607
13378095;80,8;51,702701;36,15772
6411150;47,49;51,743892;36,262796
4731914;40,86;51,725513;36,264607
6767376;54,93;51,725301;36,264853
8211000;51;51,793511;36,19137
4737705;40,9;51,725513;36,264607
6767640;51,27;51,74306;36,26765
8965766;71,26;51,725301;36,264853
9601610;84,97;51,701582;36,159871
9810000;58,4;51,71744982;36,13114244
10944000;68,4;51,72429633;36,16913203
7474380;43,08;51,70143134;36,15535298
7192416;44,47;51,70281;36,15325
9119880;67,68;51,70199;36,15262
12306000;61,06;51,724353;36,172136
15164630;96,58;51,759188;36,195617
7189336;42,43;51,70144;36,15457
11437129;73;51,717072;36,130169
5742750;37,04;51,701582;36,159871
9576480;67,44;51,743892;36,262796
7660420;42,43;51,701582;36,159871
9477523;62,88;51,70144;36,15457
5872890;36,02;51,701582;36,159871
7073630;41,97;51,701582;36,159871
6458640;47,49;51,74306;36,26765
11920890;92,41;51,70036268;36,15518624
8607300;66,2;51,74306613;36,26601465
7896150;58,49;51,733373;36,268635
7962500;45,5;51,72426;36,16924
8155440;67,68;51,701638;36,15469852
10152500;65,5;51,79266587;36,19080014
11839276;68;51,730617;36,192605
12540000;66;51,72426;36,16924
8374225;71,26;51,725301;36,264853
5693512;26,68;51,70144;36,15457
9714600;71,95;51,733373;36,268635
10320375;94,25;51,701582;36,159871
10814804;67,33;51,70128;36,15614
6439290;37,04;51,70147;36,15305
11567500;66,09;51,72429633;36,16913203
9911000;93,5;51,701582;36,159871
4610700;28,2;51,70143134;36,15535298
10368028;56,43;51,70128;36,15614
5626800;41,68;51,733373;36,268635
6276270;37,04;51,70281;36,15325
8754592;66,87;51,70199;36,15262
8408670;66,2;51,743892;36,262796
6726740;42,43;51,70143134;36,15535298
6322820;47,54;51,743892;36,262796
8374225;71,26;51,725301;36,264853
4731914;40,86;51,725513;36,264607
8223120;67,68;51,70211768;36,15484418
4950995;26,69;51,70036268;36,15518624
7962500;45,5;;
4522260;26,68;51,701582;36,159871
9176900;56,29;51,686744;36,153487
6178170;40,77;51,701582;36,159871
8362000;74;51,701582;36,159871
5778960;43,77;51,743872;36,262736
6863274;40,77;51,70147;36,15305
8490100;71,94;51,701582;36,159871
6361333;54,93;51,725513;36,264607
5946525;37,04;51,70211768;36,15484418
6482430;40,77;51,701582;36,159871
11210000;59,9;51,717072;36,130169
5816850;37,04;51,70206435;36,1557454
10928000;68,3;;
9801200;91,59;51,70211768;36,15484418
6402460;40,77;51,701638;36,15469852
10752500;57,5;51,730617;36,192605
11080000;68,3;51,71744982;36,13114244
8347185;72,26;51,701638;36,15469852
11767112;94,25;51,70144;36,15457
7683006;39,9;51,717072;36,130169
4589803;40,86;51,725513;36,264607
6170287;54,93;51,725513;36,264607
5599900;38,61;51,72331;36,120216
10261000;66,19;51,717072;36,130169
9652380;84,66;51,701582;36,159871
6604200;36,68;51,70036268;36,15518624
9600000;59,9;51,71744982;36,13114244
4888745;40,9;51,725301;36,264853
10502415;90,93;51,70147;36,15305
6441930;43,38;51,701582;36,159871
10409800;83,94;51,74287;36,26825
6438500;39,5;51,793511;36,19137
9150550;83,94;51,743892;36,262796
8347185;72,26;51,701582;36,159871
9686520;89,69;51,701582;36,159871
10355059;59,02;51,70144;36,15457
11025040;106,01;51,743892;36,262796
6997848;40,77;51,70147;36,15305
6290900;40,84;51,701582;36,159871
6660000;35,2;51,71744982;36,13114244
8644240;66,87;51,70147;36,15305
7724640;66,87;51,70211768;36,15484418
5094900;37,74;51,733373;36,268635
12930000;84,4;51,71744982;36,13114244
7189336;42,43;51,70144;36,15457
10580340;60,9;51,730617;36,192605
8771950;42,79;51,759188;36,195617
5978560;43,95;51,743892;36,262796
8771950;42,79;51,75910824;36,1955961
10913500;83,94;51,74287;36,26825
4895372;40,9;51,725513;36,264607
4895372;40,9;51,725513;36,264607
11559762;94,25;51,70144;36,15457
9900000;59,9;51,71744982;36,13114244
4888745;40,9;51,725301;36,264853
9136800;56,4;51,686744;36,153487
10752500;57,5;51,717072;36,130169
6483540;43,08;51,70143134;36,15535298
6773558;40,77;51,70281;36,15325
11533000;60,7;51,72426;36,16924
6418920;43,08;51,701582;36,159871
6229625;40,84;51,701638;36,15469852
6333360;47,97;51,743872;36,262736
12942600;69,95;51,75916;36,1956
4872015;40,77;51,725301;36,264853
5946525;37,04;51,701582;36,159871
9705027;54,5;51,730617;36,192605
10431344;84,66;51,70147;36,15305
6908132;40,77;51,70147;36,15305
6870180;51,27;51,74306613;36,26601465
10843500;72,29;51,74306613;36,26601465
6620640;42,43;51,701582;36,159871
7020277;40,77;51,70199;36,15262
8416030;67,05;51,701582;36,159871
8024190;72,29;51,743892;36,262796
7070000;38,29;51,71744982;36,13114244
7176900;50,9;51,687647;36,139976
6382070;40,77;51,70211768;36,15484418
5040112;40,9;51,725301;36,264853
6300510;40,77;51,70211768;36,15484418
10325850;83,94;51,743892;36,262796
6414580;47,86;51,743892;36,262796
4888745;40,9;51,725301;36,264853
6604200;36,68;51,70036268;36,15518624
4595420;40,9;51,725513;36,264607
5798325;37,04;51,70211768;36,15484418
9119682;70,86;51,70281;36,15325
8550150;67,05;51,70036268;36,15518624
8851700;68,08;51,70036268;36,15518624
6209200;40,84;51,701582;36,159871
12200000;65,19;51,71743187;36,12808761
6509175;44,13;51,701582;36,159871
10720000;64,3;51,71744982;36,13114244
10245070;84,66;51,70147;36,15305
6170287;54,93;51,725513;36,264607
10351740;70,41;51,743892;36,262796
7040000;38,79;51,71744982;36,13114244
4888745;40,9;51,725301;36,264853
12942600;69,95;51,759188;36,195617
7542450;40,77;51,701582;36,159871
9400890;76,43;51,74306613;36,26601465
5599900;38,61;51,72331;36,120216
5609250;41,54;51,733373;36,268635
6276270;37,04;51,70281;36,15325
8811250;66,25;51,701582;36,159871
6300510;40,77;51,701638;36,15469852
9057048;70,98;51,70281;36,15325
6168240;39,54;51,701582;36,159871
11352412;94,25;51,70144;36,15457
10579800;91,59;51,70199;36,15262
7950870;47,61;51,701582;36,159871
6239340;40,77;51,701638;36,15469852
10409800;83,94;51,74306613;36,26601465
10072690;92,41;51,701582;36,159871
8020080;67,68;51,701638;36,15469852
8863700;58,7;51,687647;36,139976
7156160;42,79;51,70147;36,15305
5949520;47,97;51,743892;36,262796
6097982;37,97;51,70281;36,15325
5934600;43,95;51,74287;36,26825
5201478;40,86;51,725301;36,264853
6875055;40,84;51,70281;36,15325
4889389;40,86;51,725513;36,264607
5207843;40,9;51,725301;36,264853
9724000;93,5;51,701582;36,159871
7962500;45,5;51,72426;36,16924
10104300;92,69;51,701638;36,15469852
8801655;65,93;51,701582;36,159871
8652178;71,26;51,725301;36,264853
7042706;40,77;51,70147;36,15305
4579694;40,77;51,725513;36,264607
13200313;80,8;51,702701;36,15772
4878619;40,77;51,725513;36,264607
8484840;67,33;51,701582;36,159871
8288000;59,2;51,72331;36,120216
8401400;70,59;51,70143134;36,15535298
7824960;66,87;51,701582;36,159871
5816850;37,04;51,701582;36,159871
7962500;45,5;51,72429633;36,16913203
9570000;57,5;51,71744982;36,13114244
5329800;28,2;51,701582;36,159871
5946525;37,04;51,70211768;36,15484418
12400000;66,3;51,71743187;36,12808761
6415200;39,59;51,793511;36,19137
4870925;26,69;51,70036268;36,15518624
6441930;43,38;51,70206435;36,1557454
11288300;71,9;51,717072;36,130169
10336000;64,59;51,72429633;36,16913203
6382070;40,77;51,70211768;36,15484418
12340650;83,94;51,743892;36,262796
8789450;76,43;51,74306613;36,26601465
9022530;71,94;51,70281;36,15325
8020080;67,68;51,701638;36,15469852
6153500;39,7;51,7927191;36,19131513
10474700;70,3;51,793511;36,19137
7885170;71,26;51,725513;36,264607
5599900;38,61;51,72331;36,120216
12976200;72,9;51,730617;36,192605
8184577;40,77;51,70144;36,15457
7870500;58,29;51,733373;36,268635
5207843;40,9;51,725301;36,264853
6921450;51,27;51,743892;36,262796
9483040;84,66;51,70211768;36,15484418
5201478;40,86;51,725301;36,264853
6372300;38,61;51,821038;36,157091
6620640;42,43;51,701582;36,159871
9253315;69,8;51,70147;36,15305
8607300;66,2;51,74287;36,26825
6311325;40,84;51,70211768;36,15484418
8168770;72,29;51,743892;36,262796
4731914;40,86;51,725513;36,264607
5909310;28,2;51,70144;36,15457
7885170;71,26;51,725513;36,264607
9904394;70,06;51,70128;36,15614
10913500;83,94;51,74287;36,26825
5733450;41,84;51,74306613;36,26601465
13788300;77,9;51,74398;36,20298
7086100;37,09;51,730617;36,192605
6520800;37,04;51,70147;36,15305
6127500;40,84;51,701582;36,159871
4737705;40,9;51,725513;36,264607
6564135;54,93;51,725301;36,264853
12790800;94,05;51,701582;36,159871
9400890;76,43;51,74306;36,26765
6382070;40,77;51,701582;36,159871
10586400;88,22;51,701582;36,159871
6216760;43,77;51,743892;36,262796
18000000;119;51,738962;36,1996
6523200;40,77;51,70143134;36,15535298
8330800;70,59;51,701582;36,159871
6410670;43,61;51,743892;36,262796
6300510;40,77;51,70211768;36,15484418
4737705;40,9;51,725513;36,264607
9970000;60,9;51,71744982;36,13114244
6482430;40,77;51,70143134;36,15535298
8626800;47,4;51,743976;36,202977
10620650;68,3;51,717072;36,130169
10579800;91,59;51,70147;36,15305
8726250;69,8;51,70211768;36,15484418
6520800;37,04;51,70147;36,15305
8564880;67,44;51,74306613;36,26601465
9180830;72,29;51,743892;36,262796
5356800;41,84;51,743892;36,262796
7593450;48,99;51,74416;36,26398
5733450;41,84;51,74306613;36,26601465
10056200;65,3;51,79266587;36,19080014
7165994;42,43;51,70144;36,15457
5710755;36,02;51,70211768;36,15484418
6484200;42,79;51,701638;36,15469852
7142652;42,43;51,70144;36,15457
7918535;43,86;51,701582;36,159871
5756520;43,61;51,743892;36,262796
10902507;90,93;51,70199;36,15262
8427820;71,26;51,725513;36,264607
10389600;70,19;51,79266587;36,19080014
5207843;40,9;51,725301;36,264853
8374225;71,26;51,725301;36,264853
7026750;52,04;51,733373;36,268635
5756520;43,61;51,743892;36,262796
10733800;71,8;51,793511;36,19137
4872015;40,77;51,725301;36,264853
9167400;83,33;51,74306613;36,26601465
5946525;37,04;51,701582;36,159871
5207843;40,9;51,725301;36,264853
11490000;61,4;51,717072;36,130169
6488560;47,7;51,743892;36,262796
8652178;71,26;51,725301;36,264853
8721000;105,3;;
10826361;61,4;51,730617;36,192605
13209438;78,9;51,717072;36,130169
8900320;42,79;51,75916;36,1956
6227400;42,79;51,701582;36,159871
5388200;37,15;51,72331;36,120216
10902100;93,5;51,70147;36,15305
11049808;89,69;51,70144;36,15457
6322820;47,54;51,743892;36,262796
6439290;37,04;51,70147;36,15305
8520820;70,41;51,743892;36,262796
10325850;83,94;51,743892;36,262796
8985900;42,79;51,759188;36,195617
12350800;88,22;51,701582;36,159871
10755900;70,19;51,79266587;36,19080014
7201530;48,99;51,74416;36,26398
9040395;69,8;51,701638;36,15469852
6583040;44,47;51,70206435;36,1557454
7885170;71,26;51,725513;36,264607
6463630;40,77;51,701582;36,159871
5710755;36,02;51,70211768;36,15484418
7879200;64,31;51,701582;36,159871
10056200;65,3;51,793511;36,19137
6977220;45,15;51,701582;36,159871
6341290;40,77;51,70211768;36,15484418
8771950;42,79;51,759188;36,195617
4888745;40,9;51,725301;36,264853
7885170;71,26;51,725513;36,264607
10650000;65,19;51,71744982;36,13114244
11650500;86,3;51,733373;36,268635
4595420;40,9;51,725513;36,264607
8822088;67,68;51,70199;36,15262
12258000;68,09;51,72426;36,16924
6048000;44,79;51,733373;36,268635
7580000;40,59;51,71744982;36,13114244
6316170;47,49;51,743892;36,262796
11811150;87,48;51,733373;36,268635
7692685;37,09;51,717072;36,130169
15080000;93,8;51,71744982;36,13114244
10803500;71,8;51,793511;36,19137
5816850;37,04;51,70206435;36,1557454
10840000;67,19;51,71744982;36,13114244
7787700;51,2;51,687043;36,154206
6402460;40,77;51,701582;36,159871
6578200;42,43;51,701582;36,159871
11559762;94,25;51,70144;36,15457
6300510;40,77;51,701638;36,15469852
10810800;70,19;51,793511;36,19137
7950870;47,61;51,70201197;36,16007471
6357780;37,04;51,70281;36,15325
6840450;50,66;51,733373;36,268635
6280120;40,77;51,701638;36,15469852
7557864;37,09;51,717072;36,130169
7279393;36,97;51,70128;36,15614
6525280;47,97;51,743872;36,262736
4737705;40,9;51,725513;36,264607
9199850;42,79;51,75910824;36,1955961
8667087;59,02;51,70144;36,15457
10475220;71,26;51,743892;36,262796
5388200;37,15;51,72331;36,120216
6480606;39,54;51,70281;36,15325
11390000;60,9;51,717072;36,130169
5816850;37,04;51,701638;36,15469852
8771950;42,79;51,75910824;36,1955961
5649750;41,84;51,743892;36,262796
6357780;37,04;51,70147;36,15305
6443240;40,77;51,701638;36,15469852
10533600;94,05;51,70143134;36,15535298
5213700;38,61;51,733373;36,268635
5709620;47,97;51,743892;36,262796
5649750;41,84;51,743892;36,262796
5059220;38,61;51,821038;36,157091
11235210;76,43;51,74306613;36,26601465
10442330;92,41;51,70036268;36,15518624
5599900;38,61;51,72331;36,120216
6290900;40,84;51,70206435;36,1557454
8572200;61,22;51,72331;36,120216
4731914;40,86;51,725513;36,264607
5207843;40,9;51,725301;36,264853
10152500;65,5;51,793511;36,19137
10843500;72,29;51,74287;36,26825
12592800;69,95;51,75916;36,1956
6209200;40,84;51,70206435;36,1557454
6556980;42,43;51,701582;36,159871
7702860;42,43;51,701582;36,159871
8872500;84,5;51,74306613;36,26601465
5710755;36,02;51,701582;36,159871
8572200;61,22;51,72331;36,120216
9400890;76,43;51,743872;36,262736
7020277;40,77;51,70199;36,15262
9200807;62,88;51,70144;36,15457
13425912;94,25;51,70144;36,15457
12787350;81,5;51,71745186;36,12955209
10760000;57,5;51,717072;36,130169
11024000;68,9;51,72426;36,16924
6361333;54,93;51,725513;36,264607
6641860;42,43;51,701582;36,159871
10502415;90,93;51,70147;36,15305
11304000;75,36;51,74306613;36,26601465
6242320;43,95;51,74306613;36,26601465
5816850;37,04;51,701582;36,159871
7686630;37,79;51,71745186;36,12955209
6844500;50,7;51,733373;36,268635
8684270;67,05;51,70036268;36,15518624
7155000;31,79;51,759188;36,195617
10414400;56,59;51,730617;36,192605
6992589;54,93;51,725301;36,264853
6402460;40,77;51,701582;36,159871
8313360;62,97;51,701582;36,159871
6750680;47,54;51,743892;36,262796
6300510;40,77;51,701582;36,159871
10989220;90,81;51,701582;36,159871
7036890;47,86;51,743892;36,262796
9340320;69,59;51,70144;36,15457
6420000;35,2;51,71744982;36,13114244
8491725;72,26;51,701638;36,15469852
8900775;69,8;51,70211768;36,15484418
7795860;76,43;51,743872;36,262736
9333650;64,37;51,74416;36,26398
8330870;76,43;51,743892;36,262796
5816850;37,04;51,701582;36,159871
6508480;36,97;51,70199;36,15262
13840612;94,25;51,70144;36,15457
6886900;45,15;51,70211768;36,15484418
6581138;31,5;51,730617;36,192605
7023990;51,27;51,74306613;36,26601465
8572200;61,22;51,72331;36,120216
6482400;43,79;51,70206435;36,1557454
11966130;80,58;51,70144;36,15457
6841680;39,31;51,70201197;36,16007471
9248030;76,43;51,743872;36,262736
8427820;71,26;51,725513;36,264607
4878619;40,7;51,725513;36,264607
10600200;70,19;51,7927191;36,19131513
10760000;57,5;51,71743187;36,12808761
5997860;43,77;51,74306;36,26765
6908132;40,77;51,70199;36,15262
7259362;42,43;51,70144;36,15457
6459667;37,04;51,70199;36,15262
6654582;39,54;51,70281;36,15325
6026110;36,97;51,701582;36,159871
8965766;71,26;51,725301;36,264853
10752500;57,5;51,71743187;36,12808761
6390351;37,97;51,70281;36,15325
6239340;40,77;51,70211768;36,15484418
5802720;43,95;51,743892;36,262796
13880550;67,7;51,75910824;36,1955961
5440500;41,84;51,743892;36,262796
5613660;47,97;51,743872;36,262736
9443500;93,5;51,701582;36,159871
9180000;51;51,72426;36,16924
5802720;43,95;51,743892;36,262796
6823872;43,08;51,70144;36,15457
8001220;68,68;51,701638;36,15469852
10539800;69,8;51,7927191;36,19131513
6370360;47,54;51,743872;36,262736
4414520;27,94;51,701582;36,159871
9717300;71,98;51,733373;36,268635
10919491;66,19;51,730617;36,192605
15475200;80,59;51,74398;36,20298
8993460;65,16;51,701582;36,159871
4737705;40,9;51,725513;36,264607
5599900;38,61;51,72331;36,120216
6300510;40,77;51,701582;36,159871
7596760;42,43;51,701582;36,159871
6117000;40,77;51,701582;36,159871
5786000;26,29;51,71745186;36,12955209
7683006;39,9;51,71743187;36,12808761
6341290;40,77;51,701582;36,159871
6218950;40,77;51,70211768;36,15484418
10909800;94,05;51,70143134;36,15535298
6950360;36,97;51,701582;36,159871
4895372;40,9;51,725513;36,264607
7885170;71,26;51,725513;36,264607
6767640;51,27;51,74306613;36,26601465
7042706;40,77;51,70147;36,15305
6541177;37,04;51,70199;36,15262
6695315;40,84;51,70281;36,15325
12161905;80,8;51,701582;36,159871
4950995;26,69;51,701582;36,159871
6372300;38,61;51,821038;36,157091
5800830;36,02;51,701582;36,159871
8037200;56,59;51,686744;36,153487
9618000;91,59;51,701582;36,159871
5983740;47,49;51,743892;36,262796
11412100;67,12;51,75910824;36,1955961
6382070;40,77;51,701582;36,159871
10225215;59,02;51,70144;36,15457
9160600;56,2;51,686744;36,153487
4579694;40,77;51,725513;36,264607
13656060;94,05;51,70144;36,15457
7092800;45,75;51,74416;36,26398
8275940;68,68;51,701582;36,159871
6535760;42,43;51,701582;36,159871
5159700;38,22;51,733373;36,268635
6728700;40,77;51,70147;36,15305
10852490;89,69;51,70144;36,15457
9733500;92,69;51,701638;36,15469852
12944964;78,5;51,730617;36,192605
6830120;40,84;51,70147;36,15305
10655200;70,09;51,79266587;36,19080014
6930561;40,77;51,70147;36,15305
4889389;40,86;51,725513;36,264607
9970000;60,9;51,71744982;36,13114244
6441660;40,77;51,70143134;36,15535298
14680000;78,5;51,717072;36,130169
6153500;39,7;51,793511;36,19137
4878619;40,77;51,725513;36,264607
9402400;83,94;51,74306613;36,26601465
6297720;47,7;51,743892;36,262796
6818910;51,27;51,743892;36,262796
8880300;77,22;51,70143134;36,15535298
11210000;59,9;51,717072;36,130169
8636590;76,43;51,743892;36,262796
10383975;65,93;51,70143134;36,15535298
5599900;38,61;51,821038;36,157091
14086182;90,81;51,702701;36,15772
5190021;40,77;51,725301;36,264853
6556980;42,43;51,70143134;36,15535298
7254000;40,29;51,72426;36,16924
8652178;71,26;51,725301;36,264853
11533000;60,7;51,72429633;36,16913203
12879000;81;51,74398;36,20298
5861330;36,97;51,701582;36,159871
9298575;64,34;51,70201197;36,16007471
9686520;89,69;51,70143134;36,15535298
12910000;69;51,717072;36,130169
10675000;61;51,72426;36,16924
5778960;43,77;51,74306;36,26765
10461750;94,25;51,701582;36,159871
7428660;72,83;51,743892;36,262796
4895372;40,9;51,725513;36,264607
6409440;44,5;51,743892;36,262796
10020000;57,5;51,71744982;36,13114244
6556980;42,43;51,70143134;36,15535298
7082460;43,79;51,70281;36,15325
10661650;83,94;51,743892;36,262796
8241060;72,29;51,74287;36,26825
9990050;83,94;51,74306613;36,26601465
7077525;55,5;51,70211768;36,15484418
9768000;52,79;51,72429633;36,16913203
4872015;40,77;51,725301;36,264853
4624800;28,2;51,70143134;36,15535298
7757904;41,97;51,70128;36,15614
5952170;36,97;51,70143134;36,15535298
11107800;93,5;51,70147;36,15305
9932024;59,9;51,730617;36,192605
6361680;40,77;51,701638;36,15469852
5388200;37,15;51,821038;36,157091
5946525;37,04;51,701582;36,159871
8362000;74;51,701638;36,15469852
12340650;83,94;51,743892;36,262796
10982840;91,59;51,70199;36,15262
10670400;70,19;51,793511;36,19137
6667900;51,2;51,687043;36,154206
8791376;66,87;51,70147;36,15305
10257720;89,98;51,701582;36,159871
6311325;40,84;51,70211768;36,15484418
6010080;39,54;51,701582;36,159871
9226173;70,77;51,70144;36,15457
5388200;37,15;51,72331;36,120216
10745600;83,94;51,74306613;36,26601465
7153096;40,77;51,70144;36,15457
5190021;40,77;51,725301;36,264853
5854875;36,02;51,701582;36,159871
10577700;83,94;51,74306613;36,26601465
9526650;44,31;51,759188;36,195617
9618000;91,59;51,701638;36,15469852
6393025;40,84;51,701638;36,15469852
5207843;40,9;51,725301;36,264853
4595420;40,9;51,725513;36,264607
9003995;70,06;51,701582;36,159871
10018350;74,2;51,733373;36,268635
7402500;53,09;51,687043;36,154206
11131050;106,01;51,743892;36,262796
8965766;71,26;51,725301;36,264853
8223120;67,68;51,70211768;36,15484418
9785275;65,16;51,702701;36,15772
10320375;94,25;51,701582;36,159871
8474880;66,2;51,74306613;36,26601465
10887580;89,98;51,70144;36,15457
6981030;47,49;51,74306613;36,26601465
11645040;88,22;51,702701;36,15772
4579694;40,77;51,725513;36,264607
6523200;40,77;51,70143134;36,15535298
7962500;45,5;51,72426;36,16924
7536690;51,27;51,743872;36,262736
6280000;34,2;51,71744982;36,13114244
9680000;60,2;51,71744982;36,13114244
4889389;40,86;51,725513;36,264607
10575279;67,23;51,702701;36,15772
15250000;81,5;51,71743187;36,12808761
18000000;119;51,739018;36,199609
9086220;70,59;51,70144;36,15457
6105400;43,61;51,74287;36,26825
4895372;40,9;51,725513;36,264607
9484800;49,4;51,743976;36,202977
6064200;44,91;51,733373;36,268635
6357780;37,04;51,70281;36,15325
9703694;67,33;51,70128;36,15614
5388200;37,15;51,72331;36,120216
10104300;92,69;51,701582;36,159871
12285000;61,54;51,724353;36,172136
10344390;70,37;51,743892;36,262796
6333360;47,97;51,74306613;36,26601465
6041250;44,75;51,733373;36,268635
6451500;43;51,74306613;36,26601465
8427820;71,26;51,725513;36,264607
6259730;40,77;51,70211768;36,15484418
8385640;72,29;51,74287;36,26825
6235515;37,04;51,70147;36,15305
5691400;43,77;51,743892;36,262796
7195500;36,9;51,730617;36,192605
4962480;26,68;51,701582;36,159871
11917500;68,09;51,72429633;36,16913203
5207843;40,9;51,725301;36,264853
9929281;56,59;51,730617;36,192605
4882770;40,86;51,725301;36,264853
9236400;71,59;51,70201197;36,16007471
8560860;61,04;51,70199;36,15262
7617980;42,43;51,70143134;36,15535298
6779100;38,29;51,74398;36,20298
9911370;90,93;51,701582;36,159871
5812380;39,54;51,70206435;36,1557454
4579694;40,77;51,725513;36,264607
10745600;83,94;51,74287;36,26825
6808500;45,38;51,74416;36,26398
9095170;76,43;51,743892;36,262796
6443240;40,77;51,701638;36,15469852
11155789;68,3;51,730617;36,192605
9148100;70,37;51,74287;36,26825
6620000;37,79;51,71744982;36,13114244
8082800;48,4;51,70201197;36,16007471
6858240;37,59;51,71745186;36,12955209
8841000;42,09;51,72429633;36,16913203
10503200;69,09;51,70201197;36,16007471
5710755;36,02;51,70211768;36,15484418
8427820;71,26;51,725513;36,264607
16903250;96,58;51,75916;36,1956
6341290;40,77;51,70211768;36,15484418
7203240;42,79;51,70199;36,15262
6876900;50,93;51,733373;36,268635
8619000;84,5;51,743892;36,262796
6360120;40,77;51,701582;36,159871
6290900;40,84;51,701582;36,159871
7077525;55,5;51,701582;36,159871
7686630;37,79;51,717072;36,130169
8290800;67,68;51,701582;36,159871
9729500;88,44;51,701582;36,159871
8196940;70,36;51,70143134;36,15535298
6223283;37,97;51,70281;36,15325
5847380;37,97;51,701582;36,159871
9322700;70,36;51,701582;36,159871
10809675;64,19;51,71745186;36,12955209
14470536;87;51,730617;36,192605
6127500;40,84;51,70206435;36,1557454
6483540;43,08;51,701582;36,159871
8723715;70,06;51,70036268;36,15518624
7724640;66,87;51,70211768;36,15484418
6268680;47,49;51,743872;36,262736
8427820;71,26;51,725513;36,264607
5798325;37,04;51,70211768;36,15484418
6361680;40,77;51,701582;36,159871
5946525;37,04;51,70211768;36,15484418
4882770;40,86;51,725301;36,264853
6564135;54,93;51,725301;36,264853
9447000;62,97;51,701582;36,159871
6542970;44,5;51,743892;36,262796
7053060;47,97;51,743872;36,262736
5935290;36,97;51,701638;36,15469852
5040112;40,9;51,725301;36,264853
5665140;48,41;51,743892;36,262796
10313270;88,44;51,70147;36,15305
6372300;38,61;51,72331;36,120216
10626630;72,29;51,743892;36,262796
6477300;47,97;51,743892;36,262796
7073630;41,97;51,70036268;36,15518624
6573033;54,93;51,725513;36,264607
5201478;40,86;51,725301;36,264853
4575620;26,68;51,701582;36,159871
6542970;44,5;51,74416;36,26398
8954000;74;51,70147;36,15305
6684300;42,43;51,701582;36,159871
8729952;70,86;51,70281;36,15325
4737705;40,9;51,725513;36,264607
9984400;91,59;51,70211768;36,15484418
9059690;84,66;51,70211768;36,15484418
15360000;82,09;51,717072;36,130169
5853560;47,97;51,743892;36,262796
8761155;69,8;51,70211768;36,15484418
6556900;49,9;51,687043;36,154206
8365700;64,59;51,701582;36,159871
12780000;68,3;51,717072;36,130169
8313360;62,97;51,701582;36,159871
6558190;47,86;51,74287;36,26825
4878619;40,77;51,725513;36,264607
4895372;40,9;51,725513;36,264607
6952990;40,77;51,70147;36,15305
5381100;39,86;51,733373;36,268635
9148100;70,37;51,74306613;36,26601465
8061440;62,97;51,701582;36,159871
4595420;40,9;51,725513;36,264607
16420300;96,58;51,75916;36,1956
11865179;69;51,730617;36,192605
7858400;66,87;51,70211768;36,15484418
9022909;72,26;51,70199;36,15262
8416030;67,05;51,70036268;36,15518624
4737705;40,9;51,725513;36,264607
6022520;43,95;51,74287;36,26825
8514770;70,37;51,743892;36,262796
10416000;69,44;51,74416;36,26398
7867800;42,29;;
6382070;40,77;51,701582;36,159871
8900775;69,8;51,701582;36,159871
15419250;97,9;51,71745186;36,12955209
10887580;89,98;51,70144;36,15457
6765520;44,5;51,743892;36,262796
9729510;90,93;51,70211768;36,15484418
6695315;40,84;51,70281;36,15325
4889389;40,86;51,725513;36,264607
8550150;67,05;51,701582;36,159871
6745200;51,29;51,687043;36,154206
7017300;51,97;51,733373;36,268635
12815289;75,09;51,730617;36,192605
12592800;69,95;51,759188;36,195617
14530000;77,69;51,717072;36,130169
8295120;67,44;51,74306613;36,26601465
13450000;71,9;51,71743187;36,12808761
7755600;67,44;51,743892;36,262796
6085120;47,54;51,743892;36,262796
8385640;72,29;51,74287;36,26825
17380000;92,9;51,717072;36,130169
4878619;40,77;51,725513;36,264607
13209438;78,9;51,71745186;36,12955209
11181610;92,41;51,70128;36,15614
9400890;76,43;51,743872;36,262736
13086770;78,19;51,71745186;36,12955209
6960000;39,79;51,71744982;36,13114244
5207843;40,9;51,725301;36,264853
8607300;66,2;51,74287;36,26825
7724640;66,87;51,701582;36,159871
10068765;65,16;51,70201197;36,16007471
8243200;51,2;51,7927191;36,19131513
4721492;40,77;51,725513;36,264607
6275280;47,54;51,74306613;36,26601465
6769700;50,9;51,686534;36,153345
7254000;40,29;51,72426;36,16924
8375640;70,98;51,701582;36,159871
8919075;62,59;51,701582;36,159871
10459600;66,19;51,717072;36,130169
12350800;88,22;51,70201197;36,16007471
6173700;47,49;51,743892;36,262796
9083514;72,12;51,70281;36,15325
6500000;37,09;51,71744982;36,13114244
9320300;74;51,70147;36,15305
6997848;40,77;51,70147;36,15305
6322470;43;51,743892;36,262796
5207843;40,9;51,725301;36,264853
6223283;37,97;51,70281;36,15325
5190021;40,77;51,725301;36,264853
8472000;70,59;51,70143134;36,15535298
4737705;40,9;51,725513;36,264607
6382070;40,77;51,701582;36,159871
7852416;40,56;51,70128;36,15614
10875715;67,19;51,730617;36,192605
4888745;40,9;51,725301;36,264853
9248030;76,43;51,74306;36,26765
6410670;43,61;51,743892;36,262796
4737705;40,9;51,725513;36,264607
10193500;70,3;51,793511;36,19137
8200200;47,4;51,743976;36,202977
6218950;40,77;51,70211768;36,15484418
5725590;27,7;51,717072;36,130169
9729510;90,93;51,701582;36,159871
5033952;40,86;51,725301;36,264853
6300510;40,77;51,701582;36,159871
9796800;61,22;51,821038;36,157091
6270200;42,79;51,701582;36,159871
9729500;88,44;51,70211768;36,15484418
4888745;40,9;51,725301;36,264853
6484200;42,79;51,701638;36,15469852
5207843;40,9;51,725301;36,264853
11692800;67,19;51,717072;36,130169
6435660;43,77;51,74306613;36,26601465
8497104;66,87;51,70147;36,15305
10610000;66,19;51,71744982;36,13114244
4888745;40,9;51,725301;36,264853
8977500;51,29;51,72426;36,16924
9121200;69,09;51,70201197;36,16007471
8446100;64,97;51,74287;36,26825
8275940;68,68;51,701638;36,15469852
8313360;62,97;51,701582;36,159871
6332760;43,08;51,701582;36,159871
5854875;36,02;51,70211768;36,15484418
6852600;50,75;51,733373;36,268635
5207843;40,9;51,725301;36,264853
7376072;42,43;51,70144;36,15457
6381340;47,97;51,743892;36,262796
6462450;47,86;51,74287;36,26825
7538440;61,04;51,701638;36,15469852
11661100;106,01;51,74306613;36,26601465
6137390;40,77;51,701582;36,159871
10416000;69,44;51,74306613;36,26601465
9253120;72,29;51,74287;36,26825
13895200;78,94;51,71735985;36,12666315
6341290;40,77;51,701582;36,159871
7700000;44;51,72429633;36,16913203
7153096;40,77;51,70144;36,15457
6630000;35,79;51,71744982;36,13114244
6131400;37,15;51,821038;36,157091
4737705;40,9;51,725513;36,264607
6341290;40,77;51,70211768;36,15484418
6341290;40,77;51,70211768;36,15484418
9931500;66,2;51,74287;36,26825
14034118;79,3;51,730617;36,192605
8374225;71,26;51,725301;36,264853
4731914;40,86;51,725513;36,264607
6168240;39,54;51,701582;36,159871
9930000;57,5;51,71744982;36,13114244
8965766;71,26;51,725301;36,264853
7700000;44;51,72429633;36,16913203
6297720;47,7;51,743892;36,262796
8427820;71,26;51,725513;36,264607
9660000;57,29;51,71744982;36,13114244
7009860;40,84;51,70199;36,15262
9801200;91,59;51,701582;36,159871
10697375;94,25;51,701582;36,159871
4895372;40,9;51,725513;36,264607
6198560;40,77;51,70206435;36,1557454
10577700;83,94;51,74306613;36,26601465
5207843;40,9;51,725301;36,264853
7724640;66,87;51,701582;36,159871
6941150;47,86;51,74306613;36,26601465
6973708;40,77;51,70144;36,15457
11645100;68,09;51,743976;36,202977
6010080;39,54;51,701582;36,159871
8634000;71,94;51,701582;36,159871
9236400;71,59;51,701582;36,159871
8140000;74;51,701582;36,159871
14511200;77,59;51,743976;36,202977
6361680;40,77;51,701582;36,159871
6863274;40,77;51,70281;36,15325
6382070;40,77;51,70211768;36,15484418
8796250;70,37;51,743892;36,262796
6830120;40,84;51,70199;36,15262
8288000;59,2;51,72331;36,120216
5872425;37,04;51,701582;36,159871
9472000;59,2;51,821038;36,157091
6198560;40,77;51,701582;36,159871
8721000;51,29;51,72429633;36,16913203
9690000;57,5;51,71744982;36,13114244
7524000;41,79;51,72429633;36,16913203
10507860;88,44;51,70147;36,15305
10819000;69,8;51,7927191;36,19131513
7092965;44,47;51,70199;36,15262
6767640;51,27;51,74306;36,26765
5599900;38,61;51,72331;36,120216
7254000;40,29;51,72429633;36,16913203
9508800;59,43;51,821038;36,157091
6320900;40,77;51,70211768;36,15484418
10809675;64,19;51,717072;36,130169
6506130;47,49;51,74306613;36,26601465
4895372;40,9;51,725513;36,264607
5631600;37,04;51,701582;36,159871
5207843;40,9;51,725301;36,264853
4895372;40,9;51,725513;36,264607
6127500;40,84;51,701582;36,159871
7997210;59,02;51,701582;36,159871
6239340;40,77;51,701582;36,159871
6105400;43,61;51,74306613;36,26601465
6393025;40,84;51,70211768;36,15484418
10762700;82,79;51,74287;36,26825
8387430;70,77;51,70143134;36,15535298
6417900;47,54;51,743892;36,262796
10600200;70,19;51,793511;36,19137
5932500;39,54;51,701582;36,159871
6767376;54,93;51,725301;36,264853
6851250;50,75;51,733373;36,268635
6818416;40,77;51,70147;36,15305
6393025;40,84;51,701582;36,159871
8020080;67,68;51,701582;36,159871
6665100;51,27;51,743892;36,262796
6564135;54,93;51,725301;36,264853
8330870;76,43;51,743872;36,262736
8926775;59,02;51,70144;36,15457
7065135;40,77;51,70199;36,15262
7092800;45,75;51,74416;36,26398
6919990;40,84;51,70147;36,15305
4595420;40,9;51,725513;36,264607
6382070;40,77;51,701638;36,15469852
4895372;40,9;51,725513;36,264607
9119682;70,86;51,70281;36,15325
4878619;40,77;51,725513;36,264607
6223283;37,97;51,70281;36,15325
6997848;40,77;51,70199;36,15262
5599900;38,61;51,72331;36,120216
5109250;47,75;51,743892;36,262796
9275574;70,86;51,70281;36,15325
8866620;70,37;51,74306613;36,26601465
8769600;69,59;51,701582;36,159871
4681200;28,2;51,70143134;36,15535298
7858400;66,87;51,70211768;36,15484418
4737705;40,9;51,725513;36,264607
7254000;40,29;;
5040112;40,9;51,725301;36,264853
8177000;74;51,70211768;36,15484418
13060000;69,8;51,717072;36,130169
7683006;39,9;51,717072;36,130169
6280120;40,77;51,70206435;36,1557454
9059570;59,02;51,70143134;36,15535298
8353120;56,43;51,701582;36,159871
9199850;42,79;51,759188;36,195617
11838665;80,8;51,701582;36,159871
6767376;54,93;51,725301;36,264853
5207843;40,9;51,725301;36,264853
9036250;72,29;51,743892;36,262796
8634000;71,94;51,70206435;36,1557454
8530220;72,29;51,74306613;36,26601465
13112979;92,41;51,70128;36,15614
9729510;90,93;51,701582;36,159871
9553750;76,43;51,74306613;36,26601465
6443240;40,77;51,701638;36,15469852
16903250;96,58;51,759188;36,195617
5190021;40,77;51,725301;36,264853
6972720;51,27;51,74306613;36,26601465
9420000;75,36;51,743892;36,262796
4595420;40,9;51,725513;36,264607
10533600;94,05;51,70143134;36,15535298
13270000;81,5;51,71744982;36,13114244
5040112;40,9;51,725301;36,264853
6170287;54,93;51,725513;36,264607
6767640;51,27;51,743872;36,262736
6170287;54,93;51,725513;36,264607
5190021;40,77;51,725301;36,264853
10586400;88,22;51,701582;36,159871
11567500;66,09;51,72429633;36,16913203
9410000;58,2;51,71744982;36,13114244
8572200;61,22;51,72331;36,120216
8652178;71,26;51,725301;36,264853
6268680;47,49;51,74306;36,26765
5782815;36,02;51,70211768;36,15484418
6209200;40,84;51,70206435;36,1557454
5449950;40,36;51,733373;36,268635
12449850;71;51,71745186;36,12955209
6441660;40,77;51,701582;36,159871
8288000;59,2;51,72331;36,120216
5022864;40,77;51,725301;36,264853
8572200;61,22;51,72331;36,120216
6341290;40,77;51,70211768;36,15484418
5388200;37,15;51,821038;36,157091
4895372;40,9;51,725513;36,264607
10112000;63,2;51,72426;36,16924
7858400;66,87;51,701582;36,159871
5549850;41,11;51,733373;36,268635
5009730;28,2;51,70144;36,15457
7201530;48,99;51,74416;36,26398
4822200;28,2;51,686744;36,153487
10370646;80,58;51,70144;36,15457
10480000;65,19;51,71744982;36,13114244
9733500;92,69;51,701582;36,159871
4737705;40,9;51,725513;36,264607
7189336;42,43;51,70144;36,15457
8867584;62,97;51,70144;36,15457
8408670;66,2;51,743892;36,262796
8365700;64,59;51,70143134;36,15535298
7002600;42,43;51,70144;36,15457
5935290;36,97;51,701582;36,159871
10068765;65,16;51,701582;36,159871
8694000;41,4;;
12910000;69;51,71743187;36,12808761
6973708;40,77;51,70144;36,15457
5935290;36,97;51,701638;36,15469852
6131400;37,15;51,72331;36,120216
6599420;42,43;51,701582;36,159871
6581138;31,5;51,717072;36,130169
7094620;41,97;51,70036268;36,15518624
6918648;43,08;51,70144;36,15457
4731914;40,86;51,725513;36,264607
8290800;67,68;51,701638;36,15469852
6311220;43,08;51,70143134;36,15535298
6223283;37,97;51,70281;36,15325
11180000;69,8;51,71744982;36,13114244
6830120;40,84;51,70199;36,15262
6280120;40,77;51,701582;36,159871
9733500;92,69;51,701582;36,159871
10118920;71,26;51,743892;36,262796
7749360;67,68;51,701582;36,159871
13898918;77,9;51,71745186;36,12955209
7542450;40,77;51,701582;36,159871
10525200;71,59;51,70201197;36,16007471
8652178;71,26;51,725301;36,264853
9253120;72,29;51,74287;36,26825
5599900;38,61;51,72331;36,120216
5890950;37,04;51,701582;36,159871
11821798;71,9;51,71745186;36,12955209
6127500;40,84;51,70206435;36,1557454
5931000;39,54;51,70206435;36,1557454
8541489;43,86;51,70144;36,15457
6844500;50,7;51,733373;36,268635
6372300;38,61;51,821038;36,157091
8747090;72,29;51,743892;36,262796
7992160;66,87;51,70211768;36,15484418
6886900;45,15;51,70211768;36,15484418
7259362;42,43;51,70144;36,15457
6259730;40,77;51,701582;36,159871
7254000;40,29;51,72429633;36,16913203
6276270;37,04;51,70281;36,15325
9241540;70,59;51,70144;36,15457
12570000;78,5;51,71744982;36,13114244
5931000;39,54;51,70206435;36,1557454
6520800;37,04;51,70147;36,15305
10755900;70,3;51,79266587;36,19080014
11567500;66,09;;
4878619;40,77;51,725513;36,264607
4737705;40,9;51,725513;36,264607
10888800;69,8;51,7927191;36,19131513
8227100;51,09;51,7927191;36,19131513
8684800;47,2;51,743976;36,202977
6151950;41,84;51,74306613;36,26601465
6520800;37,04;51,70147;36,15305
8223120;67,68;51,701582;36,159871
9045432;67,68;51,70147;36,15305
10655000;106,55;51,74306613;36,26601465
8963790;70,86;51,70281;36,15325
5798325;37,04;51,701582;36,159871
4882770;40,86;51,725301;36,264853
4721492;40,77;51,725513;36,264607
5356800;41,84;51,743892;36,262796
6374200;43,95;51,74306613;36,26601465
9486350;83,94;51,743892;36,262796
6602435;43,86;51,70143134;36,15535298
9652380;84,66;51,701582;36,159871
6441400;42,79;51,701582;36,159871
11212313;64,3;51,71745186;36,12955209
7077500;47,5;51,74398;36,20298
5798325;37,04;51,70211768;36,15484418
6370360;47,54;51,74306613;36,26601465
12540000;66;51,72426;36,16924
10661650;83,94;51,743892;36,262796
8177000;74;51,70211768;36,15484418
6131400;37,15;51,72331;36,120216
6520800;37,04;51,70147;36,15305
8497104;66,87;51,70147;36,15305
5965050;37,04;51,701638;36,15469852
12037498;71,9;51,717072;36,130169
4889389;40,86;51,725513;36,264607
8750500;74;51,70147;36,15305
10533600;94,05;51,70143134;36,15535298
6117000;40,77;51,701582;36,159871
6427124;36,97;51,70199;36,15262
9442400;74;51,70199;36,15262
10733800;69,69;51,793511;36,19137
13180870;80,19;51,71745186;36,12955209
8474880;66,2;51,74287;36,26825
13642200;69,95;51,759188;36,195617
5607900;41,84;51,74306613;36,26601465
12453807;69,8;51,730617;36,192605
6378157;37,04;51,70199;36,15262
8288000;59,2;51,72331;36,120216
7992160;66,87;51,70211768;36,15484418
9333650;64,37;51,74306613;36,26601465
6556980;42,43;51,701582;36,159871
5930960;43,61;51,743892;36,262796
12410000;84,3;51,71744982;36,13114244
13270000;81,5;51,71744982;36,13114244
5872425;37,04;51,70211768;36,15484418
9266140;59,02;51,70143134;36,15535298
6767640;51,27;51,743872;36,262736
6311325;40,84;51,701582;36,159871
7152600;54,59;51,72331;36,120216
8965766;71,26;51,725301;36,264853
5946525;37,04;51,701582;36,159871
5843740;43,61;51,743892;36,262796
4878619;40,77;51,725513;36,264607
7879170;59,02;51,70143134;36,15535298
14830400;80,59;51,743976;36,202977
8836260;86,62;51,701582;36,159871
6870180;51,27;51,743872;36,262736
9427860;80,58;51,70143134;36,15535298
6560000;32;51,730617;36,192605
8661075;67,93;51,701582;36,159871
10721700;94,05;51,701582;36,159871
5033952;40,86;51,725301;36,264853
4595420;40,9;51,725513;36,264607
8133047;71,26;51,725513;36,264607
6437112;39,54;51,70281;36,15325
5778960;43,77;51,74306613;36,26601465
6438500;39,5;51,7927191;36,19131513
5207843;40,9;51,725301;36,264853
10617500;68,5;51,72429633;36,16913203
10320375;94,25;51,70143134;36,15535298
6549450;46,45;51,74306613;36,26601465
7192416;44,47;51,70281;36,15325
4856400;28,89;51,687043;36,154206
6355800;42,79;51,701582;36,159871
6758400;51,2;51,686744;36,153487
9652380;84,66;51,70211768;36,15484418
14636050;97,9;51,717072;36,130169
6810000;37,79;51,71744982;36,13114244
6363650;46,45;51,743892;36,262796
6320900;40,77;51,701638;36,15469852
4595420;40,9;51,725513;36,264607
6767376;54,93;51,725301;36,264853
9237800;49,4;51,74398;36,20298
6333360;47,97;51,74306613;36,26601465
7580000;39,9;51,71744982;36,13114244
5033952;40,86;51,725301;36,264853
6439290;37,04;51,70281;36,15325
9160600;56,7;51,687043;36,154206
5888760;47,49;51,743892;36,262796
6360120;40,77;51,701582;36,159871
8139600;64,59;51,70143134;36,15535298
7824960;66,87;51,70211768;36,15484418
6341280;36,02;51,70147;36,15305
5854875;36,02;51,70211768;36,15484418
6523200;40,77;51,701582;36,159871
8121600;42,29;51,717072;36,130169
8636590;76,43;51,743872;36,262736
9769220;82,79;51,74306613;36,26601465
10257510;92,41;51,701582;36,159871
10579800;91,59;51,70199;36,15262
15164630;96,58;51,75916;36,1956
7203240;42,79;51,70199;36,15262
8192000;51,2;51,793511;36,19137
4589803;40,86;51,725513;36,264607
5725590;27,7;51,71745186;36,12955209
5779800;37,04;51,701582;36,159871
11070400;62,9;;
4589803;40,86;51,725513;36,264607
10389600;70,19;51,7927191;36,19131513
5872890;36,02;51,701582;36,159871
5657260;47,54;51,743892;36,262796
5798325;37,04;51,701582;36,159871
5022864;40,77;51,725301;36,264853
6992589;54,93;51,725301;36,264853
7962500;45,5;51,72429633;36,16913203
6229625;40,84;51,70211768;36,15484418
9637270;69,8;51,70147;36,15305
5890950;37,04;51,70206435;36,1557454
6919990;40,84;51,70199;36,15262
8412105;69,8;51,70211768;36,15484418
8822088;67,68;51,70199;36,15262
9340897;72,26;51,70199;36,15262
6333360;47,97;51,74306613;36,26601465
10923000;66,19;;
9375700;88,44;51,70211768;36,15484418
9003995;70,06;51,701582;36,159871
9984400;91,59;51,701638;36,15469852
4895372;40,9;51,725513;36,264607
8427820;71,26;51,725513;36,264607
8140000;74;51,70211768;36,15484418
9120600;56,29;51,686744;36,153487
10410565;88,44;51,70199;36,15262
5040112;40,9;51,725301;36,264853
5096250;37,75;51,733373;36,268635
6863274;40,77;51,70147;36,15305
9241540;70,59;51,70144;36,15457
6370360;47,54;51,74306613;36,26601465
6806700;50,41;51,733373;36,268635
13585880;88,22;51,702701;36,15772
12720000;68;51,71743187;36,12808761
8001720;64,52;51,701582;36,159871
8771950;42,79;51,759188;36,195617
6767640;51,27;51,74306;36,26765
6672000;44,47;51,70206435;36,1557454
6361333;54,93;51,725513;36,264607
8133047;71,26;51,725513;36,264607
11742000;64,11;51,724353;36,172136
17380000;92,9;51,71743187;36,12808761
9121200;69,09;51,701582;36,159871
12864900;67,7;51,75916;36,1956
9861750;73,05;51,733373;36,268635
7785277;55,5;51,70147;36,15305
8303660;70,37;51,74287;36,26825
11024000;68,9;;
7082460;43,79;51,70281;36,15325
5535000;41;51,733373;36,268635
9886668;68,08;51,70128;36,15614
12000780;94,05;51,70144;36,15457
7053060;47,97;51,74306613;36,26601465
4737705;40,9;51,725513;36,264607
6229625;40,84;51,701582;36,159871
5946525;37,04;51,701582;36,159871
16903250;96,58;51,75910824;36,1955961
5382450;39,86;51,733373;36,268635
9719886;86,62;51,70199;36,15262
4721492;40,77;51,725513;36,264607
6009729;26,89;51,71743187;36,12808761
7180500;47,86;51,74306613;36,26601465
9733500;92,69;51,701638;36,15469852
6972720;51,27;51,74306613;36,26601465
6229625;40,84;51,701638;36,15469852
6790000;36,9;51,71744982;36,13114244
13530000;72,3;51,71743187;36,12808761
11594000;68,19;51,72429633;36,16913203
5442600;28,2;51,70143134;36,15535298
10648800;69,59;51,79266587;36,19080014
6992589;54,93;51,725301;36,264853
6459667;37,04;51,70199;36,15262
6808500;45,38;51,74306613;36,26601465
10104300;92,69;51,701638;36,15469852
4878619;40,77;51,725513;36,264607
6357780;37,04;51,70147;36,15305
8374225;71,26;51,725301;36,264853
9698400;71,83;51,733373;36,268635
6239340;40,77;51,701638;36,15469852
8233680;70,98;51,701582;36,159871
6569800;42,79;51,701638;36,15469852
13160000;81,5;51,71744982;36,13114244
11235210;76,43;51,74306;36,26765
8342460;66,2;51,74287;36,26825
6615450;43,38;51,701582;36,159871
6525280;47,97;51,74306;36,26765
7536690;51,27;51,743872;36,262736
6952360;35,79;51,71745186;36,12955209
6863274;40,77;51,70147;36,15305
7062000;42,79;51,70147;36,15305
4895372;40,9;51,725513;36,264607
6573033;54,93;51,725513;36,264607
11476000;60,4;51,724353;36,172136
6756400;50,79;51,686744;36,153487
8483730;76,43;51,743892;36,262796
6341290;40,77;51,70211768;36,15484418
7178820;43,79;51,70281;36,15325
9253120;72,29;51,74306613;36,26601465
5430000;26,89;51,71744982;36,13114244
7885170;71,26;51,725513;36,264607
6427124;36,97;51,70199;36,15262
7872290;76,43;51,743892;36,262796
6797540;47,86;51,74306613;36,26601465
6392800;49,5;51,687043;36,154206
9176000;59,2;51,72331;36,120216
6209200;40,84;51,701582;36,159871
11767112;94,25;51,70144;36,15457
9253120;72,29;51,74306613;36,26601465
11567500;66,09;51,72426;36,16924
5890640;43,95;51,743892;36,262796
7787730;36,97;51,70144;36,15457
6127500;40,84;51,701582;36,159871
11567500;66,09;51,72429633;36,16913203
5798325;37,04;51,70211768;36,15484418
6480606;39,54;51,70281;36,15325
7047900;36,9;51,730617;36,192605
8634000;71,94;51,70206435;36,1557454
7106160;40,84;51,701582;36,159871
6341290;40,77;51,701582;36,159871
9680000;60,09;51,71744982;36,13114244
9163200;49,79;51,743976;36,202977
8652178;71,26;51,725301;36,264853
6556980;42,43;51,70143134;36,15535298
8045480;40,84;51,70036268;36,15518624
8866620;70,37;51,74306613;36,26601465
10982840;91,59;51,70147;36,15305
9865900;89,69;51,70143134;36,15535298
7767200;51,09;51,687647;36,139976
6293000;40,59;51,79266587;36,19080014
10183170;82,79;51,743892;36,262796
8107300;64,59;51,70143134;36,15535298
9427860;80,58;51,70143134;36,15535298
7962500;45,5;51,72429633;36,16913203
4737705;40,9;51,725513;36,264607
4882770;40,86;51,725301;36,264853
6280120;40,77;51,701582;36,159871
7109080;42,79;51,70199;36,15262
8778000;39,9;51,72429633;36,16913203
9298575;64,34;51,701582;36,159871
5061150;37,49;51,733373;36,268635
9897800;89,98;51,70143134;36,15535298
7009860;40,84;51,70147;36,15305
12650000;80,19;51,71744982;36,13114244
10048049;85,37;51,70281;36,15325
10780000;67,19;51,71744982;36,13114244
6895251;43,38;51,70281;36,15325
9641050;88,44;51,701582;36,159871
6992589;54,93;51,725301;36,264853
6439290;37,04;51,70281;36,15325
6657600;43,79;51,701582;36,159871
10231690;65,16;51,701582;36,159871
6236450;43;51,74306613;36,26601465
9618000;91,59;51,701638;36,15469852
4878619;40,77;51,725513;36,264607
7650104;45,15;51,70147;36,15305
5189260;26,68;51,70143134;36,15535298
9750240;70,06;51,70128;36,15614
9462390;64,37;51,743892;36,262796
9660000;59,9;51,71744982;36,13114244
6268680;47,49;51,74306613;36,26601465
6870180;51,27;51,74306613;36,26601465
5388200;37,15;51,72331;36,120216
5810400;48,41;51,74287;36,26825
8296680;56,43;51,701582;36,159871
5207843;40,9;51,725301;36,264853
6173700;47,49;51,743892;36,262796
8057490;67,7;51,70143134;36,15535298
6701800;47,86;51,74306613;36,26601465
10515000;70,09;51,793511;36,19137
4888745;40,9;51,725301;36,264853
10459600;66,19;51,71745186;36,12955209
4595420;40,9;51,725513;36,264607
13262929;72,3;51,717072;36,130169
9700000;60,29;51,71744982;36,13114244
7992000;59,2;51,821038;36,157091
5207843;40,9;51,725301;36,264853
5892370;43;51,743892;36,262796
10336000;64,59;51,72429633;36,16913203
8295120;67,44;51,74306613;36,26601465
8667087;59,02;51,70144;36,15457
7861700;40,84;51,70128;36,15614
5890950;37,04;51,701638;36,15469852
8721000;51,29;51,72429633;36,16913203
6642000;40,5;51,793511;36,19137
6569255;39,54;51,70281;36,15325
16156560;96,16;51,730617;36,192605
10231690;65,16;51,70201197;36,16007471
10989220;90,81;51,70201197;36,16007471
10781320;91,59;51,70147;36,15305
11785500;87,3;51,733373;36,268635
5853400;39,54;51,70206435;36,1557454
6011600;39,54;51,701582;36,159871
5450000;27,7;51,71744982;36,13114244
5997860;43,77;51,743872;36,262736
12879000;81;51,743976;36,202977
11085052;68,08;51,70128;36,15614
7065135;40,77;51,70199;36,15262
9706610;76,43;51,743872;36,262736
13351080;74;51,71745186;36,12955209
5599900;38,61;51,72331;36,120216
5190021;40,77;51,725301;36,264853
8303660;70,37;51,74287;36,26825
4589803;40,86;51,725513;36,264607
8365920;72,12;51,70206435;36,1557454
8427820;71,26;51,725513;36,264607
8655510;70,37;51,743892;36,262796
6463630;40,77;51,701638;36,15469852
6454800;49,9;51,687043;36,154206
10702450;88,44;51,70147;36,15305
7962500;45,5;51,72426;36,16924
7038405;43,38;51,70281;36,15325
4526280;27,94;51,701582;36,159871
9790852;69,8;51,70147;36,15305
7020277;40,77;51,70147;36,15305
6268680;47,49;51,74306;36,26765
5946525;37,04;51,70211768;36,15484418
7082460;43,79;51,70281;36,15325
12200000;65,19;51,71743187;36,12808761
4579694;40,77;51,725513;36,264607
5524200;41,84;51,74306613;36,26601465
8572200;61,22;51,72331;36,120216
6520800;37,04;51,70147;36,15305
9596086;70,06;51,70128;36,15614
6380000;34,09;51,71744982;36,13114244
9865900;89,69;51,701582;36,159871
6676500;44,5;51,74416;36,26398
6180200;47,54;51,743892;36,262796
9954600;70,59;51,70143134;36,15535298
6239340;40,77;51,701638;36,15469852
9160600;56,2;51,686534;36,153345
4895372;40,9;51,725513;36,264607
6562560;51,27;51,743892;36,262796
6505080;43,08;51,70143134;36,15535298
4895372;40,9;51,725513;36,264607
13430000;71,8;51,717072;36,130169
10533600;94,05;51,701582;36,159871
6441660;40,77;51,70143134;36,15535298
5388200;37,15;51,72331;36,120216
5388200;37,15;51,72331;36,120216
8148900;70,86;51,701582;36,159871
13226000;77,8;51,74398;36,20298
8179600;48,4;51,701582;36,159871
6556980;42,43;51,701582;36,159871
9144696;62,97;51,70144;36,15457
5710755;36,02;51,701582;36,159871
5798325;37,04;51,701638;36,15469852
8408400;59,5;51,687043;36,154206
5787370;36,97;51,701582;36,159871
7550752;45,15;51,70147;36,15305
4595420;40,9;51,725513;36,264607
10852490;89,69;51,70144;36,15457
4468900;26,68;51,701582;36,159871
7063402;40,77;51,70144;36,15457
8460144;61,04;51,70147;36,15305
6992589;54,93;51,725301;36,264853
6482400;43,79;51,701582;36,159871
6787800;50,27;51,733373;36,268635
11390000;60,9;51,717072;36,130169
6569800;42,79;51,701582;36,159871
10192754;59,02;51,70144;36,15457
9637270;69,8;51,70199;36,15262
9613890;67,23;51,701582;36,159871
10319400;70,19;51,793511;36,19137
16270000;87;51,71743187;36,12808761
4721492;40,77;51,725513;36,264607
6311790;43,38;51,701582;36,159871
7178820;43,79;51,70281;36,15325
9790000;60,9;51,71744982;36,13114244
6180200;47,54;51,743892;36,262796
11594000;68,19;51,72429633;36,16913203
5388200;37,15;51,72331;36,120216
5022864;40,77;51,725301;36,264853
8491200;69,59;51,701582;36,159871
4895372;40,9;51,725513;36,264607
7479835;43,86;51,70144;36,15457
6783000;51;51,687647;36,139976
8177000;74;51,701582;36,159871
13302540;84,3;51,717072;36,130169
6541500;43,61;51,74306613;36,26601465
7275180;43,79;51,70281;36,15325
4878619;40,77;51,725513;36,264607
5040112;40,9;51,725301;36,264853
6110440;43,95;51,74287;36,26825
10655000;106,55;51,74287;36,26825
10112000;63,2;51,72429633;36,16913203
8223120;67,68;51,701582;36,159871
6372300;38,61;51,821038;36,157091
6908132;40,77;51,70199;36,15262
5207843;40,9;51,725301;36,264853
6280120;40,77;51,701582;36,159871
8221818;43,08;51,70144;36,15457
6154400;43,95;51,74306613;36,26601465
6276270;37,04;51,70281;36,15325
5599900;38,61;51,72331;36,120216
10762840;88,22;51,701582;36,159871
6280120;40,77;51,701582;36,159871
6992589;54,93;51,725301;36,264853
6558190;47,86;51,743892;36,262796
12570000;67,19;51,71743187;36,12808761
6360120;40,77;51,701582;36,159871
9006140;62,97;51,70144;36,15457
8900892;70,98;51,70281;36,15325
10030000;61,4;51,71744982;36,13114244
9931500;66,2;51,74287;36,26825
9040395;69,8;51,701638;36,15469852
6506130;47,49;51,74306613;36,26601465
8965766;71,26;51,725301;36,264853
7368800;49,5;51,687043;36,154206
6646305;43,86;51,70143134;36,15535298
9379012;64,34;51,70128;36,15614
8374225;71,26;51,725301;36,264853
4624800;28,2;51,701582;36,159871
12540000;66;;
8347185;72,26;51,701638;36,15469852
11144628;63,72;51,702701;36,15772
6115661;26,89;51,730617;36,192605
5892370;43;51,743892;36,262796
6726740;42,43;51,70143134;36,15535298
5742750;37,04;51,701582;36,159871
8754592;66,87;51,70199;36,15262
9527182;67,93;51,70128;36,15614
9006140;62,97;51,70144;36,15457
8652178;71,26;51,725301;36,264853
11805750;87,44;51,733373;36,268635
8615930;62,88;51,701582;36,159871
8347185;72,26;51,701582;36,159871
12205375;94,25;51,70143134;36,15535298
6290900;40,84;51,70206435;36,1557454
9911370;90,93;51,70211768;36,15484418
6992589;54,93;51,725301;36,264853
10120255;65,93;51,70143134;36,15535298
6154005;37,04;51,70281;36,15325
10555500;70,37;51,74306613;36,26601465
6209200;40,84;51,70206435;36,1557454
6527053;36,97;51,70144;36,15457
9065375;65,93;51,701582;36,159871
6357780;37,04;51,70281;36,15325
8346200;71,94;51,701582;36,159871
8984520;63,72;51,701582;36,159871
6422850;40,77;51,701582;36,159871
6170287;54,93;51,725513;36,264607
6320900;40,77;51,701638;36,15469852
4878619;40,77;51,725513;36,264607
5946525;37,04;51,701582;36,159871
8650000;50;51,743976;36,202977
5733450;41,84;51,743872;36,262736
11559762;94,25;51,70144;36,15457
5599900;38,61;51,72331;36,120216
6796580;45,15;51,701582;36,159871
6440850;47,7;51,74287;36,26825
7070000;39,9;51,71744982;36,13114244
5207843;40,9;51,725301;36,264853
6535760;42,43;51,70143134;36,15535298
6745200;51,09;51,686534;36,153345
10781320;91,59;51,70199;36,15262
10420000;61,4;51,71744982;36,13114244
15937350;96,58;51,75916;36,1956
8932795;67,93;51,701582;36,159871
8374225;71,26;51,725301;36,264853
8288000;59,2;51,72331;36,120216
11763900;87,13;51,733373;36,268635
5798325;37,04;51,70211768;36,15484418
6771600;50,15;51,733373;36,268635
6312300;39,7;51,79266587;36,19080014
8725880;70,37;51,74287;36,26825
5329800;28,2;51,70143134;36,15535298
8900550;65,93;51,70143134;36,15535298
8288000;59,2;51,72331;36,120216
8483730;76,43;51,743892;36,262796
9732870;66,2;51,743892;36,262796
8162920;70,37;51,74287;36,26825
7787700;50,9;51,68814231;36,15447795
7620720;67,44;51,743892;36,262796
10928000;68,3;51,72426;36,16924
4721492;40,7;51,725513;36,264607
9095170;76,43;51,743892;36,262796
12053700;68,09;51,74398;36,20298
7451100;48,7;51,686534;36,153345
7229277;43,38;51,70281;36,15325
11283492;89,98;51,70144;36,15457
11821798;71,9;51,717072;36,130169
10887580;89,98;51,70144;36,15457
8302195;65,62;51,701638;36,15469852
7187840;40,84;51,701582;36,159871
9840150;72,88;51,733373;36,268635
9176900;56,29;51,686534;36,153345
6361680;40,77;51,701638;36,15469852
6259730;40,77;51,70211768;36,15484418
10071600;65,4;51,793511;36,19137
5388200;37,15;51,72331;36,120216
5430000;26,89;51,71744982;36,13114244
9646080;75,36;51,74306613;36,26601465
4889389;40,86;51,725513;36,264607
12122642;75,09;51,717072;36,130169
9280000;57,2;51,71744982;36,13114244
9319200;70,59;51,70144;36,15457
4596600;28,2;51,686744;36,153487
7908680;59,02;51,70143134;36,15535298
9176000;59,2;51,72331;36,120216
10778040;58,79;51,71745186;36,12955209
6646305;43,86;51,70143134;36,15535298
8472000;70,59;51,701582;36,159871
8572200;61,22;51,72331;36,120216
6996000;31,79;51,759188;36,195617
6667200;37,04;51,70036268;36,15518624
5607900;41,84;51,743872;36,262736
11352412;94,25;51,70144;36,15457
9964493;65,16;51,702701;36,15772
7445550;70,91;51,74287;36,26825
10778040;58,79;51,717072;36,130169
9007360;70,37;51,74306613;36,26601465
6760960;44,47;51,701582;36,159871
10152500;65,5;51,793511;36,19137
4721492;40,77;51,725513;36,264607
4737705;40,9;51,725513;36,264607
8243200;51,2;51,793511;36,19137
6360120;40,77;51,701582;36,159871
8857080;63,72;51,70201197;36,16007471
8965766;71,26;51,725301;36,264853
5742750;37,04;51,701582;36,159871
10202400;65,4;51,793511;36,19137
6767640;51,27;51,743872;36,262736
8932795;67,93;51,70036268;36,15518624
6198560;40,77;51,70206435;36,1557454
6360120;40,77;51,70143134;36,15535298
10689000;71,26;51,74416;36,26398
5872425;37,04;51,70211768;36,15484418
12527240;88,22;51,701582;36,159871
7150000;38,29;51,71744982;36,13114244
12309234;77,69;51,71745186;36,12955209
7885170;71,26;51,725513;36,264607
10843500;72,29;51,74306613;36,26601465
7254000;40,29;51,72429633;36,16913203
6937920;43,79;51,70281;36,15325
5778960;43,77;51,74306613;36,26601465
6290900;40,84;51,701582;36,159871
7542450;40,77;51,701582;36,159871
6767640;51,27;51,74306;36,26765
6556980;42,43;51,701582;36,159871
5022864;40,77;51,725301;36,264853
13203450;67,7;51,75910824;36,1955961
9796800;61,22;51,821038;36,157091
8288000;59,2;51,72331;36,120216
4895372;40,9;51,725513;36,264607
9093200;71,59;51,701582;36,159871
14159600;77,8;51,74398;36,20298
8900892;70,98;51,70281;36,15325
6320900;40,77;51,701582;36,159871
7259362;42,43;51,70144;36,15457
11136000;69,59;51,7927191;36,19131513
7229277;43,38;51,70281;36,15325
6578200;42,43;51,701582;36,159871
4895372;40,9;51,725513;36,264607
6170287;54,93;51,725513;36,264607
11132280;65,93;51,70144;36,15457
9081800;49,9;51,743976;36,202977
10112000;63,2;51,72426;36,16924
5790000;48,25;51,74287;36,26825
6141440;47,97;51,743892;36,262796
7849200;42,2;51,72426;36,16924
6520800;37,04;51,70199;36,15262
8178010;76,43;51,743892;36,262796
7992160;66,87;51,701582;36,159871
4872015;40,77;51,725301;36,264853
13100000;84,4;51,71744982;36,13114244
12174607;69,8;51,730617;36,192605
5350000;26,89;51,71744982;36,13114244
7024300;36,97;51,70143134;36,15535298
7073630;41,97;51,70036268;36,15518624
8988028;65,62;51,70199;36,15262
10843500;72,29;51,74287;36,26825
6402460;40,77;51,701582;36,159871
10563000;70,41;51,74306613;36,26601465
5790000;48,25;51,74306613;36,26601465
6382070;40,77;51,70211768;36,15484418
9801200;91,59;51,70211768;36,15484418
4882770;40,86;51,725301;36,264853
5022864;40,77;51,725301;36,264853
9660000;57,29;51,71744982;36,13114244
12000285;80,8;51,701582;36,159871
8791376;66,87;51,70147;36,15305
10902100;93,5;51,70147;36,15305
15250000;81,5;51,717072;36,130169
12509180;106,01;51,74287;36,26825
8302195;65,62;51,701638;36,15469852
6992589;54,93;51,725301;36,264853
9686520;89,69;51,70143134;36,15535298
10370646;80,58;51,70144;36,15457
6767376;54,93;51,725301;36,264853
5890950;37,04;51,701582;36,159871
8694000;41,4;51,72429633;36,16913203
10706850;92,69;51,70199;36,15262
5388200;37,15;51,72331;36,120216
6198560;40,77;51,70206435;36,1557454
6361096;36,02;51,70199;36,15262
10200000;54,5;51,71743187;36,12808761
8615930;62,88;51,70143134;36,15535298
4681200;28,2;51,701582;36,159871
7020277;40,77;51,70199;36,15262
11533000;60,7;51,72429633;36,16913203
4822200;28,89;51,687043;36,154206
6441400;42,79;51,701582;36,159871
7084000;38,5;51,74398;36,20298
9547650;90,93;51,70211768;36,15484418
7228680;40,84;51,70036268;36,15518624
8460144;61,04;51,70147;36,15305
5040112;40,9;51,725301;36,264853
4737705;40,9;51,725513;36,264607
10461750;94,25;51,70143134;36,15535298
7460910;40,77;51,701582;36,159871
6009729;26,89;51,717072;36,130169
6695315;40,84;51,70199;36,15262
7259362;42,43;51,70144;36,15457
8432340;70,86;51,701582;36,159871
5945600;37,15;51,72331;36,120216
11210000;59,9;51,717072;36,130169
6300510;40,77;51,701638;36,15469852
9971912;65,93;51,70144;36,15457
6361680;40,77;51,701582;36,159871
8992740;67,11;51,701582;36,159871
6463630;40,77;51,701582;36,159871
6527000;42,79;51,701582;36,159871
6654582;39,54;51,70281;36,15325
6441400;42,79;51,70211768;36,15484418
5213700;38,61;51,821038;36,157091
5599900;38,61;51,72331;36,120216
6225060;43,08;51,701582;36,159871
10989220;90,81;51,701582;36,159871
5599900;38,61;51,72331;36,120216
8901728;66,87;51,70199;36,15262
6429320;47,97;51,74306613;36,26601465
8772930;81,98;51,701582;36,159871
8866620;70,37;51,74287;36,26825
5607900;41,54;51,733373;36,268635
12057320;89,98;51,701582;36,159871
7962500;45,5;;
6170287;54,93;51,725513;36,264607
6482400;43,79;51,70206435;36,1557454
6483540;43,08;51,70143134;36,15535298
9200807;62,88;51,70144;36,15457
10431344;84,66;51,70147;36,15305
6797540;47,86;51,74306613;36,26601465
6064410;43;51,74306613;36,26601465
9733500;92,69;51,701582;36,159871
9984400;91,59;51,701582;36,159871
5890640;43,95;51,743892;36,262796
6560000;37,09;51,71744982;36,13114244
6444800;42,4;51,68814231;36,15447795
6021400;43;51,74287;36,26825
8148900;70,86;51,70206435;36,1557454
8184577;40,77;51,70144;36,15457
6360120;40,77;51,70143134;36,15535298
8143830;66,2;51,743892;36,262796
12449850;71;51,717072;36,130169
8999600;59,09;51,687043;36,154206
8288000;59,2;51,72331;36,120216
8330870;76,43;51,743892;36,262796
7962500;45,5;51,72429633;36,16913203
8290620;70,86;51,701582;36,159871
6361680;40,77;51,701582;36,159871
6741570;39,54;51,70281;36,15325
8994700;74;51,70147;36,15305
8530220;72,29;51,74306613;36,26601465
6357780;37,04;51,70147;36,15305
10681275;64,19;51,717072;36,130169
11235210;76,43;51,74306613;36,26601465
7090000;40,59;51,71744982;36,13114244
13060000;69,8;51,71743187;36,12808761
13270000;81,5;51,71744982;36,13114244
9059690;84,66;51,701582;36,159871
6218950;40,77;51,701582;36,159871
6564135;54,93;51,725301;36,264853
11229000;61,06;51,724353;36,172136
7087564;40,77;51,70199;36,15262
6767640;51,27;51,74306613;36,26601465
6535760;42,43;51,70143134;36,15535298
6570000;43,79;51,701582;36,159871
4579694;40,77;51,725513;36,264607
9213204;70,98;51,70281;36,15325
6996000;31,79;51,75910824;36,1955961
8875535;47,59;51,701582;36,159871
6583040;44,47;51,70206435;36,1557454
4721492;40,77;51,725513;36,264607
5778960;43,77;51,74306;36,26765
4721492;40,77;51,725513;36,264607
9003995;70,06;51,70036268;36,15518624
7201530;48,99;51,74306613;36,26601465
5207843;40,9;51,725301;36,264853
8484840;67,33;51,70036268;36,15518624
12403170;106,01;51,74306613;36,26601465
5040112;40,9;51,725301;36,264853
7165994;42,43;51,70144;36,15457
9464150;88,44;51,701582;36,159871
4959812;26,68;51,70144;36,15457
5388200;37,15;51,72331;36,120216
4579694;40,77;51,725513;36,264607
7538440;61,04;51,701582;36,159871
11001000;57;51,730617;36,192605
4624800;28,2;51,701582;36,159871
6350400;39,2;51,79266587;36,19080014
7054560;48,99;51,743892;36,262796
4888745;40,9;51,725301;36,264853
9528500;64,59;51,701582;36,159871
9314920;78,94;51,701582;36,159871
13571520;84,4;51,717072;36,130169
6573033;54,93;51,725513;36,264607
8473000;74;51,701582;36,159871
4737705;40,9;51,725513;36,264607
9181903;72,26;51,70199;36,15262
10470000;65,19;51,71744982;36,13114244
7451400;45,15;51,70147;36,15305
7813120;61,04;51,701582;36,159871
13689000;81;51,74398;36,20298
11805750;87,44;51,733373;36,268635
11261680;90,81;51,70201197;36,16007471
11052800;62,79;;
8686260;43,86;51,70144;36,15457
4882770;40,86;51,725301;36,264853
7962500;45,5;51,72429633;36,16913203
5040112;40,9;51,725301;36,264853
10354313;57,5;51,71745186;36,12955209
10843200;80,31;51,733373;36,268635
10630000;66,19;51,71744982;36,13114244
11713200;68,09;51,743976;36,202977
8154000;45,29;51,72429633;36,16913203
7962500;45,5;51,72426;36,16924
8374225;71,26;51,725301;36,264853
5861330;36,97;51,701582;36,159871
8313350;72,29;51,743892;36,262796
10605155;88,44;51,70199;36,15262
6875055;40,84;51,70281;36,15325
6573033;54,93;51,725513;36,264607
8872500;84,5;51,74287;36,26825
9022909;72,26;51,70199;36,15262
10790000;67,4;51,71744982;36,13114244
6506130;47,49;51,743872;36,262736
4917704;27,26;51,70144;36,15457
6654582;39,54;51,70281;36,15325
7787700;51,2;51,687043;36,154206
8590400;47,2;51,74398;36,20298
11490000;61,4;51,71743187;36,12808761
6439290;37,04;51,70281;36,15325
10799745;88,44;51,70199;36,15262
6268680;47,49;51,743872;36,262736
6870180;51,27;51,74306;36,26765
13049640;84,3;51,71745186;36,12955209
9057048;70,98;51,70281;36,15325
5782815;36,02;51,701582;36,159871
6390351;37,97;51,70281;36,15325
9860235;85,37;51,70281;36,15325
7280340;51,27;51,743892;36,262796
8374225;71,26;51,725301;36,264853
7065135;40,77;51,70199;36,15262
6037200;44,72;51,733373;36,268635
6435660;43,77;51,74306;36,26765
9013760;70,41;51,74306613;36,26601465
8572200;61,22;51,72331;36,120216
6402460;40,77;51,701638;36,15469852
10071600;65,4;51,7927191;36,19131513
9022530;71,94;51,70281;36,15325
8091720;70,98;51,701582;36,159871
8963790;70,86;51,70281;36,15325
10810800;70,19;51,79266587;36,19080014
6536270;47,7;51,743892;36,262796
5873615;26,89;51,71745186;36,12955209
6223283;37,97;51,70281;36,15325
7024300;36,97;51,701582;36,159871
9790852;69,8;51,70199;36,15262
6482400;43,79;51,70206435;36,1557454
6620640;42,43;51,70143134;36,15535298
6398600;42,79;51,701582;36,159871
10843200;80,31;51,733373;36,268635
10508875;94,25;51,701582;36,159871
9855103;67,11;51,70128;36,15614
4580300;28,89;51,687043;36,154206
11261680;90,81;51,701582;36,159871
8288000;59,2;51,821038;36,157091
6441400;42,79;51,70211768;36,15484418
5040112;40,9;51,725301;36,264853
4878619;40,77;51,725513;36,264607
8965766;71,26;51,725301;36,264853
7962500;45,5;51,72426;36,16924
7592850;35,9;51,71745186;36,12955209
5990040;47,54;51,743892;36,262796
13031850;81,5;51,71745186;36,12955209
8796931;59,02;51,70144;36,15457
12901475;78,5;51,71745186;36,12955209
4468900;26,68;51,701582;36,159871
10640000;66,3;51,71744982;36,13114244
9055332;70,36;51,70144;36,15457
8761155;69,8;51,701638;36,15469852
4575620;26,68;51,70143134;36,15535298
9375700;88,44;51,701582;36,159871
8652178;71,26;51,725301;36,264853
5798325;37,04;51,701582;36,159871
5997860;43,77;51,74306613;36,26601465
4888745;40,9;51,725301;36,264853
6357780;37,04;51,70281;36,15325
11412100;67,12;51,759188;36,195617
8176000;51,09;51,793511;36,19137
7884800;51,2;51,79266587;36,19080014
4888745;40,9;51,725301;36,264853
8133047;71,26;51,725513;36,264607
9176900;56,7;51,687043;36,154206
6341290;40,77;51,70211768;36,15484418
9510000;57,9;51,71744982;36,13114244
8987880;68,08;51,701582;36,159871
8346200;71,94;51,70206435;36,1557454
13203450;67,7;51,759188;36,195617
8124424;61,04;51,70147;36,15305
8667087;59,02;51,70144;36,15457
9337950;69,16;51,733373;36,268635
4895372;40,9;51,725513;36,264607
8077440;72,12;51,701582;36,159871
5202400;37,15;51,821038;36,157091
6701800;47,86;51,74287;36,26825
6361680;40,77;51,701638;36,15469852
4737705;40,9;51,725513;36,264607
9686520;89,69;51,701582;36,159871
4888745;40,9;51,725301;36,264853
6760960;44,47;51,701582;36,159871
4731914;40,86;51,725513;36,264607
6311220;43,08;51,70143134;36,15535298
5710755;36,02;51,701582;36,159871
6242320;43,95;51,74306613;36,26601465
9552697;67,05;51,70128;36,15614
6617800;40,59;51,793511;36,19137
6239340;40,77;51,701582;36,159871
7700000;44;51,72429633;36,16913203
5189260;26,68;51,701582;36,159871
9601610;84,97;51,70036268;36,15518624
8652178;71,26;51,725301;36,264853
8290800;67,68;51,701638;36,15469852
8313350;72,29;51,743892;36,262796
6239340;40,77;51,701582;36,159871
12291962;72,3;51,71744982;36,13114244
7275180;43,79;51,70281;36,15325
9176000;59,2;51,72331;36,120216
5207843;40,9;51,725301;36,264853
8960000;51,2;51,72429633;36,16913203
6089160;39,54;51,701582;36,159871
9320300;74;51,70147;36,15305
10675000;61;51,72429633;36,16913203
9007360;70,37;51,74287;36,26825
8732400;57,45;51,70201197;36,16007471
5595200;26,89;51,717072;36,130169
8466900;50,09;51,743976;36,202977
14278400;77,59;51,743976;36,202977
9821119;65,16;51,702701;36,15772
10348750;82,79;51,743892;36,262796
6870180;51,27;51,743872;36,262736
4882770;40,86;51,725301;36,264853
8963960;72,29;51,74287;36,26825
10696400;93,5;51,70147;36,15305
9729510;90,93;51,70211768;36,15484418
7992160;66,87;51,701638;36,15469852
11697400;89,98;51,70143134;36,15535298
4595420;40,9;51,725513;36,264607
9077300;42,22;51,75916;36,1956
10355730;89,66;51,70036268;36,15518624
6259730;40,77;51,70211768;36,15484418
10400940;92,69;51,70199;36,15262
5872425;37,04;51,70211768;36,15484418
6127500;40,84;51,701582;36,159871
10577700;83,94;51,74306613;36,26601465
10459800;70,19;51,793511;36,19137
10290000;61,4;51,71744982;36,13114244
8670550;70,77;51,701582;36,159871
6973708;40,77;51,70144;36,15457
10048049;85,37;51,70281;36,15325
7787700;50,9;51,68814231;36,15447795
6131400;37,15;51,821038;36,157091
5798325;37,04;51,70211768;36,15484418
6564135;54,93;51,725301;36,264853
11343070;106,01;51,74306613;36,26601465
6422850;40,77;51,70211768;36,15484418
10675000;61;51,72429633;36,16913203
4889389;40,86;51,725513;36,264607
6351000;43,79;51,70206435;36,1557454
8466000;56,43;51,701582;36,159871
6899050;44,5;51,74416;36,26398
10720000;57,29;51,717072;36,130169
10853060;76,43;51,743892;36,262796
9801200;91,59;51,701582;36,159871
5634816;26,68;51,70144;36,15457
6749670;47,86;51,74306613;36,26601465
6360120;40,77;51,70143134;36,15535298
6992589;54,93;51,725301;36,264853
9049220;85,37;51,70206435;36,1557454
11070400;62,9;51,72429633;36,16913203
4737705;40,9;51,725513;36,264607
8302195;65,62;51,701582;36,159871
9812655;64,76;51,701582;36,159871
9044255;62,59;51,701582;36,159871
7187840;40,84;51,701582;36,159871
6397380;43,08;51,701582;36,159871
9397700;72,29;51,74287;36,26825
8437800;57,4;51,743976;36,202977
6512980;47,54;51,74306613;36,26601465
6463630;40,77;51,701582;36,159871
10679400;71,9;51,793511;36,19137
6997848;40,77;51,70147;36,15305
6520800;37,04;51,70147;36,15305
7023990;51,27;51,74306613;36,26601465
14086182;90,81;51,702701;36,15772
10675000;61;;
7743765;39,9;51,730617;36,192605
4737705;40,9;51,725513;36,264607
8057490;67,7;51,701582;36,159871
6535760;42,43;51,70143134;36,15535298
5040112;40,9;51,725301;36,264853
8594432;61,04;51,70147;36,15305
9686520;89,69;51,701582;36,159871
7885170;71,26;51,725513;36,264607
6193200;39,7;51,79266587;36,19080014
8636590;76,43;51,743872;36,262736
8167500;49,5;51,74398;36,20298
10799745;88,44;51,70199;36,15262
6382070;40,77;51,701582;36,159871
5201478;40,86;51,725301;36,264853
6787800;50,27;51,733373;36,268635
5510000;27,7;51,71744982;36,13114244
4888745;40,9;51,725301;36,264853
12540000;66;51,72429633;36,16913203
6209200;40,84;51,70206435;36,1557454
11627691;64,3;51,730617;36,192605
10818900;80,13;51,733373;36,268635
7254000;40,29;51,72429633;36,16913203
5082750;37,65;51,733373;36,268635
10944000;68,4;51,72426;36,16924
10878300;80,58;51,733373;36,268635
13122000;81;51,743976;36,202977
13134953;77,9;51,730617;36,192605
5599900;38,61;51,72331;36,120216
4737705;40,9;51,725513;36,264607
8025360;67,44;51,743892;36,262796
6397380;43,08;51,70143134;36,15535298
8580800;49,59;51,74398;36,20298
8375640;70,98;51,701582;36,159871
4595420;40,9;51,725513;36,264607
8288000;59,2;51,72331;36,120216
4624800;28,2;51,70143134;36,15535298
4589803;40,86;51,725513;36,264607
4872015;40,77;51,725301;36,264853
11735240;71,59;51,702701;36,15772
8900775;69,8;51,701638;36,15469852
8841000;42,09;;
6527000;42,79;51,70211768;36,15484418
6357780;37,04;51,70147;36,15305
4681200;28,2;51,701582;36,159871
5965050;37,04;51,701582;36,159871
9553750;76,43;51,743872;36,262736
9768000;105,5;;
10533600;94,05;51,70143134;36,15535298
9547650;90,93;51,70211768;36,15484418
5742750;37,04;51,701582;36,159871
6657600;43,79;51,70206435;36,1557454
6921450;51,27;51,743892;36,262796
6290900;40,84;51,701582;36,159871
7073630;41,97;51,701582;36,159871
6333360;47,97;51,743872;36,262736
9477523;62,88;51,70144;36,15457
18984000;90,4;51,724353;36,172136
9796800;61,22;51,821038;36,157091
8841000;42,09;51,72426;36,16924
5202400;37,15;51,821038;36,157091
11083713;64,3;51,717072;36,130169
7700000;44;51,72429633;36,16913203
7885170;71,26;51,725513;36,264607
6996000;31,79;51,75916;36,1956
8761155;69,8;51,701582;36,159871
6988380;47,54;51,74306613;36,26601465
11490000;61,4;51,717072;36,130169
8965766;71,26;51,725301;36,264853
5890950;37,04;51,701582;36,159871
9190000;54,5;51,71744982;36,13114244
4888745;40,9;51,725301;36,264853
7368800;48,79;51,686534;36,153345
6482400;43,79;51,701582;36,159871
4895372;40,9;51,725513;36,264607
10577700;83,94;51,74287;36,26825
15010000;92,9;51,71744982;36,13114244
12942600;69,95;51,75910824;36,1955961
9654250;83,94;51,743892;36,262796
10257720;89,98;51,70143134;36,15535298
6484200;42,79;51,701582;36,159871
12592500;83,94;51,74306613;36,26601465
8607300;66,2;51,74306613;36,26601465
5866520;43,77;51,743872;36,262736
8491200;69,59;51,70143134;36,15535298
6460020;51,27;51,743892;36,262796
11594000;68,19;51,72426;36,16924
6223283;37,97;51,70281;36,15325
7858400;66,87;51,701582;36,159871
9052100;69,09;51,70201197;36,16007471
5022864;40,77;51,725301;36,264853
7026750;52,04;51,733373;36,268635
8346200;71,94;51,70206435;36,1557454
10410125;75,7;51,701582;36,159871
6357780;37,04;51,70281;36,15325
8621535;69,8;51,70211768;36,15484418
7207650;42,15;51,70201197;36,16007471
7554893;47,52;51,70144;36,15457
6642000;40,5;51,7927191;36,19131513
5274810;27,26;51,701582;36,159871
6402460;40,77;51,70211768;36,15484418
4842420;26,68;51,70144;36,15457
8836260;86,62;51,701582;36,159871
10594400;69,69;51,79266587;36,19080014
10830000;57,9;51,717072;36,130169
14216518;82,09;51,730617;36,192605
10982840;91,59;51,70147;36,15305
10431540;82,79;51,74287;36,26825
10494990;106,01;51,743892;36,262796
7935200;61,04;51,701582;36,159871
9796800;75,36;51,74287;36,26825
9400890;76,43;51,74306613;36,26601465
7092800;45,75;51,74306613;36,26601465
11848200;80,59;51,743976;36,202977
6237400;47,97;51,743892;36,262796
9971912;65,93;51,70144;36,15457
9057048;70,98;51,70281;36,15325
8721000;105,3;;
8427820;71,26;51,725513;36,264607
5946525;37,04;51,70211768;36,15484418
12198841;64,4;51,730617;36,192605
9547650;90,93;51,701638;36,15469852
5207843;40,9;51,725301;36,264853
6225060;43,08;51,70143134;36,15535298
9742788;63,72;51,702701;36,15772
8168770;72,29;51,743892;36,262796
7466400;48,79;51,687647;36,139976
8965766;71,26;51,725301;36,264853
7700000;44;51,72426;36,16924
7131894;43,08;51,70144;36,15457
8636590;76,43;51,743872;36,262736
4872015;40,77;51,725301;36,264853
6610000;34,5;51,71744982;36,13114244
8754200;67,33;51,701582;36,159871
5485890;51,27;51,743892;36,262796
7795860;76,43;51,74306613;36,26601465
5954080;43,77;51,743872;36,262736
7108249;40,77;51,70144;36,15457
6743580;47,49;51,743892;36,262796
8721000;51,29;51,72429633;36,16913203
5616000;41,59;51,733373;36,268635
11600275;80,8;51,702701;36,15772
9180830;72,29;51,743892;36,262796
8965766;71,26;51,725301;36,264853
5887350;43,61;51,74287;36,26825
8446100;64,97;51,74306613;36,26601465
8427820;71,26;51,725513;36,264607
10002520;71,59;51,702701;36,15772
8260200;70,59;51,70143134;36,15535298
8275940;68,68;51,701582;36,159871
12526350;67,7;51,75910824;36,1955961
7460910;40,77;51,70143134;36,15535298
15790000;84,4;51,71743187;36,12808761
9040395;69,8;51,701582;36,159871
9486350;83,94;51,743892;36,262796
8288000;59,2;51,821038;36,157091
10928000;68,3;51,72429633;36,16913203
9154000;91,54;51,701582;36,159871
8021800;42,22;51,759188;36,195617
8900775;69,8;51,701582;36,159871
9906100;83,94;51,74287;36,26825
6440362;36,02;51,70199;36,15262
4895372;40,9;51,725513;36,264607
4595420;40,9;51,725513;36,264607
8977500;105,3;;
5081430;47,49;51,743892;36,262796
7009860;40,84;51,70199;36,15262
8148900;70,86;51,70206435;36,1557454
5242620;26,68;51,701582;36,159871
5380000;26,29;51,71744982;36,13114244
8607300;66,2;51,74287;36,26825
10069400;91,54;51,70281;36,15325
6280120;40,77;51,70206435;36,1557454
5890950;37,04;51,701582;36,159871
6870180;51,27;51,74306;36,26765
5601900;26,29;51,71745186;36,12955209
5022864;40,77;51,725301;36,264853
6422850;40,77;51,70211768;36,15484418
5691600;41,84;51,74306613;36,26601465
10902507;90,93;51,70199;36,15262
11495000;61,38;51,724353;36,172136
6505080;43,08;51,701582;36,159871
6760960;44,47;51,70206435;36,1557454
5798325;37,04;51,701582;36,159871
6107420;43;51,74306613;36,26601465
10982840;91,59;51,70199;36,15262
7094620;41,97;51,70036268;36,15518624
5201478;40,86;51,725301;36,264853
8694000;41,4;51,72426;36,16924
12540000;66;51,72426;36,16924
9911370;90,93;51,701582;36,159871
6523200;40,77;51,70143134;36,15535298
7282704;42,43;51,70144;36,15457
6790000;36,9;51,71744982;36,13114244
4895372;40,9;51,725513;36,264607
10502415;90,93;51,70199;36,15262
9121200;69,09;51,701582;36,159871
4593310;27,26;51,701582;36,159871
9686520;89,69;51,70143134;36,15535298
6247930;36,97;51,701582;36,159871
8077440;72,12;51,70206435;36,1557454
6363650;46,45;51,74287;36,26825
14830000;79,3;51,71743187;36,12808761
4895372;40,9;51,725513;36,264607
7707700;54,7;51,687043;36,154206
9483040;84,66;51,701582;36,159871
5524200;41,84;51,74306613;36,26601465
9618000;91,59;51,701582;36,159871
8619520;67,33;51,701582;36,159871
6441930;43,38;51,701582;36,159871
8133047;71,26;51,725513;36,264607
6011600;39,54;51,70206435;36,1557454
5687175;37,04;51,70211768;36,15484418
8288000;59,2;51,821038;36,157091
6583040;44,47;51,701582;36,159871
11265750;83,44;51,733373;36,268635
13450000;71,9;51,71743187;36,12808761
10902507;90,93;51,70147;36,15305
7053060;47,97;51,74306;36,26765
8900775;69,8;51,701638;36,15469852
4595420;40,9;51,725513;36,264607
6415200;39,59;51,7927191;36,19131513
6975419;40,77;51,70199;36,15262
13640000;85;51,71744982;36,13114244
6441660;40,77;51,701582;36,159871
7962500;45,5;51,72426;36,16924
6443240;40,77;51,701582;36,159871
6604200;36,68;51,701582;36,159871
6773558;40,77;51,70281;36,15325
14069880;94,05;51,70144;36,15457
8636590;76,43;51,74306613;36,26601465
4895372;40,9;51,725513;36,264607
10508875;94,25;51,70143134;36,15535298
12474744;73,19;51,717072;36,130169
6851300;53,09;51,687043;36,154206
8811000;49,5;51,743976;36,202977
6885703;40,77;51,70199;36,15262
6556980;42,43;51,70143134;36,15535298
7858400;66,87;51,70211768;36,15484418
11672100;86,45;51,733373;36,268635
10617500;68,5;;
8900775;69,8;51,701582;36,159871
6259730;40,77;51,701582;36,159871
5946525;37,04;51,70211768;36,15484418
6608387;36,97;51,70144;36,15457
8276250;66,2;51,743892;36,262796
7207650;42,15;51,701582;36,159871
8427820;71,26;51,725513;36,264607
11983092;78,94;51,70128;36,15614
7596760;42,43;51,70143134;36,15535298
6919990;40,84;51,70147;36,15305
10597120;82,79;51,74306613;36,26601465
4737705;40,9;51,725513;36,264607
5872425;37,04;51,701638;36,15469852
6300510;40,77;51,701638;36,15469852
7499250;55,54;51,733373;36,268635
10923000;66,19;51,72426;36,16924
6275280;47,54;51,743872;36,262736
6439290;37,04;51,70147;36,15305
10699876;89,23;51,70144;36,15457
9703694;67,33;51,70128;36,15614
10852490;89,69;51,70144;36,15457
4468900;26,68;51,70143134;36,15535298
12628352;89,69;51,70144;36,15457
8079500;56,5;51,686744;36,153487
6730000;37,7;51,71744982;36,13114244
10533600;94,05;51,701582;36,159871
6569255;39,54;51,70281;36,15325
8221680;72,12;51,701582;36,159871
11254000;66,19;;
7771852;40,84;51,70128;36,15614
6695315;40,84;51,70281;36,15325
9400890;76,43;51,74306;36,26765
7038405;43,38;51,70281;36,15325
5778960;43,77;51,74306613;36,26601465
6997848;40,77;51,70147;36,15305
4414520;27,94;51,70206435;36,1557454
7042706;40,77;51,70147;36,15305
11074500;69;51,717072;36,130169
8125920;66,87;51,701582;36,159871
5956940;27,7;51,730617;36,192605
5201478;40,86;51,725301;36,264853
6247930;36,97;51,70143134;36,15535298
6341290;40,77;51,70211768;36,15484418
8851700;68,08;51,701582;36,159871
7212678;42,43;51,70144;36,15457
9911370;90,93;51,701582;36,159871
6973708;40,77;51,70144;36,15457
7329388;42,43;51,70144;36,15457
6372300;38,61;51,821038;36,157091
5695500;37,97;51,70206435;36,1557454
4721492;40,77;51,725513;36,264607
6975419;40,77;51,70199;36,15262
12053700;68,09;51,743976;36,202977
6570000;43,79;51,701582;36,159871
5866520;43,77;51,74306613;36,26601465
12787350;81,5;51,717072;36,130169
8621535;69,8;51,70211768;36,15484418
7178820;43,79;51,70281;36,15325
10283500;65,5;51,7927191;36,19131513
4889389;40,86;51,725513;36,264607
8260200;70,59;51,701582;36,159871
8867584;62,97;51,70144;36,15457
6676500;44,5;51,74306613;36,26601465
9180000;51;51,72429633;36,16913203
6280120;40,77;51,701582;36,159871
6992589;54,93;51,725301;36,264853
10030000;60;51,71744982;36,13114244
8872920;70,41;51,74287;36,26825
9280000;54,4;51,71744982;36,13114244
7935200;61,04;51,701582;36,159871
6363660;47,49;51,743872;36,262736
4888745;40,9;51,725301;36,264853
8652178;71,26;51,725301;36,264853
8228000;48,4;51,70201197;36,16007471
8826400;47,2;51,743976;36,202977
7428660;72,83;51,743892;36,262796
10819000;69,8;51,793511;36,19137
7050000;37,79;51,71744982;36,13114244
4878619;40,77;51,725513;36,264607
15000000;80,19;51,71743187;36,12808761
6981030;47,49;51,743872;36,262736
7432800;49,9;51,687043;36,154206
5850000;31,29;51,71744982;36,13114244
8721000;51,29;51,72426;36,16924
5040112;40,9;51,725301;36,264853
6360120;40,77;51,701582;36,159871
9333324;67,33;51,70128;36,15614
12187800;67,7;51,759188;36,195617
4878619;40,7;51,725513;36,264607
7885170;71,26;51,725513;36,264607
7755200;59,2;51,821038;36,157091
6855300;50,77;51,733373;36,268635
4579694;40,77;51,725513;36,264607
6311220;43,08;51,70143134;36,15535298
5850000;31,29;51,71744982;36,13114244
12540000;66;;
8999600;59,59;51,687647;36,139976
6449600;44,47;51,701582;36,159871
7558994;37,29;51,730617;36,192605
10503200;69,09;51,701582;36,159871
5892370;43;51,74287;36,26825
6422850;40,77;51,70211768;36,15484418
6418920;43,08;51,70143134;36,15535298
4882770;40,86;51,725301;36,264853
6844500;50,7;51,733373;36,268635
11839080;89,69;51,701582;36,159871
5040112;40,9;51,725301;36,264853
9274860;90,93;51,701582;36,159871
8900775;69,8;51,701582;36,159871
5854875;36,02;51,70211768;36,15484418
6300510;40,77;51,701638;36,15469852
8001220;68,68;51,701582;36,159871
11449080;106,01;51,74287;36,26825
7474380;43,08;51,701582;36,159871
5040112;40,9;51,725301;36,264853
9780000;60,9;51,71744982;36,13114244
11586960;94,05;51,70144;36,15457
4589803;40,86;51,725513;36,264607
6318840;47,86;51,743892;36,262796
10320375;94,25;51,70143134;36,15535298
13263052;89,98;51,70144;36,15457
6198560;40,77;51,701582;36,159871
7542450;40,77;51,70143134;36,15535298
6830120;40,84;51,70147;36,15305
6523200;40,77;51,701582;36,159871
6821550;50,52;51,733373;36,268635
12030000;64,3;51,71743187;36,12808761
6750680;47,54;51,743892;36,262796
9727160;89,23;51,70143134;36,15535298
7558994;37,29;51,717072;36,130169
6972720;51,27;51,74306;36,26765
6355800;42,79;51,70211768;36,15484418
5742750;37,04;51,70206435;36,1557454
6422850;40,77;51,701582;36,159871
6387220;42,43;51,701582;36,159871
6899050;44,5;51,74306613;36,26601465
5381100;39,86;51,733373;36,268635
4721492;40,7;51,725513;36,264607
5997860;43,77;51,74306613;36,26601465
8446100;64,97;51,74306613;36,26601465
10098900;68,69;51,743976;36,202977
8133047;71,26;51,725513;36,264607
8684800;47,2;51,74398;36,20298
9199850;42,79;51,75916;36,1956
6885703;40,77;51,70199;36,15262
11024000;68,9;51,72426;36,16924
8426462;42,43;51,70144;36,15457
6564135;54,93;51,725301;36,264853
7700000;44;;
8821540;67,33;51,701582;36,159871
8590400;47,2;51,74398;36,20298
6908132;40,77;51,70147;36,15305
6399000;39,5;51,793511;36,19137
6505080;43,08;51,701582;36,159871
6333360;47,97;51,74306613;36,26601465
12901475;78,5;51,717072;36,130169
6397380;43,08;51,70143134;36,15535298
6972720;51,27;51,74306613;36,26601465
6837000;31,79;51,759188;36,195617
9396860;70,59;51,70144;36,15457
12191150;106,01;51,743892;36,262796
9275574;70,86;51,70281;36,15325
9657700;64,59;51,701582;36,159871
6422850;40,77;51,70211768;36,15484418
5872425;37,04;51,701582;36,159871
7290272;44,47;51,70281;36,15325
6193600;39,2;51,793511;36,19137
8977500;51,29;51,72426;36,16924
6064410;43;51,74306613;36,26601465
6523200;40,77;51,70143134;36,15535298
12936000;64,15;51,724353;36,172136
6840845;40,77;51,70147;36,15305
9305100;44,31;51,75916;36,1956
8984520;63,72;51,70201197;36,16007471
11320000;69,8;51,71744982;36,13114244
8615930;62,88;51,70143134;36,15535298
6393025;40,84;51,701582;36,159871
7020277;40,77;51,70199;36,15262
9040395;69,8;51,701638;36,15469852
4888745;40,9;51,725301;36,264853
4731914;40,86;51,725513;36,264607
5949520;47,97;51,743892;36,262796
7650104;45,15;51,70147;36,15305
11553520;69,09;51,702701;36,15772
11254000;66,19;51,72429633;36,16913203
5935290;36,97;51,701638;36,15469852
8427820;71,26;51,725513;36,264607
4595420;40,9;51,725513;36,264607
4721492;40,77;51,725513;36,264607
5742750;37,04;51,701582;36,159871
6418920;43,08;51,70143134;36,15535298
8895925;75,7;51,70143134;36,15535298
6439290;37,04;51,70147;36,15305
4895372;40,9;51,725513;36,264607
9686520;89,69;51,70143134;36,15535298
9157500;74;51,70147;36,15305
6332760;43,08;51,70143134;36,15535298
8401400;70,59;51,701582;36,159871
12200000;65,19;51,717072;36,130169
6646305;43,86;51,701582;36,159871
8977500;51,29;51,72429633;36,16913203
7282704;42,43;51,70144;36,15457
5849360;43;51,743892;36,262796
9812655;64,76;51,70036268;36,15518624
5190021;40,77;51,725301;36,264853
6460020;51,27;51,743892;36,262796
6556980;42,43;51,701582;36,159871
9946440;78,94;51,701582;36,159871
5695500;37,97;51,701582;36,159871
7849200;42,2;;
6567594;39,54;51,70281;36,15325
5654500;26,29;51,717072;36,130169
6660500;38,5;51,74398;36,20298
9040395;69,8;51,701582;36,159871
6441660;40,77;51,70143134;36,15535298
8572200;61,22;51,72331;36,120216
8389800;47,4;51,74398;36,20298
4610700;28,2;51,701582;36,159871
8965766;71,26;51,725301;36,264853
9785517;75,7;51,70144;36,15457
10505513;65,09;51,717072;36,130169
4888745;40,9;51,725301;36,264853
12747000;78,19;51,71744982;36,13114244
6973708;40,77;51,70144;36,15457
6891850;47,52;51,701582;36,159871
8644240;66,87;51,70147;36,15305
11594000;68,19;51,72429633;36,16913203
10725198;80,58;51,70144;36,15457
5853400;39,54;51,701582;36,159871
6641860;42,43;51,701582;36,159871
9313700;84,66;51,701582;36,159871
13476700;77,9;51,74398;36,20298
4737705;40,9;51,725513;36,264607
6382070;40,77;51,701638;36,15469852
6710000;35,9;51,71744982;36,13114244
4737705;40,9;51,725513;36,264607
5388200;37,15;51,821038;36,157091
6741570;39,54;51,70281;36,15325
8025360;67,44;51,743892;36,262796
6254940;51,27;51,743892;36,262796
6657600;43,79;51,701582;36,159871
7014920;42,79;51,70199;36,15262
5516280;43,77;51,743892;36,262796
6010080;39,54;51,701582;36,159871
6439290;37,04;51,70281;36,15325
9865900;89,69;51,701582;36,159871
7042706;40,77;51,70147;36,15305
4624800;28,2;51,701582;36,159871
6275280;47,54;51,74306;36,26765
8133047;71,26;51,725513;36,264607
6229625;40,84;51,701582;36,159871
5816850;37,04;51,701582;36,159871
9618000;91,59;51,701638;36,15469852
5891460;39,54;51,701582;36,159871
11352412;94,25;51,70144;36,15457
11486563;92,41;51,70128;36,15614
4889389;40,86;51,725513;36,264607
11559762;94,25;51,70144;36,15457
8965766;71,26;51,725301;36,264853
7689700;58,7;51,686534;36,153345
6085120;47,54;51,743892;36,262796
6131400;37,15;51,821038;36,157091
8294400;51,2;51,793511;36,19137
5710755;36,02;51,70211768;36,15484418
10136250;66,25;51,701582;36,159871
7098000;40,56;51,701582;36,159871
9840000;60,9;51,71744982;36,13114244
6952990;40,77;51,70147;36,15305
5220290;27,26;51,70143134;36,15535298
5406800;38,61;51,821038;36,157091
8202645;72,26;51,701638;36,15469852
6875055;40,84;51,70281;36,15325
9768000;52,79;51,72429633;36,16913203
7890480;67,44;51,743892;36,262796
4589803;40,86;51,725513;36,264607
7275180;43,79;51,70281;36,15325
10410565;88,44;51,70199;36,15262
6470385;44,47;51,701638;36,15469852
9637270;69,8;51,70147;36,15305
6908132;40,77;51,70199;36,15262
13022988;89,69;51,70144;36,15457
8732080;70,41;51,74306613;36,26601465
6360120;40,77;51,701582;36,159871
7162100;38,29;51,74398;36,20298
6372300;38,61;51,72331;36,120216
12030000;64,3;51,717072;36,130169
11611000;68,3;51,72426;36,16924
8721000;51,29;51,72429633;36,16913203
8684270;67,05;51,70036268;36,15518624
4888745;40,9;51,725301;36,264853
7093770;35,79;51,71745186;36,12955209
5040112;40,9;51,725301;36,264853
6567594;39,54;51,70281;36,15325
5094900;37,74;51,733373;36,268635
6997848;40,77;51,70199;36,15262
7035450;45,38;51,74306613;36,26601465
8148900;70,86;51,701582;36,159871
7020277;40,77;51,70147;36,15305
6275650;31,29;51,730617;36,192605
8789450;76,43;51,74306;36,26765
12509180;106,01;51,74306613;36,26601465
6595900;46,45;51,74306613;36,26601465
9736870;68,08;51,70128;36,15614
8898830;67,93;51,701582;36,159871
6482430;40,77;51,70143134;36,15535298
9954600;70,59;51,701582;36,159871
6967500;46,45;51,74306613;36,26601465
10848600;80,36;51,733373;36,268635
7153096;40,77;51,70144;36,15457
14278400;77,59;51,74398;36,20298
4579694;40,77;51,725513;36,264607
6908132;40,77;51,70199;36,15262
8001720;64,52;51,70206435;36,1557454
6826600;42,79;51,70147;36,15305
5695500;37,97;51,70206435;36,1557454
8427820;71,26;51,725513;36,264607
5388200;37,15;51,821038;36,157091
8387430;70,77;51,701582;36,159871
8811250;66,25;51,701582;36,159871
5634816;26,68;51,70144;36,15457
6615450;43,38;51,701582;36,159871
9618000;91,59;51,70211768;36,15484418
15300630;92,9;51,730617;36,192605
6439290;37,04;51,70281;36,15325
9044255;62,59;51,70201197;36,16007471
5388200;37,15;51,72331;36,120216
6556900;49,29;51,68814231;36,15447795
7280340;51,27;51,743892;36,262796
15454400;96,58;51,759188;36,195617
7414600;56,59;51,72331;36,120216
4895372;40,9;51,725513;36,264607
8933515;65,93;51,701582;36,159871
6885703;40,77;51,70199;36,15262
4994220;28,2;51,70144;36,15457
10930000;68,3;51,71744982;36,13114244
10387850;93,5;51,70147;36,15305
9984400;91,59;51,70211768;36,15484418
6570000;43,79;51,70206435;36,1557454
10909800;94,05;51,70143134;36,15535298
7293176;37,04;51,70128;36,15614
8091720;70,98;51,701582;36,159871
9547650;90,93;51,701582;36,159871
6523200;40,77;51,70143134;36,15535298
9472000;59,2;51,72331;36,120216
13898918;77,9;51,717072;36,130169
8347185;72,26;51,701638;36,15469852
5782815;36,02;51,70211768;36,15484418
6977220;45,15;51,70211768;36,15484418
8491725;72,26;51,701638;36,15469852
6290900;40,84;51,701582;36,159871
5190021;40,77;51,725301;36,264853
6602435;43,86;51,70143134;36,15535298
6458640;47,49;51,74306613;36,26601465
8133047;71,26;51,725513;36,264607
10320375;94,25;51,70143134;36,15535298
9881300;69,09;51,702701;36,15772
10577700;83,94;51,74287;36,26825
10246412;78,94;51,70128;36,15614
6218950;40,77;51,70211768;36,15484418
4737705;40,9;51,725513;36,264607
7577415;39,79;51,71743187;36,12808761
7885170;71,26;51,725513;36,264607
10161600;69,59;51,70143134;36,15535298
8821540;67,33;51,701582;36,159871
6171200;40,59;51,793511;36,19137
6090000;40,59;51,793511;36,19137
7254000;40,29;;
10515000;70,09;51,793511;36,19137
10781320;91,59;51,70147;36,15305
7681640;42,43;51,70143134;36,15535298
6760960;44,47;51,701582;36,159871
6535760;42,43;51,70143134;36,15535298
5022864;40,77;51,725301;36,264853
6767640;51,27;51,74306613;36,26601465
6535760;42,43;51,701582;36,159871
6340000;35,2;51,71744982;36,13114244
9750180;80,58;51,701582;36,159871
6482245;39,54;51,70281;36,15325
6837000;31,79;51,75916;36,1956
11661020;71,54;51,75910824;36,1955961
7692685;37,09;51,71745186;36,12955209
10655172;89,69;51,70144;36,15457
5388200;37,15;51,72331;36,120216
11550000;71,8;51,71744982;36,13114244
7795860;76,43;51,74306;36,26765
13190000;81,59;51,71744982;36,13114244
4895372;40,9;51,725513;36,264607
5033952;40,86;51,725301;36,264853
5388200;37,15;51,72331;36,120216
5040112;40,9;51,725301;36,264853
7885170;71,26;51,725513;36,264607
7013424;43,08;51,70144;36,15457
8796931;59,02;51,70144;36,15457
8365920;72,12;51,70206435;36,1557454
5190021;40,77;51,725301;36,264853
11488000;71,8;51,71745186;36,12955209
5607900;41,84;51,74306;36,26765
9472000;59,2;51,821038;36,157091
10702461;90,93;51,70147;36,15305
8699256;65,62;51,70199;36,15262
6398600;42,79;51,701638;36,15469852
7388128;44,47;51,70281;36,15325
10525200;71,59;51,701582;36,159871
6320900;40,77;51,701582;36,159871
7098000;40,56;51,701582;36,159871
5207843;40,9;51,725301;36,264853
9269280;75,36;51,743892;36,262796
5442600;28,2;51,701582;36,159871
8878480;85,37;51,701582;36,159871
5599900;38,61;51,72331;36,120216
9801200;91,59;51,701638;36,15469852
5875200;43,52;51,733373;36,268635
10507860;88,44;51,70147;36,15305
7997210;59,02;51,701582;36,159871
6357780;37,04;51,70147;36,15305
9160600;56,7;51,687043;36,154206
9913680;67,44;51,743872;36,262736
8587325;64,8;51,70036268;36,15518624
10670400;70,19;51,7927191;36,19131513
6422850;40,77;51,701582;36,159871
9729500;88,44;51,70211768;36,15484418
6960000;38,79;51,71744982;36,13114244
5778960;43,77;51,743872;36,262736
5603840;43,77;51,743892;36,262796
8179600;48,4;51,70201197;36,16007471
5213700;38,61;51,821038;36,157091
9801200;91,59;51,701582;36,159871
6026110;36,97;51,70143134;36,15535298
4731914;40,86;51,725513;36,264607
9630000;57,9;51,71744982;36,13114244
6443240;40,77;51,701638;36,15469852
12057320;89,98;51,70143134;36,15535298
9253120;72,29;51,74287;36,26825
10344390;70,37;51,743892;36,262796
12387848;90,81;51,702701;36,15772
6726740;42,43;51,70143134;36,15535298
6170287;54,93;51,725513;36,264607
6444800;42,4;51,686744;36,153487
4895372;40,9;51,725513;36,264607
9086220;70,59;51,70144;36,15457
9547650;90,93;51,701582;36,159871
7042706;40,77;51,70147;36,15305
9402400;83,94;51,74287;36,26825
6170287;54,93;51,725513;36,264607
11839080;89,69;51,70143134;36,15535298
9706610;76,43;51,743872;36,262736
8198124;43,08;51,70144;36,15457
7817040;67,68;51,701638;36,15469852
6523200;40,77;51,701582;36,159871
9603640;82,79;51,74287;36,26825
7451400;45,15;51,70147;36,15305
8187400;62,97;51,701582;36,159871
6372300;38,61;51,72331;36,120216
10749200;69,8;51,79266587;36,19080014
6767376;54,93;51,725301;36,264853
9911000;93,5;51,70211768;36,15484418
4468900;26,68;51,70143134;36,15535298
9550000;60;51,71744982;36,13114244
6131400;46,45;51,743892;36,262796
7879170;59,02;51,701582;36,159871
5539050;41,02;51,733373;36,268635
9490650;61,22;51,72331;36,120216
9796800;61,22;51,72331;36,120216
6921450;51,27;51,743892;36,262796
8053920;67,68;51,70211768;36,15484418
10245070;84,66;51,70147;36,15305
4932807;27,94;51,70281;36,15325
8789450;76,43;51,74306613;36,26601465
5207843;40,9;51,725301;36,264853
6767640;51,27;51,743872;36,262736
12570000;67,19;51,71743187;36,12808761
9180000;105;;
8965766;71,26;51,725301;36,264853
16227120;96,58;51,75916;36,1956
5524200;41,84;51,74306613;36,26601465
8160000;51;51,79266587;36,19080014
7691040;61,04;51,701582;36,159871
7402500;52,5;51,686534;36,153345
9865900;89,69;51,70143134;36,15535298
9990000;58,59;51,71744982;36,13114244
8985900;42,79;51,75916;36,1956
4737705;40,9;51,725513;36,264607
6268680;47,49;51,74306613;36,26601465
8900775;69,8;51,701582;36,159871
7861050;58,22;51,733373;36,268635
10675000;61;51,72429633;36,16913203
5599900;38,61;51,72331;36,120216
5931000;39,54;51,70206435;36,1557454
8484840;67,33;51,701582;36,159871
8872500;84,5;51,74287;36,26825
6402460;40,77;51,701638;36,15469852
5946525;37,04;51,70211768;36,15484418
7524000;41,79;51,72426;36,16924
11070400;62,9;51,72429633;36,16913203
11412100;67,12;51,75916;36,1956
6264600;39,4;51,793511;36,19137
6620640;42,43;51,70143134;36,15535298
8965766;71,26;51,725301;36,264853
8857080;63,72;51,701582;36,159871
4721492;40,77;51,725513;36,264607
6218950;40,77;51,70211768;36,15484418
8585140;70,37;51,74306613;36,26601465
9618000;91,59;51,701582;36,159871
11860000;72,5;51,71744982;36,13114244
9552600;88,44;51,70211768;36,15484418
6430000;33,7;51,71744982;36,13114244
6333360;47,97;51,74306;36,26765
11110000;69;51,71744982;36,13114244
8900550;65,93;51,701582;36,159871
7724640;66,87;51,701582;36,159871
8891670;72,29;51,743892;36,262796
5071950;37,56;51,733373;36,268635
7023990;51,27;51,74306;36,26765
7935200;61,04;51,701638;36,15469852
6787800;50,27;51,733373;36,268635
8732400;57,45;51,701582;36,159871
8427820;71,26;51,725513;36,264607
11177760;69,59;51,70144;36,15457
8408670;66,2;51,743892;36,262796
5695500;37,97;51,70206435;36,1557454
9706610;76,43;51,74306613;36,26601465
4889389;40,86;51,725513;36,264607
11052800;62,79;51,72429633;36,16913203
7879170;59,02;51,70143134;36,15535298
6622000;38,5;51,74398;36,20298
6594000;43,95;51,74287;36,26825
15937350;96,58;51,759188;36,195617
10508875;94,25;51,701582;36,159871
10320375;94,25;51,701582;36,159871
11567500;66,09;51,72426;36,16924
9911370;90,93;51,701638;36,15469852
8290800;67,68;51,701638;36,15469852
6505080;43,08;51,70143134;36,15535298
5599900;38,61;51,72331;36,120216
4882770;40,86;51,725301;36,264853
4737705;40,9;51,725513;36,264607
16227120;96,58;51,759188;36,195617
9652380;84,66;51,701582;36,159871
10579800;91,59;51,70147;36,15305
6850000;37,7;51,71744982;36,13114244
10878300;80,58;51,70143134;36,15535298
5931000;39,54;51,701582;36,159871
12000600;67,8;51,74398;36,20298
10033320;69,09;51,702701;36,15772
6451500;43;51,74287;36,26825
7962500;45,5;51,72429633;36,16913203
7133841;43,38;51,70281;36,15325
4595420;40,9;51,725513;36,264607
4579694;40,77;51,725513;36,264607
7466400;49,9;51,687043;36,154206
6332760;43,08;51,701582;36,159871
8121250;64,97;51,743892;36,262796
6078720;47,49;51,743892;36,262796
10539800;69,8;51,793511;36,19137
6992589;54,93;51,725301;36,264853
8192000;51,2;51,79266587;36,19080014
10202400;65,4;51,79266587;36,19080014
9652380;84,66;51,70211768;36,15484418
6456550;46,45;51,74287;36,26825
6395235;39,54;51,70281;36,15325
6602435;43,86;51,701582;36,159871
6862050;50,83;51,733373;36,268635
10420000;61,4;51,71744982;36,13114244
5853400;39,54;51,701582;36,159871
8646795;64,76;51,701582;36,159871
6276270;37,04;51,70281;36,15325
9780000;59,9;51,71744982;36,13114244
10424800;66,4;51,72426;36,16924
5599900;38,61;51,72331;36,120216
6137390;40,77;51,70211768;36,15484418
11570000;71,9;51,71744982;36,13114244
6193200;39,7;51,793511;36,19137
9714600;71,95;51,733373;36,268635
8374225;71,26;51,725301;36,264853
6021400;43;51,74287;36,26825
12724574;71,9;51,730617;36,192605
13203450;67,7;51,75916;36,1956
7460910;40,77;51,70143134;36,15535298
5202400;37,15;51,821038;36,157091
8184577;40,77;51,70144;36,15457
6361333;54,93;51,725513;36,264607
12526350;67,7;51,759188;36,195617
8747090;72,29;51,743892;36,262796
9900000;61,4;51,71744982;36,13114244
5609250;41,54;51,733373;36,268635
6569800;42,79;51,701582;36,159871
10780000;66,3;51,71744982;36,13114244
6360120;40,77;51,701582;36,159871
7911000;58,59;51,733373;36,268635
4895372;40,9;51,725513;36,264607
7524000;41,79;;
6245915;31,29;51,717072;36,130169
6523200;40,77;51,701582;36,159871
6463630;40,77;51,701582;36,159871
6599420;42,43;51,70143134;36,15535298
7879170;59,02;51,701582;36,159871
9237800;49,4;51,743976;36,202977
5207843;40,9;51,725301;36,264853
12864900;67,7;51,759188;36,195617
6952990;40,77;51,70147;36,15305
12258000;68,09;;
6259730;40,77;51,70211768;36,15484418
5388200;37,15;51,72331;36,120216
6300510;40,77;51,701582;36,159871
13100000;81,59;51,71744982;36,13114244
4878619;40,77;51,725513;36,264607
6520800;37,04;51,70199;36,15262
10617618;84,66;51,70147;36,15305
5599900;38,61;51,72331;36,120216
7896150;58,49;51,733373;36,268635
4889389;40,86;51,725513;36,264607
5965050;37,04;51,701582;36,159871
4589803;40,86;51,725513;36,264607
9637270;69,8;51,70199;36,15262
6801300;50,38;51,733373;36,268635
6573260;47,97;51,74306;36,26765
7014920;42,79;51,70199;36,15262
11521492;66,3;51,730617;36,192605
10655172;89,69;51,70144;36,15457
8607300;66,2;51,74306613;36,26601465
6357780;37,04;51,70199;36,15262
12187800;67,7;51,75916;36,1956
7460910;40,77;51,70143134;36,15535298
4737705;40,9;51,725513;36,264607
9686520;89,69;51,70143134;36,15535298
8878480;85,37;51,701582;36,159871
5710755;36,02;51,701582;36,159871
7037118;43,08;51,70144;36,15457
8721000;51,29;51,72426;36,16924
7858400;66,87;51,701582;36,159871
7133841;43,38;51,70281;36,15325
10617500;68,5;51,72426;36,16924
6361333;54,93;51,725513;36,264607
7683006;39,9;51,730617;36,192605
7550752;45,15;51,70147;36,15305
5040112;40,9;51,725301;36,264853
9918900;92,69;51,701638;36,15469852
4538790;27,26;51,70143134;36,15535298
6620640;42,43;51,70143134;36,15535298
8490150;62,88;51,70143134;36,15535298
13880550;67,7;51,75916;36,1956
5040112;40,9;51,725301;36,264853
6045480;47,97;51,743892;36,262796
7254000;40,29;51,72426;36,16924
7885170;71,26;51,725513;36,264607
5388200;37,15;51,72331;36,120216
6840845;40,77;51,70147;36,15305
9148100;70,37;51,74306613;36,26601465
6641860;42,43;51,70143134;36,15535298
5040112;40,9;51,725301;36,264853
10675000;61;51,72429633;36,16913203
4579694;40,77;51,725513;36,264607
8652178;71,26;51,725301;36,264853
5599900;38,61;51,72331;36,120216
8667120;64,31;51,70199;36,15262
6360120;40,77;51,701582;36,159871
9442400;74;51,70199;36,15262
6300510;40,77;51,701582;36,159871
4895372;40,9;51,725513;36,264607
8778000;39,9;51,72426;36,16924
8836260;86,62;51,701638;36,15469852
4737705;40,9;51,725513;36,264607
5524200;40,91;51,733373;36,268635
6996000;31,79;51,759188;36,195617
7724640;66,87;51,701582;36,159871
6654582;39,54;51,70281;36,15325
6785185;40,84;51,70281;36,15325
9729510;90,93;51,701582;36,159871
5022864;40,77;51,725301;36,264853
6443240;40,77;51,701582;36,159871
8491725;72,26;51,701638;36,15469852
6089160;39,54;51,70206435;36,1557454
9495360;75,36;51,74287;36,26825
8531200;49,59;51,743976;36,202977
7165994;42,43;51,70144;36,15457
5890950;37,04;51,701582;36,159871
6018180;43,61;51,74306613;36,26601465
5631600;37,04;51,70206435;36,1557454
9657700;64,59;51,70143134;36,15535298
7962500;45,5;51,72429633;36,16913203
7596760;42,43;51,70143134;36,15535298
9906100;83,94;51,74287;36,26825
7065135;40,77;51,70199;36,15262
11161800;68,9;51,72429633;36,16913203
6431400;39,7;51,7927191;36,19131513
9913680;67,44;51,74306;36,26765
8963960;72,29;51,74306613;36,26601465
8863700;59,29;51,687043;36,154206
8133047;71,26;51,725513;36,264607
5190021;40,77;51,725301;36,264853
8288000;59,2;51,72331;36,120216
11235210;76,43;51,74306613;36,26601465
10045280;89,69;51,70143134;36,15535298
8789450;76,43;51,743872;36,262736
9672200;70,59;51,70143134;36,15535298
10493750;83,94;51,743892;36,262796
6988380;47,54;51,74306;36,26765
13642200;69,95;51,75910824;36,1955961
8572200;61,22;51,72331;36,120216
9011700;59,29;51,687043;36,154206
5946525;37,04;51,70211768;36,15484418
8624434;64,52;51,70281;36,15325
6372300;38,61;51,821038;36,157091
9472000;59,2;51,821038;36,157091
7896150;58,49;51,733373;36,268635
11611000;68,3;51,72429633;36,16913203
12570000;67,19;51,717072;36,130169
10104300;92,69;51,701582;36,159871
7992160;66,87;51,701582;36,159871
4470400;27,94;51,701582;36,159871
7867800;42,29;51,72429633;36,16913203
6973708;40,77;51,70144;36,15457
11567500;66,09;51,72429633;36,16913203
8652178;71,26;51,725301;36,264853
6311325;40,84;51,701582;36,159871
6767640;51,27;51,74306613;36,26601465
8196940;70,36;51,701582;36,159871
8427820;71,26;51,725513;36,264607
6460020;51,27;51,743892;36,262796
6608387;36,97;51,70144;36,15457
8427820;71,26;51,725513;36,264607
4878619;40,77;51,725513;36,264607
6988380;47,54;51,743872;36,262736
5022864;40,77;51,725301;36,264853
8598744;67,68;51,70199;36,15262
6101130;51,27;51,743892;36,262796
5695500;37,97;51,701582;36,159871
8301100;64,59;51,70143134;36,15535298
9910000;60;51,71744982;36,13114244
10137000;65,4;51,793511;36,19137
8427820;71,26;51,725513;36,264607
11567500;66,09;51,72429633;36,16913203
10702450;88,44;51,70147;36,15305
11107850;96,58;51,79281998;36,18709183
6875055;40,84;51,70281;36,15325
7772400;51,2;51,687043;36,154206
12978000;64,15;51,724353;36,172136
10503200;69,09;51,701582;36,159871
9397700;72,29;51,74287;36,26825
5388200;37,15;51,72331;36,120216
6440850;47,7;51,74287;36,26825
10843200;80,31;51,733373;36,268635
8572200;61,22;51,72331;36,120216
11873120;106,01;51,743892;36,262796
9724000;93,5;51,70211768;36,15484418
7763184;40,56;51,70128;36,15614
6264600;39,4;51,79266587;36,19080014
8878480;85,37;51,70206435;36,1557454
6620640;42,43;51,701582;36,159871
15069600;82,8;51,74398;36,20298
6578200;42,43;51,70143134;36,15535298
13280000;81,5;51,71744982;36,13114244
9768330;77,22;51,70144;36,15457
6484200;42,79;51,701638;36,15469852
12350800;88,22;51,70201197;36,16007471
5946525;37,04;51,70211768;36,15484418
11486563;92,41;51,70128;36,15614
6440362;36,02;51,70199;36,15262
6439290;37,04;51,70281;36,15325
8564880;67,44;51,743872;36,262736
6089160;39,54;51,70206435;36,1557454
9495360;75,36;51,74306613;36,26601465
6743580;47,49;51,743892;36,262796
7053060;47,97;51,74306613;36,26601465
7557864;37,09;51,730617;36,192605
6361680;40,77;51,701638;36,15469852
11594000;68,19;51,72429633;36,16913203
10600200;70,19;51,793511;36,19137
5866520;43,77;51,74306613;36,26601465
5190021;40,77;51,725301;36,264853
6821785;43,86;51,70143134;36,15535298
10442330;92,41;51,70036268;36,15518624
10626630;72,29;51,743892;36,262796
10459800;70,19;51,793511;36,19137
9375700;88,44;51,70211768;36,15484418
9931500;66,2;51,74306613;36,26601465
5207843;40,9;51,725301;36,264853
6973708;40,77;51,70144;36,15457
6470385;44,47;51,701638;36,15469852
6573033;54,93;51,725513;36,264607
6996000;31,79;51,75916;36,1956
7238550;43,86;51,70144;36,15457
5207843;40,9;51,725301;36,264853
9729500;88,44;51,70211768;36,15484418
7858400;66,87;51,70211768;36,15484418
7028100;52,06;51,733373;36,268635
8365700;64,59;51,70143134;36,15535298
6773558;40,77;51,70281;36,15325
6992589;54,93;51,725301;36,264853
9897800;89,98;51,701582;36,159871
6011600;39,54;51,70206435;36,1557454
9176900;56,7;51,687043;36,154206
15419250;97,9;51,717072;36,130169
4977676;27,26;51,70144;36,15457
8896536;67,68;51,70147;36,15305
11460000;69,8;51,71744982;36,13114244
7821748;60,25;51,70147;36,15305
6259730;40,77;51,701582;36,159871
8274271;40,77;51,70144;36,15457
9911370;90,93;51,701582;36,159871
7094620;41,97;51,701582;36,159871
8652178;71,26;51,725301;36,264853
9257633;67,05;51,70128;36,15614
5040112;40,9;51,725301;36,264853
6683842;40,77;51,70281;36,15325
5872425;37,04;51,701582;36,159871
8624434;64,52;51,70281;36,15325
6259730;40,77;51,70211768;36,15484418
12474744;73,19;51,71745186;36,12955209
8133047;71,26;51,725513;36,264607
5812380;39,54;51,701582;36,159871
6290900;40,84;51,70206435;36,1557454
6918648;43,08;51,70144;36,15457
5040112;40,9;51,725301;36,264853
8580800;49,59;51,743976;36,202977
6333360;47,97;51,74306613;36,26601465
10217000;60,09;51,730617;36,192605
12403170;106,01;51,74287;36,26825
5978390;43;51,74287;36,26825
9077300;42,22;51,75910824;36,1955961
7992160;66,87;51,701582;36,159871
6523200;40,77;51,70143134;36,15535298
5388200;37,15;51,72331;36,120216
9409400;51,7;51,74398;36,20298
8365700;64,59;51,701582;36,159871
6570000;43,79;51,701582;36,159871
6992589;54,93;51,725301;36,264853
8636590;76,43;51,74306613;36,26601465
9897800;89,98;51,701582;36,159871
6956000;37;51,717072;36,130169
7451100;49,5;51,687043;36,154206
10086862;64,34;51,702701;36,15772
5022864;40,77;51,725301;36,264853
9911370;90,93;51,701582;36,159871
12582375;94,25;51,701582;36,159871
6209200;40,84;51,70206435;36,1557454
9984400;91,59;51,701582;36,159871
8572200;61,22;51,72331;36,120216
10923000;66,19;51,72429633;36,16913203
9618000;91,59;51,70211768;36,15484418
5782815;36,02;51,70211768;36,15484418
6372300;38,61;51,72331;36,120216
6101130;51,27;51,743892;36,262796
8924850;72,12;51,70281;36,15325
5201478;40,86;51,725301;36,264853
6300510;40,77;51,701582;36,159871
10896500;70,3;51,793511;36,19137
6615450;43,38;51,70206435;36,1557454
6398600;42,79;51,701582;36,159871
9911000;93,5;51,701582;36,159871
6131400;37,15;51,821038;36,157091
5022864;40,77;51,725301;36,264853
4895372;40,9;51,725513;36,264607
10017362;56,79;51,730617;36,192605
10887580;89,98;51,70144;36,15457
6320900;40,77;51,701582;36,159871
9587072;68,08;51,70128;36,15614
9246627;82,01;51,70281;36,15325
10112000;63,2;51,72429633;36,16913203
10721700;94,05;51,701582;36,159871
6930561;40,77;51,70199;36,15262
6570000;43,79;51,70206435;36,1557454
6767376;54,93;51,725301;36,264853
6863274;40,77;51,70281;36,15325
6617800;40,59;51,7927191;36,19131513
9724000;93,5;51,701582;36,159871
13165100;77,9;51,74398;36,20298
8995701;48,38;51,702701;36,15772
6170287;54,93;51,725513;36,264607
7700000;44;51,72426;36,16924
8684270;67,05;51,701582;36,159871
11920890;92,41;51,701582;36,159871
9918900;92,69;51,701638;36,15469852
4895372;40,9;51,725513;36,264607
6470000;35,9;51,71744982;36,13114244
4737705;40,9;51,725513;36,264607
6564135;54,93;51,725301;36,264853
7724640;66,87;51,701582;36,159871
6930561;40,77;51,70199;36,15262
6996000;31,79;51,75910824;36,1955961
9733500;92,69;51,701638;36,15469852
6259730;40,77;51,70211768;36,15484418
6837000;31,79;51,75910824;36,1955961
6179200;38,61;51,72331;36,120216
6908132;40,77;51,70199;36,15262
9462390;64,37;51,743892;36,262796
8942310;76,43;51,743892;36,262796
8900892;70,98;51,70281;36,15325
8878480;85,37;51,701582;36,159871
5009730;28,2;51,70144;36,15457
12721440;81,59;51,717072;36,130169
6920000;37,09;51,71744982;36,13114244
7238550;43,86;51,70144;36,15457
10228432;64,34;51,702701;36,15772
7180500;47,86;51,74287;36,26825
12258000;68,09;51,72429633;36,16913203
4737705;40,9;51,725513;36,264607
8389800;47,4;51,743976;36,202977
4888745;40,9;51,725301;36,264853
5934600;43,95;51,74287;36,26825
4878619;40,77;51,725513;36,264607
6785185;40,84;51,70281;36,15325
5952170;36,97;51,701582;36,159871
5040112;40,9;51,725301;36,264853
8789450;76,43;51,743892;36,262796
8133047;71,26;51,725513;36,264607
6821785;43,86;51,701582;36,159871
5861330;36,97;51,701582;36,159871
6229625;40,84;51,701582;36,159871
6402460;40,77;51,70211768;36,15484418
6422850;40,77;51,70211768;36,15484418
8936990;70,37;51,743892;36,262796
5133860;47,97;51,743892;36,262796
6258600;36,59;51,686744;36,153487
5599900;38,61;51,821038;36,157091
6955520;45,75;51,743892;36,262796
6440362;36,02;51,70199;36,15262
10706850;92,69;51,70199;36,15262
8313360;62,97;51,70143134;36,15535298
7286807;43,86;51,70144;36,15457
12037850;111,98;51,70143134;36,15535298
10154027;57,9;51,730617;36,192605
8939700;85,13;51,701582;36,159871
7023990;51,27;51,74306;36,26765
11254859;65,16;51,702701;36,15772
7757904;41,97;51,70128;36,15614
9768000;52,79;51,72429633;36,16913203
8184577;40,77;51,70144;36,15457
6695315;40,84;51,70281;36,15325
9406897;69,8;51,70199;36,15262
8901728;66,87;51,70199;36,15262
8725880;70,37;51,74287;36,26825
14705600;80,8;51,743976;36,202977
8313360;62,97;51,70143134;36,15535298
6785185;40,84;51,70281;36,15325
12380000;66,19;51,71743187;36,12808761
8288000;59,2;51,72331;36,120216
9295650;59,02;51,70143134;36,15535298
5798325;37,04;51,70211768;36,15484418
15250000;81,5;51,71743187;36,12808761
6967840;42,79;51,70147;36,15305
6300510;40,77;51,701638;36,15469852
8900775;69,8;51,70211768;36,15484418
5890950;37,04;51,701582;36,159871
5201478;40,86;51,725301;36,264853
9312600;49,79;51,743976;36,202977
9629620;67,33;51,70128;36,15614
8274271;40,77;51,70144;36,15457
9860235;85,37;51,70281;36,15325
7637080;40,84;51,70128;36,15614
10336000;64,59;;
8652178;71,26;51,725301;36,264853
6422850;40,77;51,70211768;36,15484418
4895372;40,9;51,725513;36,264607
5599900;38,61;51,72331;36,120216
10464349;67,23;51,702701;36,15772
5849360;43;51,743892;36,262796
6439290;37,04;51,70147;36,15305
8427820;71,26;51,725513;36,264607
4895372;40,9;51,725513;36,264607
8374225;71,26;51,725301;36,264853
6908132;40,77;51,70199;36,15262
12805620;90,81;51,701582;36,159871
7087564;40,77;51,70199;36,15262
8607300;66,2;51,74306613;36,26601465
9136800;56,7;51,687043;36,154206
7063402;40,77;51,70144;36,15457
4595420;40,9;51,725513;36,264607
9455400;92,69;51,701582;36,159871
6382070;40,77;51,701638;36,15469852
9318450;83,94;51,743892;36,262796
6528690;43,38;51,70206435;36,1557454
8652178;71,26;51,725301;36,264853
11098200;69,8;51,793511;36,19137
10826200;70,3;51,79266587;36,19080014
6268680;47,49;51,74306613;36,26601465
4895372;40,9;51,725513;36,264607
8140800;51,2;51,79266587;36,19080014
6154400;43,95;51,74287;36,26825
6870180;51,27;51,74306613;36,26601465
9984400;91,59;51,701582;36,159871
8892000;49,4;51,74398;36,20298
7187840;40,84;51,701582;36,159871
4888745;40,9;51,725301;36,264853
6280120;40,77;51,701638;36,15469852
7200000;39,9;51,71744982;36,13114244
6573033;54,93;51,725513;36,264607
9745500;64,97;51,74306613;36,26601465
6237810;40,77;51,701582;36,159871
7962500;45,5;;
8133047;71,26;51,725513;36,264607
4895372;40,9;51,725513;36,264607
9604140;70,36;51,70143134;36,15535298
7669164;37,09;51,730617;36,192605
8634000;71,94;51,701582;36,159871
6767640;51,27;51,74306;36,26765
7189336;42,43;51,70144;36,15457
6361333;54,93;51,725513;36,264607
8079500;56,7;51,687043;36,154206
10181813;57,5;51,71745186;36,12955209
10533600;94,05;51,701582;36,159871
5872425;37,04;51,70211768;36,15484418
11235210;76,43;51,74306;36,26765
6535760;42,43;51,701582;36,159871
6151950;41,84;51,743872;36,262736
10313270;88,44;51,70147;36,15305
10928000;68,3;51,72429633;36,16913203
7094620;41,97;51,701582;36,159871
6131400;37,15;51,821038;36,157091
9262000;42,09;;
6443240;40,77;51,701638;36,15469852
7985835;72,26;51,701582;36,159871
10755900;70,3;51,79266587;36,19080014
9590000;59,9;51,71744982;36,13114244
8275940;68,68;51,701638;36,15469852
5816850;37,04;51,701582;36,159871
7813120;61,04;51,70211768;36,15484418
4895372;40,9;51,725513;36,264607
9750000;58,59;51,71744982;36,13114244
8636590;76,43;51,74306613;36,26601465
6357780;37,04;51,70147;36,15305
6542970;44,5;51,743892;36,262796
12000780;94,05;51,70144;36,15457
6382070;40,77;51,701638;36,15469852
10336000;64,59;51,72426;36,16924
8587325;64,8;51,701582;36,159871
13640000;72,9;51,71743187;36,12808761
7566570;76,43;51,743892;36,262796
8202645;72,26;51,701582;36,159871
14570000;77,9;51,71743187;36,12808761
9984400;91,59;51,701582;36,159871
6418920;43,08;51,701582;36,159871
10989220;90,81;51,70201197;36,16007471
4872015;40,77;51,725301;36,264853
11507925;94,25;51,70144;36,15457
7885170;71,26;51,725513;36,264607
13060000;69,8;51,717072;36,130169
6218950;40,77;51,701582;36,159871
11488000;71,8;51,717072;36,130169
10442330;92,41;51,701582;36,159871
16321000;89,29;51,724353;36,172136
6360120;40,77;51,701582;36,159871
5946525;37,04;51,701638;36,15469852
8087760;67,68;51,701582;36,159871
6361333;54,93;51,725513;36,264607
8636590;76,43;51,743892;36,262796
11283261;92,41;51,70128;36,15614
4731914;40,86;51,725513;36,264607
9339165;62,88;51,70144;36,15457
8491725;72,26;51,701638;36,15469852
5381100;39,86;51,733373;36,268635
9140540;64,37;51,743892;36,262796
12401240;71,9;51,730617;36,192605
5946525;37,04;51,701582;36,159871
4856400;28,39;51,68814231;36,15447795
6535760;42,43;51,70143134;36,15535298
11533000;60,7;51,72426;36,16924
8789450;76,43;51,74306613;36,26601465
5691600;41,84;51,74306613;36,26601465
10442330;92,41;51,701582;36,159871
12540000;66;51,72429633;36,16913203
9931500;66,2;51,74306613;36,26601465
8027500;47,5;51,74398;36,20298
10384085;80,8;51,70201197;36,16007471
6679400;47,7;51,74306613;36,26601465
10459800;70,19;51,79266587;36,19080014
6300510;40,77;51,70211768;36,15484418
6695315;40,84;51,70281;36,15325
6357780;37,04;51,70281;36,15325
4579694;40,7;51,725513;36,264607
10503200;69,09;51,70201197;36,16007471
6527000;42,79;51,70211768;36,15484418
4872015;40,77;51,725301;36,264853
11077920;75,36;51,743892;36,262796
7617980;42,43;51,701582;36,159871
4788960;27,2;51,701582;36,159871
5040112;40,9;51,725301;36,264853
12437263;72,3;51,730617;36,192605
5190021;40,77;51,725301;36,264853
5040112;40,9;51,725301;36,264853
11136000;69,59;51,793511;36,19137
6620640;42,43;51,70143134;36,15535298
9126348;56,43;51,70128;36,15614
8866620;70,37;51,74306613;36,26601465
4888745;40,9;51,725301;36,264853
6290900;40,84;51,70206435;36,1557454
10019675;67,93;51,70036268;36,15518624
6232900;39,7;51,79266587;36,19080014
6276270;37,04;51,70281;36,15325
5843740;43,61;51,743892;36,262796
10910790;92,69;51,70199;36,15262
7451400;45,15;51,70147;36,15305
6525280;47,97;51,74306613;36,26601465
7580000;39,9;51,71744982;36,13114244
9248030;76,43;51,74306613;36,26601465
5742750;37,04;51,70206435;36,1557454
4878619;40,7;51,725513;36,264607
9714600;71,95;51,733373;36,268635
8483730;76,43;51,743892;36,262796
9911000;93,5;51,70211768;36,15484418
7106160;40,84;51,70036268;36,15518624
6229625;40,84;51,701638;36,15469852
6127500;40,84;51,701582;36,159871
5872425;37,04;51,701582;36,159871
8564880;67,44;51,74306613;36,26601465
12340650;83,94;51,743892;36,262796
5566050;41,84;51,743892;36,262796
8275940;68,68;51,701638;36,15469852
11770000;71,9;51,71744982;36,13114244
6131400;37,15;51,72331;36,120216
7479835;43,86;51,70144;36,15457
6875055;40,84;51,70281;36,15325
9553750;76,43;51,74306613;36,26601465
11343070;106,01;51,743892;36,262796
4895372;40,9;51,725513;36,264607
5599900;38,61;51,821038;36,157091
6870000;37,79;51,71744982;36,13114244
12198841;64,4;51,71743187;36,12808761
8427820;71,26;51,725513;36,264607
5190021;40,77;51,725301;36,264853
6115661;26,89;51,71743187;36,12808761
9692375;66,25;51,70128;36,15614
7368800;48,79;51,686744;36,153487
6157780;40,77;51,701582;36,159871
9397700;72,29;51,74306613;36,26601465
6570000;43,79;51,70206435;36,1557454
8811250;66,25;51,70036268;36,15518624
10077760;89,98;51,701582;36,159871
5388200;37,15;51,72331;36,120216
4895372;40,9;51,725513;36,264607
10783333;70,77;51,70144;36,15457
6583040;44,47;51,70206435;36,1557454
7992160;66,87;51,701582;36,159871
9447000;62,97;51,70143134;36,15535298
10702461;90,93;51,70147;36,15305
6258600;37,4;51,687043;36,154206
5516100;40,86;51,733373;36,268635
9706610;76,43;51,74306;36,26765
6745200;51,09;51,686534;36,153345
10424800;66,4;51,72429633;36,16913203
7290272;44,47;51,70281;36,15325
6020000;32,2;51,71744982;36,13114244
9036250;72,29;51,743892;36,262796
15260000;97,9;51,71744982;36,13114244
8892000;49,4;51,743976;36,202977
6767640;51,27;51,743872;36,262736
6520800;37,04;51,70147;36,15305
5207843;40,9;51,725301;36,264853
5040112;40,9;51,725301;36,264853
5946525;37,04;51,70211768;36,15484418
8133047;71,26;51,725513;36,264607
6463630;40,77;51,701582;36,159871
10913500;83,94;51,74287;36,26825
12258000;68,09;51,72429633;36,16913203
7885170;71,26;51,725513;36,264607
6602435;43,86;51,70143134;36,15535298
9913680;67,44;51,74306613;36,26601465
4950995;26,69;51,701582;36,159871
6942342;43,08;51,70144;36,15457
5910300;43,77;51,743892;36,262796
5890950;37,04;51,701582;36,159871
6654582;39,54;51,70281;36,15325
4872015;40,77;51,725301;36,264853
7700000;44;51,72429633;36,16913203
6451500;43;51,74306613;36,26601465
4889389;40,86;51,725513;36,264607
8364370;62,88;51,701582;36,159871
9400890;76,43;51,74306613;36,26601465
6382070;40,77;51,701582;36,159871
12540000;66;;
10733800;69,69;51,79266587;36,19080014
8655100;42,22;51,759188;36,195617
5603840;43,77;51,743892;36,262796
6439290;37,04;51,70281;36,15325
7020277;40,77;51,70199;36,15262
8427820;71,26;51,725513;36,264607
11070400;62,9;51,72426;36,16924
6818416;40,77;51,70147;36,15305
6350124;39,54;51,70281;36,15325
4872015;40,77;51,725301;36,264853
5556330;47,49;51,74306613;36,26601465
9093200;71,59;51,701582;36,159871
4878619;40,77;51,725513;36,264607
8121600;42,29;51,730617;36,192605
12777765;75,9;51,71745186;36,12955209
12777765;75,9;51,717072;36,130169
8721000;51,29;51,72426;36,16924
10018350;74,2;51,733373;36,268635
9970000;60,9;51,71744982;36,13114244
8652178;71,26;51,725301;36,264853
11805750;87,44;51,733373;36,268635
6796580;45,15;51,701582;36,159871
8107300;64,59;51,701582;36,159871
5040112;40,9;51,725301;36,264853
6259730;40,77;51,70211768;36,15484418
4888745;40,9;51,725301;36,264853
8497104;66,87;51,70147;36,15305
12996000;68,4;51,72429633;36,16913203
10555500;70,37;51,74306613;36,26601465
7042706;40,77;51,70147;36,15305
4895372;40,9;51,725513;36,264607
6818910;51,27;51,743892;36,262796
5009730;28,2;51,70144;36,15457
11390000;60,9;51,71743187;36,12808761
6275280;47,54;51,743872;36,262736
6239340;40,77;51,701582;36,159871
6224300;46,45;51,743892;36,262796
6259730;40,77;51,701582;36,159871
7479835;43,86;51,70144;36,15457
6280120;40,77;51,701582;36,159871
6816150;50,49;51,733373;36,268635
4731914;40,86;51,725513;36,264607
12000285;80,8;51,70201197;36,16007471
4888745;40,9;51,725301;36,264853
5890950;37,04;51,701582;36,159871
4895372;40,9;51,725513;36,264607
6900000;37,29;51,71744982;36,13114244
9650000;55,09;51,71744982;36,13114244
6026110;36,97;51,70143134;36,15535298
8919075;62,59;51,70201197;36,16007471
10813020;106,01;51,74287;36,26825
9655500;64,37;51,74306613;36,26601465
6758100;50,06;51,733373;36,268635
7702860;42,43;51,70143134;36,15535298
6536270;47,7;51,74287;36,26825
6527053;36,97;51,70144;36,15457
6818910;51,27;51,743892;36,262796
7935200;61,04;51,701638;36,15469852
6280120;40,77;51,70206435;36,1557454
9984400;91,59;51,701638;36,15469852
9672421;85,37;51,70281;36,15325
6505080;43,08;51,70143134;36,15535298
8154000;45,29;51,72426;36,16924
6465440;47,54;51,74306613;36,26601465
4888745;40,9;51,725301;36,264853
5388200;37,15;51,72331;36,120216
10120255;65,93;51,701582;36,159871
5974570;43,61;51,74287;36,26825
6967840;42,79;51,70147;36,15305
7045632;44,47;51,70281;36,15325
8196940;70,36;51,70143134;36,15535298
7700000;44;51,72426;36,16924
11692800;67,19;51,71745186;36,12955209
6550000;37;51,71744982;36,13114244
9768000;105,5;;
5600474;26,37;51,70144;36,15457
8928290;65,16;51,701582;36,159871
8325000;74;51,70211768;36,15484418
11235210;76,43;51,743872;36,262736
10594400;71,8;51,793511;36,19137
5022864;40,77;51,725301;36,264853
5033952;40,86;51,725301;36,264853
9118560;75,36;51,743892;36,262796
5910300;43,77;51,743892;36,262796
8732000;74;51,701582;36,159871
6767640;51,27;51,74306;36,26765
9108540;72,29;51,74306613;36,26601465
4737705;40,9;51,725513;36,264607
5388200;37,15;51,821038;36,157091
6550000;35,9;51,71744982;36,13114244
6556980;42,43;51,70143134;36,15535298
5687175;37,04;51,701582;36,159871
9007360;70,37;51,74287;36,26825
5822740;43,77;51,743892;36,262796
6146400;39,4;51,7927191;36,19131513
11659950;86,37;51,733373;36,268635
6767640;51,27;51,74306613;36,26601465
10913500;83,94;51,74306613;36,26601465
11352412;94,25;51,70144;36,15457
6439290;37,04;51,70281;36,15325
5401350;40;51,733373;36,268635
6351000;43,79;51,701582;36,159871
6297720;47,7;51,743892;36,262796
6280120;40,77;51,701582;36,159871
6430000;33,7;51,71744982;36,13114244
8432340;70,86;51,701582;36,159871
8652178;71,26;51,725301;36,264853
10508875;94,25;51,701582;36,159871
7023990;51,27;51,743872;36,262736
6973708;40,77;51,70144;36,15457
5814450;43,06;51,733373;36,268635
8325000;74;51,70211768;36,15484418
10623470;64,59;51,70144;36,15457
10100380;82,79;51,74306613;36,26601465
6154400;43,95;51,74306613;36,26601465
5974570;43,61;51,743892;36,262796
11283492;89,98;51,70144;36,15457
5742750;37,04;51,701582;36,159871
11342500;69,8;51,71745186;36,12955209
12414600;94,05;51,701582;36,159871
5854875;36,02;51,701582;36,159871
9126348;56,43;51,70128;36,15614
9219960;85,37;51,70206435;36,1557454
7872290;76,43;51,743892;36,262796
8524296;67,68;51,70147;36,15305
11645040;88,22;51,702701;36,15772
7092800;45,75;51,74306613;36,26601465
6360120;40,77;51,701582;36,159871
8778000;39,9;51,72429633;36,16913203
7013424;43,08;51,70144;36,15457
5816850;37,04;51,701582;36,159871
5040112;40,9;51,725301;36,264853
8058000;47,4;51,74398;36,20298
9796800;61,22;51,821038;36,157091
4882770;40,86;51,725301;36,264853
8965766;71,26;51,725301;36,264853
7200000;39,9;51,71744982;36,13114244
6357780;37,04;51,70281;36,15325
7885170;71,26;51,725513;36,264607
8985900;42,79;51,75910824;36,1955961
5190021;40,77;51,725301;36,264853
6631690;47,7;51,74287;36,26825
10332700;71,26;51,74416;36,26398
5524200;41,84;51,74306;36,26765
8262000;51;51,7927191;36,19131513
6441400;42,79;51,701582;36,159871
9013760;70,41;51,74287;36,26825
8615930;62,88;51,701582;36,159871
4878619;40,77;51,725513;36,264607
6218950;40,77;51,701582;36,159871
9706610;76,43;51,74306613;36,26601465
6198560;40,77;51,70206435;36,1557454
7849200;42,2;51,72429633;36,16913203
9248030;76,43;51,743872;36,262736
8356436;42,43;51,70144;36,15457
8843642;65,62;51,70199;36,15262
6787800;50,27;51,733373;36,268635
6942342;43,08;51,70144;36,15457
9738200;83,94;51,74287;36,26825
8965766;71,26;51,725301;36,264853
5556330;47,49;51,74306613;36,26601465
11630000;71,9;51,71744982;36,13114244
6520800;37,04;51,70147;36,15305
9944434;69,8;51,70199;36,15262
6341290;40,77;51,701582;36,159871
7962500;45,5;51,72429633;36,16913203
6558190;47,86;51,74287;36,26825
8528990;70,77;51,701582;36,159871
9650223;81,98;51,70199;36,15262
15454400;96,58;51,75910824;36,1955961
7507920;61,04;51,70211768;36,15484418
4579694;40,77;51,725513;36,264607
6259730;40,77;51,701582;36,159871
9340897;72,26;51,70199;36,15262
6707138;31,5;51,730617;36,192605
10781320;91,59;51,70199;36,15262
7763184;40,56;51,70128;36,15614
10515000;70,09;51,79266587;36,19080014
6973708;40,77;51,70144;36,15457
9262000;42,09;51,72429633;36,16913203
7849200;42,2;51,72429633;36,16913203
10087000;65,5;51,793511;36,19137
7962500;45,5;;
6254940;51,27;51,743892;36,262796
6695315;40,84;51,70281;36,15325
8500680;83,33;51,743892;36,262796
11049808;89,69;51,70144;36,15457
6726740;42,43;51,701582;36,159871
6541500;43,61;51,74306613;36,26601465
10029150;74,29;51,733373;36,268635
9180000;105;;
8427820;71,26;51,725513;36,264607
15937350;96,58;51,759188;36,195617
6512980;47,54;51,74306;36,26765
6268680;47,49;51,74306613;36,26601465
7743765;39,9;51,71743187;36,12808761
9768000;52,79;51,72429633;36,16913203
6360120;40,77;51,701582;36,159871
8288000;59,2;51,72331;36,120216
6332760;43,08;51,701582;36,159871
6683842;40,77;51,70281;36,15325
9007360;70,37;51,74287;36,26825
8721000;51,29;51,72429633;36,16913203
6107420;43;51,74306613;36,26601465
7997210;59,02;51,70143134;36,15535298
10045280;89,69;51,70143134;36,15535298
5040112;40,9;51,725301;36,264853
13180870;80,19;51,717072;36,130169
5599900;38,61;51,72331;36,120216
6679400;47,7;51,74306613;36,26601465
10521650;65,19;51,717072;36,130169
8353120;56,43;51,70036268;36,15518624
6105400;43,61;51,74306613;36,26601465
8621535;69,8;51,701582;36,159871
8985900;42,79;51,75910824;36,1955961
10721700;94,05;51,701582;36,159871
6336000;39,59;51,793511;36,19137
6170287;54,93;51,725513;36,264607
8924850;72,12;51,70281;36,15325
13585880;88,22;51,702701;36,15772
8994700;74;51,70147;36,15305
10982840;91,59;51,70147;36,15305
6661100;45,15;51,701582;36,159871
11917500;68,09;;
14159600;77,8;51,743976;36,202977
9333324;67,33;51,70128;36,15614
5798325;37,04;51,70211768;36,15484418
10745600;83,94;51,74306613;36,26601465
6977220;45,15;51,70211768;36,15484418
8177910;48,38;51,70201197;36,16007471
8140800;42,4;51,71735985;36,12666315
9136800;56,4;51,686534;36,153345
6570000;43,79;51,70206435;36,1557454
8427820;71,26;51,725513;36,264607
5631600;37,04;51,701582;36,159871
9668700;71,62;51,733373;36,268635
6270200;42,79;51,701638;36,15469852
5742750;37,04;51,701582;36,159871
6470385;44,47;51,701582;36,159871
10679400;69,8;51,79266587;36,19080014
9040395;69,8;51,701582;36,159871
4872015;40,77;51,725301;36,264853
9801200;91,59;51,701582;36,159871
6107075;40,84;51,701582;36,159871
6535760;42,43;51,701582;36,159871
8347185;72,26;51,701582;36,159871
5998590;51,27;51,74306613;36,26601465
5799880;47,54;51,743892;36,262796
6178170;40,77;51,701582;36,159871
6785100;50,25;51,733373;36,268635
12010000;64,19;51,717072;36,130169
9956000;65,5;51,793511;36,19137
4497790;26,37;51,701582;36,159871
8374225;71,26;51,725301;36,264853
6422850;40,77;51,701582;36,159871
8187400;62,97;51,70143134;36,15535298
9024110;82,79;51,743892;36,262796
5190021;40,77;51,725301;36,264853
5945600;37,15;51,72331;36,120216
5798325;37,04;51,701582;36,159871
5890950;37,04;51,701638;36,15469852
4579694;40,77;51,725513;36,264607
10121500;65,3;51,79266587;36,19080014
9065375;65,93;51,701582;36,159871
6198560;40,77;51,70206435;36,1557454
4889389;40,86;51,725513;36,264607
11074500;69;51,71745186;36,12955209
8636590;76,43;51,743892;36,262796
5388200;37,15;51,72331;36,120216
6528690;43,38;51,70206435;36,1557454
6300510;40,77;51,701582;36,159871
14301600;80,8;51,743976;36,202977
6360120;40,77;51,701582;36,159871
5388200;37,15;51,821038;36,157091
8154000;45,29;51,72429633;36,16913203
4737705;40,9;51,725513;36,264607
10161600;69,59;51,701582;36,159871
8061440;62,97;51,70143134;36,15535298
9655500;64,37;51,74306613;36,26601465
10430000;65,09;51,71744982;36,13114244
4595420;40,9;51,725513;36,264607
16227120;96,58;51,75910824;36,1955961
8364370;62,88;51,701582;36,159871
6318900;31,5;51,717072;36,130169
11586960;94,05;51,70144;36,15457
7691040;61,04;51,701582;36,159871
9148100;70,37;51,74306613;36,26601465
9897800;89,98;51,701582;36,159871
11661020;71,54;51,759188;36,195617
8965766;71,26;51,725301;36,264853
6726740;42,43;51,701582;36,159871
5022864;40,77;51,725301;36,264853
8401400;70,59;51,70143134;36,15535298
6970600;38,29;51,74398;36,20298
6361333;54,93;51,725513;36,264607
6441400;42,79;51,70211768;36,15484418
9724000;93,5;51,70211768;36,15484418
6350400;39,2;51,793511;36,19137
8427820;71,26;51,725513;36,264607
8778000;39,9;51,72429633;36,16913203
8288000;59,2;51,821038;36,157091
11390000;60,9;51,71743187;36,12808761
6361333;54,93;51,725513;36,264607
5771395;26,89;51,717072;36,130169
11107800;93,5;51,70147;36,15305
6239340;40,77;51,70211768;36,15484418
8107300;64,59;51,701582;36,159871
9745500;64,97;51,74287;36,26825
16632000;79,19;51,724353;36,172136
7908680;59,02;51,701582;36,159871
9339110;71,94;51,70281;36,15325
10533600;94,05;51,701582;36,159871
6665100;51,27;51,743892;36,262796
5207843;40,9;51,725301;36,264853
8187400;62,97;51,70143134;36,15535298
5872425;37,04;51,701582;36,159871
5040112;40,9;51,725301;36,264853
6676500;44,5;51,74416;36,26398
10355730;89,66;51,701582;36,159871
5778960;43,77;51,74306613;36,26601465
7051050;52,22;51,733373;36,268635
11254859;65,16;51,702701;36,15772
5935290;36,97;51,701638;36,15469852
7962500;45,5;;
5393250;39,95;51,733373;36,268635
11838665;80,8;51,70201197;36,16007471
4721492;40,77;51,725513;36,264607
6646305;43,86;51,701582;36,159871
8646795;64,76;51,70036268;36,15518624
10590000;56,59;51,717072;36,130169
5599900;38,61;51,821038;36,157091
12030000;75,09;51,71744982;36,13114244
6357780;37,04;51,70147;36,15305
9570720;75,36;51,743892;36,262796
4895372;40,9;51,725513;36,264607
8125920;66,87;51,701638;36,15469852
7557864;37,09;51,71743187;36,12808761
9314920;78,94;51,70036268;36,15518624
12000600;67,8;51,743976;36,202977
7254000;40,29;;
11001000;57;51,71735985;36,12666315
6841100;33,7;51,71743187;36,12808761
12414600;94,05;51,70143134;36,15535298
9344640;75,36;51,74287;36,26825
8045480;40,84;51,701582;36,159871
10888800;69,8;51,793511;36,19137
8232120;70,36;51,701582;36,159871
10533600;94,05;51,701582;36,159871
5388200;37,15;51,72331;36,120216
7063402;40,77;51,70144;36,15457
9154600;70,41;51,74287;36,26825
10186800;65,3;51,7927191;36,19131513
6774820;47,7;51,74306613;36,26601465
10424800;66,4;51,72429633;36,16913203
7131894;43,08;51,70144;36,15457
9339110;71,94;51,70281;36,15325
9314920;78,94;51,70036268;36,15518624
6873680;42,79;51,70199;36,15262
8092550;70,37;51,743892;36,262796
8771950;42,79;51,75916;36,1956
8694000;41,4;51,72429633;36,16913203
7388128;44,47;51,70281;36,15325
10254970;70,36;51,70144;36,15457
9655500;64,37;51,74416;36,26398
5946525;37,04;51,701582;36,159871
8811250;66,25;51,70036268;36,15518624
6567594;39,54;51,70281;36,15325
4872015;40,77;51,725301;36,264853
5033952;40,86;51,725301;36,264853
6707138;31,5;51,717072;36,130169
8963790;70,86;51,70281;36,15325
6439290;37,04;51,70281;36,15325
9686520;89,69;51,70143134;36,15535298
6382070;40,77;51,701582;36,159871
5599900;38,61;51,72331;36,120216
6193600;39,2;51,79266587;36,19080014
7874665;43,86;51,70143134;36,15535298
8771950;42,79;51,75916;36,1956
8374225;71,26;51,725301;36,264853
7724640;66,87;51,70211768;36,15484418
6311790;43,38;51,70206435;36,1557454
8288000;59,2;51,72331;36,120216
6797540;47,86;51,74306613;36,26601465
9520000;58,29;51,71744982;36,13114244
8970984;67,68;51,70199;36,15262
5071770;28,2;51,70144;36,15457
6573033;54,93;51,725513;36,264607
9547650;90,93;51,701582;36,159871
9022909;72,26;51,70199;36,15262
6333360;47,97;51,74306613;36,26601465
6402460;40,77;51,701638;36,15469852
4878619;40,77;51,725513;36,264607
9788713;67,93;51,70128;36,15614
9188432;56,43;51,70128;36,15614
5861330;36,97;51,701638;36,15469852
8325856;61,04;51,70147;36,15305
6026110;36,97;51,701582;36,159871
7232820;70,91;51,743892;36,262796
6332760;43,08;51,701582;36,159871
5742750;37,04;51,70206435;36,1557454
10160040;71,59;51,702701;36,15772
4950995;26,69;51,701582;36,159871
5524200;41,84;51,74306;36,26765
5190021;40,77;51,725301;36,264853
5890950;37,04;51,701582;36,159871
5742750;37,04;51,70206435;36,1557454
5785230;28,2;51,70144;36,15457
6482400;43,79;51,70206435;36,1557454
12721440;81,59;51,71745186;36,12955209
5872425;37,04;51,70211768;36,15484418
5803650;42,99;51,733373;36,268635
11689650;86,58;51,733373;36,268635
8177000;74;51,701582;36,159871
6223283;37,97;51,70281;36,15325
8374225;71,26;51,725301;36,264853
6812100;50,45;51,733373;36,268635
11210000;59,9;51,71743187;36,12808761
8290620;70,86;51,70206435;36,1557454
8288000;59,2;51,72331;36,120216
5935290;36,97;51,701582;36,159871
5157290;26,37;51,70143134;36,15535298
4580300;28,1;51,68814231;36,15447795
11283261;92,41;51,70128;36,15614
9119880;67,68;51,70199;36,15262
8288000;59,2;51,72331;36,120216
7192416;44,47;51,70281;36,15325
6963100;35,79;51,730617;36,192605
6117000;40,77;51,70206435;36,1557454
5207843;40,9;51,725301;36,264853
9747950;62,88;51,70143134;36,15535298
9801200;91,59;51,701582;36,159871
10702461;90,93;51,70199;36,15262
5033952;40,86;51,725301;36,264853
9216480;44,31;51,75916;36,1956
6011600;39,54;51,70206435;36,1557454
8721000;51,29;51,72429633;36,16913203
8432340;70,86;51,701582;36,159871
10755900;70,3;51,793511;36,19137
11689650;86,58;51,733373;36,268635
6357480;51,27;51,743892;36,262796
9911370;90,93;51,701582;36,159871
5022864;40,77;51,725301;36,264853
7858400;66,87;51,701582;36,159871
7918535;43,86;51,70143134;36,15535298
8771950;42,79;51,75910824;36,1955961
9801200;91,59;51,701582;36,159871
5807700;43,02;51,733373;36,268635
4878619;40,77;51,725513;36,264607
14341800;69,95;51,75916;36,1956
10207680;69,44;51,743892;36,262796
11324000;62,45;51,724353;36,172136
10508875;94,25;51,70143134;36,15535298
6300510;40,77;51,701582;36,159871
5816850;37,04;51,701638;36,15469852
4932807;27,94;51,70281;36,15325
11661020;71,54;51,75916;36,1956
6773558;40,77;51,70281;36,15325
8723715;70,06;51,701582;36,159871
5816850;37,04;51,701638;36,15469852
6131400;37,15;51,72331;36,120216
10112000;63,2;51,72429633;36,16913203
7275180;43,79;51,70281;36,15325
4579694;40,7;51,725513;36,264607
5664600;41,95;51,733373;36,268635
8761155;69,8;51,70211768;36,15484418
8107300;64,59;51,70143134;36,15535298
6828150;46,45;51,743892;36,262796
9343620;64,34;51,70128;36,15614
6107420;43;51,74306613;36,26601465
6259730;40,77;51,70211768;36,15484418
9262000;42,09;51,72426;36,16924
9796800;61,22;51,821038;36,157091
6262014;36,02;51,70147;36,15305
7992160;66,87;51,701582;36,159871
6242320;43,95;51,74306613;36,26601465
6398600;42,79;51,701638;36,15469852
9692375;66,25;51,70128;36,15614
9136800;56,7;51,687043;36,154206
7026750;52,04;51,733373;36,268635
5782815;36,02;51,701582;36,159871
6749670;47,86;51,74306613;36,26601465
8791376;66,87;51,70147;36,15305
10481350;64,59;51,70144;36,15457
8993460;65,16;51,70201197;36,16007471
7681640;42,43;51,701582;36,159871
10301385;67,11;51,70036268;36,15518624
15072200;80,59;51,743976;36,202977
6317200;46,45;51,743892;36,262796
8742900;57,9;51,687647;36,139976
6127500;40,84;51,70206435;36,1557454
8228000;48,4;51,701582;36,159871
8130350;71,94;51,701582;36,159871
8430000;67,44;51,74306;36,26765
10319400;70,19;51,7927191;36,19131513
7063402;40,77;51,70144;36,15457
9219960;85,37;51,701582;36,159871
4878619;40,77;51,725513;36,264607
6900000;37,29;51,71744982;36,13114244
7259362;42,43;51,70144;36,15457
7771852;40,84;51,70128;36,15614
8933515;65,93;51,70143134;36,15535298
6886900;45,15;51,70211768;36,15484418
6908132;40,77;51,70147;36,15305
8202645;72,26;51,701582;36,159871
5894960;47,54;51,743892;36,262796
11098200;69,8;51,7927191;36,19131513
5613660;47,97;51,74306613;36,26601465
8325000;74;51,70211768;36,15484418
11210000;59,9;51,71743187;36,12808761
5806350;43;51,74287;36,26825
6963100;35,79;51,71743187;36,12808761
10193500;70,3;51,7927191;36,19131513
13571520;84,4;51,71745186;36,12955209
8621535;69,8;51,70211768;36,15484418
9483688;69,8;51,70147;36,15305
7383321;43,86;51,70144;36,15457
8994700;74;51,70147;36,15305
8652178;71,26;51,725301;36,264853
7156500;47,7;51,74287;36,26825
7254000;40,29;51,72429633;36,16913203
8895925;75,7;51,701582;36,159871
7700000;44;;
12431111;84,97;51,70128;36,15614
5388200;37,15;51,72331;36,120216
9402400;83,94;51,74287;36,26825
7962500;45,5;51,72426;36,16924
5946525;37,04;51,70211768;36,15484418
11637000;86,19;51,733373;36,268635
4889389;40,86;51,725513;36,264607
10215053;59,9;51,730617;36,192605
10104300;92,69;51,701638;36,15469852
9077300;42,22;51,75916;36,1956
6641860;42,43;51,70143134;36,15535298
5599900;38,61;51,72331;36,120216
6333360;47,97;51,74306;36,26765
7683006;39,9;51,730617;36,192605
9266140;59,02;51,701582;36,159871
6767376;54,93;51,725301;36,264853
6483540;43,08;51,701582;36,159871
8761155;69,8;51,70211768;36,15484418
5599900;38,61;51,72331;36,120216
7428660;72,83;51,743892;36,262796
4888745;40,9;51,725301;36,264853
6952990;40,77;51,70147;36,15305
8965766;71,26;51,725301;36,264853
8789450;76,43;51,743892;36,262796
6089160;39,54;51,701582;36,159871
6290900;40,84;51,70206435;36,1557454
6117000;40,77;51,70206435;36,1557454
6360120;40,77;51,70143134;36,15535298
6620640;42,43;51,701582;36,159871
7706396;36,97;51,70144;36,15457
5956940;27,7;51,71743187;36,12808761
8432340;70,86;51,70206435;36,1557454
5201478;40,86;51,725301;36,264853
6127500;40,84;51,701582;36,159871
10087000;65,5;51,7927191;36,19131513
11024000;68,9;51,72429633;36,16913203
5388200;37,15;51,821038;36,157091
7335064;43,86;51,70144;36,15457
6259730;40,77;51,70211768;36,15484418
16270000;87;51,717072;36,130169
6390351;37,97;51,70281;36,15325
8472000;70,59;51,70143134;36,15535298
6992589;54,93;51,725301;36,264853
9618000;91,59;51,70211768;36,15484418
9295650;59,02;51,701582;36,159871
10263800;70,3;51,7927191;36,19131513
5388200;37,15;51,821038;36,157091
6908132;40,77;51,70199;36,15262
9626760;64,34;51,70128;36,15614
6707138;31,5;51,71743187;36,12808761
6683842;40,77;51,70281;36,15325
6843150;50,68;51,733373;36,268635
13203450;67,7;51,75916;36,1956
5040112;40,9;51,725301;36,264853
7987200;51,2;51,79266587;36,19080014
6797540;47,86;51,74306613;36,26601465
10702461;90,93;51,70199;36,15262
6564135;54,93;51,725301;36,264853
10639420;70,59;51,70144;36,15457
12582375;94,25;51,70143134;36,15535298
12805620;90,81;51,70201197;36,16007471
6229625;40,84;51,701582;36,159871
6583040;44,47;51,701582;36,159871
9248030;76,43;51,74306613;36,26601465
6360120;40,77;51,70143134;36,15535298
11586960;94,05;51,70144;36,15457
4595420;40,9;51,725513;36,264607
4895372;40,9;51,725513;36,264607
9550590;64,97;51,743892;36,262796
10579800;91,59;51,70147;36,15305
10712965;75,7;51,70143134;36,15535298
8039675;65,62;51,701638;36,15469852
13203450;67,7;51,75910824;36,1955961
11114730;92,69;51,70199;36,15262
6653930;47,86;51,74287;36,26825
6767640;51,27;51,74306613;36,26601465
6141440;47,97;51,743892;36,262796
5974570;43,61;51,743892;36,262796
8427820;71,26;51,725513;36,264607
6131400;37,15;51,72331;36,120216
7109080;42,79;51,70199;36,15262
5742750;37,04;51,70206435;36,1557454
6841100;33,7;51,717072;36,130169
5822740;43,77;51,743892;36,262796
8721000;51,29;51,72429633;36,16913203
4871339;27,94;51,70281;36,15325
4579694;40,77;51,725513;36,264607
12350800;88,22;51,701582;36,159871
4870925;26,69;51,701582;36,159871
6382070;40,77;51,70211768;36,15484418
7951810;70,37;51,743892;36,262796
6264600;39,29;51,793511;36,19137
6541177;37,04;51,70199;36,15262
8530220;72,29;51,74287;36,26825
9248030;76,43;51,74306;36,26765
4872015;40,77;51,725301;36,264853
6564135;54,93;51,725301;36,264853
14530000;77,69;51,71743187;36,12808761
11288300;71,9;51,71745186;36,12955209
9443500;93,5;51,70211768;36,15484418
4895372;40,9;51,725513;36,264607
5207843;40,9;51,725301;36,264853
9483688;69,8;51,70147;36,15305
6863274;40,77;51,70281;36,15325
11083713;64,3;51,71745186;36,12955209
6769700;51,2;51,687043;36,154206
5201478;40,86;51,725301;36,264853
5190021;40,77;51,725301;36,264853
8942310;76,43;51,743892;36,262796
6977220;45,15;51,701582;36,159871
6341280;36,02;51,70147;36,15305
8898830;67,93;51,701582;36,159871
8655510;70,37;51,743892;36,262796
10112000;63,2;51,72429633;36,16913203
9729500;88,44;51,701582;36,159871
6127500;40,84;51,70206435;36,1557454
9729510;90,93;51,701582;36,159871
10902507;90,93;51,70147;36,15305
6300510;40,77;51,701638;36,15469852
6360120;40,77;51,70143134;36,15535298
6573033;54,93;51,725513;36,264607
10852490;89,69;51,70144;36,15457
4788960;27,2;51,70201197;36,16007471
6701800;47,86;51,74287;36,26825
9180000;51;51,72426;36,16924
10689000;71,26;51,74306613;36,26601465
16903250;96,58;51,75910824;36,1955961
6569255;39,54;51,70281;36,15325
12205375;94,25;51,701582;36,159871
8530220;72,29;51,74287;36,26825
7023990;51,27;51,74306613;36,26601465
5242620;26,68;51,70143134;36,15535298
5599900;38,61;51,72331;36,120216
6411150;47,49;51,743892;36,262796
7549080;39,9;51,71745186;36,12955209
6617800;40,59;51,79266587;36,19080014
8077440;72,12;51,70206435;36,1557454
9547650;90,93;51,701582;36,159871
6360120;40,77;51,701582;36,159871
10503200;69,09;51,701582;36,159871
5190021;40,77;51,725301;36,264853
6973708;40,77;51,70144;36,15457
8801655;65,93;51,70143134;36,15535298
10257720;89,98;51,70143134;36,15535298
10887580;89,98;51,70144;36,15457
6341280;36,02;51,70147;36,15305
8473000;74;51,70211768;36,15484418
8667087;59,02;51,70144;36,15457
9397700;72,29;51,74287;36,26825
10762840;88,22;51,70201197;36,16007471
10245070;84,66;51,70147;36,15305
6816150;50,49;51,733373;36,268635
9108540;72,29;51,74306613;36,26601465
9768000;52,79;51,72426;36,16924
6594000;43,95;51,74306613;36,26601465
9552600;88,44;51,701582;36,159871
10521650;65,19;51,71745186;36,12955209
10909800;94,05;51,70143134;36,15535298
8325000;74;51,701582;36,159871
6641860;42,43;51,70143134;36,15535298
9604140;70,36;51,701582;36,159871
6683842;40,77;51,70281;36,15325
9910439;75,7;51,70144;36,15457
9618000;91,59;51,701582;36,159871
11075641;65,16;51,702701;36,15772
9769220;82,79;51,74287;36,26825
6268680;47,49;51,74306613;36,26601465
4737705;40,9;51,725513;36,264607
6573260;47,97;51,74306613;36,26601465
6332760;43,08;51,70143134;36,15535298
6654582;39,54;51,70281;36,15325
6840845;40,77;51,70199;36,15262
10640000;64,19;51,71744982;36,13114244
11769300;87,18;51,733373;36,268635
5201478;40,86;51,725301;36,264853
8260200;70,59;51,70143134;36,15535298
8408400;58,79;51,686744;36,153487
6398600;42,79;51,701582;36,159871
7721600;50,79;51,686744;36,153487
9253120;72,29;51,74306613;36,26601465
9319200;70,59;51,70144;36,15457
5189400;41,84;51,743892;36,262796
7650104;45,15;51,70147;36,15305
8652178;71,26;51,725301;36,264853
10819000;69,8;51,79266587;36,19080014
6830120;40,84;51,70147;36,15305
6774820;47,7;51,74306613;36,26601465
4737705;40,9;51,725513;36,264607
4595420;40,9;51,725513;36,264607
7782400;51,2;51,687043;36,154206
8202645;72,26;51,701638;36,15469852
13602350;81,5;51,71745186;36,12955209
6422850;40,77;51,70211768;36,15484418
6656850;49,31;51,733373;36,268635
7238550;43,86;51,70144;36,15457
5273100;41,84;51,743892;36,262796
11533000;60,7;;
4579694;40,77;51,725513;36,264607
7550752;45,15;51,70147;36,15305
6389600;39,2;51,793511;36,19137
6899050;44,5;51,74416;36,26398
9750180;80,58;51,70143134;36,15535298
6573033;54,93;51,725513;36,264607
8288000;59,2;51,72331;36,120216
8427820;71,26;51,725513;36,264607
9724000;93,5;51,70211768;36,15484418
8789450;76,43;51,743892;36,262796
6870000;35,79;51,71744982;36,13114244
8178010;76,43;51,743892;36,262796
8427820;71,26;51,725513;36,264607
7228680;40,84;51,701582;36,159871
10409800;83,94;51,74287;36,26825
9120600;56,7;51,687043;36,154206
9796800;61,22;51,821038;36,157091
8933780;75,7;51,70143134;36,15535298
8288000;59,2;51,72331;36,120216
9390000;57,9;51,71744982;36,13114244
7444300;49,9;51,687043;36,154206
6045300;44,77;51,733373;36,268635
6765520;44,5;51,743892;36,262796
9483688;69,8;51,70147;36,15305
4579694;40,77;51,725513;36,264607
6975419;40,77;51,70199;36,15262
8655100;42,22;51,75910824;36,1955961
5742750;37,04;51,70206435;36,1557454
4737705;40,9;51,725513;36,264607
8432340;70,86;51,70206435;36,1557454
4895372;40,9;51,725513;36,264607
8290800;67,68;51,701582;36,159871
6683842;40,77;51,70281;36,15325
8859312;67,68;51,70147;36,15305
4579694;40,77;51,725513;36,264607
4888745;40,9;51,725301;36,264853
9849600;72,95;51,733373;36,268635
5190021;40,77;51,725301;36,264853
13642200;69,95;51,75916;36,1956
6336000;39,59;51,79266587;36,19080014
6573260;47,97;51,74306613;36,26601465
8294400;51,2;51,7927191;36,19131513
8299900;49,7;51,74398;36,20298
11697400;89,98;51,701582;36,159871
13642200;69,95;51,759188;36,195617
6594000;43,95;51,74287;36,26825
7928415;42,15;51,702701;36,15772
6382070;40,77;51,701582;36,159871
9169875;64,34;51,70201197;36,16007471
8670550;70,77;51,70143134;36,15535298
4721492;40,77;51,725513;36,264607
4721492;40,77;51,725513;36,264607
6268680;47,49;51,743872;36,262736
10045280;89,69;51,70143134;36,15535298
5524200;41,84;51,743872;36,262736
4872015;40,77;51,725301;36,264853
7195500;36,9;51,717072;36,130169
7795860;76,43;51,74306613;36,26601465
8901728;66,87;51,70199;36,15262
7388128;44,47;51,70281;36,15325
7187840;40,84;51,70036268;36,15518624
5051770;26,37;51,70143134;36,15535298
4589803;40,86;51,725513;36,264607
6127500;40,84;51,701582;36,159871
6773558;40,77;51,70199;36,15262
8473000;74;51,701582;36,159871
8178010;76,43;51,743892;36,262796
6393025;40,84;51,701638;36,15469852
5190021;40,77;51,725301;36,264853
4895372;40,9;51,725513;36,264607
6402460;40,77;51,701582;36,159871
8313360;62,97;51,70143134;36,15535298
6460020;51,27;51,743892;36,262796
8644240;66,87;51,70147;36,15305
6229625;40,84;51,701582;36,159871
6658400;40,59;51,793511;36,19137
8491200;69,59;51,701582;36,159871
7165994;42,43;51,70144;36,15457
8652178;71,26;51,725301;36,264853
10231690;65,16;51,70201197;36,16007471
7098000;40,56;51,70036268;36,15518624
5201478;40,86;51,725301;36,264853
8288000;59,2;51,72331;36,120216
8091720;70,98;51,70206435;36,1557454
5040112;40,9;51,725301;36,264853
8155440;67,68;51,701582;36,159871
10157950;83,94;51,743892;36,262796
6760960;44,47;51,70206435;36,1557454
11611000;68,3;51,72429633;36,16913203
7087564;40,77;51,70199;36,15262
14246720;84,4;51,717072;36,130169
4872015;40,77;51,725301;36,264853
7542450;40,77;51,70143134;36,15535298
7180500;47,86;51,74306613;36,26601465
13642200;69,95;51,75910824;36,1955961
8275940;68,68;51,701638;36,15469852
8330800;70,59;51,70143134;36,15535298
8427820;71,26;51,725513;36,264607
15937350;96,58;51,75910824;36,1955961
7282704;42,43;51,70144;36,15457
5802720;43,95;51,743892;36,262796
6192620;43,61;51,74306613;36,26601465
5274810;27,26;51,70143134;36,15535298
8977500;51,29;51,72429633;36,16913203
8761155;69,8;51,701582;36,159871
6387220;42,43;51,70143134;36,15535298
6767640;51,27;51,74306613;36,26601465
8061440;62,97;51,70143134;36,15535298
8211000;51;51,79266587;36,19080014
10071600;65,4;51,793511;36,19137
7155000;31,79;51,75916;36,1956
8530220;72,29;51,74306613;36,26601465
8965766;71,26;51,725301;36,264853
14830000;79,3;51,717072;36,130169
5207843;40,9;51,725301;36,264853
6401000;37;51,687647;36,139976
5388200;37,15;51,821038;36,157091
4737705;40,9;51,725513;36,264607
8900892;70,98;51,70281;36,15325
4870925;26,69;51,70036268;36,15518624
6422850;40,77;51,701582;36,159871
6117000;40,77;51,701582;36,159871
9984400;91,59;51,701638;36,15469852
5528250;40,95;51,733373;36,268635
9180820;71,94;51,70281;36,15325
6259730;40,77;51,701582;36,159871
9058630;65,16;51,701582;36,159871
8288000;59,2;51,72331;36,120216
4895372;40,9;51,725513;36,264607
4721492;40,77;51,725513;36,264607
11370491;64,3;51,730617;36,192605
7896150;58,49;51,733373;36,268635
8912354;41,97;51,70128;36,15614
6422850;40,77;51,701582;36,159871
7165994;42,43;51,70144;36,15457
12526350;67,7;51,75916;36,1956
7259362;42,43;51,70144;36,15457
10190180;71,26;51,74416;36,26398
9274860;90,93;51,70211768;36,15484418
6765520;44,5;51,743892;36,262796
8133047;71,26;51,725513;36,264607
6520800;37,04;51,70147;36,15305
5691600;41,84;51,74306;36,26765
9790000;60;51,71744982;36,13114244
6560000;34,59;51,71744982;36,13114244
9108540;72,29;51,74287;36,26825
6830120;40,84;51,70199;36,15262
12867140;89,98;51,70144;36,15457
5657260;47,54;51,743892;36,262796
4721492;40,77;51,725513;36,264607
7683006;39,9;51,71743187;36,12808761
8427820;71,26;51,725513;36,264607
10136250;66,25;51,70036268;36,15518624
5816850;37,04;51,701582;36,159871
6363660;47,49;51,74306;36,26765
8747640;67,68;51,70147;36,15305
8636590;76,43;51,74306613;36,26601465
6973708;40,77;51,70144;36,15457
6360120;40,77;51,701582;36,159871
7254000;40,29;51,72429633;36,16913203
6393025;40,84;51,701582;36,159871
5763340;43;51,743892;36,262796
10887580;89,98;51,70144;36,15457
14301600;80,8;51,74398;36,20298
7879170;59,02;51,701582;36,159871
7156500;47,7;51,74306613;36,26601465
12805620;90,81;51,70201197;36,16007471
11236500;68,09;51,74398;36,20298
11049808;89,69;51,70144;36,15457
4809871;27,94;51,70281;36,15325
8375640;70,98;51,701582;36,159871
7536690;51,27;51,74306613;36,26601465
11149875;66,25;51,70128;36,15614
7890480;67,44;51,743892;36,262796
8564380;70,77;51,701582;36,159871
7772400;50,79;51,686534;36,153345
6796580;45,15;51,70211768;36,15484418
8747640;67,68;51,70147;36,15305
8288000;59,2;51,72331;36,120216
7460910;40,77;51,701582;36,159871
6341290;40,77;51,701582;36,159871
5599900;38,61;51,72331;36,120216
6417900;47,54;51,743892;36,262796
6641860;42,43;51,701582;36,159871
6653930;47,86;51,74287;36,26825
8652178;71,26;51,725301;36,264853
