price;area;lat;lon
5393601;53,99;52,620773;39,591333
7236520;64,04;52,602819;39,558893
9807074;92,66;52,619603;39,624768
7965750;64,5;52,5761;39,50177
6067600;61,59;52,63533143;39,54177508
6443360;24,63;52,597707;39,601511
6339052;55,06;52,63364523;39,56425857
6332647;55,11;52,63300906;39,56453794
5375000;43,7;52,62299;39,58601
7310160;62,47;52,636406;39,542015
4114161;37,7;52,6228;39,58424
5376000;44,79;52,62328;39,58497
10895725;108,25;52,619963;39,624971
3924628;36,2;52,633745;39,565232
4267405;36,11;52,6329;39,56678
9234225;81,9;52,57706958;39,50057325
6846020;72,83;52,638347;39,53797
6039000;49,09;52,623834;39,585435
4515798;40,83;52,62261885;39,58430216
5166720;49,68;52,597499;39,4902
3848735;36,83;52,620773;39,591333
5781000;47;52,623834;39,585435
6127374;42,36;52,58706035;39,56453832
9300000;136,3;52,678413;39,695933
5719500;62,09;52,54085;39,57215
4177143;36,34;52,63448;39,56571
6630600;64,25;52,63075;39,54923
4413717;40,52;52,620773;39,591333
4162200;36,2;52,63458;39,56667
6716000;57,9;52,62271046;39,58502373
5593554;41,22;52,620773;39,591333
7432230;67,26;52,586995;39,564195
4680320;41,2;52,63048247;39,54784331
5820800;54,4;52,630335;39,547947
4630000;37,04;52,60294598;39,56027455
4812000;40;52,59441;39,59146
4599431;42,25;52,633745;39,565232
7797000;69;52,62299;39,58601
3943200;37,2;52,63533143;39,54177508
5336000;44,09;52,62271046;39,58502373
5263000;42,09;52,623834;39,585435
7865000;67,8;52,623834;39,585435
5909255;55,11;52,633745;39,565232
6795506;55,7;52,631897;39,562829
3015352;27,14;52,633745;39,565232
6617750;64,25;52,630335;39,547947
8351000;73,9;52,62231;39,58559
6005415;44,84;52,620773;39,591333
4193575;38,93;52,6228;39,58424
4684305;39,52;52,60258;39,560098
7005654;74,37;52,620773;39,591333
7895000;85;52,54085;39,57215
5924685;44,84;52,620773;39,591333
7099000;61,2;52,62271046;39,58502373
6273000;51;52,62231;39,58559
5393601;53,99;52,620773;39,591333
4484720;36,75;52,60258;39,560098
4116828;34,83;52,63297;39,56748
6128000;66,3;52,54085;39,57215
8351000;73,9;52,62257987;39,58602151
4944840;37,04;52,586995;39,564195
6128000;66,3;52,54085;39,57215
6067200;94,8;52,636642;39,512653
3475500;32,59;52,541483;39,572145
7802949;59,61;52,58706035;39,56453832
10239431;92,47;52,619963;39,624971
5970600;55,79;52,630335;39,547947
6553500;64,25;52,630335;39,547947
4322800;40,4;52,63573286;39,54146395
9965921;90;52,619963;39,624971
5446418;50,38;52,6329;39,56678
4707930;41,7;52,57399;39,50767
5929000;48,2;52,62257987;39,58602151
4718520;36,72;52,60291986;39,55890126
3439500;37,5;52,54085;39,57215
6715595;63,88;52,63331;39,56576
7767336;61,66;52,58706035;39,56453832
8102780;65,77;52,631291;39,562362
5438020;43,4;52,576237;39,502417
5263000;42,09;52,623834;39,585435
4903530;41,38;52,586995;39,564195
4032139;35,79;52,63409237;39,5640279
4200401;37,04;52,63458;39,56667
11964650;44,15;52,597707;39,601511
3772500;37,2;52,541483;39,572145
6716000;57,9;52,623834;39,585435
4704570;40,2;52,636406;39,542015
5686996;41,24;52,62261885;39,58430216
3864297;34;52,63319836;39,5649671
6055350;55,29;52,63090842;39,54871636
7227000;62,29;52,623834;39,585435
4219343;39,47;52,620773;39,591333
3938152;34,65;52,63409237;39,5640279
7144950;62,13;52,680905;39,475198
8351000;73,9;52,623834;39,585435
6544720;62,93;52,60258;39,560098
7705400;65,3;52,59139803;39,56682564
4503100;36,75;52,60323;39,55946
5043000;40,9;52,623834;39,585435
4155252;35,84;52,63319836;39,5649671
7402995;60,93;52,60258;39,560098
6634217;61,18;52,63458;39,56667
6039000;49,09;52,62231;39,58559
5959350;20,9;52,597707;39,601511
4263200;37,15;52,63297;39,56748
8351000;73,9;52,62257987;39,58602151
7865000;67,8;52,62257987;39,58602151
7842000;69,4;52,62299;39,58601
6328800;58,59;52,630335;39,547947
5651510;19,96;52,597707;39,601511
4682500;46,29;52,541483;39,572145
5579168;52,13;52,6329;39,56678
6125100;60,04;52,630335;39,547947
7592670;27,65;52,59786355;39,6013918
5560000;45,2;52,62299;39,58601
5310000;58,79;52,62653;39,60886
6579230;64,81;52,60258;39,560098
6138000;49,9;52,62231;39,58559
4117083;36,27;52,63448;39,56571
6194500;61,59;52,7203598;39,80213928
5190900;39;52,57662716;39,50169424
7343000;63,29;52,623834;39,585435
4774650;41,7;52,608948;39,599023
7299600;61,59;52,602819;39,558893
4944840;37,04;52,58727345;39,56471851
4381831;40,99;52,620773;39,591333
5242303;44,34;52,63331;39,56576
4166406;38,66;52,633745;39,565232
7786290;27,65;52,597707;39,601511
6086000;50,29;52,62284757;39,58550653
5470201;50,59;52,63319836;39,5649671
4953555;40,77;52,60323;39,55946
5101980;54,86;52,638347;39,53797
7996179;71,9;52,57706958;39,50057325
3928946;35,09;52,63297;39,56748
5417800;41,2;52,620773;39,591333
9715200;70,4;52,63218211;39,56198439
5709939;53,75;52,63364523;39,56425857
9141654;87,13;52,63409237;39,5640279
3624705;27,98;52,586995;39,564195
3380940;28,7;52,63458;39,56667
7342500;72,9;52,541483;39,572145
5609000;45,59;52,623834;39,585435
6629410;60,52;52,63458;39,56667
5995015;57,06;52,633745;39,565232
7656120;70,88;52,586995;39,564195
6901440;58,24;52,60323;39,55946
6109000;65,9;52,54085;39,57215
6261000;50,9;52,62231;39,58559
3938152;34,65;52,63458;39,56667
3610710;27,98;52,586995;39,564195
7144950;62,13;52,680905;39,475198
4369329;39,47;52,6228;39,58424
6794180;55,68;52,601339;39,581004
3321419;28,72;52,63448;39,56571
4717400;41,2;52,63048247;39,54784331
7024550;69,55;52,630335;39,547947
3992235;38,34;52,620773;39,591333
8445000;75;52,59441;39,59146
7088000;61,09;52,623834;39,585435
8351000;73,9;52,62257987;39,58602151
6039000;49,09;52,62231;39,58559
6117210;55,11;52,58294632;39,5436626
8534718;71,51;52,58706035;39,56453832
4941640;40,84;52,60294598;39,56027455
6138000;49,9;52,62257987;39,58602151
4354825;40,41;52,6228;39,58424
8720490;87,23;52,622125;39,581288
9244256;87,13;52,633745;39,565232
8355750;85,69;52,591416;39,566485
4787413;41,84;52,63458;39,56667
4150802;36,25;52,63458;39,56667
6062218;56,65;52,633745;39,565232
6516964;64,91;52,620773;39,591333
5875200;54,4;52,630335;39,547947
9942468;99,25;52,63218211;39,56198439
5365689;38,9;52,6228;39,58424
6128000;66,3;52,54085;39,57215
4363841;37,04;52,63409237;39,5640279
6011200;54,4;52,63048247;39,54784331
5412540;41,13;52,620773;39,591333
3943000;43,09;52,54085;39,57215
9300000;136,3;52,678413;39,695933
35466200;253,33;52,612533;39,625666
8114000;73,09;52,62328;39,58497
6128000;66,3;52,54085;39,57215
6093162;55,06;52,63345;39,56662
4413717;40,52;52,620773;39,591333
7770000;70;52,62271046;39,58502373
4000000;43,7;52,54085;39,57215
4671744;42,24;52,62261885;39,58430216
10715000;98,3;52,62257987;39,58602151
5784000;47,79;52,623834;39,585435
3979515;36,5;52,633745;39,565232
6088500;22,54;52,597707;39,601511
6093805;54,63;52,63297;39,56748
6150000;50;52,623834;39,585435
7227537;61,72;52,631897;39,562829
3444722;30,2;52,63448;39,56571
6373462;57,02;52,633745;39,565232
5047120;54,86;52,638347;39,53797
5644232;41,38;52,58706035;39,56453832
6759540;66,26;52,60294598;39,56027455
7908023;65,62;52,63218211;39,56198439
5556963;40,83;52,62261885;39,58430216
3916000;40,09;52,7203598;39,80213928
5724000;47,9;52,623834;39,585435
11655600;44,15;52,597707;39,601511
6015000;48,9;52,623834;39,585435
6694850;64,25;52,63075;39,54923
4889742;41,7;52,57706958;39,50057325
5129000;41,7;52,62328;39,58497
6488505;64,91;52,62261885;39,58430216
5700000;47,9;52,623834;39,585435
6581000;55,29;52,62328;39,58497
4106625;34,95;52,63048247;39,54784331
3673600;32,79;52,630335;39,547947
7770000;70;52,62271046;39,58502373
5376000;44,79;52,62271046;39,58502373
5365689;38,9;52,62261885;39,58430216
7330954;65,93;52,622125;39,581288
4602243;42,41;52,633745;39,565232
7483980;72,09;52,57399;39,50767
6403107;57,29;52,63366808;39,56350218
7462500;75;52,60294598;39,56027455
4474320;41,13;52,62261885;39,58430216
7752600;65,69;52,59139803;39,56682564
5523000;44,9;52,62284757;39,58550653
4249917;37,7;52,62261885;39,58430216
4284123;39,4;52,633745;39,565232
7144950;62,13;52,680905;39,475198
6726975;64,25;52,63075;39,54923
4771800;39,59;52,60294598;39,56027455
5760000;47,59;52,62299;39,58601
6740330;63,95;52,63090842;39,54871636
5356315;39,52;52,586995;39,564195
7071330;66,9;52,6307;39,54897
3626000;39,34;52,62653;39,60886
7727500;79,9;52,7203598;39,80213928
5523000;44,9;52,62284757;39,58550653
4324320;36,95;52,636406;39,542015
5612764;41,24;52,6228;39,58424
4007595;37,63;52,620773;39,591333
9649718;87,43;52,63409237;39,5640279
7088000;61,09;52,62328;39,58497
3564480;31,01;52,63331;39,56576
7996891;71,75;52,619963;39,624971
5964741;52,88;52,63364523;39,56425857
5256000;43,79;52,58727345;39,56471851
6128000;66,3;52,54085;39,57215
6773690;64,81;52,60323;39,55946
4337970;31,78;52,58727345;39,56471851
4321780;30,76;52,58727345;39,56471851
5584500;43,79;52,586995;39,564195
7251489;73,91;52,6228;39,58424
4354259;38,65;52,63422292;39,56361484
7471170;70,34;52,63075;39,54923
4000000;43,9;52,54085;39,57215
6726975;64,25;52,63075;39,54923
3772500;37,2;52,541483;39,572145
4061190;34,95;52,63075;39,54923
5547000;45,09;52,62299;39,58601
5724000;48,09;52,62328;39,58497
4494777;40,52;52,6228;39,58424
5973255;54,63;52,63297;39,56748
4182039;37,7;52,62261885;39,58430216
6148350;52,54;52,680905;39,475198
4039786;35,52;52,63297;39,56748
6773190;72,83;52,638347;39,53797
3889760;30,2;52,576237;39,502417
5709939;53,75;52,63345;39,56662
6944795;63,72;52,63422292;39,56361484
4247884;36,91;52,63422292;39,56361484
4953300;39,5;52,59441;39,59146
4484457;40,5;52,620773;39,591333
5375000;43,7;52,62299;39,58601
5295651;38,9;52,62261885;39,58430216
8513750;69,5;52,5761;39,50177
10895725;108,25;52,61969442;39,62473581
3681600;38,34;52,638347;39,53797
6436320;60,52;52,633745;39,565232
4669500;41,25;52,6307;39,54897
5914800;55,79;52,630335;39,547947
8766387;87,69;52,622125;39,581288
7814920;67,37;52,602819;39,558893
6015000;48,9;52,623834;39,585435
6289268;61,72;52,620773;39,591333
4942359;47,97;52,633745;39,565232
4372007;36,91;52,63409237;39,5640279
3288391;28,64;52,63409237;39,5640279
8173220;84,26;52,60294598;39,56027455
5365689;38,9;52,6228;39,58424
4431141;39,84;52,63422292;39,56361484
6067200;94,8;52,636642;39,512653
6109000;65,9;52,54085;39,57215
4736048;42,52;52,633745;39,565232
5501581;53,99;52,62261885;39,58430216
24948000;162;52,612533;39,625666
6176000;51,9;52,62271046;39,58502373
5031000;40,9;52,623834;39,585435
9691478;86,68;52,61969442;39,62473581
4764375;41,25;52,63090842;39,54871636
5909220;55,79;52,63090842;39,54871636
6579276;60,04;52,633745;39,565232
3531000;38,5;52,62653;39,60886
6143049;56,08;52,63366808;39,56350218
4065743;36,11;52,633745;39,565232
7144950;62,13;52,636406;39,542015
6612430;63,95;52,63090842;39,54871636
6067200;94,8;52,636642;39,512653
5104006;43,18;52,63345;39,56662
8850000;75;52,591416;39,566485
4803140;37,81;52,60381;39,50336
3129508;27,4;52,63297;39,56748
6237810;57,06;52,6329;39,56678
8351000;73,9;52,62257987;39,58602151
5964924;55,11;52,6329;39,56678
4561000;49,04;52,62653;39,60886
6425000;53,09;52,623834;39,585435
4770480;41,7;52,608948;39,599023
6410903;59,68;52,633745;39,565232
3965304;34,63;52,63422292;39,56361484
4930200;39,59;52,60323;39,55946
4682500;46,29;52,541483;39,572145
3641529;33,4;52,633745;39,565232
4682500;46,29;52,541483;39,572145
4692600;39,59;52,60294598;39,56027455
11151000;102,3;52,62257987;39,58602151
7115000;58,79;52,62299;39,58601
3286218;28,72;52,633745;39,565232
6301612;61,72;52,62261885;39,58430216
4442304;40,83;52,6228;39,58424
3772500;37,2;52,541483;39,572145
5500440;37,04;52,58706035;39,56453832
6425000;53,09;52,623834;39,585435
4316909;39,79;52,633745;39,565232
7797000;69;52,62284757;39,58550653
8000000;70,8;52,62284757;39,58550653
8736000;78,69;52,62299;39,58601
9936499;98,91;52,631897;39,562829
5598763;53,99;52,6228;39,58424
7852044;72,93;52,63409237;39,5640279
6081185;56,08;52,63331;39,56576
10414256;108,25;52,619603;39,624768
5560000;45,2;52,62284757;39,58550653
7337115;70,88;52,58727345;39,56471851
7996179;71,9;52,57706958;39,50057325
4369329;39,47;52,62261885;39,58430216
5784000;47,79;52,62284757;39,58550653
3739200;32,79;52,630335;39,547947
5009435;36,97;52,586995;39,564195
4819120;40,84;52,60294598;39,56027455
5909220;55,79;52,63090842;39,54871636
5043000;41;52,62328;39,58497
5338000;42,7;52,62231;39,58559
4696993;39,84;52,63448;39,56571
6264000;52,2;52,623834;39,585435
10835000;99,4;52,623834;39,585435
7280600;61,7;52,591238;39,566506
4699000;38,2;52,62271046;39,58502373
4456530;38,11;52,680905;39,475198
11022000;100,19;52,59139803;39,56682564
5560000;45,2;52,62284757;39,58550653
3850700;34,63;52,63448;39,56571
5751200;55,29;52,630335;39,547947
3758300;38,34;52,638347;39,53797
4000000;43,9;52,54085;39,57215
9064650;86,33;52,602819;39,558893
9310200;78,9;52,591416;39,566485
5847705;44,81;52,620773;39,591333
4607010;40,77;52,60258;39,560098
5221000;45,4;52,601339;39,581004
7692621;76,33;52,633745;39,565232
4737414;42,52;52,63409237;39,5640279
5712000;48;52,623834;39,585435
35466200;253,33;52,612533;39,625666
4042134;36,36;52,633745;39,565232
7462715;69,55;52,6307;39,54897
4894120;31,78;52,58706035;39,56453832
5338000;42,7;52,623834;39,585435
4612050;41,54;52,630335;39,547947
6898000;68,5;52,7203598;39,80213928
4563020;39,84;52,63448;39,56571
3681542;32,09;52,6329;39,56678
6646691;61,41;52,63319836;39,5649671
4481840;37,04;52,60258;39,560098
5712000;48;52,62328;39,58497
6194500;61,59;52,7203598;39,80213928
6716000;57,9;52,62328;39,58497
6738035;59,68;52,63366808;39,56350218
5912980;54,63;52,63297;39,56748
9237781;87,13;52,63448;39,56571
4442304;40,83;52,62261885;39,58430216
7004430;66,9;52,6307;39,54897
7147097;73,91;52,620773;39,591333
6870630;66,9;52,6307;39,54897
7895000;85;52,54085;39,57215
4770480;41,7;52,608948;39,599023
5929000;48,2;52,623834;39,585435
5112660;54,38;52,638347;39,53797
3306977;29,19;52,63409237;39,5640279
5236000;44;52,58727345;39,56471851
9212890;70,12;52,619603;39,624768
9691478;86,68;52,61969442;39,62473581
4369329;39,47;52,6228;39,58424
6314460;55,38;52,601339;39,581004
5856224;41,91;52,62261885;39,58430216
6126041;54,31;52,63366808;39,56350218
3914400;34,95;52,630335;39,547947
5337221;49,68;52,597499;39,4902
4118681;37,04;52,63458;39,56667
5375000;43,7;52,623834;39,585435
4945308;41,7;52,57706958;39,50057325
6748700;62,2;52,59480659;39,59171331
10239431;92,47;52,619963;39,624971
4481840;37,04;52,60258;39,560098
9965921;90;52,619963;39,624971
6794200;59,09;52,680905;39,475198
5345760;41,43;52,601339;39,581004
5338000;42,7;52,62231;39,58559
6740330;63,95;52,63090842;39,54871636
5533500;43,4;52,5761;39,50177
4337680;36,75;52,60258;39,560098
6386336;60,04;52,633745;39,565232
11263170;81,02;52,6321;39,56203
6030936;55,72;52,63409237;39,5640279
4407760;37,04;52,60258;39,560098
3796019;35,5;52,620773;39,591333
6807961;62,15;52,63345;39,56662
5376000;44,79;52,62328;39,58497
4623552;41,88;52,620773;39,591333
7383735;73,91;52,6228;39,58424
6367195;22,06;52,597707;39,601511
4757238;43,41;52,633745;39,565232
10071250;87,5;52,5761;39,50177
9709680;70,36;52,6321;39,56203
5053440;39,47;52,60258;39,560098
7000000;62,5;52,576769;39,500909
11743900;44,15;52,597707;39,601511
3024180;28,53;52,638347;39,53797
7730677;71,75;52,619603;39,624768
3192423;28,7;52,63458;39,56667
4326209;39;52,6228;39,58424
5715423;51,22;52,597499;39,4902
5824896;42,24;52,6228;39,58424
6230000;62,29;52,59212439;39,57337589
7202126;61,22;52,6321;39,56203
5318297;49,59;52,59755;39,49022
6176000;51,9;52,62328;39,58497
7391320;71,9;52,57399;39,50767
3361436;30,2;52,63422292;39,56361484
5519358;41,22;52,620773;39,591333
4324320;37;52,636406;39,542015
7842000;67,59;52,623834;39,585435
8701540;82,08;52,60294598;39,56027455
4560896;41,88;52,6228;39,58424
4752000;41,25;52,6307;39,54897
7233200;69,55;52,630335;39,547947
6130676;56,08;52,63448;39,56571
5636685;52,13;52,6329;39,56678
5003880;54,38;52,638347;39,53797
7464046;64,37;52,63140738;39,5624655
4798700;40,84;52,60323;39,55946
5529040;45,31;52,60258;39,560098
5174862;43,75;52,63366808;39,56350218
5609000;45,59;52,623834;39,585435
4118681;37,04;52,63409237;39,5640279
6204912;56,08;52,63331;39,56576
5712000;48;52,62271046;39,58502373
10835000;99,4;52,623834;39,585435
9127080;84,51;52,601339;39,581004
6841257;62,58;52,6329;39,56678
4059433;37,15;52,633745;39,565232
8542783;87,23;52,622269;39,581282
4784319;42,52;52,63409237;39,5640279
4232442;35,84;52,63319836;39,5649671
7842000;69,4;52,62284757;39,58550653
4219588;38,74;52,633745;39,565232
7770000;70;52,62271046;39,58502373
5964006;41,59;52,631291;39,562362
4481840;37,04;52,60294598;39,56027455
7099000;61,2;52,62328;39,58497
8764280;79,09;52,576237;39,502417
4550230;39,74;52,60323;39,55946
4020434;36,13;52,633745;39,565232
6257210;60,04;52,63075;39,54923
5560000;45,2;52,623834;39,585435
5733899;52,77;52,63319836;39,5649671
6405000;60,5;52,541483;39,572145
8403000;75,69;52,62299;39,58601
5724000;48,09;52,62271046;39,58502373
3936752;33,4;52,63458;39,56667
5233827;50,38;52,633745;39,565232
5379000;45,2;52,623834;39,585435
9253144;87,13;52,633745;39,565232
24948000;162;52,612533;39,625666
4329573;38,63;52,63300906;39,56453794
7115000;58,79;52,62284757;39,58550653
4324691;38,97;52,63422292;39,56361484
3626000;39,34;52,62653;39,60886
5193320;40,7;52,57662716;39,50169424
4518880;37,04;52,60323;39,55946
5940150;59,7;52,63533143;39,54177508
4103222;38,65;52,633745;39,565232
4743600;39,52;52,60258;39,560098
4002190;36,2;52,633745;39,565232
5942500;58,9;52,541483;39,572145
5506800;42,36;52,58727345;39,56471851
9712723;86,87;52,619963;39,624971
4463320;37,04;52,60294598;39,56027455
7927630;74,08;52,586995;39,564195
9552070;96,01;52,63218211;39,56198439
8403000;75,69;52,62284757;39,58550653
8147000;73,4;52,62299;39,58601
5929000;48,2;52,62231;39,58559
8591000;77,4;52,62284757;39,58550653
5875200;54,4;52,630335;39,547947
7895000;85;52,54085;39,57215
5712000;48;52,62271046;39,58502373
6501137;60,52;52,633745;39,565232
6109000;65,9;52,54085;39,57215
5621210;53,47;52,63364523;39,56425857
7851480;71,9;52,576769;39,500909
5379000;45,2;52,623834;39,585435
6581000;55,29;52,62271046;39,58502373
4978710;50,29;52,597499;39,4902
6521000;54,79;52,62271046;39,58502373
4227436;38,65;52,633745;39,565232
4000000;43,9;52,54085;39,57215
5609000;45,59;52,62231;39,58559
5152000;80,5;52,636642;39,512653
5808000;44;52,58706035;39,56453832
5241530;39,4;52,602819;39,558893
7188565;62,56;52,63319836;39,5649671
4159541;37,04;52,63458;39,56667
5700000;47,9;52,62271046;39,58502373
4903530;41,38;52,586995;39,564195
4180344;37,27;52,633745;39,565232
6109000;65,9;52,54085;39,57215
5760000;47,59;52,623834;39,585435
5899680;21,69;52,597707;39,601511
7319742;65,47;52,622125;39,581288
5712000;48;52,623834;39,585435
6019816;40,84;52,58706035;39,56453832
4371320;41,2;52,6228;39,58424
4175454;37,13;52,633745;39,565232
3197089;27,14;52,63409237;39,5640279
4707930;41,7;52,57399;39,50767
8902160;79,83;52,586995;39,564195
8387764;67,48;52,58706035;39,56453832
6192539;56,08;52,63422292;39,56361484
4182039;37,7;52,6228;39,58424
4124160;36,91;52,633745;39,565232
4087670;36,4;52,63409237;39,5640279
9364970;87,43;52,63409237;39,5640279
4165390;36,4;52,633745;39,565232
4682500;46,29;52,541483;39,572145
4784319;42,52;52,63458;39,56667
5669313;53,95;52,633745;39,565232
4203469;38,63;52,633745;39,565232
6867000;59,2;52,62328;39,58497
4952882;41,79;52,57706958;39,50057325
5712000;48;52,62271046;39,58502373
5429511;39,43;52,6228;39,58424
6086000;50,29;52,62284757;39,58550653
3645730;27,82;52,60323;39,55946
8888840;71,8;52,5761;39,50177
3439500;37,5;52,54085;39,57215
6032972;53,45;52,63345;39,56662
4000000;43,7;52,54085;39,57215
6650880;64,91;52,6228;39,58424
3045913;27,14;52,63409237;39,5640279
3684480;38,38;52,638347;39,53797
3804800;32,79;52,63075;39,54923
6128000;66,3;52,54085;39,57215
8097000;69,8;52,62299;39,58601
4349160;36,83;52,63300906;39,56453794
7389060;67,48;52,586995;39,564195
6156554;55,72;52,633745;39,565232
4797040;39,31;52,60294598;39,56027455
8173220;84,26;52,60294598;39,56027455
7853000;67,69;52,62231;39,58559
6410840;58,59;52,63048247;39,54784331
4745460;41,7;52,57399;39,50767
8558000;77,09;52,62299;39,58601
7007770;67,05;52,60323;39,55946
8591000;77,4;52,62284757;39,58550653
6059550;59,7;52,63573286;39,54146395
5567169;52,88;52,633745;39,565232
4152549;36,27;52,633745;39,565232
24948000;162;52,612533;39,625666
15500000;165,69;52,616055;39,751035
5043000;40,9;52,623834;39,585435
4098128;37,15;52,633745;39,565232
5031000;40,9;52,623834;39,585435
10146168;96,3;52,6321;39,56203
5523000;44,9;52,62284757;39,58550653
5395887;50,41;52,59755;39,49022
4715925;41,54;52,63090842;39,54871636
4282098;39,43;52,62261885;39,58430216
4282098;39,43;52,62261885;39,58430216
15500000;165,69;52,616055;39,751035
7801150;71,9;52,57706958;39,50057325
6668760;65,37;52,60258;39,560098
7898023;65,62;52,631291;39,562362
5808000;44;52,58706035;39,56453832
7183139;62,58;52,63300906;39,56453794
5760000;47,59;52,62299;39,58601
4996808;46,08;52,63366808;39,56350218
9590210;80,58;52,58294632;39,5436626
6819040;25,06;52,59786355;39,6013918
5510000;44,79;52,62284757;39,58550653
3796019;35,5;52,620773;39,591333
5031000;40,9;52,62271046;39,58502373
7048359;62,58;52,63300906;39,56453794
9846330;88,91;52,619963;39,624971
4000000;43,9;52,54085;39,57215
7163150;69,55;52,630335;39,547947
7379604;70,94;52,62210645;39,58122402
9691478;86,68;52,619963;39,624971
4200101;36,61;52,63297;39,56748
7638500;82,4;52,54085;39,57215
5043000;40,9;52,623834;39,585435
10631800;90,09;52,591238;39,566506
3738544;34,63;52,633745;39,565232
7246050;70,34;52,630335;39,547947
8875392;87,13;52,633745;39,565232
4585480;39,52;52,60294598;39,56027455
6646691;61,41;52,63297;39,56748
5250000;42;52,62231;39,58559
5264000;43,5;52,62328;39,58497
3010761;27,23;52,633745;39,565232
4265508;36,11;52,6329;39,56678
3437312;29,19;52,63458;39,56667
8751391;87,54;52,62210645;39,58122402
7631270;74,08;52,58727345;39,56471851
6185150;60,04;52,630335;39,547947
4337680;36,75;52,60294598;39,56027455
9113940;92,05;52,60258;39,560098
8484600;71,59;52,576237;39,502417
5935429;39,52;52,58706035;39,56453832
8719330;86,33;52,60258;39,560098
7213440;69,36;52,586995;39,564195
4000000;43,9;52,54085;39,57215
10123986;92,47;52,619963;39,624971
9221300;91,3;52,58727345;39,56471851
3940423;36,5;52,633745;39,565232
3822089;33,4;52,633745;39,565232
6524770;54,83;52,58294632;39,5436626
4764375;41,25;52,63090842;39,54871636
3886800;32,79;52,63048247;39,54784331
4492559;40,5;52,62261885;39,58430216
6148290;55,38;52,58294632;39,5436626
4019000;44,09;52,54085;39,57215
4568061;42,22;52,633745;39,565232
7145600;61,59;52,60291986;39,55890126
11853400;91,18;52,602819;39,558893
7196625;63,97;52,60258;39,560098
7115000;58,79;52,62284757;39,58550653
4099458;39,38;52,620773;39,591333
5523000;44,9;52,62284757;39,58550653
5633000;45,79;52,62299;39,58601
10540000;96,69;52,62328;39,58497
6125100;60,04;52,630335;39,547947
8000000;70,8;52,623834;39,585435
5882500;58,29;52,541483;39,572145
7165320;67,27;52,60323;39,55946
6128000;66,3;52,54085;39,57215
7443540;63,61;52,601339;39,581004
3521760;26,68;52,58727345;39,56471851
7093112;61,72;52,63218211;39,56198439
10737000;98,5;52,62231;39,58559
8440080;30,57;52,597707;39,601511
8825000;78,09;52,623834;39,585435
7402500;73,5;52,541483;39,572145
5523000;44,9;52,62284757;39,58550653
9530738;87,13;52,63458;39,56667
9833856;89,81;52,619963;39,624971
3210658;29,19;52,633745;39,565232
7535954;69,9;52,619603;39,624768
3943000;43,09;52,54085;39,57215
4307713;37,27;52,63409237;39,5640279
5069609;42,83;52,63366808;39,56350218
5337221;49,68;52,597499;39,4902
4707930;41,7;52,57399;39,50767
5048938;44,34;52,63331;39,56576
4096140;34,95;52,63075;39,54923
5379000;45,2;52,62271046;39,58502373
6005415;44,84;52,620773;39,591333
5472560;40,84;52,586995;39,564195
6944795;63,72;52,63448;39,56571
4000000;43,9;52,54085;39,57215
30032370;196,28;52,612533;39,625666
4770480;41,7;52,57706958;39,50057325
5424300;44,09;52,60258;39,560098
6739825;64,25;52,63048247;39,54784331
5152000;80,5;52,636642;39,512653
6958350;66,26;52,60323;39,55946
4682500;46,29;52,541483;39,572145
5599080;41,2;52,6228;39,58424
6086000;50,29;52,62299;39,58601
7382166;60,45;52,631291;39,562362
3324510;29,79;52,633745;39,565232
4494777;40,52;52,62261885;39,58430216
6726405;66,26;52,60323;39,55946
11151000;102,3;52,62231;39,58559
3475500;32,59;52,541483;39,572145
6665000;60,79;52,54143;39,572123
5047120;54,86;52,638347;39,53797
3876960;32,79;52,63075;39,54923
4255991;39;52,62261885;39,58430216
4802895;39,52;52,60294598;39,56027455
5781000;47;52,62231;39,58559
4357018;38,99;52,63409237;39,5640279
10980151;110,63;52,619963;39,624971
6063900;20,9;52,597707;39,601511
6128000;66,3;52,54085;39,57215
5083890;39,4;52,60291986;39,55890126
6410840;58,59;52,63048247;39,54784331
5769000;46,9;52,62257987;39,58602151
7492000;66,3;52,62328;39,58497
7690000;76,9;52,59212439;39,57337589
5010340;19,15;52,597707;39,601511
10895725;108,25;52,619963;39,624971
8708350;69,5;52,5761;39,50177
9211590;84,51;52,58294632;39,5436626
5263000;42,09;52,62231;39,58559
5892000;47,9;52,62231;39,58559
6331650;57,29;52,63048247;39,54784331
4385524;41,13;52,620773;39,591333
6716000;57,9;52,62271046;39,58502373
8053000;71,9;52,62284757;39,58550653
4395335;40,5;52,62261885;39,58430216
7475130;63,88;52,58294632;39,5436626
10442000;95,8;52,623834;39,585435
10431000;95,69;52,623834;39,585435
5712000;48;52,62271046;39,58502373
4029905;36,25;52,633745;39,565232
4974173;42,52;52,63422292;39,56361484
4119147;37,2;52,6228;39,58424
4459576;41,13;52,620773;39,591333
15937620;115,48;52,6321;39,56203
6348660;55,68;52,601339;39,581004
3948056;34,38;52,6329;39,56678
5892051;56,08;52,633745;39,565232
5560000;45,2;52,62299;39,58601
9283530;86,87;52,619603;39,624768
9945992;89,81;52,619963;39,624971
8013894;70,43;52,63458;39,56667
3626000;39,34;52,62653;39,60886
6434725;59,27;52,63448;39,56571
5275000;42,2;52,623834;39,585435
8400489;79,22;52,63140738;39,5624655
4058846;34,36;52,63319836;39,5649671
6778429;55,56;52,631291;39,562362
6272200;58,59;52,630335;39,547947
5760000;47,59;52,62299;39,58601
4711808;41,88;52,6228;39,58424
7500000;62,59;52,59139803;39,56682564
4751688;42,22;52,63458;39,56667
5523000;44,9;52,62299;39,58601
8351000;73,9;52,62231;39,58559
6775000;61,29;52,54143;39,572123
4484720;36,75;52,60258;39,560098
5338000;42,7;52,62257987;39,58602151
7962802;65,77;52,631897;39,562829
9708982;90,3;52,61969442;39,62473581
4324320;36,95;52,636406;39,542015
4114161;37,7;52,6228;39,58424
3722320;27,37;52,60258;39,560098
5637656;50,59;52,63297;39,56748
5193320;40,7;52,57662716;39,50169424
3908993;34,36;52,63319836;39,5649671
5242303;44,34;52,63366808;39,56350218
9833856;89,81;52,61969442;39,62473581
4211124;39,43;52,6228;39,58424
9393242;88,75;52,619603;39,624768
8558000;77,09;52,62299;39,58601
7049990;61,41;52,63319836;39,5649671
6328800;58,59;52,630335;39,547947
4000000;43,9;52,54085;39,57215
6553500;64,25;52,630335;39,547947
6440988;61,18;52,633745;39,565232
4704570;40,2;52,680905;39,475198
6143049;56,08;52,63331;39,56576
7316400;70,34;52,630335;39,547947
5700000;47,9;52,623834;39,585435
4182039;37,7;52,62261885;39,58430216
4179429;36,5;52,63409237;39,5640279
6425000;53,09;52,623834;39,585435
6128000;66,3;52,54085;39,57215
4837184;45,75;52,633745;39,565232
4177971;39;52,620773;39,591333
5292300;39;52,5761;39,50177
7481000;66,19;52,623834;39,585435
4166429;36,91;52,63422292;39,56361484
3603985;27,82;52,60294598;39,56027455
5376000;44,79;52,62271046;39,58502373
5533500;43,4;52,576237;39,502417
4522833;42,22;52,633745;39,565232
5892051;56,08;52,633745;39,565232
4578750;51,25;52,630335;39,547947
4306190;31,78;52,586995;39,564195
3886800;32,79;52,63048247;39,54784331
9235179;73,91;52,62261885;39,58430216
6798000;66;52,63048247;39,54784331
5000400;37,04;52,586995;39,564195
6714750;63,95;52,6307;39,54897
6039000;49,09;52,62257987;39,58602151
5780768;41,91;52,6228;39,58424
6960038;60,52;52,63448;39,56571
7851480;71,9;52,576769;39,500909
5376000;44,79;52,62271046;39,58502373
4603153;41,84;52,633745;39,565232
6898000;68,5;52,7203598;39,80213928
4528950;41,54;52,630335;39,547947
4475101;39,84;52,63422292;39,56361484
8426000;84,26;52,60323;39,55946
3984300;34,95;52,630335;39,547947
9234225;81,9;52,57706958;39,50057325
4106625;34,95;52,63048247;39,54784331
7509572;61,4;52,63195735;39,56276859
6592025;57,31;52,63331;39,56576
7653750;78,5;52,591238;39,566506
5310000;58,79;52,62653;39,60886
6798000;66;52,63075;39,54923
7842000;69,4;52,623834;39,585435
5929000;48,2;52,62231;39,58559
7330954;65,93;52,622269;39,581282
6731765;59,68;52,63331;39,56576
5337221;49,68;52,59755;39,49022
6194500;61,59;52,7203598;39,80213928
5316785;39,52;52,586995;39,564195
3970650;34,61;52,63458;39,56667
4407760;37,04;52,60258;39,560098
6602500;65,5;52,541483;39,572145
3991082;36,25;52,633745;39,565232
6650800;63,95;52,630335;39,547947
10431000;95,69;52,62328;39,58497
5409910;41,13;52,620773;39,591333
5234020;40,7;52,57662716;39,50169424
6131500;61,09;52,7203598;39,80213928
6015000;48,9;52,623834;39,585435
5298320;41,2;52,5761;39,50177
8850000;75;52,591238;39,566506
4056500;42,7;52,638347;39,53797
7923380;71,9;52,57706958;39,50057325
7481000;66,19;52,62271046;39,58502373
4274212;39,43;52,620773;39,591333
5780768;41,91;52,6228;39,58424
3612160;26,55;52,60258;39,560098
4369950;37,34;52,636406;39,542015
5547000;45,09;52,62284757;39,58550653
9263223;86,68;52,619603;39,624768
4567731;40,52;52,62261885;39,58430216
4305755;37,27;52,63458;39,56667
6462975;23,29;52,597707;39,601511
4056500;42,7;52,638347;39,53797
5942500;58,9;52,541483;39,572145
6945080;62,15;52,63345;39,56662
6128000;66,3;52,54085;39,57215
3916000;40,09;52,7203598;39,80213928
5604516;41,24;52,620773;39,591333
6425000;53,09;52,62299;39,58601
7402500;73,5;52,541483;39,572145
4682500;46,29;52,541483;39,572145
7797000;69;52,623834;39,585435
5556963;40,83;52,62261885;39,58430216
4194652;35,52;52,63297;39,56748
4770480;41,7;52,57706958;39,50057325
3934997;33,4;52,63458;39,56667
4663296;42,24;52,620773;39,591333
3992647;35,79;52,63458;39,56667
4671744;42,24;52,62261885;39,58430216
7310160;62,47;52,680905;39,475198
6780670;24,26;52,597707;39,601511
4682500;46,29;52,541483;39,572145
3786328;34,65;52,633745;39,565232
4114740;30,29;52,576237;39,502417
8757390;87,59;52,622125;39,581288
3679054;32,09;52,633745;39,565232
3646100;38,38;52,638347;39,53797
4013800;42,7;52,638347;39,53797
4419641;40,5;52,6228;39,58424
5111040;42,24;52,60258;39,560098
7476625;69,55;52,63090842;39,54871636
5218840;40,9;52,576237;39,502417
6080778;42,36;52,58706035;39,56453832
7927630;74,08;52,586995;39,564195
8758000;78,9;52,62284757;39,58550653
5316785;39,52;52,58727345;39,56471851
6425000;53,09;52,62284757;39,58550653
3789426;32,09;52,6329;39,56678
6930295;65,69;52,586995;39,564195
4653000;39,59;52,60294598;39,56027455
3437312;29,19;52,63409237;39,5640279
7006668;73,91;52,620773;39,591333
6194500;61,59;52,7203598;39,80213928
5484919;41,38;52,58706035;39,56453832
10442000;95,8;52,623834;39,585435
7408005;70,88;52,586995;39,564195
9965921;90;52,619963;39,624971
4771800;39,59;52,60294598;39,56027455
3024180;28,53;52,638347;39,53797
4045077;36,91;52,633745;39,565232
6776654;60,04;52,63448;39,56571
4132264;39,43;52,620773;39,591333
3976387;34,65;52,63458;39,56667
5475303;40,83;52,620773;39,591333
6767790;64,91;52,62261885;39,58430216
5780768;41,91;52,62261885;39,58430216
5279677;39,43;52,620773;39,591333
6767790;64,91;52,6228;39,58424
6618716;62,54;52,633745;39,565232
4000000;43,9;52,54085;39,57215
7285000;62,79;52,62328;39,58497
4162200;36,2;52,63448;39,56571
4232585;38,93;52,62261885;39,58430216
3643250;38,34;52,638347;39,53797
4321780;30,76;52,58727345;39,56471851
4902500;53,5;52,54085;39,57215
6059550;59,7;52,63573286;39,54146395
7420080;71,9;52,57399;39,50767
6131500;61,09;52,7203598;39,80213928
5905000;48,79;52,623834;39,585435
4672800;39,59;52,60258;39,560098
7017810;66,9;52,63090842;39,54871636
6601039;61,45;52,633745;39,565232
8103000;73;52,62328;39,58497
5944750;55,29;52,63090842;39,54871636
7115000;58,79;52,623834;39,585435
5529040;45,31;52,60258;39,560098
4935000;39,47;52,602819;39,558893
4752000;41,25;52,6307;39,54897
3615140;26,68;52,586995;39,564195
13824000;115,19;52,59139803;39,56682564
13404000;111,69;52,591416;39,566485
4413717;40,52;52,620773;39,591333
3732101;35,5;52,620773;39,591333
6818682;33,4;52,633745;39,565232
6138000;49,9;52,623834;39,585435
5510000;44,79;52,62299;39,58601
6521000;54,79;52,62328;39,58497
7770000;70;52,62328;39,58497
4805325;39,54;52,60294598;39,56027455
5030340;40,59;52,59441;39,59146
7310160;62,47;52,680905;39,475198
4764375;41,25;52,63090842;39,54871636
5129580;50,29;52,597499;39,4902
5166720;49,68;52,59755;39,49022
4831200;39,59;52,60323;39,55946
7500000;75;52,60323;39,55946
9591800;89,22;52,619963;39,624971
5069050;41,38;52,58727345;39,56471851
24948000;162;52,612533;39,625666
7068750;62,5;52,57706958;39,50057325
8825000;78,09;52,62257987;39,58602151
8403000;75,69;52,62284757;39,58550653
3439500;37,5;52,54085;39,57215
7319796;64,98;52,6329;39,56678
6412708;61,72;52,6228;39,58424
3646100;38,38;52,638347;39,53797
7047232;62,56;52,63319836;39,5649671
6109000;65,9;52,54085;39,57215
7233200;69,55;52,630335;39,547947
4788480;41,27;52,60381;39,50336
5129580;50,29;52,597499;39,4902
6804280;63,95;52,63090842;39,54871636
8147000;73,4;52,623834;39,585435
4230000;42,29;52,57969771;39,61318144
5043000;41;52,62271046;39,58502373
6640936;62,56;52,633745;39,565232
9377576;84,43;52,633745;39,565232
7801150;71,9;52,576769;39,500909
4324320;36,95;52,680905;39,475198
7759000;69,9;52,623834;39,585435
6769196;61,18;52,63422292;39,56361484
7638500;82,4;52,54085;39,57215
5516680;41,2;52,620773;39,591333
5640400;95,59;52,636642;39,512653
7355320;67,48;52,586995;39,564195
8825000;78,09;52,62231;39,58559
4300718;37,13;52,63300906;39,56453794
7923380;71,9;52,576769;39,500909
5815950;55,38;52,58294632;39,5436626
4515798;40,83;52,62261885;39,58430216
7797000;69;52,623834;39,585435
6059550;59,7;52,63573286;39,54146395
4797040;39,31;52,60294598;39,56027455
4096789;36,5;52,633745;39,565232
4096140;34,95;52,63075;39,54923
7770000;70;52,623834;39,585435
3686500;40,79;52,54085;39,57215
6425000;53,09;52,623834;39,585435
5178000;42,09;52,62284757;39,58550653
4771767;31,78;52,58706035;39,56453832
8131500;83,4;52,59139803;39,56682564
6234240;22,92;52,59786355;39,6013918
4707930;41,7;52,57399;39,50767
4419450;38,38;52,680905;39,475198
9786963;92,47;52,619603;39,624768
6109000;65,9;52,54085;39,57215
6176000;51,9;52,62271046;39,58502373
4812303;44,4;52,633745;39,565232
7292400;61,79;52,591238;39,566506
5861800;55,29;52,630335;39,547947
5761228;41,24;52,6228;39,58424
4337680;36,75;52,60258;39,560098
4982300;45,75;52,63448;39,56571
5912240;21,04;52,597707;39,601511
8720490;87,23;52,622125;39,581288
4045077;36,91;52,633745;39,565232
5395698;50,38;52,633745;39,565232
3929628;36,4;52,633745;39,565232
3913604;35,79;52,633745;39,565232
4087670;36,4;52,63458;39,56667
4770480;41,7;52,57706958;39,50057325
6650800;63,95;52,630335;39,547947
5472560;40,84;52,586995;39,564195
4700160;36,72;52,60291986;39,55890126
6832210;65,37;52,60323;39,55946
8744516;87,54;52,62210645;39,58122402
5700000;47,9;52,623834;39,585435
8017200;78,59;52,591416;39,566485
6205590;21,65;52,597707;39,601511
6094660;54,63;52,633745;39,565232
4407760;37,04;52,60294598;39,56027455
6138000;49,9;52,62231;39,58559
30032370;196,28;52,612533;39,625666
4032962;35,45;52,63300906;39,56453794
5790553;50,45;52,63300906;39,56453794
10980151;110,63;52,61969442;39,62473581
5011078;45,2;52,63422292;39,56361484
5784000;47,79;52,62284757;39,58550653
8351000;73,9;52,62231;39,58559
7356239;65,83;52,622125;39,581288
5071859;42,83;52,63366808;39,56350218
5760000;47,59;52,62284757;39,58550653
8053000;71,9;52,623834;39,585435
5982120;55,38;52,601339;39,581004
6617750;64,25;52,630335;39,547947
4114740;30,29;52,5761;39,50177
6425000;53,09;52,62284757;39,58550653
8455270;82,08;52,60294598;39,56027455
4941640;40,84;52,60258;39,560098
6299245;60,04;52,63048247;39,54784331
6581000;55,29;52,623834;39,585435
4100131;37,27;52,63458;39,56667
8916000;78,9;52,62231;39,58559
6039000;49,09;52,62231;39,58559
4774650;41,7;52,57706958;39,50057325
6086000;50,29;52,62299;39,58601
5760000;47,59;52,62284757;39,58550653
10895725;108,25;52,61969442;39,62473581
5766400;54,4;52,630335;39,547947
6521000;54,79;52,62328;39,58497
9261641;85,02;52,619603;39,624768
5376000;44,79;52,62328;39,58497
5097862;44,34;52,63366808;39,56350218
5769000;46,9;52,62257987;39,58602151
6087804;58,24;52,633745;39,565232
8000000;70,8;52,62284757;39,58550653
6150000;50;52,62231;39,58559
9924332;95,98;52,63218211;39,56198439
6187000;50,29;52,62231;39,58559
5649210;44,09;52,57662716;39,50169424
3495080;26,68;52,586995;39,564195
11151000;102,3;52,62257987;39,58602151
7144950;62,13;52,636406;39,542015
4013800;42,7;52,638347;39,53797
6248395;57,02;52,633745;39,565232
6938040;64,59;52,59480659;39,59171331
6704445;24,96;52,59786355;39,6013918
7153720;61,66;52,58727345;39,56471851
4324320;37;52,680905;39,475198
4895100;54,38;52,638347;39,53797
4323181;36,61;52,63297;39,56748
6716000;57,9;52,62328;39,58497
5703951;40,83;52,6228;39,58424
4019634;37,15;52,633745;39,565232
9275705;73,91;52,620773;39,591333
6128000;66,3;52,54085;39,57215
7330570;69,55;52,63090842;39,54871636
8452000;74,8;52,62231;39,58559
5598763;53,99;52,6228;39,58424
4291002;41,22;52,620773;39,591333
8424878;67,48;52,58706035;39,56453832
3282466;28,7;52,633745;39,565232
6100000;61;52,57969771;39,61318144
30032370;196,28;52,612533;39,625666
7621400;71,9;52,57399;39,50767
5013960;39,47;52,602819;39,558893
3015963;27,14;52,63409237;39,5640279
5376000;44,79;52,623834;39,585435
7842000;67,59;52,62231;39,58559
3383295;28,72;52,63422292;39,56361484
7248104;64,98;52,6329;39,56678
4413717;40,52;52,620773;39,591333
7700000;109,4;52,678413;39,695933
6643450;64,25;52,63048247;39,54784331
4326209;39;52,6228;39,58424
7699115;72,13;52,619603;39,624768
6153911;55,06;52,63364523;39,56425857
6138000;49,9;52,62257987;39,58602151
8558000;77,09;52,623834;39,585435
4324320;37;52,636406;39,542015
6184201;57,02;52,63422292;39,56361484
7111896;73,91;52,62261885;39,58430216
7664500;79,4;52,7203598;39,80213928
4277125;36,27;52,63422292;39,56361484
4122256;36,2;52,63458;39,56667
7372530;60,93;52,60258;39,560098
6732760;23,95;52,59786355;39,6013918
8981065;87,13;52,633745;39,565232
7492000;66,3;52,62328;39,58497
4716106;40,02;52,63422292;39,56361484
8042000;71,8;52,62284757;39,58550653
3985982;34,38;52,63300906;39,56453794
3141475;27,37;52,63448;39,56571
6903330;64,81;52,60323;39,55946
4384225;37,15;52,63297;39,56748
6131100;57,29;52,630335;39,547947
8585676;87,59;52,622269;39,581282
5357907;38,9;52,620773;39,591333
6175000;50,2;52,62231;39,58559
5395887;50,41;52,597499;39,4902
7344540;70,34;52,63048247;39,54784331
3838000;38,38;52,638347;39,53797
6004393;53,88;52,633745;39,565232
5560000;45,2;52,62284757;39,58550653
4704570;40,2;52,636406;39,542015
6593865;66,26;52,60294598;39,56027455
6602500;65,5;52,541483;39,572145
3319106;28,7;52,63458;39,56667
5760000;47,59;52,62284757;39,58550653
4159541;37,04;52,63409237;39,5640279
5881000;48,59;52,623834;39,585435
5404399;53,99;52,6228;39,58424
7500000;62,59;52,591238;39,566506
5510000;44,79;52,623834;39,585435
3598688;31,01;52,63366808;39,56350218
6668480;58,24;52,60323;39,55946
3905516;37,15;52,620773;39,591333
4248189;39;52,620773;39,591333
3812721;34,63;52,633745;39,565232
4288440;36,4;52,63458;39,56667
6581000;55,29;52,62328;39,58497
7213440;69,36;52,58727345;39,56471851
7842000;69,4;52,62299;39,58601
6109000;65,9;52,54085;39,57215
6150000;50;52,62257987;39,58602151
5289000;43;52,623834;39,585435
4302139;36,5;52,63458;39,56667
2938590;28,53;52,638347;39,53797
8114000;73,09;52,62271046;39,58502373
4275220;36,27;52,63422292;39,56361484
4576702;40,02;52,633745;39,565232
5740416;42,24;52,620773;39,591333
7000245;65,73;52,60323;39,55946
8558000;77,09;52,62284757;39,58550653
7115000;58,79;52,623834;39,585435
3258033;28,72;52,63448;39,56571
24948000;162;52,612533;39,625666
7925400;77,69;52,591416;39,566485
5560000;45,2;52,623834;39,585435
3886899;34,63;52,633745;39,565232
24948000;162;52,612533;39,625666
7115000;58,79;52,62284757;39,58550653
5264000;43,5;52,62271046;39,58502373
3739200;32,79;52,630335;39,547947
5547000;45,09;52,62284757;39,58550653
9665080;91,18;52,602819;39,558893
4282121;37,04;52,63409237;39,5640279
5375000;43,7;52,623834;39,585435
6762933;60,52;52,63448;39,56571
5047120;54,86;52,638347;39,53797
4219588;38,74;52,633745;39,565232
5338000;42,7;52,62231;39,58559
9619332;86,87;52,619963;39,624971
6352240;58,59;52,63048247;39,54784331
4492559;40,5;52,6228;39,58424
8114000;73,09;52,62271046;39,58502373
7759000;69,9;52,62328;39,58497
7342500;72,9;52,541483;39,572145
8558000;77,09;52,62284757;39,58550653
4096140;34,95;52,63075;39,54923
3920538;34,83;52,633745;39,565232
5982120;55,38;52,58294632;39,5436626
4223505;37,27;52,63458;39,56667
5769000;46,9;52,62257987;39,58602151
9846330;88,91;52,619963;39,624971
6474000;53,5;52,62299;39,58601
6425000;53,09;52,62299;39,58601
9268524;87,43;52,63409237;39,5640279
4249917;37,7;52,6228;39,58424
5431840;19,96;52,597707;39,601511
10737000;98,5;52,623834;39,585435
9568020;79,8;52,57662716;39,50169424
9263000;78,5;52,591238;39,566506
6769196;61,18;52,63448;39,56571
5348000;44,2;52,62271046;39,58502373
6694850;64,25;52,63075;39,54923
6185160;60,04;52,630335;39,547947
6086000;50,29;52,62284757;39,58550653
5575500;53,09;52,57969771;39,61318144
8767500;83,5;52,591416;39,566485
10211038;94,98;52,61969442;39,62473581
4627789;40,02;52,63422292;39,56361484
4918320;49,68;52,59755;39,49022
5484919;41,38;52,58706035;39,56453832
3916000;40,09;52,7203598;39,80213928
6128000;66,3;52,54085;39,57215
4054676;34,65;52,63458;39,56667
6494931;58,16;52,633745;39,565232
5675994;41,22;52,62261885;39,58430216
5724000;47,9;52,623834;39,585435
7853000;67,69;52,62257987;39,58602151
4407760;37,04;52,60258;39,560098
8000000;70,8;52,62284757;39,58550653
3194237;27,14;52,63458;39,56667
6017967;53,95;52,63297;39,56748
12996000;108,3;52,59139803;39,56682564
4096967;36,34;52,63448;39,56571
7638500;82,4;52,54085;39,57215
9461417;87,43;52,63409237;39,5640279
4770480;41,7;52,576769;39,500909
3227711;29,78;52,633745;39,565232
5802453;50,59;52,63319836;39,5649671
6995985;65,69;52,586995;39,564195
8103000;73;52,62328;39,58497
4545750;41,25;52,6307;39,54897
4446416;39,79;52,63458;39,56667
8000000;70,8;52,62299;39,58601
4486671;40,52;52,620773;39,591333
5760000;47,59;52,62299;39,58601
4365787;37,04;52,63409237;39,5640279
7389540;26,92;52,597707;39,601511
4141270;36,11;52,633745;39,565232
5602020;43,79;52,57662716;39,50169424
4110814;36,25;52,63409237;39,5640279
4463320;37,04;52,60294598;39,56027455
5530284;41,24;52,620773;39,591333
7492000;66,3;52,62271046;39,58502373
10835000;99,4;52,62257987;39,58602151
7281853;63,43;52,6329;39,56678
3715320;34;52,633745;39,565232
6581000;55,29;52,62328;39,58497
3307500;31;52,541483;39,572145
3307500;31;52,541483;39,572145
4127824;36,4;52,63458;39,56667
7189714;62,58;52,6329;39,56678
8591000;77,4;52,623834;39,585435
7088000;61,09;52,62328;39,58497
7316300;63,61;52,58294632;39,5436626
4182039;37,7;52,62261885;39,58430216
5545435;41,2;52,62261885;39,58430216
4039292;37,15;52,620773;39,591333
4786560;41,54;52,6307;39,54897
9274800;78,59;52,591416;39,566485
6843067;62,58;52,633745;39,565232
5712000;48;52,62328;39,58497
6192539;56,08;52,63409237;39,5640279
4211124;39,43;52,62261885;39,58430216
4692795;41,84;52,633745;39,565232
4386948;37,15;52,6329;39,56678
7153905;24,96;52,59786355;39,6013918
5917100;55,29;52,630335;39,547947
9655701;86,36;52,619963;39,624971
3823449;34,65;52,633745;39,565232
8558000;77,09;52,62284757;39,58550653
6474000;53,5;52,62284757;39,58550653
4411539;40,5;52,620773;39,591333
9234225;81,9;52,57706958;39,50057325
7207200;61,59;52,60258;39,560098
8591000;77,4;52,62284757;39,58550653
4697730;38,09;52,59441;39,59146
4002190;36,2;52,633745;39,565232
3457108;29,79;52,63364523;39,56425857
2928119;27,14;52,633745;39,565232
4272672;36,25;52,63458;39,56667
3419078;29,78;52,633745;39,565232
6264000;52,2;52,62257987;39,58602151
5954320;21,04;52,597707;39,601511
5560000;45,2;52,623834;39,585435
6117210;55,11;52,601339;39,581004
4046581;36,4;52,633745;39,565232
5784000;47,79;52,623834;39,585435
5958442;53,95;52,63319836;39,5649671
7013640;62,15;52,63345;39,56662
5402025;40,77;52,620773;39,591333
8103000;73;52,62271046;39,58502373
10494951;110,63;52,619603;39,624768
7319742;65,47;52,622269;39,581282
4790475;40,77;52,60323;39,55946
5506800;42,36;52,586995;39,564195
4561000;39,34;52,62653;39,60886
6898000;68,5;52,7203598;39,80213928
5824896;42,24;52,62261885;39,58430216
4119147;37,2;52,62261885;39,58430216
4587264;42,24;52,620773;39,591333
7273399;72,25;52,619603;39,624768
5646440;53,7;52,63364523;39,56425857
3337196;29,19;52,633745;39,565232
6189499;56,08;52,633745;39,565232
5719500;62,09;52,54085;39,57215
3751745;34;52,633745;39,565232
6006990;55,11;52,58294632;39,5436626
5754000;54,29;52,541483;39,572145
3561323;30,2;52,63422292;39,56361484
6884150;62,29;52,57399;39,50767
5797731;55,06;52,633745;39,565232
4319856;41,22;52,620773;39,591333
5915000;68,58;52,62653;39,60886
4019000;44,09;52,54085;39,57215
4647974;41,84;52,633745;39,565232
6197160;60,04;52,63075;39,54923
4111196;35,45;52,63300906;39,56453794
6185150;60,04;52,630335;39,547947
9172077;87,43;52,63448;39,56571
3817933;34,61;52,633745;39,565232
6644169;60,04;52,63448;39,56571
4494777;40,52;52,6228;39,58424
9367425;73,91;52,6228;39,58424
5280000;42,24;52,60258;39,560098
4951090;44,34;52,63331;39,56576
4810320;36,72;52,602819;39,558893
3677300;33,4;52,633745;39,565232
6670580;62,93;52,60294598;39,56027455
11129000;102,09;52,623834;39,585435
4940247;42,22;52,63458;39,56667
10466434;94,51;52,619963;39,624971
4593600;39,59;52,60258;39,560098
12996000;108,3;52,591238;39,566506
6187316;57,02;52,633745;39,565232
4914000;42,77;52,63422292;39,56361484
8624000;78,4;52,59139803;39,56682564
5185045;39,43;52,620773;39,591333
6068812;56,08;52,63422292;39,56361484
7145220;63,43;52,63300906;39,56453794
9045527;87,13;52,63448;39,56571
6506511;61,18;52,633745;39,565232
6837250;61,18;52,633745;39,565232
9300000;136,3;52,678413;39,695933
9943605;93,94;52,619603;39,624768
5769232;53,75;52,63345;39,56662
3600034;31,44;52,63422292;39,56361484
9590210;80,58;52,601339;39,581004
5547000;45,09;52,623834;39,585435
8998567;87,43;52,633745;39,565232
4919766;42,83;52,633745;39,565232
6128000;66,3;52,54085;39,57215
4889742;41,7;52,57706958;39,50057325
4658518;42,22;52,63458;39,56667
4411200;36,75;52,60258;39,560098
5287869;38,9;52,620773;39,591333
8454600;30,79;52,59786355;39,6013918
6534969;58,47;52,63364523;39,56425857
6734900;59,68;52,63366808;39,56350218
6080778;42,36;52,58706035;39,56453832
5379000;45,2;52,623834;39,585435
7923380;71,9;52,608948;39,599023
7700000;109,4;52,678413;39,695933
6435847;57,02;52,63448;39,56571
4307713;37,27;52,63409237;39,5640279
3924628;36,2;52,633745;39,565232
4039292;37,15;52,620773;39,591333
5129000;41,7;52,62271046;39,58502373
5379000;45,2;52,62271046;39,58502373
4072079;35,45;52,6329;39,56678
6581000;55,29;52,62271046;39,58502373
5379000;45,2;52,623834;39,585435
6138000;49,9;52,62257987;39,58602151
7930020;75,98;52,63422292;39,56361484
4537400;37,04;52,60323;39,55946
6128000;66,3;52,54085;39,57215
4000000;43,7;52,54085;39,57215
5174862;43,75;52,63366808;39,56350218
4666900;39,54;52,60323;39,55946
3101084;27,23;52,63458;39,56667
4394052;41,22;52,620773;39,591333
4481840;37,04;52,60294598;39,56027455
4699000;38,09;52,623834;39,585435
4681875;41,25;52,63090842;39,54871636
8800000;78,59;52,591416;39,566485
7887750;80,9;52,591238;39,566506
6262890;57,29;52,63075;39,54923
6005415;44,84;52,620773;39,591333
7088000;61,09;52,62328;39,58497
6650800;63,95;52,630335;39,547947
8215350;84,26;52,60258;39,560098
4303796;37,27;52,63409237;39,5640279
6944565;59,61;52,586995;39,564195
5511259;50,45;52,633745;39,565232
4476492;41,22;52,6228;39,58424
6800200;24,2;52,59786355;39,6013918
3676600;31;52,63048247;39,54784331
6887500;68,5;52,7203598;39,80213928
7115000;58,79;52,623834;39,585435
4494000;42,79;52,57969771;39,61318144
6156590;21,34;52,597707;39,601511
9712723;86,87;52,619963;39,624971
4307713;37,27;52,63458;39,56667
9333907;87,13;52,63409237;39,5640279
5510000;44,79;52,62284757;39,58550653
3141475;27,37;52,63409237;39,5640279
6264000;52,2;52,623834;39,585435
6627530;72,83;52,638347;39,53797
7699420;70,43;52,63409237;39,5640279
4326209;39;52,6228;39,58424
5548797;40,83;52,620773;39,591333
6319100;21,79;52,597707;39,601511
4472796;39,84;52,633745;39,565232
7853000;67,69;52,623834;39,585435
9827508;88,75;52,619963;39,624971
5523000;44,9;52,623834;39,585435
3087264;27,04;52,63297;39,56748
7000245;65,73;52,60323;39,55946
9159970;92,05;52,60294598;39,56027455
5166720;49,68;52,597499;39,4902
8147000;73,4;52,623834;39,585435
4859960;40,84;52,60294598;39,56027455
7797000;69;52,62299;39,58601
3960164;35,52;52,633745;39,565232
6602500;65,5;52,541483;39,572145
3520086;29,78;52,63364523;39,56425857
8000000;70,8;52,62284757;39,58550653
6181650;21,69;52,597707;39,601511
5609000;45,59;52,62257987;39,58602151
4176834;36,5;52,633745;39,565232
8103000;73;52,623834;39,585435
4106619;37,7;52,620773;39,591333
10442000;95,8;52,62328;39,58497
7383735;73,91;52,62261885;39,58430216
8278116;69,36;52,58706035;39,56453832
3826780;34;52,63297;39,56748
5523000;44,9;52,623834;39,585435
5891520;54,4;52,63075;39,54923
4749630;41,7;52,57399;39,50767
3382448;28,7;52,63409237;39,5640279
5769900;21,37;52,59786355;39,6013918
3722425;31,14;52,59755;39,49022
8147000;73,4;52,62299;39,58601
4819120;40,84;52,60258;39,560098
3943000;43,09;52,54085;39,57215
4770480;41,7;52,608948;39,599023
5964125;56,08;52,633745;39,565232
3434246;29,19;52,63409237;39,5640279
8888840;71,8;52,57662716;39,50169424
4017600;37,2;52,63573286;39,54146395
6652000;55,9;52,623834;39,585435
4078945;36,61;52,63297;39,56748
4324320;37;52,636406;39,542015
4183523;39,43;52,62261885;39,58430216
5516680;41,2;52,620773;39,591333
9244256;87,13;52,633745;39,565232
5784000;47,79;52,62299;39,58601
8000000;70,8;52,62299;39,58601
5263000;42,09;52,623834;39,585435
4200101;36,61;52,63319836;39,5649671
7670000;76,69;52,59212439;39,57337589
4259173;37,15;52,633745;39,565232
4682500;46,29;52,541483;39,572145
6015000;48,9;52,623834;39,585435
7257062;62,59;52,57706958;39,50057325
7627324;65,77;52,63218211;39,56198439
5338000;42,7;52,62257987;39,58602151
6217050;57,29;52,63048247;39,54784331
4945308;41,7;52,57706958;39,50057325
8257480;84,26;52,60323;39,55946
5510000;44,79;52,62284757;39,58550653
2989954;27,37;52,633745;39,565232
4116978;36,61;52,633745;39,565232
6100000;61;52,57969771;39,61318144
8558000;77,09;52,62299;39,58601
6898000;68,5;52,7203598;39,80213928
7493000;63,5;52,591238;39,566506
5268360;40,84;52,58727345;39,56471851
6403345;22,9;52,597707;39,601511
4885217;42,54;52,633745;39,565232
5696928;41,91;52,620773;39,591333
4159160;36,2;52,633745;39,565232
4056500;42,7;52,638347;39,53797
4150699;36,27;52,633745;39,565232
3141475;27,37;52,63458;39,56667
9649718;87,43;52,63422292;39,56361484
5043000;41;52,62328;39,58497
5806500;54,79;52,541483;39,572145
4962060;40,84;52,60323;39,55946
5604516;41,24;52,620773;39,591333
7481000;66,19;52,62328;39,58497
4484457;40,5;52,620773;39,591333
4500360;37,04;52,60294598;39,56027455
4137916;37,15;52,633745;39,565232
3977749;37,2;52,620773;39,591333
3954728;35,45;52,6329;39,56678
5807040;21,04;52,597707;39,601511
7783200;28,2;52,59786355;39,6013918
9590000;95,9;52,59212439;39,57337589
6689779;58,16;52,63364523;39,56425857
4183671;38,65;52,63448;39,56571
5929000;48,2;52,623834;39,585435
3997108;35,84;52,63319836;39,5649671
7894800;64,5;52,5761;39,50177
4950000;39,59;52,623834;39,585435
3503000;31;52,630335;39,547947
5864015;52,13;52,6329;39,56678
10260472;92,66;52,619963;39,624971
4682500;46,29;52,541483;39,572145
7699048;75,98;52,633745;39,565232
7310160;62,47;52,680905;39,475198
4750360;41,2;52,63075;39,54923
6055350;55,29;52,63090842;39,54871636
4218799;37,13;52,6329;39,56678
4282098;39,43;52,6228;39,58424
8122444;65,62;52,631291;39,562362
7490280;67,48;52,58727345;39,56471851
6176000;51,9;52,62271046;39,58502373
7080800;66,8;52,602819;39,558893
6650880;64,91;52,62261885;39,58430216
6174865;57,06;52,6329;39,56678
6796440;62,93;52,60294598;39,56027455
8339000;73,8;52,623834;39,585435
10726000;98,4;52,623834;39,585435
3505920;26,55;52,60258;39,560098
6176000;51,9;52,62328;39,58497
6591070;23,29;52,597707;39,601511
6176000;51,9;52,62271046;39,58502373
5264000;43,5;52,62328;39,58497
7335700;26,92;52,597707;39,601511
4446416;39,79;52,63409237;39,5640279
3868759;34,36;52,633745;39,565232
7873050;71,9;52,57706958;39,50057325
4063639;34,38;52,6329;39,56678
4234850;37,04;52,633745;39,565232
4141047;36,13;52,63422292;39,56361484
5263000;42,09;52,623834;39,585435
5408132;47,97;52,63366808;39,56350218
8351000;73,9;52,62231;39,58559
7604850;60,5;52,57662716;39,50169424
4518880;37,04;52,60323;39,55946
5038800;66,3;52,636642;39,512653
4851630;40,77;52,60258;39,560098
9965921;90;52,61969442;39,62473581
2960640;27,37;52,633745;39,565232
6625990;72,09;52,57399;39,50767
6044290;55,29;52,6307;39,54897
8351000;73,9;52,623834;39,585435
5901900;57,29;52,630335;39,547947
8114000;73,09;52,623834;39,585435
4747776;42,24;52,62261885;39,58430216
6104076;42,36;52,58706035;39,56453832
10260472;92,66;52,61969442;39,62473581
6898000;68,5;52,7203598;39,80213928
8000000;70,8;52,62284757;39,58550653
7895000;85;52,54085;39,57215
5724000;48,09;52,62328;39,58497
4004520;30,2;52,5761;39,50177
4587264;42,24;52,620773;39,591333
3984822;34,36;52,63319836;39,5649671
6190800;61,59;52,63573286;39,54146395
4737414;42,52;52,63458;39,56667
4941250;39,52;52,586995;39,564195
10431000;95,69;52,623834;39,585435
4091535;37,7;52,62261885;39,58430216
4878129;42,52;52,63448;39,56571
10824000;99,3;52,62257987;39,58602151
9074520;81,9;52,576769;39,500909
4419641;40,5;52,6228;39,58424
10466434;94,51;52,61969442;39,62473581
7801150;71,9;52,608948;39,599023
6612500;65,59;52,541483;39,572145
6809359;62,15;52,633745;39,565232
6843560;55,18;52,601339;39,581004
3772500;37,2;52,541483;39,572145
4682500;46,29;52,541483;39,572145
9827508;88,75;52,619963;39,624971
9121400;77,3;52,59139803;39,56682564
6791840;24,96;52,59786355;39,6013918
6039000;49,09;52,62231;39,58559
5787902;50,45;52,6329;39,56678
5695878;52,13;52,633745;39,565232
5681280;42,2;52,6228;39,58424
4747776;42,24;52,6228;39,58424
6405000;60,5;52,541483;39,572145
5547000;45,09;52,62299;39,58601
5803200;55,79;52,630335;39,547947
4030837;36,25;52,63458;39,56667
6147338;55,11;52,63300906;39,56453794
4680320;41,2;52,63048247;39,54784331
4241534;41,13;52,620773;39,591333
6581000;55,29;52,623834;39,585435
5547000;45,09;52,62299;39,58601
10444720;91,3;52,58706035;39,56453832
8291090;82,08;52,60323;39,55946
5712000;48;52,62271046;39,58502373
5350000;42,79;52,62257987;39,58602151
10824000;99,3;52,62231;39,58559
4141047;36,13;52,63448;39,56571
10824000;99,3;52,62231;39,58559
5435727;38,9;52,62261885;39,58430216
3997168;36,27;52,633745;39,565232
7227220;58,52;52,602819;39,558893
5924685;44,84;52,620773;39,591333
8387764;67,48;52,58706035;39,56453832
4550688;41,22;52,6228;39,58424
5178000;42,09;52,623834;39,585435
6796440;62,93;52,60258;39,560098
6086000;50,29;52,62284757;39,58550653
4417420;31,78;52,586995;39,564195
5584500;43,79;52,586995;39,564195
5760000;47,59;52,62299;39,58601
3835000;38,34;52,638347;39,53797
5588020;41,24;52,6228;39,58424
4277185;40,93;52,620773;39,591333
5678748;41,24;52,620773;39,591333
4159541;37,04;52,63458;39,56667
8820932;78,66;52,6321;39,56203
4013800;42,7;52,638347;39,53797
3910130;34,38;52,63300906;39,56453794
5578000;46,09;52,62299;39,58601
8825000;78,09;52,623834;39,585435
5881000;48,59;52,62284757;39,58550653
5031000;40,9;52,62328;39,58497
6000320;54,4;52,63075;39,54923
5111920;40,7;52,5761;39,50177
4456530;38,11;52,680905;39,475198
6738035;59,68;52,63366808;39,56350218
5190900;39;52,5761;39,50177
5425000;43,4;52,62231;39,58559
6474000;53,5;52,62284757;39,58550653
8758000;78,9;52,623834;39,585435
5780768;41,91;52,6228;39,58424
3999732;34,83;52,63319836;39,5649671
7740800;65,59;52,59139803;39,56682564
5519358;41,22;52,620773;39,591333
4245800;29,89;52,59441;39,59146
3534000;31;52,630335;39,547947
7429920;26,92;52,597707;39,601511
7700000;109,4;52,678413;39,695933
4637206;40,41;52,63319836;39,5649671
30032370;196,28;52,612533;39,625666
4600000;46;52,57969771;39,61318144
3356415;29,79;52,633745;39,565232
5338000;42,7;52,62257987;39,58602151
8047767;71,9;52,57706958;39,50057325
6150000;50;52,62231;39,58559
4118681;37,04;52,63409237;39,5640279
4474320;41,13;52,62261885;39,58430216
3876960;32,79;52,63075;39,54923
6266320;21,45;52,597707;39,601511
10715000;98,3;52,62231;39,58559
4968070;18,88;52,597707;39,601511
5588020;41,2;52,6228;39,58424
6898000;68,5;52,7203598;39,80213928
10737000;98,5;52,62257987;39,58602151
5905000;48,79;52,62299;39,58601
4871500;50,09;52,7203598;39,80213928
3179395;29,19;52,633745;39,565232
6369091;56,65;52,63422292;39,56361484
7797000;69;52,62299;39,58601
9141654;87,13;52,63422292;39,56361484
6153891;55,72;52,63458;39,56667
5529040;45,31;52,602819;39,558893
8403000;75,69;52,62284757;39,58550653
8825000;78,09;52,62257987;39,58602151
10726000;98,4;52,62257987;39,58602151
5111920;40,7;52,576237;39,502417
6458950;63,95;52,630335;39,547947
6714750;63,95;52,6307;39,54897
6564890;24,81;52,59786355;39,6013918
3645600;31;52,63048247;39,54784331
4531552;41,91;52,62261885;39,58430216
3668733;31,01;52,63366808;39,56350218
4869236;43,18;52,63345;39,56662
3197089;27,14;52,63458;39,56667
5915000;68,58;52,62653;39,60886
24948000;162;52,612533;39,625666
4606980;39,84;52,63422292;39,56361484
4993735;47,97;52,633745;39,565232
5915000;68,58;52,62653;39,60886
5289000;43;52,62299;39,58601
4282098;39,43;52,6228;39,58424
6782200;61,41;52,63297;39,56748
8403000;75,69;52,62284757;39,58550653
6804280;63,95;52,63090842;39,54871636
5178000;42,09;52,623834;39,585435
6734900;59,68;52,63366808;39,56350218
5505540;41,24;52,620773;39,591333
6138000;49,9;52,62231;39,58559
3505920;26,55;52,60258;39,560098
5264000;43,5;52,62328;39,58497
9045527;87,13;52,63409237;39,5640279
6716000;57,9;52,623834;39,585435
9759825;94,98;52,619603;39,624768
8496315;82,08;52,60323;39,55946
4163701;36,91;52,633745;39,565232
7281860;26,92;52,597707;39,601511
5604516;41,24;52,620773;39,591333
4113168;34,83;52,63319836;39,5649671
3851700;34,7;52,630335;39,547947
4492559;40,5;52,62261885;39,58430216
6194500;61,59;52,7203598;39,80213928
5445162;41,22;52,620773;39,591333
9095586;73,91;52,6228;39,58424
8103000;73;52,62271046;39,58502373
11022000;100,19;52,591238;39,566506
5640400;95,59;52,636642;39,512653
5687520;20,9;52,597707;39,601511
7362585;65,55;52,62210645;39,58122402
3943000;43,09;52,54085;39,57215
4101191;36,13;52,63422292;39,56361484
4492559;40,5;52,6228;39,58424
5760000;47,59;52,623834;39,585435
5489882;52,04;52,633745;39,565232
5528352;52,13;52,633745;39,565232
6668760;65,37;52,60258;39,560098
7567251;61,56;52,63140738;39,5624655
6205590;57,29;52,63075;39,54923
4119147;37,2;52,62261885;39,58430216
6185150;60,04;52,63075;39,54923
6276688;57,29;52,63331;39,56576
6019816;40,84;52,58706035;39,56453832
9002238;73,91;52,620773;39,591333
5769000;46,9;52,62257987;39,58602151
9013644;74,37;52,620773;39,591333
10442000;95,8;52,62328;39,58497
4286528;36,4;52,63409237;39,5640279
5379000;45,2;52,623834;39,585435
6340520;58,59;52,63075;39,54923
6480320;24,63;52,597707;39,601511
3998720;37,04;52,633745;39,565232
5264000;43,5;52,62271046;39,58502373
5929000;48,2;52,623834;39,585435
5780768;41,91;52,62261885;39,58430216
6538000;65,37;52,60258;39,560098
8949400;87,13;52,63422292;39,56361484
5272305;38,9;52,6228;39,58424
5891520;54,4;52,63075;39,54923
3224094;28,7;52,63458;39,56667
8147000;73,4;52,62284757;39,58550653
3255765;28,7;52,63458;39,56667
10239431;92,47;52,619963;39,624971
6199376;53,95;52,63297;39,56748
3520086;29,78;52,63345;39,56662
4492559;40,5;52,62261885;39,58430216
4356975;40,43;52,62261885;39,58430216
7118960;24,37;52,597707;39,601511
7115000;58,79;52,62299;39,58601
5129000;41,7;52,62271046;39,58502373
5083890;39,4;52,60291986;39,55890126
4114740;30,29;52,576237;39,502417
3428065;30,2;52,63448;39,56571
13044000;108,69;52,591416;39,566485
3911005;36,11;52,633745;39,565232
5649210;44,09;52,57662716;39,50169424
6605640;55,97;52,601339;39,581004
4737414;42,52;52,63422292;39,56361484
5350805;50,29;52,59755;39,49022
5442520;41,2;52,620773;39,591333
4238628;37,04;52,633745;39,565232
4260085;38;52,6329;39,56678
4290352;36,4;52,63409237;39,5640279
7033026;64,98;52,6329;39,56678
4740120;41,79;52,576769;39,500909
5038800;66,3;52,636642;39,512653
4108025;36,11;52,63300906;39,56453794
6469440;58,59;52,63048247;39,54784331
3968612;36,4;52,633745;39,565232
7362585;65,55;52,622125;39,581288
6739825;64,25;52,63048247;39,54784331
4463320;37,04;52,60294598;39,56027455
7842000;69,4;52,62299;39,58601
3796019;35,5;52,620773;39,591333
9833856;89,81;52,619963;39,624971
6015000;48,9;52,62257987;39,58602151
8814000;78;52,623834;39,585435
4061190;34,95;52,63075;39,54923
7347350;63,88;52,601339;39,581004
4012581;34;52,63297;39,56748
7111896;73,91;52,6228;39,58424
4052169;37,2;52,62261885;39,58430216
5376080;39,52;52,586995;39,564195
6765450;24,37;52,597707;39,601511
5791010;52,88;52,633745;39,565232
7604850;60,5;52,5761;39,50177
6726975;64,25;52,63075;39,54923
4345088;30,86;52,58706035;39,56453832
4589292;40,83;52,6228;39,58424
9434700;95,3;52,631897;39,562829
3914400;34,95;52,630335;39,547947
3695186;33,4;52,633745;39,565232
7492000;66,19;52,623834;39,585435
8351000;73,9;52,62231;39,58559
4565477;40,5;52,62261885;39,58430216
5760000;47,59;52,62299;39,58601
4057698;36,5;52,633745;39,565232
5152470;41,88;52,60381;39,50336
4395335;40,5;52,6228;39,58424
3523214;29,78;52,63345;39,56662
5760000;47,59;52,62299;39,58601
4052169;37,2;52,6228;39,58424
7211420;60,7;52,631291;39,562362
7740800;65,59;52,591238;39,566506
8549500;87,23;52,622269;39,581282
8257480;84,26;52,60294598;39,56027455
6199000;50,4;52,62257987;39,58602151
6140960;54,83;52,601339;39,581004
4902500;53,5;52,54085;39,57215
10492848;81,72;52,631291;39,562362
6036800;61,59;52,63573286;39,54146395
4256880;37,13;52,633745;39,565232
11567300;44,15;52,597707;39,601511
5630457;40,83;52,62261885;39,58430216
8053000;71,9;52,62299;39,58601
6716000;57,9;52,62271046;39,58502373
10645580;91,3;52,58706035;39,56453832
3079652;27,37;52,63458;39,56667
8351000;73,9;52,623834;39,585435
6128000;66,3;52,54085;39,57215
6474000;53,5;52,62284757;39,58550653
6739825;64,25;52,63048247;39,54784331
4395335;40,41;52,6228;39,58424
6272200;58,59;52,630335;39,547947
5208703;39,43;52,620773;39,591333
6197160;60,04;52,63075;39,54923
4441584;38,65;52,63448;39,56571
3772500;37,2;52,541483;39,572145
4682500;46,29;52,541483;39,572145
7727500;79,9;52,7203598;39,80213928
4758700;41,38;52,586995;39,564195
5760000;47,59;52,62284757;39,58550653
3876960;32,79;52,63075;39,54923
3534000;31;52,630335;39,547947
5760000;47,59;52,623834;39,585435
5288400;39;52,57662716;39,50169424
4871500;50,09;52,7203598;39,80213928
6521000;54,79;52,62328;39,58497
6187000;50,29;52,62231;39,58559
8000000;70,8;52,623834;39,585435
6570690;65,37;52,60323;39,55946
10466434;94,51;52,61969442;39,62473581
7617742;61,68;52,63218211;39,56198439
7775695;67,91;52,602819;39,558893
5719500;62,09;52,54085;39,57215
4871500;50,09;52,7203598;39,80213928
4669500;41,25;52,6307;39,54897
8047335;67,91;52,60258;39,560098
6257210;60,04;52,63075;39,54923
4316909;39,79;52,633745;39,565232
8147000;73,4;52,62284757;39,58550653
6716000;57,9;52,62328;39,58497
7223700;60,5;52,57662716;39,50169424
5719500;62,09;52,54085;39,57215
3531000;38,5;52,62653;39,60886
5707000;46,4;52,623834;39,585435
4114740;30,29;52,57662716;39,50169424
4411539;40,5;52,620773;39,591333
7064400;67,27;52,60294598;39,56027455
5609000;45,59;52,62257987;39,58602151
4282674;41,13;52,620773;39,591333
7094810;25,06;52,597707;39,601511
6131500;61,09;52,7203598;39,80213928
4037062;36,27;52,63448;39,56571
7432230;67,26;52,586995;39,564195
7687500;75;52,60294598;39,56027455
6083000;110,59;52,636642;39,512653
7923380;71,9;52,608948;39,599023
7485240;70,34;52,63048247;39,54784331
4356975;40,43;52,6228;39,58424
8165080;67,48;52,58706035;39,56453832
7113232;61,65;52,631897;39,562829
5292300;39;52,57662716;39,50169424
6128000;66,3;52,54085;39,57215
8097000;69,8;52,623834;39,585435
4031012;35,79;52,63300906;39,56453794
4474320;41,13;52,6228;39,58424
7649700;64,5;52,5761;39,50177
4548168;41,88;52,620773;39,591333
4744220;36,91;52,60258;39,560098
4401530;31,78;52,58727345;39,56471851
4870800;39,59;52,60294598;39,56027455
5994000;54,4;52,54143;39,572123
3736005;27,37;52,602819;39,558893
8053000;71,9;52,62299;39,58601
4872015;40,77;52,60323;39,55946
6131100;57,29;52,630335;39,547947
11140000;102,19;52,62257987;39,58602151
7068750;59,09;52,576769;39,500909
2960640;27,37;52,633745;39,565232
3876960;32,79;52,63075;39,54923
3686500;40,79;52,54085;39,57215
7887750;80,9;52,591416;39,566485
5280000;44;52,586995;39,564195
6153911;55,06;52,63345;39,56662
6579900;24,37;52,59786355;39,6013918
3531000;38,5;52,62653;39,60886
5129580;50,29;52,59755;39,49022
7324435;65,69;52,58727345;39,56471851
3722860;38,38;52,638347;39,53797
4019000;44,09;52,54085;39,57215
4770120;38,09;52,59480659;39,59171331
6131500;61,09;52,7203598;39,80213928
5289000;43;52,62299;39,58601
4000000;43,7;52,54085;39,57215
4290300;31,78;52,58727345;39,56471851
5609000;45,59;52,62257987;39,58602151
3423000;32,09;52,541483;39,572145
6554700;72,83;52,638347;39,53797
5547000;45,09;52,62299;39,58601
5350651;39,43;52,620773;39,591333
5510000;44,79;52,62299;39,58601
4148225;36,25;52,633745;39,565232
6814210;24,37;52,597707;39,601511
4019000;44,09;52,54085;39,57215
6733350;57,54;52,636406;39,542015
4703760;41,7;52,57399;39,50767
5609000;45,59;52,62257987;39,58602151
3943200;37,2;52,63533143;39,54177508
5166720;49,68;52,59755;39,49022
10737000;98,5;52,623834;39,585435
4682500;46,29;52,541483;39,572145
4280131;36,2;52,63422292;39,56361484
6871995;62,18;52,60294598;39,56027455
6033530;54,63;52,63297;39,56748
4227582;37,72;52,63319836;39,5649671
4681875;41,25;52,63090842;39,54871636
6142578;55,11;52,633745;39,565232
8114000;73,09;52,62271046;39,58502373
9867000;89,69;52,59139803;39,56682564
14292000;119,09;52,591416;39,566485
3916000;40,09;52,7203598;39,80213928
8260208;76,33;52,63458;39,56667
4831224;42,52;52,63458;39,56667
3821200;32,79;52,63048247;39,54784331
7251489;73,91;52,6228;39,58424
5686996;41,24;52,6228;39,58424
5043000;41;52,62328;39,58497
8591000;77,4;52,623834;39,585435
8558000;77,09;52,62299;39,58601
8046830;84,26;52,60258;39,560098
6612500;65,59;52,541483;39,572145
6138000;49,9;52,62231;39,58559
6694850;64,25;52,63075;39,54923
3285381;28,64;52,63409237;39,5640279
6425000;53,09;52,62284757;39,58550653
7402500;73,5;52,541483;39,572145
6211600;58,59;52,630335;39,547947
9364970;87,43;52,63458;39,56667
5264000;43,5;52,623834;39,585435
8383870;84,26;52,60258;39,560098
4705103;42,22;52,63458;39,56667
4518880;37,04;52,60294598;39,56027455
3590070;27,82;52,60323;39,55946
8624000;78,4;52,591238;39,566506
6015000;48,9;52,62231;39,58559
4411539;40,5;52,620773;39,591333
5784000;47,79;52,62284757;39,58550653
7079203;61,5;52,63364523;39,56425857
6634217;61,18;52,63422292;39,56361484
4071675;34,95;52,63048247;39,54784331
8373180;82,08;52,60258;39,560098
3968612;36,4;52,633745;39,565232
4258718;36,13;52,63448;39,56571
5734800;21,23;52,597707;39,601511
6840164;62,56;52,63319836;39,5649671
6129200;61,59;52,63533143;39,54177508
5760000;47,59;52,62299;39,58601
7099000;61,09;52,623834;39,585435
12465540;90,33;52,63218211;39,56198439
7115000;58,79;52,623834;39,585435
7964241;72,25;52,619963;39,624971
4324320;36,95;52,680905;39,475198
6142950;43,79;52,58706035;39,56453832
5129000;41,7;52,62271046;39,58502373
4926320;37,04;52,586995;39,564195
4481840;37,04;52,60258;39,560098
6270438;58,24;52,63458;39,56667
4928110;41,84;52,63409237;39,5640279
7801150;71,9;52,57706958;39,50057325
7402500;73,5;52,541483;39,572145
4125702;36,91;52,63458;39,56667
4916880;43,18;52,63364523;39,56425857
10835000;99,4;52,62231;39,58559
5501581;53,99;52,62261885;39,58430216
5781000;47;52,62257987;39,58602151
5929000;48,2;52,623834;39,585435
4096967;36,34;52,63422292;39,56361484
7400820;70,34;52,63075;39,54923
3505920;26,55;52,602819;39,558893
6535694;59,68;52,633745;39,565232
3605757;33,4;52,633745;39,565232
3526740;27,98;52,586995;39,564195
5556963;40,83;52,6228;39,58424
4159716;36,61;52,63297;39,56748
9283530;86,87;52,619603;39,624768
4288069;38,63;52,63409237;39,5640279
4809000;39,09;52,62328;39,58497
4398365;39,36;52,63422292;39,56361484
6012174;56,08;52,633745;39,565232
5769000;56,9;52,623834;39,585435
5784000;47,79;52,62284757;39,58550653
6150000;50;52,62257987;39,58602151
6843200;58,24;52,60258;39,560098
6617750;64,25;52,630335;39,547947
5258000;44;52,586995;39,564195
7249121;64,98;52,633745;39,565232
5929000;48,2;52,62257987;39,58602151
6844651;61,41;52,633745;39,565232
6972807;62,56;52,633745;39,565232
4230115;38,99;52,633745;39,565232
3984300;34,95;52,630335;39,547947
6375184;56,08;52,63458;39,56667
5698537;52,13;52,633745;39,565232
7118960;24,37;52,597707;39,601511
7923380;71,9;52,57706958;39,50057325
4160813;36,36;52,633745;39,565232
5129000;41,7;52,623834;39,585435
4369329;39,47;52,62261885;39,58430216
7476625;69,55;52,63090842;39,54871636
7699420;70,43;52,63458;39,56667
3319106;28,7;52,63458;39,56667
7656120;70,88;52,586995;39,564195
8888840;71,8;52,5761;39,50177
5191100;45,13;52,636406;39,542015
6716000;57,9;52,62328;39,58497
7797000;69;52,62299;39,58601
4446416;39,79;52,63458;39,56667
4262053;37,15;52,63300906;39,56453794
3673600;32,79;52,630335;39,547947
4259759;37,13;52,6329;39,56678
7545440;67,37;52,60258;39,560098
7006950;60,93;52,60291986;39,55890126
4815840;37,91;52,601339;39,581004
3459135;30,2;52,633745;39,565232
5523000;44,9;52,623834;39,585435
8114000;73,09;52,623834;39,585435
3271600;28,7;52,63409237;39,5640279
4368128;36,91;52,63448;39,56571
5376000;44,79;52,62271046;39,58502373
6128000;66,3;52,54085;39,57215
6733510;62,93;52,60323;39,55946
6609671;62,15;52,633745;39,565232
8842641;74,08;52,58706035;39,56453832
7250670;60,93;52,60291986;39,55890126
4190791;36,25;52,63409237;39,5640279
8322400;32,95;52,597707;39,601511
8534718;71,51;52,58706035;39,56453832
4561000;39,34;52,62653;39,60886
7399735;70,43;52,633745;39,565232
6176000;51,9;52,62271046;39,58502373
7213440;69,36;52,58727345;39,56471851
6965280;62,18;52,60323;39,55946
5358537;39,43;52,6228;39,58424
6734140;65,37;52,60294598;39,56027455
8558000;77,09;52,623834;39,585435
5393601;53,99;52,620773;39,591333
9067910;92,05;52,60294598;39,56027455
6737325;65,73;52,60258;39,560098
4182039;37,7;52,62261885;39,58430216
4411539;40,5;52,620773;39,591333
4412647;39,4;52,6329;39,56678
5882500;58,29;52,541483;39,572145
5166720;49,68;52,597499;39,4902
6299245;60,04;52,63048247;39,54784331
4141900;42,7;52,638347;39,53797
3224094;28,7;52,63409237;39,5640279
6006990;55,11;52,601339;39,581004
4316445;40,52;52,620773;39,591333
6708870;64,81;52,60258;39,560098
8389800;71,09;52,591238;39,566506
4819120;40,84;52,60294598;39,56027455
4880380;40,84;52,60258;39,560098
5882500;58,29;52,541483;39,572145
4182039;37,7;52,62261885;39,58430216
9142667;73,91;52,620773;39,591333
9061265;67,37;52,60291986;39,55890126
4900800;40,84;52,60294598;39,56027455
7797000;69;52,62284757;39,58550653
3424246;29,79;52,63364523;39,56425857
6076620;55,79;52,63090842;39,54871636
6912295;60,04;52,63448;39,56571
6767790;64,91;52,62261885;39,58430216
5769000;46,9;52,62231;39,58559
3970650;34,61;52,63422292;39,56361484
7621000;65,69;52,623834;39,585435
5566000;46;52,62284757;39,58550653
4372500;41,25;52,630335;39,547947
6873012;61,5;52,633745;39,565232
6582000;54,4;52,62284757;39,58550653
4496250;41,25;52,630335;39,547947
5208703;39,43;52,620773;39,591333
3361025;31,01;52,633745;39,565232
8194000;74,19;52,54143;39,572123
8916000;78,9;52,62257987;39,58602151
7557251;61,56;52,6321;39,56203
11140000;102,19;52,623834;39,585435
6469413;61,45;52,633745;39,565232
8403000;75,69;52,623834;39,585435
7773296;70,43;52,633745;39,565232
8351000;73,9;52,623834;39,585435
4000000;43,9;52,54085;39,57215
10835000;99,4;52,623834;39,585435
4157104;36,36;52,633745;39,565232
11129000;102,09;52,62257987;39,58602151
6187000;50,29;52,62231;39,58559
4431141;39,84;52,63448;39,56571
5083890;39,4;52,60291986;39,55890126
6728880;24,37;52,597707;39,601511
4792049;42,22;52,633745;39,565232
6119078;56,65;52,63422292;39,56361484
5760000;47,59;52,62299;39,58601
4434138;40,83;52,620773;39,591333
7330570;69,55;52,63090842;39,54871636
8387764;67,48;52,58706035;39,56453832
4965600;41,38;52,58727345;39,56471851
4319335;36,61;52,63297;39,56748
4047516;36,4;52,63409237;39,5640279
7727500;79,9;52,7203598;39,80213928
3371378;29,19;52,63458;39,56667
7056443;61,41;52,63319836;39,5649671
8421732;70,88;52,58706035;39,56453832
7326480;27,44;52,597707;39,601511
3561323;30,2;52,63448;39,56571
4117083;36,27;52,63422292;39,56361484
7467000;78,59;52,57969771;39,61318144
3319106;28,7;52,63409237;39,5640279
4492559;40,5;52,6228;39,58424
3360222;30,39;52,63364523;39,56425857
7575750;77,69;52,591416;39,566485
4537593;40,99;52,62261885;39,58430216
4354825;40,41;52,62261885;39,58430216
9234225;81,9;52,57706958;39,50057325
4798274;42,22;52,63458;39,56667
4048753;27,98;52,58706035;39,56453832
8000000;70,8;52,623834;39,585435
5011078;45,2;52,63458;39,56667
5649210;44,09;52,5761;39,50177
5310000;58,79;52,62653;39,60886
6733350;57,54;52,680905;39,475198
6474000;53,5;52,623834;39,585435
5310000;58,79;52,62653;39,60886
6584660;61,41;52,633745;39,565232
7481000;66,19;52,62271046;39,58502373
5604516;41,24;52,620773;39,591333
3045913;27,14;52,63458;39,56667
5719500;62,09;52,54085;39,57215
4903500;46,7;52,57969771;39,61318144
3645600;31;52,63048247;39,54784331
4305795;40,43;52,620773;39,591333
6138000;49,9;52,62257987;39,58602151
4098900;36,5;52,63458;39,56667
6086000;50,29;52,623834;39,585435
5640400;95,59;52,636642;39,512653
4061335;36,13;52,63448;39,56571
3877995;37,11;52,620773;39,591333
8824675;82,08;52,60323;39,55946
7078000;76,4;52,54085;39,57215
3192423;28,7;52,63409237;39,5640279
6586850;63,95;52,630335;39,547947
7344540;70,34;52,63048247;39,54784331
6806100;64,81;52,60294598;39,56027455
8257480;84,26;52,60323;39,55946
5760000;47,59;52,623834;39,585435
5850851;52,88;52,63364523;39,56425857
5047120;54,86;52,638347;39,53797
4057698;36,5;52,633745;39,565232
4288920;41,2;52,620773;39,591333
6178172;61,72;52,620773;39,591333
5287869;38,9;52,620773;39,591333
7085400;67,48;52,586995;39,564195
6015000;48,9;52,62257987;39,58602151
8103000;73;52,623834;39,585435
5668035;21,11;52,597707;39,601511
3962842;34,63;52,633745;39,565232
8145280;78,31;52,63218211;39,56198439
7770000;70;52,623834;39,585435
3130188;28,7;52,633745;39,565232
5971663;55,06;52,63364523;39,56425857
9506491;89,81;52,619603;39,624768
5111040;42,24;52,60258;39,560098
5058270;54,38;52,638347;39,53797
4356060;36,75;52,60323;39,55946
4770480;41,7;52,576769;39,500909
7004175;59,61;52,58727345;39,56471851
5781000;47;52,623834;39,585435
9945992;89,81;52,619963;39,624971
6474000;53,5;52,62299;39,58601
5787902;50,45;52,63300906;39,56453794
4785000;38,9;52,623834;39,585435
9074520;81,9;52,608948;39,599023
4144626;38,65;52,633745;39,565232
6696171;60,52;52,63422292;39,56361484
5694203;52,13;52,63300906;39,56453794
6176000;51,9;52,623834;39,585435
6131100;57,29;52,630335;39,547947
3075863;27,14;52,63409237;39,5640279
4361895;37,04;52,63458;39,56667
6250000;62,5;52,59212439;39,57337589
5751200;55,29;52,630335;39,547947
6219366;58,47;52,633745;39,565232
4106625;34,95;52,63048247;39,54784331
6005415;44,84;52,620773;39,591333
4369950;37,34;52,636406;39,542015
8147000;73,4;52,623834;39,585435
5302298;47,97;52,63331;39,56576
3965304;34,63;52,63448;39,56571
5949000;66,09;52,59212439;39,57337589
4220608;36,83;52,633745;39,565232
7765940;65,26;52,601339;39,581004
5129000;41,7;52,62328;39,58497
9958080;72,16;52,6321;39,56203
4333680;37,04;52,60258;39,560098
3323394;29,78;52,633745;39,565232
6340520;58,59;52,63075;39,54923
5218840;40,9;52,57662716;39,50169424
7115000;58,79;52,62284757;39,58550653
6187000;50,29;52,62231;39,58559
6554700;72,83;52,638347;39,53797
5707000;46,4;52,62231;39,58559
3713930;33,4;52,63409237;39,5640279
5082000;44;52,58727345;39,56471851
6341435;58,47;52,63345;39,56662
4241261;37,04;52,63458;39,56667
4773670;43,18;52,633745;39,565232
7471170;70,34;52,63075;39,54923
5792518;52,88;52,63345;39,56662
6194500;61,59;52,7203598;39,80213928
10462004;94,48;52,619963;39,624971
5003880;54,38;52,638347;39,53797
6131500;61,09;52,7203598;39,80213928
10715000;98,3;52,62231;39,58559
5898917;53,95;52,63319836;39,5649671
7115000;58,79;52,623834;39,585435
6384000;53,2;52,62257987;39,58602151
6131500;61,09;52,7203598;39,80213928
5152000;80,5;52,636642;39,512653
4503440;40,41;52,63319836;39,5649671
3928400;42,7;52,638347;39,53797
4682500;46,29;52,541483;39,572145
5591520;42,36;52,586995;39,564195
5236249;47,84;52,63366808;39,56350218
7204500;64,04;52,60258;39,560098
6032504;57,29;52,633745;39,565232
5376000;44,79;52,62271046;39,58502373
4337680;36,75;52,60294598;39,56027455
3439500;37,5;52,54085;39,57215
4902500;53,5;52,54085;39,57215
4003506;34,63;52,63448;39,56571
4324320;37;52,680905;39,475198
5769000;46,9;52,62257987;39,58602151
7822450;64,3;52,63140738;39,5624655
5510000;44,79;52,62299;39,58601
4058340;37,15;52,633745;39,565232
3129508;27,4;52,63319836;39,5649671
6612500;65,59;52,541483;39,572145
3953040;35,79;52,633745;39,565232
6188400;22,92;52,59786355;39,6013918
5596140;45,86;52,601339;39,581004
6011200;54,4;52,63048247;39,54784331
4836300;39,47;52,60291986;39,55890126
3562240;27,82;52,60258;39,560098
6762933;60,52;52,63422292;39,56361484
4058636;36,5;52,63409237;39,5640279
6488300;60,79;52,54143;39,572123
4144084;36,83;52,6329;39,56678
7894800;64,5;52,5761;39,50177
8387764;67,48;52,58706035;39,56453832
3160937;28,7;52,633745;39,565232
3910771;37,2;52,620773;39,591333
3826780;34;52,63319836;39,5649671
4923713;41,84;52,63458;39,56667
4770480;41,7;52,608948;39,599023
8403000;75,69;52,623834;39,585435
7402500;73,5;52,541483;39,572145
7865000;67,8;52,62231;39,58559
3977749;37,2;52,620773;39,591333
34948000;162;52,612533;39,625666
4560896;41,88;52,6228;39,58424
6627530;72,83;52,638347;39,53797
7911515;67,91;52,60291986;39,55890126
6716000;57,9;52,62271046;39,58502373
6966396;60,52;52,63409237;39,5640279
6127016;61,63;52,620773;39,591333
7220205;60,93;52,60291986;39,55890126
7638500;82,4;52,54085;39,57215
6104510;43,86;52,58706035;39,56453832
5264000;43,5;52,623834;39,585435
3575200;32,79;52,630335;39,547947
10987118;110,7;52,61969442;39,62473581
4007596;36,4;52,633745;39,565232
6581000;55,29;52,62271046;39,58502373
6425000;53,09;52,62299;39,58601
4778280;40,84;52,60258;39,560098
8351000;73,9;52,623834;39,585435
6194500;61,59;52,7203598;39,80213928
5069050;41,38;52,58727345;39,56471851
6630771;60,52;52,633745;39,565232
5880450;59,7;52,63533143;39,54177508
7281853;63,43;52,63300906;39,56453794
5296419;53,99;52,620773;39,591333
5047120;54,86;52,638347;39,53797
5760000;47,59;52,62299;39,58601
3795139;34,36;52,633745;39,565232
5012168;43,18;52,63364523;39,56425857
5719500;62,09;52,54085;39,57215
5376000;44,79;52,62271046;39,58502373
4109974;35,79;52,63300906;39,56453794
4703760;41,7;52,57399;39,50767
5501581;53,99;52,62261885;39,58430216
30032370;196,28;52,612533;39,625666
4119147;37,2;52,6228;39,58424
9027580;67,37;52,60258;39,560098
7062544;61,22;52,6321;39,56203
5887818;53,75;52,63345;39,56662
9300000;136,3;52,678413;39,695933
6093872;57,29;52,633745;39,565232
10835000;99,4;52,62231;39,58559
6737325;65,73;52,60323;39,55946
3524397;29,79;52,63364523;39,56425857
9088014;74,37;52,620773;39,591333
4421823;40,52;52,6228;39,58424
6015000;48,9;52,62257987;39,58602151
4377509;40,4;52,63366808;39,56350218
4558125;41,25;52,63090842;39,54871636
3758300;38,34;52,638347;39,53797
7759000;69,9;52,623834;39,585435
5435727;38,9;52,6228;39,58424
5638600;44;52,58706035;39,56453832
9377576;87,43;52,633745;39,565232
6270438;58,24;52,63409237;39,5640279
3189690;28,64;52,633745;39,565232
3141475;27,37;52,63422292;39,56361484
6510000;61,5;52,541483;39,572145
5712000;48;52,62271046;39,58502373
6865290;63,43;52,63300906;39,56453794
3739200;32,79;52,630335;39,547947
6405000;60,5;52,541483;39,572145
6490430;24,81;52,59786355;39,6013918
4850244;43,41;52,633745;39,565232
6901440;58,24;52,60323;39,55946
24948000;162;52,612533;39,625666
7877560;67,91;52,60291986;39,55890126
6185150;60,04;52,630335;39,547947
5234020;40,7;52,5761;39,50177
5280000;42,24;52,60258;39,560098
8982295;66,29;52,60258;39,560098
5719500;62,09;52,54085;39,57215
9575744;95,43;52,63218211;39,56198439
4125702;36,91;52,63422292;39,56361484
5143547;47,97;52,63331;39,56576
5875200;54,4;52,630335;39,547947
4000000;43,7;52,54085;39,57215
3612160;26,55;52,60258;39,560098
6650880;64,91;52,62261885;39,58430216
10737000;98,5;52,62231;39,58559
4324320;36,95;52,680905;39,475198
6016500;57,29;52,57969771;39,61318144
5438020;43,4;52,5761;39,50177
5915691;55,06;52,633745;39,565232
5419260;50,59;52,633745;39,565232
3532480;26,55;52,602819;39,558893
24948000;162;52,612533;39,625666
30032370;196,28;52,612533;39,625666
5457485;53,47;52,633745;39,565232
5523000;44,9;52,623834;39,585435
6716000;57,9;52,623834;39,585435
5718687;52,63;52,6329;39,56678
7797000;69;52,623834;39,585435
8114000;73,09;52,62328;39,58497
8558000;77,09;52,623834;39,585435
5191100;45,13;52,636406;39,542015
9590210;80,58;52,601339;39,581004
8445000;75;52,59441;39,59146
8053000;71,9;52,62299;39,58601
5937322;51,58;52,63345;39,56662
9129639;90,11;52,633745;39,565232
5510000;44,79;52,62284757;39,58550653
4567731;40,52;52,6228;39,58424
8341740;84,26;52,60294598;39,56027455
6474000;53,5;52,623834;39,585435
4138363;36,13;52,633745;39,565232
7180248;66,91;52,622125;39,581288
6086000;50,29;52,62284757;39,58550653
3787619;33,4;52,63458;39,56667
5112660;54,38;52,638347;39,53797
4481840;37,04;52,60294598;39,56027455
9945992;89,81;52,61969442;39,62473581
4013800;42,7;52,638347;39,53797
6521000;54,79;52,623834;39,585435
3386314;28,72;52,63422292;39,56361484
4688550;40,77;52,60258;39,560098
5940852;56,65;52,633745;39,565232
6271954;59,65;52,63345;39,56662
5521651;52,13;52,63300906;39,56453794
5761228;41,24;52,62261885;39,58430216
7550596;70,43;52,633745;39,565232
4182039;37,7;52,6228;39,58424
6516964;64,91;52,620773;39,591333
6538000;65,37;52,60294598;39,56027455
6605640;55,97;52,58294632;39,5436626
5590840;41,2;52,620773;39,591333
8567845;32,88;52,59786355;39,6013918
13306730;47,77;52,597707;39,601511
4174090;38,36;52,633745;39,565232
3977749;37,2;52,620773;39,591333
7421520;69,36;52,586995;39,564195
5675994;41,22;52,62261885;39,58430216
5719500;62,09;52,54085;39,57215
5609000;45,59;52,62231;39,58559
10888679;108,18;52,619963;39,624971
4474320;41,13;52,6228;39,58424
4662500;46,09;52,541483;39,572145
7535954;69,8;52,619603;39,624768
7865000;67,8;52,62231;39,58559
4699000;38,09;52,623834;39,585435
6934620;58,52;52,602819;39,558893
4013800;42,7;52,638347;39,53797
4871500;50,09;52,7203598;39,80213928
7115000;58,79;52,62284757;39,58550653
7062300;67,26;52,58727345;39,56471851
4671744;42,24;52,6228;39,58424
3981739;36,13;52,633745;39,565232
4096140;34,95;52,63075;39,54923
6190800;61,59;52,63573286;39,54146395
5769000;46,9;52,623834;39,585435
6005000;54,4;52,54143;39,572123
6128000;66,3;52,54085;39,57215
6521000;54,79;52,62328;39,58497
7398600;67,26;52,586995;39,564195
5686996;41,24;52,6228;39,58424
4947854;43,41;52,63366808;39,56350218
5263000;42,09;52,62231;39,58559
4228418;35,79;52,63300906;39,56453794
6125100;60,04;52,630335;39,547947
4878129;42,52;52,63458;39,56667
4225341;36,83;52,63300906;39,56453794
6558674;57,02;52,63422292;39,56361484
10403315;93,94;52,61969442;39,62473581
8339000;73,8;52,62231;39,58559
6519660;60,2;52,59441;39,59146
8147000;73,4;52,62284757;39,58550653
8103000;73;52,623834;39,585435
3241920;29,19;52,633745;39,565232
6841973;62,56;52,633745;39,565232
6757318;60,52;52,633745;39,565232
7481200;63,4;52,591416;39,566485
5069609;42,83;52,63366808;39,56350218
5097862;44,34;52,63331;39,56576
5915000;58,08;52,62653;39,60886
5031773;42,54;52,63345;39,56662
6306588;56,65;52,63448;39,56571
3558714;31,01;52,633745;39,565232
7383735;73,91;52,62261885;39,58430216
8648580;84,79;52,58294632;39,5436626
4710736;43,41;52,63366808;39,56350218
4354259;38,65;52,63448;39,56571
5630457;40,83;52,6228;39,58424
7350000;75;52,60258;39,560098
4630000;37,04;52,60294598;39,56027455
4211124;39,43;52,62261885;39,58430216
4012581;34;52,63319836;39,5649671
8069877;71,9;52,57706958;39,50057325
7422800;67,48;52,586995;39,564195
5510000;44,79;52,623834;39,585435
6175000;50,2;52,62257987;39,58602151
7485240;70,34;52,63048247;39,54784331
6211600;58,59;52,630335;39,547947
9945992;89,81;52,619963;39,624971
6323160;22,9;52,597707;39,601511
5137040;40,9;52,57662716;39,50169424
6153095;23,53;52,597707;39,601511
6036800;61,59;52,63573286;39,54146395
9235179;73,91;52,62261885;39,58430216
5338000;42,7;52,62257987;39,58602151
3450920;27,82;52,60258;39,560098
7851480;71,9;52,57706958;39,50057325
4749630;41,7;52,57399;39,50767
3052710;28,53;52,638347;39,53797
4736048;42,52;52,633745;39,565232
3786055;32,09;52,63300906;39,56453794
4771800;39,59;52,60294598;39,56027455
3861308;33,4;52,63409237;39,5640279
6474000;53,5;52,62299;39,58601
7078000;76,4;52,54085;39,57215
4463320;37,04;52,60258;39,560098
5942500;58,9;52,541483;39,572145
4500360;37,04;52,60294598;39,56027455
4785000;38,9;52,62328;39,58497
6716000;57,9;52,623834;39,585435
6138000;49,9;52,62231;39,58559
3439500;37,5;52,54085;39,57215
10824000;99,3;52,62231;39,58559
5970600;55,79;52,630335;39,547947
7294194;61,72;52,631291;39,562362
5784000;47,79;52,623834;39,585435
6425000;53,09;52,62299;39,58601
5602849;53,49;52,619603;39,624768
2910060;28,53;52,638347;39,53797
9275705;73,91;52,620773;39,591333
4463320;37,04;52,60294598;39,56027455
4798700;40,84;52,60323;39,55946
4743600;39,52;52,60258;39,560098
5411300;40,84;52,58727345;39,56471851
10344290;91,3;52,58706035;39,56453832
6404972;56,72;52,63364523;39,56425857
7200390;61,7;52,59441;39,59146
4027059;36,11;52,633745;39,565232
6400024;57,31;52,633745;39,565232
3950080;30,86;52,586995;39,564195
3910771;37,2;52,620773;39,591333
4578750;41,25;52,630335;39,547947
4154398;36,27;52,633745;39,565232
7000000;62,5;52,608948;39,599023
6809805;62,18;52,60258;39,560098
4353072;39,43;52,62261885;39,58430216
5760000;47,59;52,623834;39,585435
3380940;28,7;52,63409237;39,5640279
6287235;60,04;52,63075;39,54923
3337196;39,18;52,633745;39,565232
6015000;48,9;52,62257987;39,58602151
4871500;50,09;52,7203598;39,80213928
7391320;71,9;52,57399;39,50767
5275000;42,2;52,62257987;39,58602151
4134400;30,39;52,59480659;39,59171331
5724000;47,9;52,623834;39,585435
7115000;58,79;52,623834;39,585435
4889742;41,7;52,57706958;39,50057325
6128000;66,3;52,54085;39,57215
6436320;60,52;52,633745;39,565232
4367920;30,76;52,586995;39,564195
9367425;73,91;52,6228;39,58424
6957600;66,9;52,630335;39,547947
5526900;80,09;52,636642;39,512653
5445162;41,22;52,620773;39,591333
7285000;62,79;52,62271046;39,58502373
4069216;35,45;52,633745;39,565232
4671744;42,24;52,6228;39,58424
6938040;64,59;52,59480659;39,59171331
5045110;47,97;52,633745;39,565232
6716000;57,9;52,62328;39,58497
3984300;34,95;52,630335;39,547947
3624705;27,98;52,586995;39,564195
3475500;32,59;52,541483;39,572145
4388129;37,15;52,63297;39,56748
7363200;62,4;52,591416;39,566485
7481000;66,19;52,623834;39,585435
5602020;43,79;52,57662716;39,50169424
8112780;65,77;52,63218211;39,56198439
7024620;66,26;52,60294598;39,56027455
6086000;50,29;52,623834;39,585435
6352240;58,59;52,63048247;39,54784331
4119147;37,2;52,62261885;39,58430216
3607000;32,59;52,54143;39,572123
8103000;73;52,62328;39,58497
7842000;67,59;52,62231;39,58559
7221420;60,7;52,63218211;39,56198439
3977638;36,34;52,633745;39,565232
3010761;27,23;52,633745;39,565232
10431000;95,69;52,62271046;39,58502373
5475303;40,83;52,620773;39,591333
4319856;41,22;52,620773;39,591333
5612764;41,24;52,6228;39,58424
4484720;36,75;52,60258;39,560098
5337221;49,68;52,597499;39,4902
3024180;28,53;52,638347;39,53797
4442304;40,83;52,62261885;39,58430216
24948000;162;52,612533;39,625666
5395887;50,41;52,59755;39,49022
4699000;38,2;52,62328;39,58497
10715000;98,3;52,62231;39,58559
6083000;110,59;52,636642;39,512653
8618500;78,34;52,59755;39,49022
6910291;62,58;52,6329;39,56678
10933000;100,3;52,62231;39,58559
4468248;41,22;52,620773;39,591333
4944840;37,04;52,586995;39,564195
5609000;45,59;52,623834;39,585435
5560000;45,2;52,62299;39,58601
5556600;44,09;52,5761;39,50177
6588000;109,8;52,636642;39,512653
4413717;40,52;52,620773;39,591333
3796019;35,5;52,620773;39,591333
6516964;64,91;52,620773;39,591333
6499500;61,4;52,541483;39,572145
6892760;72,09;52,57706958;39,50057325
7542457;61,15;52,6321;39,56203
6187000;50,29;52,623834;39,585435
9521583;87,13;52,63409237;39,5640279
9235179;73,91;52,6228;39,58424
6474000;53,5;52,62284757;39,58550653
6612430;63,95;52,63090842;39,54871636
3371378;29,19;52,63458;39,56667
4446416;39,79;52,63409237;39,5640279
8165080;67,48;52,58706035;39,56453832
5071859;42,83;52,63366808;39,56350218
10824000;99,3;52,62257987;39,58602151
3130188;28,7;52,633745;39,565232
3961419;35,52;52,63297;39,56748
4251813;39,18;52,633745;39,565232
3963409;36,2;52,633745;39,565232
3505920;26,55;52,60258;39,560098
4386948;37,15;52,63300906;39,56453794
5964598;53,38;52,61969442;39,62473581
4200401;37,04;52,63458;39,56667
8037600;78,8;52,591238;39,566506
4000000;43,7;52,54085;39,57215
4894120;31,78;52,58706035;39,56453832
7797000;69;52,62284757;39,58550653
6739825;64,25;52,63048247;39,54784331
4636352;41,88;52,62261885;39,58430216
4474320;41,13;52,6228;39,58424
4513510;41,84;52,633745;39,565232
7895000;85;52,54085;39,57215
5292300;39;52,5761;39,50177
4537400;37,04;52,60323;39,55946
8558000;77,09;52,623834;39,585435
4680280;38,68;52,60381;39,50336
5916000;48,09;52,62231;39,58559
7842000;67,59;52,62231;39,58559
5733750;45,86;52,601339;39,581004
6263360;23,68;52,597707;39,601511
4441584;38,65;52,63458;39,56667
5547000;45,09;52,623834;39,585435
10987118;110,7;52,61969442;39,62473581
4871500;50,09;52,7203598;39,80213928
5375000;43,7;52,62284757;39,58550653
4288612;36,91;52,63448;39,56571
7399908;60,7;52,63195735;39,56276859
7042368;61,18;52,63409237;39,5640279
6400364;61,72;52,620773;39,591333
8000000;70,8;52,62284757;39,58550653
4059007;37,27;52,63409237;39,5640279
4548480;41,13;52,6228;39,58424
6176000;51,9;52,623834;39,585435
10211038;94,98;52,619963;39,624971
6092414;55,72;52,63458;39,56667
5781000;47;52,623834;39,585435
4770480;41,7;52,608948;39,599023
4326209;39;52,6228;39,58424
5781000;47;52,623834;39,585435
5638600;44;52,58706035;39,56453832
6887500;68,5;52,7203598;39,80213928
6703083;61,18;52,633745;39,565232
4550688;41,22;52,6228;39,58424
7492000;66,19;52,623834;39,585435
4282098;39,43;52,6228;39,58424
6176000;51,9;52,623834;39,585435
6187355;53,88;52,6329;39,56678
5510000;44,79;52,62299;39,58601
6250000;60,79;52,597658;39,510143
7099000;61,2;52,62328;39,58497
5510000;44,79;52,623834;39,585435
5882500;58,29;52,541483;39,572145
5760000;47,59;52,62299;39,58601
8121465;71,9;52,57706958;39,50057325
6039000;49,09;52,623834;39,585435
4139164;36,5;52,63458;39,56667
4600000;46;52,57969771;39,61318144
5824896;42,24;52,6228;39,58424
8011080;69,36;52,58706035;39,56453832
7770000;70;52,62328;39,58497
5333860;43,4;52,5761;39,50177
4992060;45,29;52,59480659;39,59171331
6619774;62,56;52,633745;39,565232
7986390;64,93;52,58294632;39,5436626
8351000;73,9;52,62231;39,58559
3244230;28,36;52,63448;39,56571
5356315;39,52;52,586995;39,564195
8177125;78,25;52,63195735;39,56276859
7356550;63,97;52,60258;39,560098
6599480;58,47;52,63345;39,56662
4537400;37,04;52,60323;39,55946
7616000;67,4;52,62328;39,58497
5560000;45,2;52,62284757;39,58550653
30032370;196,28;52,612533;39,625666
5900477;53,95;52,633745;39,565232
4703760;41,7;52,57399;39,50767
7047544;60,45;52,63218211;39,56198439
7144950;62,13;52,680905;39,475198
6304949;56,65;52,633745;39,565232
4369950;37,34;52,636406;39,542015
4274212;39,43;52,620773;39,591333
3646100;38,38;52,638347;39,53797
4106625;34,95;52,63048247;39,54784331
4417420;31,78;52,586995;39,564195
5375000;43,7;52,623834;39,585435
4859960;40,84;52,60258;39,560098
6739402;62,15;52,63364523;39,56425857
5929000;48,2;52,62257987;39,58602151
5671367;50,38;52,63300906;39,56453794
3972404;37,15;52,620773;39,591333
4682500;46,29;52,541483;39,572145
4150802;36,25;52,63409237;39,5640279
7342500;72,9;52,541483;39,572145
8403000;75,69;52,62299;39,58601
4995751;43,41;52,63366808;39,56350218
5820800;54,4;52,630335;39,547947
5712000;48;52,62271046;39,58502373
4324320;37;52,680905;39,475198
6176000;51,9;52,623834;39,585435
6894300;70,34;52,630335;39,547947
5523000;44,9;52,623834;39,585435
5289000;43;52,62284757;39,58550653
3192423;28,7;52,63458;39,56667
4163701;36,91;52,633745;39,565232
6474000;53,5;52,623834;39,585435
5547000;45,09;52,62299;39,58601
7257062;62,59;52,57706958;39,50057325
5547000;45,09;52,62299;39,58601
8000000;70,8;52,623834;39,585435
6521000;54,79;52,623834;39,585435
4000000;43,9;52,54085;39,57215
12406150;44,15;52,597707;39,601511
6534969;58,47;52,63345;39,56662
4365787;37,04;52,63458;39,56667
6592025;57,31;52,63366808;39,56350218
7227000;62,29;52,623834;39,585435
3886800;32,79;52,63048247;39,54784331
9185842;87,43;52,633745;39,565232
4489632;41,88;52,62261885;39,58430216
5784000;47,79;52,623834;39,585435
5510000;44,79;52,62299;39,58601
4444800;37,04;52,60294598;39,56027455
6371503;60,52;52,633745;39,565232
5289000;43;52,623834;39,585435
4492559;40,5;52,62261885;39,58430216
8147000;73,4;52,623834;39,585435
7183139;62,58;52,6329;39,56678
8121465;71,9;52,57706958;39,50057325
7337115;70,88;52,58727345;39,56471851
9235179;73,91;52,6228;39,58424
5047120;54,86;52,638347;39,53797
6867000;59,2;52,62271046;39,58502373
6217050;57,29;52,63048247;39,54784331
5769000;46,9;52,62257987;39,58602151
8053000;71,9;52,623834;39,585435
6716000;57,9;52,623834;39,585435
4379368;39,18;52,63458;39,56667
5047120;54,86;52,638347;39,53797
4187567;35,45;52,63300906;39,56453794
4108025;36,11;52,6329;39,56678
6591410;55,38;52,58294632;39,5436626
3686500;40,79;52,54085;39,57215
3808629;34,83;52,633745;39,565232
6843200;58,24;52,60258;39,560098
6150000;50;52,62231;39,58559
4302139;36,5;52,63409237;39,5640279
6086000;50,29;52,623834;39,585435
3348000;31;52,630335;39,547947
5438020;43,4;52,57662716;39,50169424
4951040;38,68;52,60381;39,50336
4831200;39,59;52,60323;39,55946
5038800;66,3;52,636642;39,512653
5074480;37,04;52,58727345;39,56471851
8591000;77,4;52,62284757;39,58550653
6257210;60,04;52,63075;39,54923
7175700;70,34;52,630335;39,547947
5264000;43,5;52,623834;39,585435
4500360;37,04;52,60294598;39,56027455
6887500;68,5;52,7203598;39,80213928
5292300;39;52,5761;39,50177
4306400;30,76;52,586995;39,564195
5781000;47;52,623834;39,585435
9009000;81,9;52,576769;39,500909
5784895;53,95;52,633745;39,565232
5376000;44,79;52,62328;39,58497
5686996;41,24;52,6228;39,58424
4004520;30,2;52,57662716;39,50169424
5760000;47,59;52,62284757;39,58550653
4295497;36,34;52,63448;39,56571
4020676;26,68;52,58706035;39,56453832
5703951;40,83;52,62261885;39,58430216
6474000;53,5;52,62299;39,58601
5236000;44;52,58727345;39,56471851
4655760;40,84;52,60258;39,560098
7653750;78,5;52,591416;39,566485
4193529;36,61;52,633745;39,565232
6957600;66,9;52,630335;39,547947
6742796;62,15;52,633745;39,565232
8585676;87,59;52,622269;39,581282
6076620;55,79;52,63090842;39,54871636
7481000;66,19;52,62328;39,58497
5781000;47;52,623834;39,585435
7115000;58,79;52,62284757;39,58550653
5724000;48,09;52,62271046;39,58502373
3977749;37,2;52,620773;39,591333
6412708;61,72;52,6228;39,58424
3101084;27,23;52,63458;39,56667
3334219;29,19;52,633745;39,565232
4283935;36,2;52,63422292;39,56361484
6068812;56,08;52,63448;39,56571
7310160;62,47;52,680905;39,475198
9629640;69,77;52,631291;39,562362
3818682;33,4;52,633745;39,565232
7729000;65,5;52,591238;39,566506
4671744;42,24;52,6228;39,58424
3873815;37,06;52,620773;39,591333
7727500;79,9;52,7203598;39,80213928
5336000;44,2;52,623834;39,585435
8875392;87,13;52,633745;39,565232
5724000;48,09;52,62328;39,58497
4058636;36,5;52,63458;39,56667
4107115;38,93;52,620773;39,591333
4815840;37,91;52,58294632;39,5436626
8932140;70,88;52,58727345;39,56471851
4476492;41,22;52,6228;39,58424
6898000;68,5;52,7203598;39,80213928
5038800;66,3;52,636642;39,512653
7842000;69,4;52,623834;39,585435
3761240;38,38;52,638347;39,53797
5350805;50,29;52,597499;39,4902
5359501;52,5;52,633745;39,565232
11140000;102,19;52,62231;39,58559
6264000;52,2;52,623834;39,585435
4121945;37,18;52,63409237;39,5640279
7867125;69,93;52,602819;39,558893
5856224;41,91;52,62261885;39,58430216
6291399;55,75;52,63331;39,56576
8258000;74,4;52,62284757;39,58550653
3713071;33,4;52,633745;39,565232
7459767;64,98;52,6329;39,56678
6185160;60,04;52,630335;39,547947
5310000;58,79;52,62653;39,60886
6269220;60,04;52,63048247;39,54784331
5510000;44,79;52,62284757;39,58550653
4141256;37,27;52,63458;39,56667
4714003;40,02;52,63448;39,56571
3566550;38,34;52,638347;39,53797
7011200;62,59;52,57706958;39,50057325
8558000;77,09;52,62284757;39,58550653
6739825;64,25;52,63048247;39,54784331
5556963;40,83;52,6228;39,58424
4321780;30,76;52,58727345;39,56471851
5716329;53,75;52,633745;39,565232
6521000;54,79;52,623834;39,585435
4161678;36,4;52,633745;39,565232
6437710;22,9;52,597707;39,601511
6176000;51,9;52,623834;39,585435
8351000;73,9;52,62231;39,58559
7996179;71,9;52,57706958;39,50057325
24948000;162;52,612533;39,625666
9506491;89,81;52,619603;39,624768
7727265;69,93;52,602819;39,558893
4187567;35,45;52,6329;39,56678
7638500;82,4;52,54085;39,57215
4268965;38,65;52,63458;39,56667
6917708;61,41;52,63297;39,56748
4070825;36,25;52,63409237;39,5640279
5074480;37,04;52,586995;39,564195
7316400;70,34;52,630335;39,547947
7246050;70,34;52,63048247;39,54784331
4578750;41,25;52,630335;39,547947
4284756;41,15;52,620773;39,591333
4555920;37,04;52,60294598;39,56027455
9411233;88,91;52,619603;39,624768
10835000;99,4;52,62231;39,58559
5275000;42,2;52,62231;39,58559
5917100;55,29;52,630335;39,547947
5769000;46,9;52,62231;39,58559
5425000;43,4;52,623834;39,585435
4928110;41,84;52,63409237;39,5640279
4694899;39,84;52,63422292;39,56361484
6311580;43,79;52,58706035;39,56453832
9461417;87,43;52,63448;39,56571
5129580;50,29;52,59755;39,49022
4285637;36,36;52,63422292;39,56361484
6208142;55,11;52,63300906;39,56453794
5523000;44,9;52,62284757;39,58550653
4797040;39,31;52,60294598;39,56027455
5761228;41,24;52,6228;39,58424
3075863;27,14;52,63458;39,56667
5941000;48,29;52,62231;39,58559
3224094;28,7;52,63458;39,56667
4326000;41,2;52,630335;39,547947
5429511;39,43;52,62261885;39,58430216
7356239;65,83;52,622269;39,581282
6831010;61,18;52,633745;39,565232
6629410;60,52;52,63448;39,56571
7088000;61,09;52,623834;39,585435
4787413;41,84;52,63458;39,56667
7894800;64,5;52,57662716;39,50169424
4741247;41,84;52,63409237;39,5640279
9235179;73,91;52,62261885;39,58430216
4921220;40,84;52,60323;39,55946
3686500;40,79;52,54085;39,57215
6274350;57,29;52,63048247;39,54784331
6904175;61,18;52,63458;39,56667
4749630;41,7;52,57399;39,50767
6128000;66,3;52,54085;39,57215
4000000;43,9;52,54085;39,57215
4083178;36,36;52,63448;39,56571
7649702;61,75;52,631897;39,562829
4177143;36,34;52,63422292;39,56361484
7204500;64,04;52,60258;39,560098
3919220;30,86;52,58727345;39,56471851
5069609;42,83;52,63331;39,56576
5929000;48,2;52,62257987;39,58602151
3719950;38,34;52,638347;39,53797
6716000;57,9;52,62328;39,58497
6553500;64,25;52,630335;39,547947
8019619;76,33;52,633745;39,565232
7202126;61,22;52,63140738;39,5624655
4099200;42,7;52,638347;39,53797
5350805;50,29;52,597499;39,4902
4774770;40,81;52,601339;39,581004
5760000;47,59;52,623834;39,585435
5510000;44,79;52,623834;39,585435
4385640;31,78;52,58727345;39,56471851
4158959;36,36;52,633745;39,565232
12760000;102,08;52,59755;39,49022
6044290;55,29;52,6307;39,54897
4324320;39,95;52,636406;39,542015
4827680;54,86;52,638347;39,53797
6665000;60,79;52,54143;39,572123
5523000;44,9;52,62299;39,58601
4372272;40,41;52,633745;39,565232
5964598;53,33;52,61969442;39,62473581
4468248;41,22;52,620773;39,591333
5183100;39;52,576237;39,502417
7492000;66,3;52,62271046;39,58502373
7638500;82,4;52,54085;39,57215
4528950;41,54;52,630335;39,547947
5129000;41,7;52,62328;39,58497
7356239;65,83;52,62210645;39,58122402
4255991;39;52,6228;39,58424
9300000;136,3;52,678413;39,695933
6991485;66,26;52,60294598;39,56027455
6602500;65,5;52,541483;39,572145
4060564;37,27;52,633745;39,565232
7147097;73,91;52,620773;39,591333
6289268;61,72;52,620773;39,591333
4038432;38,34;52,62261885;39,58430216
4006700;38,9;52,630335;39,547947
6122505;21,37;52,597707;39,601511
4591283;37,79;52,57706958;39,50057325
4481840;37,04;52,60323;39,55946
4456530;38,11;52,636406;39,542015
7972802;65,77;52,63195735;39,56276859
6261000;50,9;52,623834;39,585435
5654578;52,04;52,63319836;39,5649671
7759000;69,9;52,62271046;39,58502373
6328300;24,2;52,59786355;39,6013918
4824204;31,78;52,58706035;39,56453832
10824000;99,3;52,623834;39,585435
7094520;65,69;52,58727345;39,56471851
5917100;55,29;52,630335;39,547947
4757238;43,41;52,633745;39,565232
7770000;70;52,62328;39,58497
6138000;49,9;52,623834;39,585435
5027670;41,38;52,586995;39,564195
3889760;30,2;52,5761;39,50177
4695081;41,84;52,63409237;39,5640279
4372500;41,25;52,630335;39,547947
6885540;55,97;52,58294632;39,5436626
5630457;40,83;52,6228;39,58424
7186426;62,58;52,6329;39,56678
7381360;27,44;52,597707;39,601511
5609000;45,59;52,623834;39,585435
5781000;47;52,62257987;39,58602151
5208703;39,43;52,620773;39,591333
5366606;53,99;52,62261885;39,58430216
4324320;36,95;52,680905;39,475198
7544034;70,43;52,63409237;39,5640279
8620020;84,51;52,601339;39,581004
4718209;40,02;52,63422292;39,56361484
4599431;42,52;52,633745;39,565232
4770480;41,7;52,576769;39,500909
4018606;36,5;52,633745;39,565232
6577926;60,04;52,63422292;39,56361484
4761020;41,79;52,57399;39,50767
8591000;77,4;52,62299;39,58601
9689822;85,02;52,619963;39,624971
9300000;136,3;52,678413;39,695933
4197104;36,27;52,63448;39,56571
6890700;66,9;52,630335;39,547947
5375000;43,7;52,62299;39,58601
6372935;57,02;52,63422292;39,56361484
5602020;43,79;52,5761;39,50177
3334219;29,19;52,633745;39,565232
11151000;102,3;52,62257987;39,58602151
4038432;38,34;52,6228;39,58424
6948300;24,37;52,597707;39,601511
5129580;50,29;52,597499;39,4902
9965921;90;52,619963;39,624971
7310160;62,47;52,680905;39,475198
7759000;69,9;52,623834;39,585435
4539473;40,02;52,63422292;39,56361484
5630457;40,83;52,6228;39,58424
5769000;46,9;52,62231;39,58559
8164860;30,57;52,597707;39,601511
8147000;73,4;52,62299;39,58601
5604516;41,24;52,620773;39,591333
7330470;70,34;52,63075;39,54923
7580060;71,51;52,586995;39,564195
8103000;73;52,623834;39,585435
5952112;56,08;52,633745;39,565232
10888679;108,18;52,619963;39,624971
7490280;67,48;52,58727345;39,56471851
4208132;36,4;52,63409237;39,5640279
7203845;24,96;52,59786355;39,6013918
4798700;40,84;52,60323;39,55946
6369091;56,65;52,63448;39,56571
10980172;110,63;52,619963;39,624971
5913688;39,52;52,58706035;39,56453832
3643250;38,34;52,638347;39,53797
5766400;54,4;52,630335;39,547947
3596000;32,59;52,54143;39,572123
7362585;65,55;52,622269;39,581282
4717400;41,2;52,63048247;39,54784331
13824000;115,19;52,591238;39,566506
9263223;86,68;52,619603;39,624768
5760000;47,59;52,623834;39,585435
9045527;87,13;52,63458;39,56667
8339000;73,8;52,623834;39,585435
7638500;82,4;52,54085;39,57215
8403000;75,69;52,62284757;39,58550653
4087670;36,4;52,63458;39,56667
7292580;63,97;52,60291986;39,55890126
3943000;43,09;52,54085;39,57215
5082000;44;52,58727345;39,56471851
5264000;43,5;52,62271046;39,58502373
7412580;69,93;52,60258;39,560098
4182039;37,7;52,6228;39,58424
6825810;66,26;52,60323;39,55946
7099000;61,2;52,62328;39,58497
7078000;76,4;52,54085;39,57215
10824000;99,3;52,62231;39,58559
9965921;90;52,61969442;39,62473581
4356060;36,75;52,60323;39,55946
3946908;34,36;52,63319836;39,5649671
6262890;57,29;52,63075;39,54923
5760000;47,59;52,623834;39,585435
8968719;87,13;52,633745;39,565232
5375000;43,7;52,62284757;39,58550653
4937400;54,86;52,638347;39,53797
7481000;66,19;52,62328;39,58497
3667104;31,01;52,63331;39,56576
7452505;63,97;52,602819;39,558893
8147000;73,4;52,62299;39,58601
6176000;51,9;52,62328;39,58497
6850780;24,37;52,597707;39,601511
8339000;73,8;52,62231;39,58559
3138600;27,37;52,63422292;39,56361484
5547000;45,09;52,62299;39,58601
4444800;37,04;52,60258;39,560098
4953300;39,5;52,59480659;39,59171331
8000000;70,8;52,623834;39,585435
10824000;99,3;52,62231;39,58559
7842000;67,59;52,62257987;39,58602151
6195219;56,08;52,633745;39,565232
3875273;35,79;52,633745;39,565232
4000000;43,9;52,54085;39,57215
6015000;48,9;52,62231;39,58559
3135763;27,14;52,63458;39,56667
8011080;69,36;52,58706035;39,56453832
4282098;39,43;52,6228;39,58424
4519060;39,84;52,63448;39,56571
5115600;40,59;52,59480659;39,59171331
6533970;64,91;52,62261885;39,58430216
7544305;71,51;52,586995;39,564195
8085280;72,19;52,60258;39,560098
3394750;30,2;52,63448;39,56571
4565477;40,5;52,62261885;39,58430216
5371380;41,15;52,620773;39,591333
5724000;48,09;52,62271046;39,58502373
5533500;43,4;52,5761;39,50177
4340763;40,52;52,620773;39,591333
5126000;44;52,586995;39,564195
8591000;77,4;52,623834;39,585435
7481000;66,19;52,62328;39,58497
6247306;59,27;52,633745;39,565232
4077073;36,27;52,63422292;39,56361484
7017810;66,9;52,63090842;39,54871636
7853000;67,69;52,623834;39,585435
7747834;65,77;52,63195735;39,56276859
3771326;34,83;52,633745;39,565232
5560000;45,2;52,62299;39,58601
8613000;78,3;52,591238;39,566506
4088110;38,34;52,620773;39,591333
4290352;36,4;52,63409237;39,5640279
9590210;80,58;52,58294632;39,5436626
7544034;70,43;52,63458;39,56667
7344540;70,34;52,63048247;39,54784331
4924220;41,38;52,58727345;39,56471851
3970650;34,61;52,63409237;39,5640279
5727104;53,95;52,633745;39,565232
6581000;55,29;52,623834;39,585435
4530360;39,74;52,60258;39,560098
3293902;29,79;52,63345;39,56662
4774650;41,7;52,608948;39,599023
7160210;65,69;52,586995;39,564195
8309420;84,79;52,58294632;39,5436626
4240487;36,61;52,63297;39,56748
4163174;38,63;52,633745;39,565232
5781000;47;52,62231;39,58559
8558000;77,09;52,623834;39,585435
4891900;36,91;52,602819;39,558893
3191685;28,7;52,633745;39,565232
4945308;41,7;52,57706958;39,50057325
5129000;41,7;52,623834;39,585435
4671744;42,24;52,6228;39,58424
5390842;50,38;52,6329;39,56678
5831000;49;52,623834;39,585435
7316400;70,34;52,630335;39,547947
8000000;70,8;52,62299;39,58601
4663296;42,24;52,620773;39,591333
7851480;71,9;52,608948;39,599023
6716000;57,9;52,62271046;39,58502373
6572035;61,18;52,633745;39,565232
5083737;47,84;52,633745;39,565232
9286600;78,69;52,591416;39,566485
3548440;26,68;52,586995;39,564195
5914800;55,79;52,630335;39,547947
9368658;87,43;52,633745;39,565232
4324320;37;52,636406;39,542015
8646000;78,59;52,591238;39,566506
5712000;48;52,62271046;39,58502373
4116828;34,83;52,63319836;39,5649671
4200401;37,04;52,63409237;39,5640279
5043000;40,9;52,623834;39,585435
6299245;60,04;52,63048247;39,54784331
5358537;39,43;52,62261885;39,58430216
6065050;60,04;52,630335;39,547947
6299245;60,04;52,63048247;39,54784331
9465120;84,51;52,58294632;39,5436626
9677800;91,3;52,586995;39,564195
5257490;39,52;52,58727345;39,56471851
8648580;84,79;52,601339;39,581004
3047184;27,37;52,633745;39,565232
3287436;28,7;52,63458;39,56667
5000014;44,34;52,63331;39,56576
6609260;55,54;52,601339;39,581004
3531000;38,5;52,62653;39,60886
5547000;45,09;52,62284757;39,58550653
6264000;52,2;52,623834;39,585435
3358521;29,79;52,63345;39,56662
8351000;73,9;52,623834;39,585435
4370720;37,04;52,60258;39,560098
5188000;41,5;52,62231;39,58559
5048360;41,38;52,586995;39,564195
4407255;40,02;52,633745;39,565232
4056500;42,7;52,638347;39,53797
11151000;102,3;52,62231;39,58559
5785252;50,45;52,63300906;39,56453794
8351000;73,9;52,62231;39,58559
6289268;61,72;52,620773;39,591333
7692300;69,93;52,60258;39,560098
6707700;64,25;52,63048247;39,54784331
5588020;41,2;52,62261885;39,58430216
5379000;45,2;52,623834;39,585435
4248189;39;52,620773;39,591333
7362585;65,55;52,62210645;39,58122402
9560000;95,59;52,59212439;39,57337589
4548480;41,13;52,62261885;39,58430216
4397505;40,52;52,6228;39,58424
7342500;72,9;52,541483;39,572145
4337680;36,75;52,60258;39,560098
4096789;36,5;52,633745;39,565232
4515798;40,83;52,62261885;39,58430216
4123288;36,36;52,63422292;39,56361484
5336000;44,09;52,62328;39,58497
4566144;42,2;52,62261885;39,58430216
7099000;61,2;52,62271046;39,58502373
5869493;52,13;52,6329;39,56678
5751720;52,13;52,63300906;39,56453794
11071400;39,4;52,597707;39,601511
8975850;92,05;52,60294598;39,56027455
4831224;42,52;52,63422292;39,56361484
6709020;62,58;52,633745;39,565232
4019000;44,09;52,54085;39,57215
6434725;59,27;52,63422292;39,56361484
5264000;43,5;52,62328;39,58497
4494777;40,52;52,62261885;39,58430216
5129000;41,7;52,62328;39,58497
7937870;76,33;52,633745;39,565232
5913600;61,59;52,63533143;39,54177508
7532280;27,44;52,597707;39,601511
5745600;21,28;52,597707;39,601511
4974173;42,52;52,63458;39,56667
9618180;67,26;52,58706035;39,56453832
6185160;60,04;52,630335;39,547947
4377133;39,16;52,63409237;39,5640279
9268524;87,43;52,63448;39,56571
5191100;45,13;52,680905;39,475198
4324320;36,95;52,680905;39,475198
6882580;64,93;52,601339;39,581004
4311612;38,65;52,63458;39,56667
7147097;73,91;52,620773;39,591333
4203238;39,43;52,620773;39,591333
5802525;20,9;52,597707;39,601511
6796440;62,93;52,60294598;39,56027455
4785000;38,9;52,623834;39,585435
5760000;47,59;52,623834;39,585435
5630457;40,83;52,6228;39,58424
4038741;37,7;52,620773;39,591333
3603985;27,82;52,60294598;39,56027455
15005760;102,08;52,597499;39,4902
5523000;44,9;52,62299;39,58601
4704570;40,2;52,636406;39,542015
5556600;44,09;52,576237;39,502417
7355320;67,48;52,586995;39,564195
7159275;60,93;52,602819;39,558893
4456530;38,11;52,680905;39,475198
5129000;41,7;52,62271046;39,58502373
5686996;41,24;52,6228;39,58424
6716000;57,9;52,62328;39,58497
4703460;41,54;52,6307;39,54897
6769196;61,18;52,63458;39,56667
5338000;42,7;52,623834;39,585435
5581838;50,59;52,63297;39,56748
3914400;34,95;52,630335;39,547947
6726975;64,25;52,63075;39,54923
11263170;81,02;52,63140738;39,5624655
10835000;99,4;52,623834;39,585435
5376000;44,79;52,62271046;39,58502373
5719500;62,09;52,54085;39,57215
4114740;30,29;52,5761;39,50177
2938590;28,53;52,638347;39,53797
4686000;38,09;52,623834;39,585435
5688000;63,2;52,57969771;39,61318144
5336000;44,09;52,62271046;39,58502373
6554700;82,83;52,638347;39,53797
5318297;49,59;52,59755;39,49022
5486000;46,09;52,62271046;39,58502373
5715900;43,79;52,586995;39,564195
3210658;29,19;52,633745;39,565232
6804280;63,95;52,63090842;39,54871636
7930020;75,98;52,63448;39,56571
4496250;41,25;52,630335;39,547947
6457720;58,59;52,63075;39,54923
3418706;29,79;52,633745;39,565232
3287436;28,7;52,63458;39,56667
7316300;63,61;52,601339;39,581004
5376000;44,79;52,62271046;39,58502373
3383956;28,7;52,63458;39,56667
6128000;66,3;52,54085;39,57215
8620020;84,51;52,58294632;39,5436626
6004078;57,02;52,633745;39,565232
6716000;57,9;52,62271046;39,58502373
3024180;28,53;52,638347;39,53797
5067359;42,83;52,63366808;39,56350218
7747550;67,37;52,60291986;39,55890126
6131500;61,09;52,7203598;39,80213928
4833579;41,84;52,63409237;39,5640279
7797000;69;52,62284757;39,58550653
4589292;40,83;52,62261885;39,58430216
4077000;30,2;52,5761;39,50177
5712000;48;52,62328;39,58497
4463811;40,99;52,62261885;39,58430216
5681097;52,02;52,63297;39,56748
6633802;64,91;52,620773;39,591333
5129000;41,7;52,623834;39,585435
3608681;32,09;52,633745;39,565232
8708350;69,5;52,5761;39,50177
7187640;26,92;52,597707;39,601511
4396427;39;52,6228;39,58424
6586850;63,95;52,630335;39,547947
5898060;55,79;52,6307;39,54897
3856112;34,61;52,63448;39,56571
6272200;58,59;52,630335;39,547947
5547000;45,09;52,62284757;39,58550653
6113910;21,34;52,597707;39,601511
4038390;37,04;52,633745;39,565232
6511880;24,76;52,597707;39,601511
4762720;41,2;52,63048247;39,54784331
8888840;71,8;52,57662716;39,50169424
4636352;41,88;52,6228;39,58424
6599640;63,95;52,6307;39,54897
9978390;87,3;52,5761;39,50177
4411539;40,5;52,620773;39,591333
4223505;37,27;52,63409237;39,5640279
4208132;36,4;52,63458;39,56667
7316400;70,34;52,630335;39,547947
5338000;42,7;52,623834;39,585435
10715000;98,3;52,623834;39,585435
7741740;67,91;52,60258;39,560098
5751720;52,13;52,6329;39,56678
6647340;64,59;52,59480659;39,59171331
5129000;41,7;52,623834;39,585435
7011200;62,59;52,576769;39,500909
7344540;70,34;52,63048247;39,54784331
3901815;34;52,63297;39,56748
4381831;40,99;52,620773;39,591333
5915000;68,58;52,62653;39,60886
7310160;62,47;52,680905;39,475198
4000000;43,7;52,54085;39,57215
4155252;35,84;52,63297;39,56748
8351000;73,9;52,623834;39,585435
4505760;37,79;52,57399;39,50767
4276308;38,22;52,63422292;39,56361484
5376000;44,79;52,623834;39,585435
4682500;46,29;52,541483;39,572145
4747776;42,24;52,6228;39,58424
5892000;47,9;52,623834;39,585435
5365067;50,59;52,633745;39,565232
6762933;60,52;52,63458;39,56667
8549500;87,23;52,622269;39,581282
4740120;41,79;52,608948;39,599023
6009045;53,88;52,63300906;39,56453794
7316660;69,55;52,6307;39,54897
10466434;94,51;52,619963;39,624971
4104663;39,43;52,620773;39,591333
4567731;40,52;52,62261885;39,58430216
5523000;44,9;52,62284757;39,58550653
5464800;49,68;52,59755;39,49022
6979189;62,56;52,633745;39,565232
6257210;60,04;52,63075;39,54923
6109000;65,9;52,54085;39,57215
3493872;31,01;52,633745;39,565232
6131747;54,31;52,63366808;39,56350218
7557760;67,48;52,586995;39,564195
3876960;32,79;52,63075;39,54923
8000000;70,8;52,623834;39,585435
8097000;69,8;52,62284757;39,58550653
3562909;30,2;52,63448;39,56571
10239431;92,47;52,61969442;39,62473581
6470458;58,47;52,63345;39,56662
5816448;42,24;52,620773;39,591333
4923713;41,84;52,63409237;39,5640279
4667960;41,2;52,63075;39,54923
7775695;67,91;52,60258;39,560098
4969706;42,52;52,63448;39,56571
8053000;71,9;52,623834;39,585435
4447960;36,75;52,60294598;39,56027455
6381076;56,08;52,63422292;39,56361484
5501581;53,99;52,6228;39,58424
8757390;87,59;52,62210645;39,58122402
8594497;87,69;52,622269;39,581282
3876960;32,79;52,63075;39,54923
5760000;47,59;52,623834;39,585435
3889760;30,2;52,57662716;39,50169424
3959310;34,63;52,633745;39,565232
4647974;41,84;52,633745;39,565232
4787413;41,84;52,63409237;39,5640279
4242000;40,4;52,63533143;39,54177508
5764390;51,58;52,633745;39,565232
8147000;73,4;52,623834;39,585435
7017810;66,9;52,63090842;39,54871636
7067814;74,37;52,62261885;39,58430216
3961310;34,83;52,63297;39,56748
5129000;41,7;52,62328;39,58497
3531000;38,5;52,62653;39,60886
6474000;53,5;52,623834;39,585435
4222486;36,83;52,633745;39,565232
35466200;253,33;52,612533;39,625666
8848825;86,33;52,60291986;39,55890126
10141250;87,5;52,576237;39,502417
4636352;41,88;52,6228;39,58424
6553500;64,25;52,630335;39,547947
4174497;37,7;52,620773;39,591333
6184201;57,02;52,63448;39,56571
5570340;42,36;52,58727345;39,56471851
3919220;30,86;52,58727345;39,56471851
4770090;40,77;52,60258;39,560098
3645600;31;52,63048247;39,54784331
11140000;102,19;52,623834;39,585435
5707000;46,4;52,62257987;39,58602151
8053000;71,9;52,623834;39,585435
5724000;48,09;52,62271046;39,58502373
4921951;42,83;52,633745;39,565232
7070000;70,69;52,591238;39,566506
5769000;46,9;52,62231;39,58559
5348000;44,2;52,623834;39,585435
4537593;40,99;52,62261885;39,58430216
3936752;33,4;52,63409237;39,5640279
6302059;56,65;52,633745;39,565232
5129000;41,7;52,62271046;39,58502373
3148133;29,19;52,633745;39,565232
5252000;42,7;52,623834;39,585435
7331000;85,23;52,62653;39,60886
9691478;86,68;52,619963;39,624971
6055922;42,02;52,63140738;39,5624655
5881000;48,59;52,623834;39,585435
4437522;38,65;52,63422292;39,56361484
10726000;98,4;52,62231;39,58559
6841257;62,58;52,63300906;39,56453794
5453900;52,88;52,633745;39,565232
6339898;57,29;52,63331;39,56576
6829694;60,52;52,63458;39,56667
8351000;73,9;52,62231;39,58559
4401588;41,88;52,620773;39,591333
4230000;42,29;52,57969771;39,61318144
5501581;53,99;52,6228;39,58424
6272200;58,59;52,630335;39,547947
4803741;43,41;52,633745;39,565232
7153720;61,66;52,58727345;39,56471851
4058636;36,5;52,63458;39,56667
6001535;56,65;52,633745;39,565232
7623344;72,93;52,633745;39,565232
8271000;69,5;52,62328;39,58497
7842000;67,59;52,62257987;39,58602151
4682500;46,29;52,541483;39,572145
4782438;41,84;52,633745;39,565232
7797000;69;52,623834;39,585435
3287436;28,7;52,63409237;39,5640279
4741247;41,84;52,63458;39,56667
7213440;69,36;52,586995;39,564195
6039000;49,09;52,62257987;39,58602151
5700000;47,9;52,62271046;39,58502373
4056155;37,13;52,633745;39,565232
6564666;57,02;52,63422292;39,56361484
7251489;73,91;52,6228;39,58424
2957197;27,14;52,633745;39,565232
4045191;34,61;52,63458;39,56667
4260320;37,15;52,633745;39,565232
4627350;39,54;52,60323;39,55946
6213479;57,29;52,63366808;39,56350218
5760000;47,59;52,62284757;39,58550653
7512820;72,09;52,57399;39,50767
5760000;47,59;52,623834;39,585435
5881000;48,59;52,62299;39,58601
5112660;54,38;52,638347;39,53797
5780768;41,91;52,6228;39,58424
9945992;89,81;52,61969442;39,62473581
5338000;42,7;52,62231;39,58559
7587856;65,77;52,631291;39,562362
6205590;21,65;52,59786355;39,6013918
4935811;42,22;52,63409237;39,5640279
6086533;55,11;52,6329;39,56678
4299315;36,34;52,63422292;39,56361484
6870630;66,9;52,6307;39,54897
2995650;28,53;52,638347;39,53797
5366606;55,66;52,62261885;39,58430216
9978390;87,3;52,576237;39,502417
6457720;58,59;52,63075;39,54923
4816560;39,47;52,602819;39,558893
10888679;108,18;52,61969442;39,62473581
7650000;75;52,60258;39,560098
6362680;21,79;52,597707;39,601511
7035940;61,18;52,63448;39,56571
6403478;41,75;52,63218211;39,56198439
6474000;53,5;52,62284757;39,58550653
5335266;50,38;52,63300906;39,56453794
7895000;85;52,54085;39,57215
6150000;50;52,623834;39,585435
7573440;27,44;52,597707;39,601511
4000000;43,7;52,54085;39,57215
3421745;29,79;52,633745;39,565232
4578750;41,25;52,630335;39,547947
4369950;37,34;52,680905;39,475198
6533970;64,91;52,6228;39,58424
3192613;28,64;52,633745;39,565232
4625010;39,52;52,60258;39,560098
7017810;66,9;52,63090842;39,54871636
3496500;32,79;52,541483;39,572145
7700000;109,4;52,678413;39,695933
3306977;29,19;52,63458;39,56667
4492559;40,5;52,62261885;39,58430216
4580785;40,02;52,633745;39,565232
4548168;41,88;52,620773;39,591333
6187000;50,29;52,62257987;39,58602151
4778280;40,84;52,60258;39,560098
4174497;37,7;52,620773;39,591333
7634160;27,65;52,59786355;39,6013918
4190791;36,25;52,63458;39,56667
4166429;36,91;52,63448;39,56571
5336000;44,09;52,62271046;39,58502373
7277060;61,66;52,586995;39,564195
7456200;69,36;52,586995;39,564195
6617750;64,25;52,630335;39,547947
5264000;43,5;52,62328;39,58497
9679321;96,34;52,6321;39,56203
4288471;39,45;52,633745;39,565232
4088110;38,34;52,620773;39,591333
3643250;38,34;52,638347;39,53797
4107085;35,79;52,633745;39,565232
4324691;38,97;52,63458;39,56667
6154080;54,63;52,63319836;39,5649671
7000000;62,5;52,57706958;39,50057325
5181900;45,06;52,586995;39,564195
3105813;27,14;52,63409237;39,5640279
6474000;53,5;52,62284757;39,58550653
6289268;61,72;52,620773;39,591333
4094046;26,68;52,58706035;39,56453832
6249000;55,29;52,623834;39,585435
5824896;42,24;52,62261885;39,58430216
7587856;65,77;52,631897;39,562829
9742635;98,91;52,631897;39,562829
5724000;48,09;52,62271046;39,58502373
6015000;48,9;52,62231;39,58559
7362585;65,55;52,622269;39,581282
4764375;41,25;52,63090842;39,54871636
5083890;39,4;52,60291986;39,55890126
3643250;38,34;52,638347;39,53797
5071859;42,83;52,63366808;39,56350218
6483530;22,9;52,597707;39,601511
4074858;36,27;52,633745;39,565232
6612500;65,59;52,541483;39,572145
7078000;76,4;52,54085;39,57215
3105813;27,14;52,63458;39,56667
6076620;55,79;52,63090842;39,54871636
5609000;45,59;52,62231;39,58559
3944133;34,36;52,633745;39,565232
5347760;45,31;52,60258;39,560098
6617750;64,25;52,630335;39,547947
5571342;52,02;52,633745;39,565232
5264000;43,5;52,62328;39,58497
9804627;81,91;52,63140738;39,5624655
7842000;69,4;52,62284757;39,58550653
4889742;41,7;52,57706958;39,50057325
7727500;79,9;52,7203598;39,80213928
5945920;54,4;52,63075;39,54923
7690000;76,9;52,59212439;39,57337589
6181581;56,65;52,63448;39,56571
3686500;40,79;52,54085;39,57215
10431000;95,69;52,623834;39,585435
8000000;70,8;52,62299;39,58601
5612764;41,24;52,6228;39,58424
6799165;55,74;52,631291;39,562362
6199000;50,4;52,62231;39,58559
8591000;77,4;52,62299;39,58601
8591000;77,4;52,62284757;39,58550653
10737000;98,5;52,62257987;39,58602151
4122256;36,2;52,63422292;39,56361484
5338000;42,7;52,62257987;39,58602151
4965660;39,4;52,60291986;39,55890126
10442000;95,8;52,62328;39,58497
6716000;57,9;52,623834;39,585435
6194500;61,59;52,7203598;39,80213928
4144626;38,65;52,633745;39,565232
10715000;98,3;52,623834;39,585435
5250000;42;52,62257987;39,58602151
5633700;42,2;52,620773;39,591333
7277060;61,66;52,586995;39,564195
4889742;41,7;52,57706958;39,50057325
7853000;67,69;52,62231;39,58559
5760000;47,59;52,62299;39,58601
4548480;41,13;52,6228;39,58424
7900000;79;52,57969771;39,61318144
3872205;34,38;52,6329;39,56678
7180248;66,91;52,622269;39,581282
5890171;53,88;52,6329;39,56678
10239431;92,47;52,619963;39,624971
4587264;42,24;52,620773;39,591333
4836520;36,91;52,60258;39,560098
10835000;99,4;52,62257987;39,58602151
5510000;44,79;52,62299;39,58601
6457720;58,59;52,63075;39,54923
6521000;54,79;52,62328;39,58497
7392166;60,45;52,63218211;39,56198439
3940783;37,27;52,633745;39,565232
5549555;43,86;52,586995;39,564195
4474320;41,13;52,62261885;39,58430216
10414256;108,25;52,619603;39,624768
10631800;90,09;52,59139803;39,56682564
4785000;38,9;52,62328;39,58497
6538000;65,37;52,60294598;39,56027455
3678896;34;52,633745;39,565232
6425000;53,09;52,62284757;39,58550653
7621727;70,43;52,63458;39,56667
6814080;58,24;52,60294598;39,56027455
3160937;28,7;52,633745;39,565232
6912150;47,66;52,59755;39,49022
8814000;78;52,623834;39,585435
5289000;43;52,62299;39,58601
6264000;52,2;52,62231;39,58559
4298304;36,5;52,63409237;39,5640279
6868785;65,73;52,60258;39,560098
4456530;38,11;52,680905;39,475198
6519660;60,2;52,59480659;39,59171331
3434246;29,19;52,63458;39,56667
4369950;37,34;52,680905;39,475198
5760000;47,59;52,623834;39,585435
8000000;70,8;52,623834;39,585435
5310000;58,79;52,62653;39,60886
7324565;63,97;52,60258;39,560098
7462715;69,55;52,6307;39,54897
4997893;46,09;52,63366808;39,56350218
5263000;42,09;52,62231;39,58559
4995751;43,41;52,63331;39,56576
5366606;53,99;52,6228;39,58424
5781000;47;52,62231;39,58559
8069877;71,9;52,57706958;39,50057325
4256529;37,15;52,633745;39,565232
6617750;64,25;52,630335;39,547947
6282600;55,5;52,59441;39,59146
4236739;37,04;52,633745;39,565232
6541781;59,68;52,633745;39,565232
4084618;36,91;52,633745;39,565232
6652800;24,63;52,597707;39,601511
5724000;48,09;52,62271046;39,58502373
10888679;108,18;52,619963;39,624971
4379368;39,18;52,63409237;39,5640279
3925309;36,36;52,633745;39,565232
3933243;33,4;52,63409237;39,5640279
9074520;81,9;52,57706958;39,50057325
6468573;57,31;52,63366808;39,56350218
4147870;36,11;52,6329;39,56678
10431000;95,69;52,62328;39,58497
6086000;50,29;52,62284757;39,58550653
10431000;95,69;52,62328;39,58497
7057755;66,26;52,60323;39,55946
7330470;70,34;52,63075;39,54923
5769000;56,9;52,623834;39,585435
8351000;73,9;52,62231;39,58559
4871500;50,09;52,7203598;39,80213928
7492000;66,19;52,623834;39,585435
5929000;48,2;52,623834;39,585435
12465540;90,33;52,631291;39,562362
4322800;40,4;52,63573286;39,54146395
3681600;38,34;52,638347;39,53797
4709160;41,2;52,63075;39,54923
4277125;36,27;52,63448;39,56571
5177161;43,75;52,63366808;39,56350218
6650880;64,91;52,62261885;39,58430216
6978210;62,56;52,63319836;39,5649671
3466080;26,55;52,60291986;39,55890126
5686996;41,24;52,62261885;39,58430216
7490280;67,48;52,58727345;39,56471851
8825000;78,09;52,62257987;39,58602151
7088000;61,09;52,623834;39,585435
11151000;102,3;52,623834;39,585435
6175000;50,2;52,623834;39,585435
7962802;65,77;52,631291;39,562362
4434138;40,83;52,620773;39,591333
10462004;94,48;52,619963;39,624971
3681600;38,34;52,638347;39,53797
9235179;73,91;52,62261885;39,58430216
7078000;76,4;52,54085;39,57215
3940000;39,4;52,57969771;39,61318144
4944840;37,04;52,58727345;39,56471851
10888679;108,18;52,61969442;39,62473581
5218840;40,9;52,5761;39,50177
9237781;87,13;52,63458;39,56667
5376000;44,79;52,62328;39,58497
4892400;40,77;52,60294598;39,56027455
8557395;74,08;52,58706035;39,56453832
5310000;58,79;52,62653;39,60886
6176000;51,9;52,62328;39,58497
6154080;54,63;52,63297;39,56748
9457970;96,01;52,631291;39,562362
6128000;66,3;52,54085;39,57215
4962060;40,84;52,60323;39,55946
8558000;77,09;52,62284757;39,58550653
7207200;61,59;52,60258;39,560098
4100131;37,27;52,63409237;39,5640279
7144950;62,13;52,680905;39,475198
5510000;44,79;52,623834;39,585435
7365530;71,51;52,58727345;39,56471851
4421823;40,52;52,6228;39,58424
6175845;44,84;52,6228;39,58424
8091804;76,33;52,63409237;39,5640279
10123986;92,47;52,619963;39,624971
4869236;43,18;52,63364523;39,56425857
5560000;45,2;52,62299;39,58601
4016389;37,13;52,633745;39,565232
7842000;69,4;52,62284757;39,58550653
8341740;84,26;52,60294598;39,56027455
3936579;34,65;52,633745;39,565232
3282466;28,7;52,633745;39,565232
7797000;69;52,62284757;39,58550653
8000000;70,8;52,62284757;39,58550653
4000000;43,9;52,54085;39,57215
7842000;67,59;52,62257987;39,58602151
6176000;51,9;52,62271046;39,58502373
4490800;41,2;52,630335;39,547947
5700000;47,9;52,623834;39,585435
9530738;87,13;52,63448;39,56571
7111896;73,91;52,62261885;39,58430216
5129580;50,29;52,597499;39,4902
6176000;51,9;52,623834;39,585435
7621000;65,69;52,623834;39,585435
4141718;36,83;52,633745;39,565232
7759000;69,9;52,62271046;39,58502373
5523000;44,9;52,62299;39,58601
5622291;40,83;52,620773;39,591333
4000000;43,9;52,54085;39,57215
8114000;73,09;52,62328;39,58497
7236000;59,79;52,62284757;39,58550653
4466340;36,75;52,60294598;39,56027455
5188000;41,5;52,623834;39,585435
7078000;76,4;52,54085;39,57215
6521000;54,79;52,62271046;39,58502373
5325000;42,59;52,62257987;39,58602151
4068000;45,2;52,59212439;39,57337589
5824896;42,24;52,62261885;39,58430216
4018553;37,15;52,633745;39,565232
7104160;63,43;52,58294632;39,5436626
6154020;22,92;52,59786355;39,6013918
3241920;29,19;52,633745;39,565232
7386840;69,36;52,586995;39,564195
6591410;55,38;52,601339;39,581004
9965921;90;52,61969442;39,62473581
8047767;71,9;52,57706958;39,50057325
6022228;61,63;52,620773;39,591333
6055350;55,29;52,63090842;39,54871636
5605110;44,09;52,5761;39,50177
5338000;42,7;52,623834;39,585435
4167978;36,4;52,63458;39,56667
4019000;44,09;52,54085;39,57215
5263000;42,09;52,62257987;39,58602151
5338000;42,7;52,62257987;39,58602151
7251489;73,91;52,6228;39,58424
4953300;39,5;52,59441;39,59146
7324565;63,97;52,60258;39,560098
7310160;62,47;52,680905;39,475198
4850244;43,41;52,633745;39,565232
24948000;162;52,612533;39,625666
6602500;65,5;52,541483;39,572145
8825000;78,09;52,623834;39,585435
4115716;35,84;52,63297;39,56748
4226537;35,79;52,63300906;39,56453794
6701707;61,18;52,63448;39,56571
7127365;65,69;52,586995;39,564195
4203469;38,63;52,633745;39,565232
3876960;32,79;52,63075;39,54923
6068481;53,88;52,6329;39,56678
4283935;36,2;52,63448;39,56571
10987118;110,7;52,619963;39,624971
7865000;67,8;52,62257987;39,58602151
7865000;67,8;52,623834;39,585435
6847970;24,37;52,59786355;39,6013918
4456530;38,11;52,680905;39,475198
5769000;46,9;52,62231;39,58559
4855466;30,76;52,58706035;39,56453832
6617750;64,25;52,630335;39,547947
6549535;57,06;52,6329;39,56678
5723520;42,2;52,62261885;39,58430216
4805325;39,54;52,60258;39,560098
5512500;44,09;52,60258;39,560098
5336550;39,52;52,586995;39,564195
6836686;61,18;52,63458;39,56667
5236000;44;52,58727345;39,56471851
5953153;54,31;52,633745;39,565232
6216609;57,29;52,633745;39,565232
6055922;42,02;52,6321;39,56203
5560000;45,2;52,62284757;39,58550653
5933690;55,29;52,6307;39,54897
4326209;39;52,62261885;39,58430216
5882500;58,29;52,541483;39,572145
6554700;72,83;52,638347;39,53797
7492000;66,3;52,62271046;39,58502373
6188400;57,29;52,630335;39,547947
6086000;50,29;52,62299;39,58601
8341740;84,26;52,60294598;39,56027455
9619960;79,9;52,5761;39,50177
6630600;64,25;52,63075;39,54923
7456200;69,36;52,58727345;39,56471851
6977113;62,58;52,633745;39,565232
6128894;54,31;52,63366808;39,56350218
7078000;76,4;52,54085;39,57215
5438400;45,31;52,602819;39,558893
5048938;44,34;52,63366808;39,56350218
7827780;27,65;52,59786355;39,6013918
3681600;38,34;52,638347;39,53797
3197089;27,14;52,63409237;39,5640279
6689260;54,83;52,58294632;39,5436626
7067814;73,91;52,6228;39,58424
4163534;36,4;52,633745;39,565232
3439500;37,5;52,54085;39,57215
7996891;72,13;52,61969442;39,62473581
4191292;35,45;52,63300906;39,56453794
6963880;58,52;52,60291986;39,55890126
4849800;41,09;52,601339;39,581004
9300000;136,3;52,678413;39,695933
5521651;52,13;52,6329;39,56678
4365787;37,04;52,63458;39,56667
8573055;87,54;52,622269;39,581282
2997343;27,04;52,633745;39,565232
6899540;24,37;52,597707;39,601511
5549555;43,86;52,586995;39,564195
5712000;48;52,62328;39,58497
6039000;49,09;52,623834;39,585435
4194652;35,52;52,63319836;39,5649671
3263530;30,2;52,633745;39,565232
5111920;40,7;52,57662716;39,50169424
4854382;44,34;52,633745;39,565232
3984300;34,95;52,630335;39,547947
4574640;38,9;52,63090842;39,54871636
7853000;67,69;52,623834;39,585435
7115000;58,79;52,623834;39,585435
5712000;48;52,62328;39,58497
6231520;22,9;52,597707;39,601511
5520286;52,5;52,63364523;39,56425857
7842000;67,59;52,623834;39,585435
5486000;46,09;52,623834;39,585435
5350805;50,29;52,59755;39,49022
10431000;95,69;52,623834;39,585435
5338000;42,7;52,62257987;39,58602151
5929000;48,2;52,62231;39,58559
8053000;71,9;52,623834;39,585435
4381831;40,99;52,620773;39,591333
4799025;41,54;52,63090842;39,54871636
8000000;70,8;52,62299;39,58601
5857254;53,45;52,633745;39,565232
3901815;34;52,63319836;39,5649671
4889742;41,7;52,57706958;39,50057325
10431000;95,69;52,62328;39,58497
4319300;36,75;52,60294598;39,56027455
5289000;43;52,62284757;39,58550653
7842000;69,4;52,623834;39,585435
4550688;41,22;52,6228;39,58424
3997108;35,84;52,63297;39,56748
6400000;59,59;52,597658;39,510143
6871995;62,18;52,60294598;39,56027455
4255991;39;52,62261885;39,58430216
5263000;42,09;52,62257987;39,58602151
6005415;44,84;52,620773;39,591333
7740800;65,59;52,59139803;39,56682564
4889742;41,7;52,57706958;39,50057325
4785000;38,9;52,62271046;39,58502373
4456530;38,11;52,636406;39,542015
4871500;50,09;52,7203598;39,80213928
4871500;50,09;52,7203598;39,80213928
6521000;54,79;52,623834;39,585435
7006900;84,79;52,63651326;39,53637251
6639360;58,24;52,60294598;39,56027455
7540665;59,61;52,58706035;39,56453832
8501240;30,57;52,597707;39,601511
3099440;28,7;52,633745;39,565232
5129000;41,7;52,62271046;39,58502373
6521000;54,79;52,623834;39,585435
7580060;71,51;52,58727345;39,56471851
4944910;41,38;52,586995;39,564195
4682500;46,29;52,541483;39,572145
6514179;43,59;52,6321;39,56203
3138600;27,37;52,63448;39,56571
7895000;85;52,54085;39,57215
9712723;86,87;52,619963;39,624971
4928110;41,84;52,63458;39,56667
4207157;36,91;52,63422292;39,56361484
3796019;35,5;52,620773;39,591333
3435779;29,19;52,63458;39,56667
5524335;40,77;52,6228;39,58424
5882500;58,29;52,541483;39,572145
7160210;65,69;52,586995;39,564195
6752720;64,93;52,601339;39,581004
5902400;54,4;52,63048247;39,54784331
7664500;79,4;52,7203598;39,80213928
7157176;61,72;52,631897;39,562829
5604516;41,24;52,620773;39,591333
9121400;77,3;52,59139803;39,56682564
5272305;38,86;52,6228;39,58424
5337221;49,68;52,597499;39,4902
8131500;83,4;52,591238;39,566506
8582800;79,83;52,58727345;39,56471851
6185150;60,04;52,63048247;39,54784331
8278116;69,36;52,58706035;39,56453832
5263000;42,09;52,62257987;39,58602151
7106598;64,98;52,633745;39,565232
4682500;46,29;52,541483;39,572145
6701400;24,81;52,59786355;39,6013918
6412708;61,72;52,62261885;39,58430216
8081290;67,91;52,602819;39,558893
4851630;40,77;52,60258;39,560098
4785000;38,9;52,623834;39,585435
4353072;39,43;52,62261885;39,58430216
7628320;27,44;52,597707;39,601511
3605757;33,4;52,633745;39,565232
7099000;61,2;52,62271046;39,58502373
4474320;41,13;52,62261885;39,58430216
4871500;50,09;52,7203598;39,80213928
8147000;73,4;52,623834;39,585435
4902500;53,5;52,54085;39,57215
4236207;35,84;52,63319836;39,5649671
4957167;41,79;52,57706958;39,50057325
3103970;27,14;52,633745;39,565232
6474000;53,5;52,62299;39,58601
10987118;110,7;52,61969442;39,62473581
5069609;42,83;52,63331;39,56576
4134677;36,13;52,633745;39,565232
6299245;60,04;52,63048247;39,54784331
3673600;32,79;52,630335;39,547947
4161678;36,4;52,633745;39,565232
5915000;68,58;52,62653;39,60886
7664500;79,4;52,7203598;39,80213928
5929000;48,2;52,62257987;39,58602151
4077000;30,2;52,5761;39,50177
4272672;36,25;52,63409237;39,5640279
4856020;39,31;52,60323;39,55946
8103000;73;52,62271046;39,58502373
5974835;54,63;52,633745;39,565232
4139029;37,15;52,633745;39,565232
4503100;36,75;52,60323;39,55946
9364970;87,43;52,63422292;39,56361484
6859370;62,93;52,60323;39,55946
5292300;39;52,57662716;39,50169424
10225226;98,88;52,631897;39,562829
6731283;61,45;52,63366808;39,56350218
7310160;62,47;52,636406;39,542015
10442000;95,8;52,62271046;39,58502373
6588000;109,8;52,636642;39,512653
5395887;50,41;52,59755;39,49022
6269220;60,04;52,63048247;39,54784331
6053970;21,65;52,59786355;39,6013918
7842000;69,4;52,623834;39,585435
6425000;53,09;52,62284757;39,58550653
6896200;67,27;52,60258;39,560098
6602500;65,5;52,541483;39,572145
4241261;37,04;52,63458;39,56667
5379000;45,2;52,623834;39,585435
3176311;28,7;52,633745;39,565232
8825000;78,09;52,623834;39,585435
6128000;66,3;52,54085;39,57215
5609000;45,59;52,62257987;39,58602151
4654000;35,79;52,60381;39,50336
5913688;39,52;52,58706035;39,56453832
5660908;53,88;52,633745;39,565232
6176000;51,9;52,62271046;39,58502373
7542457;61,15;52,63140738;39,5624655
6015000;48,9;52,62257987;39,58602151
5942500;58,9;52,541483;39,572145
6199000;50,4;52,623834;39,585435
6358080;23,68;52,597707;39,601511
6676800;69,55;52,630335;39,547947
6890700;66,9;52,630335;39,547947
3761240;38,38;52,638347;39,53797
3748843;33,4;52,633745;39,565232
9945992;89,81;52,61969442;39,62473581
7160210;65,69;52,586995;39,564195
6176000;51,9;52,62328;39,58497
7759000;69,9;52,623834;39,585435
6440988;61,18;52,633745;39,565232
5484919;41,38;52,58706035;39,56453832
5795788;53,49;52,61969442;39,62473581
4056880;36,34;52,63422292;39,56361484
8591000;77,4;52,623834;39,585435
5510000;44,79;52,62284757;39,58550653
4711808;41,88;52,62261885;39,58430216
3681600;38,34;52,638347;39,53797
8613000;78,3;52,59139803;39,56682564
6083000;110,59;52,636642;39,512653
7851480;71,9;52,57706958;39,50057325
3939332;34;52,63319836;39,5649671
3946908;34,36;52,63297;39,56748
8763794;79,2;52,63140738;39,5624655
6775880;55,54;52,601339;39,581004
4833579;41,84;52,63458;39,56667
5769232;53,75;52,63364523;39,56425857
5379000;45,2;52,62328;39,58497
6859370;62,93;52,60323;39,55946
6469440;58,59;52,63048247;39,54784331
5541675;19,96;52,597707;39,601511
7585230;70,88;52,58727345;39,56471851
4000000;43,7;52,54085;39,57215
7895000;85;52,54085;39,57215
6128000;66,3;52,54085;39,57215
5043000;41;52,62271046;39,58502373
5263000;42,09;52,62257987;39,58602151
6341435;58,47;52,63364523;39,56425857
5101980;54,86;52,638347;39,53797
5547000;45,09;52,623834;39,585435
4360644;40,83;52,620773;39,591333
7842000;69,4;52,623834;39,585435
6887880;64,98;52,601339;39,581004
3686500;40,79;52,54085;39,57215
7078000;76,4;52,54085;39,57215
7727500;79,9;52,7203598;39,80213928
4198384;35,52;52,63297;39,56748
3820386;33,4;52,633745;39,565232
4248189;39;52,620773;39,591333
5259740;40,9;52,57662716;39,50169424
4463320;37,04;52,60323;39,55946
9310200;78,9;52,59139803;39,56682564
4370720;37,04;52,60323;39,55946
6139200;63,95;52,630335;39,547947
3957456;35,84;52,633745;39,565232
7638500;82,4;52,54085;39,57215
3940423;36,5;52,633745;39,565232
5636685;52,13;52,63300906;39,56453794
6220000;62,2;52,59212439;39,57337589
5640600;55,29;52,630335;39,547947
3780866;34,61;52,633745;39,565232
8047800;78,9;52,591238;39,566506
6138000;49,9;52,62231;39,58559
3615140;26,68;52,58727345;39,56471851
4270768;36,25;52,63409237;39,5640279
5740416;42,24;52,620773;39,591333
4855466;30,76;52,58706035;39,56453832
4118152;35,52;52,63297;39,56748
5376000;44,79;52,62328;39,58497
4395335;40,41;52,62261885;39,58430216
11898425;44,15;52,597707;39,601511
5067360;49,68;52,597499;39,4902
4372893;40,77;52,62261885;39,58430216
3943000;43,09;52,54085;39,57215
8355750;85,69;52,591416;39,566485
3505920;26,55;52,60258;39,560098
8808720;69,36;52,58727345;39,56471851
5824896;42,24;52,6228;39,58424
5780768;41,91;52,62261885;39,58430216
7292400;61,79;52,59139803;39,56682564
5126000;44;52,586995;39,564195
5069609;42,83;52,63366808;39,56350218
4417420;31,78;52,586995;39,564195
3864297;34;52,63297;39,56748
5510000;44,79;52,623834;39,585435
4329573;38,63;52,6329;39,56678
4690509;42,52;52,63448;39,56571
10003935;94,51;52,619603;39,624768
5760000;47,59;52,62284757;39,58550653
4770480;41,7;52,576769;39,500909
7895000;85;52,54085;39,57215
5915000;68,58;52,62653;39,60886
7797000;69;52,62284757;39,58550653
4114740;30,29;52,57662716;39,50169424
6901440;58,24;52,60323;39,55946
8850000;75;52,591238;39,566506
10835000;99,4;52,62231;39,58559
6944795;63,72;52,63458;39,56667
6521000;54,79;52,62271046;39,58502373
7456200;69,36;52,586995;39,564195
6065460;55,79;52,6307;39,54897
7355320;67,48;52,586995;39,564195
4421823;40,52;52,6228;39,58424
6791490;63,95;52,6307;39,54897
5952112;56,08;52,633745;39,565232
4902500;53,5;52,54085;39,57215
5043649;43,41;52,63366808;39,56350218
9765888;69,36;52,58706035;39,56453832
5900928;42,24;52,6228;39,58424
9411233;88,91;52,619603;39,624768
5358537;39,43;52,6228;39,58424
4871500;50,09;52,7203598;39,80213928
8053000;71,9;52,62284757;39,58550653
9141654;87,13;52,63448;39,56571
4956672;44,4;52,63409237;39,5640279
8591000;77,4;52,62299;39,58601
7752900;64,5;52,5761;39,50177
6176000;51,9;52,62271046;39,58502373
6011200;54,4;52,63048247;39,54784331
6733510;62,93;52,60323;39,55946
7342500;72,9;52,541483;39,572145
3990500;34,7;52,63048247;39,54784331
6967389;64,98;52,633745;39,565232
7656120;70,88;52,586995;39,564195
7895000;85;52,54085;39,57215
6194500;61,59;52,7203598;39,80213928
6247112;57,02;52,63422292;39,56361484
24948000;162;52,612533;39,625666
6353100;23,53;52,597707;39,601511
5547000;45,09;52,62299;39,58601
3940783;37,27;52,633745;39,565232
4413717;40,52;52,620773;39,591333
4105260;35,79;52,633745;39,565232
4481840;37,04;52,60294598;39,56027455
4407760;37,04;52,60258;39,560098
7115000;58,79;52,62299;39,58601
4401530;31,78;52,586995;39,564195
5518800;43,79;52,58727345;39,56471851
5673240;41,2;52,6228;39,58424
4404300;41,54;52,630335;39,547947
6425000;53,09;52,623834;39,585435
8254000;74,8;52,623834;39,585435
9560000;95,59;52,59212439;39,57337589
6514510;24,77;52,597707;39,601511
4030837;36,25;52,63458;39,56667
6832210;65,37;52,60323;39,55946
5733750;45,86;52,601339;39,581004
6400000;59,59;52,597658;39,510143
8114000;73,09;52,62328;39,58497
6015000;48,9;52,62257987;39,58602151
4796357;42,22;52,633745;39,565232
4671000;51,9;52,59212439;39,57337589
8087280;65,22;52,601339;39,581004
4475101;39,84;52,63448;39,56571
5781000;47;52,62231;39,58559
5623713;52,02;52,63319836;39,5649671
7801150;71,9;52,608948;39,599023
4704570;40,2;52,680905;39,475198
6716520;62,18;52,60323;39,55946
4105270;29,89;52,59480659;39,59171331
6059550;59,7;52,63573286;39,54146395
9300000;136,3;52,678413;39,695933
8103000;73;52,623834;39,585435
9552070;96,01;52,631291;39,562362
7853000;67,69;52,62257987;39,58602151
8147000;73,4;52,62299;39,58601
6581000;55,29;52,62271046;39,58502373
4068180;36,11;52,63300906;39,56453794
9167950;89,22;52,619603;39,624768
6617750;64,25;52,630335;39,547947
6265540;23,95;52,59786355;39,6013918
4711808;41,88;52,62261885;39,58430216
4474320;41,13;52,6228;39,58424
5166720;49,68;52,59755;39,49022
4840500;46,09;52,57969771;39,61318144
5501993;50,38;52,6329;39,56678
7402500;73,5;52,541483;39,572145
4806884;44,34;52,633745;39,565232
4444800;37,04;52,60294598;39,56027455
5964741;52,88;52,63345;39,56662
5464440;42,36;52,586995;39,564195
5365689;38,9;52,62261885;39,58430216
4613290;42,22;52,633745;39,565232
6425000;53,09;52,62284757;39,58550653
5166720;49,68;52,59755;39,49022
7664500;79,4;52,7203598;39,80213928
4079909;34,63;52,63448;39,56571
4183671;38,65;52,63458;39,56667
4466340;36,75;52,60294598;39,56027455
4151755;38,22;52,633745;39,565232
7759000;69,9;52,62328;39,58497
6192539;56,08;52,63458;39,56667
9283530;86,87;52,619603;39,624768
8820932;78,66;52,63140738;39,5624655
10824000;99,3;52,623834;39,585435
8825000;78,09;52,623834;39,585435
4132264;39,43;52,620773;39,591333
5590840;41,2;52,620773;39,591333
4242000;40,4;52,63533143;39,54177508
7422800;67,48;52,58727345;39,56471851
5357907;38,9;52,620773;39,591333
5000400;37,04;52,58727345;39,56471851
5510000;44,79;52,62284757;39,58550653
7605920;67,91;52,60291986;39,55890126
7605279;61,65;52,631897;39,562829
8403000;75,69;52,62299;39,58601
5310000;58,79;52,62653;39,60886
6505200;55,59;52,636406;39,542015
7741740;67,91;52,602819;39,558893
7481000;66,19;52,62271046;39,58502373
4421823;40,52;52,62261885;39,58430216
6185150;60,04;52,630335;39,547947
5560000;45,2;52,62284757;39,58550653
7167176;61,72;52,63195735;39,56276859
4805325;39,54;52,60294598;39,56027455
4003192;36,36;52,633745;39,565232
7331000;85,23;52,62653;39,60886
6602500;65,5;52,541483;39,572145
7700000;109,4;52,678413;39,695933
5483750;43,86;52,58727345;39,56471851
13145200;111,4;52,591238;39,566506
4648915;41,84;52,63409237;39,5640279
8850000;75;52,591416;39,566485
5425000;43,4;52,62257987;39,58602151
4159716;36,61;52,63319836;39,5649671
4000000;43,9;52,54085;39,57215
30032370;196,28;52,612533;39,625666
6223400;21,45;52,597707;39,601511
6765450;24,37;52,597707;39,601511
7842000;67,59;52,62257987;39,58602151
5760000;47,59;52,62284757;39,58550653
4941250;39,52;52,60323;39,55946
5043000;40,9;52,623834;39,585435
3596000;32,59;52,54143;39,572123
6557759;56,97;52,63331;39,56576
4291399;38,66;52,63422292;39,56361484
7797000;69;52,62299;39,58601
6156733;58,47;52,633745;39,565232
6882580;64,93;52,601339;39,581004
4000000;43,9;52,54085;39,57215
7069760;63,43;52,633745;39,565232
6299720;60,4;52,59441;39,59146
4106625;34,95;52,63048247;39,54784331
4326209;39;52,6228;39,58424
4707930;41,7;52,57399;39,50767
7737000;66,69;52,62257987;39,58602151
5622291;40,83;52,620773;39,591333
5560000;45,2;52,623834;39,585435
4019000;44,09;52,54085;39,57215
5129580;50,29;52,59755;39,49022
7175700;70,34;52,630335;39,547947
10188540;98,44;52,631291;39,562362
5069609;42,83;52,63366808;39,56350218
5510000;44,79;52,62299;39,58601
6650880;64,91;52,6228;39,58424
8850000;75;52,591416;39,566485
3075863;27,14;52,63458;39,56667
4770480;41,7;52,608948;39,599023
6474000;53,5;52,62299;39,58601
6993000;66,59;52,57969771;39,61318144
5630457;40,83;52,62261885;39,58430216
6630600;64,25;52,63075;39,54923
7213440;69,36;52,586995;39,564195
7186426;62,58;52,63300906;39,56453794
6633802;64,91;52,620773;39,591333
6521000;54,79;52,62271046;39,58502373
7865000;67,8;52,62257987;39,58602151
3940000;39,4;52,57969771;39,61318144
7251489;73,91;52,62261885;39,58430216
5771160;20,93;52,597707;39,601511
11140000;102,19;52,62231;39,58559
5760000;47,59;52,623834;39,585435
5404400;45,79;52,591238;39,566506
5784000;47,79;52,62299;39,58601
5043000;41;52,62328;39,58497
5393601;53,99;52,620773;39,591333
5064185;39,4;52,602819;39,558893
4016558;36,34;52,633745;39,565232
3390245;29,78;52,63345;39,56662
7024620;66,26;52,60294598;39,56027455
4771800;39,59;52,60294598;39,56027455
9142667;73,91;52,620773;39,591333
5760000;47,59;52,62284757;39,58550653
3684480;38,38;52,638347;39,53797
4260085;38;52,63300906;39,56453794
5719500;62,09;52,54085;39,57215
4275220;36,27;52,63448;39,56571
6287235;60,04;52,63075;39,54923
5578000;46,09;52,62284757;39,58550653
4704570;40,2;52,680905;39,475198
7186480;62,59;52,57706958;39,50057325
6375184;56,08;52,63448;39,56571
8147000;73,4;52,62284757;39,58550653
5190900;39;52,576237;39,502417
6270000;66;52,59212439;39,57337589
4468248;41,22;52,620773;39,591333
7865000;67,8;52,623834;39,585435
7481200;63,4;52,591238;39,566506
6581000;55,29;52,62328;39,58497
6905986;60,04;52,63448;39,56571
5506181;50,38;52,633745;39,565232
7297710;67,26;52,58727345;39,56471851
9263000;78,5;52,591416;39,566485
30032370;196,28;52,612533;39,625666
7842000;69,4;52,62284757;39,58550653
3222433;28,7;52,633745;39,565232
4871500;50,09;52,7203598;39,80213928
10239431;92,47;52,619963;39,624971
4077000;30,2;52,57662716;39,50169424
6138000;49,9;52,62257987;39,58602151
7383735;73,91;52,6228;39,58424
5780768;41,91;52,62261885;39,58430216
9051504;74,37;52,62261885;39,58430216
8147000;73,4;52,62299;39,58601
5707000;46,4;52,62231;39,58559
6295000;52,9;52,62271046;39,58502373
8121465;71,9;52,57706958;39,50057325
5666074;50,38;52,63300906;39,56453794
6917708;61,41;52,63319836;39,5649671
6412708;61,72;52,62261885;39,58430216
30032370;196,28;52,612533;39,625666
6131500;61,09;52,7203598;39,80213928
9051504;73,91;52,62261885;39,58430216
5875200;54,4;52,630335;39,547947
4123288;36,36;52,63448;39,56571
4537593;40,99;52,62261885;39,58430216
5891520;54,4;52,63075;39,54923
4166250;41,25;52,630335;39,547947
4900800;40,84;52,60294598;39,56027455
5712000;54,4;52,54143;39,572123
8147000;73,4;52,62284757;39,58550653
5398960;43,54;52,601339;39,581004
5643044;37,04;52,58706035;39,56453832
6948300;24,37;52,597707;39,601511
4484720;36,75;52,60258;39,560098
5599080;41,2;52,62261885;39,58430216
8591000;77,4;52,62299;39,58601
5751200;55,29;52,630335;39,547947
6612500;65,59;52,541483;39,572145
6209170;60,04;52,63048247;39,54784331
6734900;59,68;52,63331;39,56576
7024620;66,26;52,60294598;39,56027455
5760000;47,59;52,62284757;39,58550653
6650800;63,95;52,630335;39,547947
6176000;51,9;52,62271046;39,58502373
6731765;59,68;52,63366808;39,56350218
5048360;41,38;52,586995;39,564195
7842000;67,59;52,62257987;39,58602151
4100131;37,27;52,63409237;39,5640279
9899820;87,3;52,5761;39,50177
6884010;66,9;52,63090842;39,54871636
4020637;37,27;52,633745;39,565232
6076620;55,79;52,63090842;39,54871636
4740120;41,79;52,608948;39,599023
4962060;40,84;52,60323;39,55946
5043000;41;52,62271046;39,58502373
4495314;40,02;52,63422292;39,56361484
8757390;87,59;52,62210645;39,58122402
6991485;66,26;52,60258;39,560098
3995841;35,84;52,633745;39,565232
5830735;53,88;52,63300906;39,56453794
4902500;53,5;52,54085;39,57215
7617324;65,77;52,631291;39,562362
9235179;73,91;52,6228;39,58424
4681157;43,18;52,633745;39,565232
10891594;89,29;52,631291;39,562362
4690509;42,52;52,633745;39,565232
5379000;45,2;52,623834;39,585435
6647340;64,59;52,59441;39,59146
5902400;54,4;52,63048247;39,54784331
4434138;40,83;52,620773;39,591333
4945308;41,7;52,57706958;39,50057325
24948000;162;52,612533;39,625666
5935429;39,52;52,58706035;39,56453832
6400000;59,59;52,597658;39,510143
7408005;70,88;52,586995;39,564195
5766400;54,4;52,630335;39,547947
3928400;42,7;52,638347;39,53797
5379000;45,2;52,62328;39,58497
5289000;43;52,62284757;39,58550653
6268829;55,54;52,63331;39,56576
4112823;35,84;52,633745;39,565232
5043649;43,41;52,63366808;39,56350218
3505920;26,55;52,602819;39,558893
6185160;60,04;52,630335;39,547947
7123232;61,65;52,63195735;39,56276859
4865125;45,2;52,633745;39,565232
7393100;60,5;52,5761;39,50177
5032825;42,54;52,63364523;39,56425857
9235179;73,91;52,62261885;39,58430216
4283727;36,36;52,63422292;39,56361484
5379000;45,2;52,623834;39,585435
9590000;95,9;52,59212439;39,57337589
4644775;39,52;52,60323;39,55946
7324304;70,43;52,633745;39,565232
2986275;27,14;52,633745;39,565232
7099000;61,2;52,62271046;39,58502373
8351000;73,9;52,62231;39,58559
4218729;36,83;52,633745;39,565232
3273183;29,19;52,633745;39,565232
6138000;49,9;52,623834;39,585435
3677300;33,4;52,633745;39,565232
8591000;77,4;52,623834;39,585435
6287490;43,79;52,58706035;39,56453832
4324320;36,95;52,636406;39,542015
4353860;31,78;52,586995;39,564195
4561000;39,34;52,62653;39,60886
5003880;54,38;52,638347;39,53797
5501581;53,99;52,62261885;39,58430216
8042000;71,8;52,62299;39,58601
6176000;51,9;52,62271046;39,58502373
4000000;43,7;52,54085;39,57215
5464440;42,36;52,58727345;39,56471851
4385524;41,13;52,620773;39,591333
5510000;44,79;52,62299;39,58601
9581600;81,19;52,591238;39,566506
4774650;41,7;52,57706958;39,50057325
6494098;56,65;52,63448;39,56571
8403000;75,69;52,623834;39,585435
7700000;109,4;52,678413;39,695933
5638600;44;52,58706035;39,56453832
5047120;54,86;52,638347;39,53797
4636352;41,88;52,6228;39,58424
8801892;74,08;52,58706035;39,56453832
11838980;42,74;52,597707;39,601511
5780768;41,91;52,62261885;39,58430216
6086000;50,29;52,623834;39,585435
3831949;34,36;52,633745;39,565232
6006949;56,08;52,63448;39,56571
3950080;30,86;52,586995;39,564195
7969000;68,69;52,62257987;39,58602151
4248189;39;52,620773;39,591333
6685425;62,18;52,60294598;39,56027455
10239431;92,47;52,619963;39,624971
5459000;41,2;52,620773;39,591333
8484600;71,59;52,5761;39,50177
7045500;67,09;52,57969771;39,61318144
6254403;56,08;52,63422292;39,56361484
3626000;39,34;52,62653;39,60886
5264000;43,5;52,62271046;39,58502373
6858945;66,26;52,60258;39,560098
7071330;66,9;52,6307;39,54897
5147862;47,97;52,633745;39,565232
4106625;34,95;52,63048247;39,54784331
6474000;53,5;52,623834;39,585435
3993367;34,83;52,633745;39,565232
3834279;34,38;52,63300906;39,56453794
5609000;45,59;52,623834;39,585435
9568020;79,8;52,57662716;39,50169424
2989954;27,37;52,633745;39,565232
7590205;66,29;52,60258;39,560098
6581000;55,29;52,62328;39,58497
5279677;39,43;52,620773;39,591333
5376000;44,79;52,62328;39,58497
7699115;72,25;52,619603;39,624768
5406217;50,41;52,597499;39,4902
6643450;64,25;52,63048247;39,54784331
6128000;66,3;52,54085;39,57215
5599080;41,2;52,6228;39,58424
6994600;84,79;52,63651326;39,53637251
9075630;87,43;52,63422292;39,56361484
7897813;65,77;52,63218211;39,56198439
5707000;46,4;52,623834;39,585435
4326209;39;52,62261885;39,58430216
5089615;44,34;52,633745;39,565232
7032800;59,59;52,591238;39,566506
4005536;36,91;52,633745;39,565232
3439500;37,5;52,54085;39,57215
7070200;24,37;52,597707;39,601511
7625240;67,48;52,58727345;39,56471851
4586625;40,77;52,60294598;39,56027455
7115000;58,79;52,62284757;39,58550653
3197089;27,14;52,63458;39,56667
6106035;23,53;52,597707;39,601511
10442000;95,8;52,62328;39,58497
6249281;43,86;52,58706035;39,56453832
5760000;47,59;52,62299;39,58601
3894292;34,61;52,63422292;39,56361484
5560000;45,2;52,623834;39,585435
3531000;38,5;52,62653;39,60886
3681600;38,34;52,638347;39,53797
5043649;43,41;52,63331;39,56576
6896200;67,27;52,60258;39,560098
3943000;43,09;52,54085;39,57215
7186480;62,59;52,57706958;39,50057325
4377133;39,16;52,63458;39,56667
4417420;31,78;52,586995;39,564195
4686000;38,09;52,623834;39,585435
5974671;55,06;52,633745;39,565232
6806100;64,81;52,60294598;39,56027455
8558000;77,09;52,623834;39,585435
4417126;39,45;52,63297;39,56748
7331000;85,23;52,62653;39,60886
7759000;69,9;52,62328;39,58497
9691478;86,68;52,619963;39,624971
5696928;41,91;52,620773;39,591333
4207157;36,91;52,63448;39,56571
4016154;34;52,63297;39,56748
5929000;48,2;52,62257987;39,58602151
7481000;66,19;52,623834;39,585435
4356060;36,75;52,60323;39,55946
7590205;66,29;52,60291986;39,55890126
6516964;64,91;52,620773;39,591333
5630457;40,83;52,62261885;39,58430216
5673240;41,2;52,62261885;39,58430216
4685560;37,04;52,60323;39,55946
5942500;58,9;52,541483;39,572145
5584500;43,79;52,586995;39,564195
4035350;26,68;52,58706035;39,56453832
5032825;42,54;52,63345;39,56662
6795506;55,7;52,63195735;39,56276859
5250000;42;52,623834;39,585435
3686500;40,79;52,54085;39,57215
4019080;38,34;52,620773;39,591333
5031000;40,9;52,62328;39,58497
7331000;85,23;52,62653;39,60886
3811360;32,79;52,63075;39,54923
6599640;63,95;52,6307;39,54897
6474000;53,5;52,62284757;39,58550653
7621400;71,9;52,57399;39,50767
8256940;78,25;52,631897;39,562829
6586850;63,95;52,630335;39,547947
3838014;35,79;52,633745;39,565232
6199000;50,4;52,623834;39,585435
6301612;61,72;52,62261885;39,58430216
3916000;40,09;52,7203598;39,80213928
5552123;52,63;52,633745;39,565232
6193707;53,95;52,63319836;39,5649671
4607575;39,54;52,60258;39,560098
5547000;45,09;52,623834;39,585435
7856120;76,33;52,633745;39,565232
3869885;34,38;52,633745;39,565232
2995650;28,53;52,638347;39,53797
7589600;71,59;52,57399;39,50767
7797000;69;52,62299;39,58601
6291399;55,75;52,63366808;39,56350218
3471245;32,25;52,633745;39,565232
8175453;67,26;52,58706035;39,56453832
7620675;70,88;52,586995;39,564195
5348000;44,2;52,623834;39,585435
5043000;41;52,62271046;39,58502373
10442000;95,8;52,623834;39,585435
5681280;42,2;52,62261885;39,58430216
5560000;45,2;52,62299;39,58601
4902500;53,5;52,54085;39,57215
8238880;79,22;52,63140738;39,5624655
6887500;68,5;52,7203598;39,80213928
5693475;50,59;52,63319836;39,5649671
4866183;43,18;52,633745;39,565232
7280135;73,91;52,620773;39,591333
3807978;36,58;52,620773;39,591333
4088110;38,34;52,620773;39,591333
8609280;67,26;52,58727345;39,56471851
10824000;99,3;52,62257987;39,58602151
6086000;50,29;52,62284757;39,58550653
4096140;34,95;52,63075;39,54923
8193000;72,5;52,62231;39,58559
5856711;55,06;52,633745;39,565232
7490280;67,48;52,58727345;39,56471851
5060000;44;52,586995;39,564195
8190000;70,59;52,62284757;39,58550653
6138000;49,9;52,623834;39,585435
6814080;58,24;52,60294598;39,56027455
6086000;50,29;52,62284757;39,58550653
6870630;66,9;52,6307;39,54897
7638500;82,4;52,54085;39,57215
4636352;41,88;52,62261885;39,58430216
5560000;45,2;52,62284757;39,58550653
6643450;64,25;52,63048247;39,54784331
4740311;42,41;52,63448;39,56571
6670580;62,93;52,60294598;39,56027455
4013800;42,7;52,638347;39,53797
4302139;36,5;52,63458;39,56667
4899956;43,41;52,63366808;39,56350218
7986390;64,93;52,601339;39,581004
7174200;65,22;52,58294632;39,5436626
9235179;73,91;52,6228;39,58424
6009888;53,88;52,633745;39,565232
12295775;44,15;52,597707;39,601511
4282098;39,43;52,62261885;39,58430216
4995751;43,41;52,63366808;39,56350218
6898000;68,5;52,7203598;39,80213928
6176000;51,9;52,62328;39,58497
5754000;54,29;52,541483;39,572145
4219693;36,5;52,63409237;39,5640279
8502065;32,88;52,59786355;39,6013918
8400489;79,22;52,6321;39,56203
5376000;44,79;52,623834;39,585435
6039000;49,09;52,623834;39,585435
5031000;40,9;52,62271046;39,58502373
5003880;54,38;52,638347;39,53797
5609000;45,59;52,623834;39,585435
4324320;37;52,680905;39,475198
5376000;44,79;52,62328;39,58497
10980172;110,63;52,619963;39,624971
5510000;44,79;52,623834;39,585435
4849800;41,09;52,58294632;39,5436626
7842000;67,59;52,62231;39,58559
5287869;38,9;52,620773;39,591333
4824957;45,52;52,633745;39,565232
5259740;40,9;52,5761;39,50177
5516680;41,2;52,620773;39,591333
7071330;66,9;52,6307;39,54897
8256940;78,25;52,63195735;39,56276859
6140960;54,83;52,58294632;39,5436626
4749630;41,7;52,57399;39,50767
6217050;57,29;52,63048247;39,54784331
4030837;36,25;52,63409237;39,5640279
4085565;36,4;52,633745;39,565232
6086000;50,29;52,62299;39,58601
6178172;61,72;52,620773;39,591333
3138300;28,53;52,638347;39,53797
5944750;55,29;52,63090842;39,54871636
5234020;40,7;52,5761;39,50177
5760000;47,59;52,623834;39,585435
7504140;63,06;52,601339;39,581004
6652000;55,9;52,62328;39,58497
7078000;76,4;52,54085;39,57215
3521760;26,68;52,586995;39,564195
5241530;39,4;52,60258;39,560098
6794200;59,09;52,636406;39,542015
5129580;50,29;52,59755;39,49022
6211600;58,59;52,630335;39,547947
4000000;43,7;52,54085;39,57215
8403000;75,69;52,62299;39,58601
5942500;58,9;52,541483;39,572145
7084710;66,9;52,63090842;39,54871636
4232442;35,84;52,63297;39,56748
4338621;40,5;52,620773;39,591333
5853870;43,79;52,58706035;39,56453832
4732200;39,59;52,60258;39,560098
5129580;50,2;52,59755;39,49022
7310160;62,47;52,680905;39,475198
4401530;31,78;52,58727345;39,56471851
7518420;64,25;52,636406;39,542015
7481000;66,19;52,62271046;39,58502373
4347226;36,83;52,63300906;39,56453794
4345291;36,83;52,63300906;39,56453794
4870800;39,59;52,60294598;39,56027455
4419641;40,5;52,62261885;39,58430216
7011200;62,59;52,576769;39,500909
8828370;69,9;52,57662716;39,50169424
5715423;51,22;52,597499;39,4902
5609000;45,59;52,623834;39,585435
5994000;54,4;52,54143;39,572123
4096140;34,95;52,63075;39,54923
10835000;99,4;52,62231;39,58559
9095586;73,91;52,6228;39,58424
9010250;78,34;52,597499;39,4902
7705400;65,3;52,591238;39,566506
6150000;50;52,62231;39,58559
12826600;108,69;52,591416;39,566485
5547000;45,09;52,623834;39,585435
5664384;42,24;52,620773;39,591333
4698740;39,31;52,60258;39,560098
6199000;50,4;52,62257987;39,58602151
5929000;48,2;52,62231;39,58559
6804280;63,95;52,63090842;39,54871636
30032370;196,28;52,612533;39,625666
3673600;32,79;52,630335;39,547947
7251489;73,91;52,62261885;39,58430216
6091120;20,86;52,597707;39,601511
7965750;64,5;52,5761;39,50177
8385000;86;52,59139803;39,56682564
10442000;95,8;52,62271046;39,58502373
6817277;62,54;52,63448;39,56571
6707700;64,25;52,63048247;39,54784331
9403900;91,3;52,586995;39,564195
9658903;87,43;52,63448;39,56571
4548168;41,88;52,620773;39,591333
4492559;40,5;52,62261885;39,58430216
6979325;62,58;52,6329;39,56678
6358772;57,06;52,633745;39,565232
4240487;36,61;52,63319836;39,5649671
5612700;42,36;52,586995;39,564195
4114740;30,29;52,57662716;39,50169424
6752720;64,93;52,58294632;39,5436626
6630600;64,25;52,63075;39,54923
5548797;40,83;52,620773;39,591333
7402500;73,5;52,541483;39,572145
4785000;38,9;52,623834;39,585435
7873050;71,9;52,576769;39,500909
8591000;77,4;52,623834;39,585435
5129580;50,29;52,597499;39,4902
4379368;39,18;52,63409237;39,5640279
5438020;43,4;52,5761;39,50177
5748864;42,24;52,62261885;39,58430216
6215369;55,72;52,63409237;39,5640279
4443468;41,88;52,620773;39,591333
3665475;31,01;52,63366808;39,56350218
3666690;27,98;52,58727345;39,56471851
7727500;79,9;52,7203598;39,80213928
8766387;87,69;52,62210645;39,58122402
5336000;44,2;52,623834;39,585435
4737414;42,52;52,63448;39,56571
6660135;66,26;52,60258;39,560098
5700000;47,9;52,62328;39,58497
5769000;46,9;52,623834;39,585435
3526740;27,98;52,586995;39,564195
6505200;55,59;52,636406;39,542015
7842000;67,59;52,623834;39,585435
4740311;42,41;52,63422292;39,56361484
6015000;48,9;52,623834;39,585435
17923440;129,88;52,631291;39,562362
7044670;25,06;52,59786355;39,6013918
5769000;56,9;52,623834;39,585435
8708350;69,5;52,57662716;39,50169424
7310160;62,47;52,636406;39,542015
9142667;73,91;52,620773;39,591333
8053000;71,9;52,62284757;39,58550653
5350805;50,29;52,597499;39,4902
4042367;36,2;52,63458;39,56667
5523000;44,9;52,623834;39,585435
5808000;44;52,58706035;39,56453832
5784000;47,79;52,623834;39,585435
4833579;41,84;52,63458;39,56667
7316660;69,55;52,6307;39,54897
6326856;55,11;52,63300906;39,56453794
6521000;54,79;52,62271046;39,58502373
4548480;41,13;52,62261885;39,58430216
3361436;30,2;52,63448;39,56571
4449600;41,2;52,630335;39,547947
4139109;37,15;52,63300906;39,56453794
3109770;28,53;52,638347;39,53797
3221868;29,14;52,633745;39,565232
4144528;36,25;52,633745;39,565232
7064400;67,27;52,60294598;39,56027455
8114000;73,09;52,62271046;39,58502373
4918493;42,77;52,63422292;39,56361484
5012168;43,18;52,63345;39,56662
4326209;39;52,6228;39,58424
6643450;64,25;52,63048247;39,54784331
7615279;61,65;52,63195735;39,56276859
5429511;39,43;52,62261885;39,58430216
4696600;40,84;52,60323;39,55946
4770480;41,7;52,576769;39,500909
6549535;57,06;52,63300906;39,56453794
9461417;87,43;52,63422292;39,56361484
7342500;72,9;52,541483;39,572145
5112660;54,38;52,638347;39,53797
4100131;37,27;52,63458;39,56667
3876960;32,79;52,63075;39,54923
5605110;44,09;52,576237;39,502417
6073800;57,29;52,630335;39,547947
4623552;41,88;52,620773;39,591333
7175000;62,5;52,57706958;39,50057325
6199000;50,4;52,62231;39,58559
4198384;35,52;52,63319836;39,5649671
7700000;77;52,57969771;39,61318144
5129000;41,7;52,623834;39,585435
4324320;36,95;52,680905;39,475198
3079652;27,37;52,63409237;39,5640279
5725035;43,86;52,586995;39,564195
7661200;71,59;52,57399;39,50767
8690000;79;52,591238;39,566506
3859937;35,5;52,620773;39,591333
3521268;29,79;52,63345;39,56662
7165320;67,27;52,60323;39,55946
8888840;71,8;52,5761;39,50177
4894120;31,78;52,58706035;39,56453832
4821250;38,56;52,58294632;39,5436626
6685425;62,18;52,60294598;39,56027455
4682500;46,29;52,541483;39,572145
5190900;39;52,57662716;39,50169424
5156840;54,86;52,638347;39,53797
8351000;73,9;52,62257987;39,58602151
4191292;35,45;52,6329;39,56678
6734140;65,37;52,60294598;39,56027455
4000000;43,7;52,54085;39,57215
6195000;51,2;52,623834;39,585435
5464440;42,36;52,586995;39,564195
10835000;99,4;52,62257987;39,58602151
5784000;47,79;52,62284757;39,58550653
4078090;34,63;52,63422292;39,56361484
5452140;40,84;52,586995;39,564195
4324320;37;52,636406;39,542015
7144950;62,13;52,680905;39,475198
5510000;44,79;52,623834;39,585435
5337221;49,68;52,59755;39,49022
9121400;77,3;52,591238;39,566506
6458950;63,95;52,630335;39,547947
8902400;83,19;52,59139803;39,56682564
3811360;32,79;52,63075;39,54923
5609000;45,59;52,623834;39,585435
4871500;50,09;52,7203598;39,80213928
4770480;41,7;52,608948;39,599023
4500360;37,04;52,60294598;39,56027455
4260616;36,13;52,63422292;39,56361484
4302139;36,5;52,63409237;39,5640279
10239431;92,47;52,619963;39,624971
5620944;50,45;52,6329;39,56678
5915000;68,58;52,62653;39,60886
5519358;41,22;52,620773;39,591333
7770000;70;52,62271046;39,58502373
5671367;50,38;52,6329;39,56678
3564480;31,01;52,63366808;39,56350218
4574640;38,9;52,63090842;39,54871636
4013800;42,7;52,638347;39,53797
4021479;36,13;52,63448;39,56571
4230000;42,29;52,57969771;39,61318144
7253817;61,65;52,631897;39,562829
6334880;23,29;52,597707;39,601511
6005415;44,84;52,620773;39,591333
6737325;65,73;52,60258;39,560098
4682500;46,29;52,541483;39,572145
4503100;36,75;52,60323;39,55946
5264000;43,5;52,62328;39,58497
6128000;66,3;52,54085;39,57215
6214660;55,06;52,63345;39,56662
7310160;62,47;52,680905;39,475198
5831000;49;52,62271046;39,58502373
4323181;36,61;52,63319836;39,5649671
6574974;62,58;52,633745;39,565232
6128000;66,3;52,54085;39,57215
7797000;69;52,62284757;39,58550653
7064400;67,27;52,60294598;39,56027455
7842000;67,59;52,62231;39,58559
3626000;39,34;52,62653;39,60886
8403000;75,69;52,623834;39,585435
10431000;95,69;52,62328;39,58497
4703460;41,54;52,6307;39,54897
3790745;27,37;52,602819;39,558893
10540000;96,69;52,623834;39,585435
5405612;47,97;52,63331;39,56576
4056500;42,7;52,638347;39,53797
4356060;36,75;52,60323;39,55946
5358537;39,43;52,62261885;39,58430216
5945920;54,4;52,63075;39,54923
7088000;61,09;52,62271046;39,58502373
4248189;39;52,620773;39,591333
6554700;72,83;52,638347;39,53797
5510000;44,79;52,62284757;39,58550653
7462500;75;52,60294598;39,56027455
5547000;45,09;52,623834;39,585435
3371378;29,19;52,63409237;39,5640279
5483565;40,77;52,6228;39,58424
5609000;45,59;52,62231;39,58559
7868168;67,48;52,58706035;39,56453832
6187000;50,29;52,62257987;39,58602151
4324320;37;52,680905;39,475198
5764960;21,04;52,597707;39,601511
8594497;87,69;52,622269;39,581282
10414256;108,25;52,619603;39,624768
6176000;51,9;52,62328;39,58497
6125100;60,04;52,630335;39,547947
6961500;59,5;52,680905;39,475198
4612050;41,54;52,630335;39,547947
4117300;39,4;52,620773;39,591333
3990500;34,7;52,63075;39,54923
4404300;41,54;52,630335;39,547947
8069877;71,9;52,57706958;39,50057325
3285394;28,7;52,633745;39,565232
5861660;20,86;52,597707;39,601511
4442304;40,83;52,6228;39,58424
9618040;95,73;52,63140738;39,5624655
5129000;41,7;52,623834;39,585435
3772500;37,2;52,541483;39,572145
7485240;70,34;52,63048247;39,54784331
4163398;36,36;52,63422292;39,56361484
7759000;69,9;52,623834;39,585435
6176000;51,9;52,623834;39,585435
8929800;82;52,576769;39,500909
4076101;35,52;52,633745;39,565232
6197160;60,04;52,63075;39,54923
7331000;85,23;52,62653;39,60886
6581000;55,29;52,623834;39,585435
6505200;55,59;52,680905;39,475198
5347760;45,31;52,602819;39,558893
3503000;31;52,630335;39,547947
6033530;54,63;52,63319836;39,5649671
8147000;73,4;52,62284757;39,58550653
5900928;42,24;52,6228;39,58424
4494777;40,52;52,62261885;39,58430216
3420226;29,79;52,633745;39,565232
3668733;31,01;52,63331;39,56576
5933690;55,29;52,6307;39,54897
3861308;33,4;52,63409237;39,5640279
5519358;41,22;52,620773;39,591333
10895725;108,25;52,619963;39,624971
6734140;65,37;52,60294598;39,56027455
3838000;38,38;52,638347;39,53797
6178172;61,72;52,620773;39,591333
5917100;55,29;52,630335;39,547947
6254403;56,08;52,63458;39,56667
4518880;37,04;52,60323;39,55946
7852044;72,93;52,63458;39,56667
7075238;63,43;52,63300906;39,56453794
7842000;69,4;52,62284757;39,58550653
4070825;36,25;52,63458;39,56667
8351000;73,9;52,623834;39,585435
8351000;73,9;52,623834;39,585435
4434138;40,83;52,620773;39,591333
3951935;35,79;52,633745;39,565232
4996879;44,34;52,633745;39,565232
7099000;61,2;52,62328;39,58497
4065599;35,45;52,633745;39,565232
5287869;38,9;52,620773;39,591333
5350000;42,79;52,623834;39,585435
6401992;56,72;52,63364523;39,56425857
6187000;50,29;52,623834;39,585435
9827508;88,75;52,61969442;39,62473581
4080000;34;52,63533143;39,54177508
4372893;40,77;52,6228;39,58424
6707948;62,56;52,633745;39,565232
8591000;77,4;52,623834;39,585435
5375000;43,7;52,62299;39,58601
5945920;54,4;52,63075;39,54923
4203238;39,43;52,620773;39,591333
4565477;40,5;52,6228;39,58424
3943000;43,09;52,54085;39,57215
7251489;73,91;52,62261885;39,58430216
4077073;36,27;52,63448;39,56571
9124974;74,37;52,6228;39,58424
6282540;55,11;52,601339;39,581004
7664500;79,4;52,7203598;39,80213928
6914100;24,26;52,597707;39,601511
7204500;64,04;52,60258;39,560098
4236255;40,93;52,620773;39,591333
3194647;28,72;52,63448;39,56571
7597856;65,77;52,63195735;39,56276859
5190900;39;52,5761;39,50177
5043000;41;52,62328;39,58497
3859937;35,5;52,620773;39,591333
5547000;45,09;52,62284757;39,58550653
9199330;79,09;52,576237;39,502417
4182039;37,7;52,6228;39,58424
4558331;41,84;52,633745;39,565232
3936752;33,4;52,63409237;39,5640279
5523000;44,9;52,623834;39,585435
5523000;44,9;52,62299;39,58601
4456530;38,11;52,680905;39,475198
3958323;36,27;52,633745;39,565232
7800000;75;52,60323;39,55946
4248189;39;52,620773;39,591333
7171700;49,45;52,59755;39,49022
6829694;60,52;52,63448;39,56571
6488505;64,91;52,6228;39,58424
4048753;27,98;52,58706035;39,56453832
3260700;29,79;52,633745;39,565232
4417126;39,45;52,63319836;39,5649671
8114000;73,09;52,623834;39,585435
9235179;73,91;52,62261885;39,58430216
5949608;53,88;52,63300906;39,56453794
3292605;29,79;52,633745;39,565232
6900999;65,34;52,633745;39,565232
3886800;32,79;52,63048247;39,54784331
6887500;68,5;52,7203598;39,80213928
6131747;54,31;52,63366808;39,56350218
8037600;78,8;52,591416;39,566485
6647240;24,26;52,597707;39,601511
7923400;76,33;52,63409237;39,5640279
7668315;74,08;52,586995;39,564195
5193320;40,7;52,5761;39,50177
6011200;54,4;52,63048247;39,54784331
9836288;79,83;52,58706035;39,56453832
3339178;29,19;52,63458;39,56667
6715595;63,88;52,63366808;39,56350218
7144950;62,13;52,636406;39,542015
4000000;43,7;52,54085;39,57215
5376000;44,79;52,623834;39,585435
4780304;41,84;52,633745;39,565232
4038432;38,34;52,62261885;39,58430216
8782400;79,83;52,58727345;39,56471851
3940992;27,98;52,58706035;39,56453832
4319856;41,22;52,620773;39,591333
5376000;44,79;52,62328;39,58497
3505920;26,55;52,60258;39,560098
6138000;49,9;52,62257987;39,58602151
5191100;45,13;52,680905;39,475198
4324320;37;52,680905;39,475198
5129000;41,7;52,62328;39,58497
7356239;65,83;52,622125;39,581288
5885520;21,92;52,597707;39,601511
8351000;73,9;52,623834;39,585435
6858945;66,26;52,60294598;39,56027455
3420596;29,78;52,633745;39,565232
5376000;44,79;52,623834;39,585435
5605110;44,09;52,57662716;39,50169424
4707930;41,7;52,57399;39,50767
7895000;85;52,54085;39,57215
6197160;60,04;52,63075;39,54923
6128000;66,3;52,54085;39,57215
5009435;36,97;52,586995;39,564195
6187000;50,29;52,62231;39,58559
5129000;41,7;52,62271046;39,58502373
7770000;70;52,62328;39,58497
5712000;48;52,623834;39,585435
7797000;69;52,62284757;39,58550653
8147000;73,4;52,623834;39,585435
8147000;73,4;52,623834;39,585435
5146785;44,34;52,63331;39,56576
6199000;50,4;52,623834;39,585435
6474000;53,5;52,62299;39,58601
3102585;27,14;52,633745;39,565232
9619332;86,87;52,61969442;39,62473581
7241480;26,92;52,597707;39,601511
10442000;95,8;52,623834;39,585435
6733510;62,93;52,60323;39,55946
7730677;71,62;52,619603;39,624768
3360562;30,2;52,633745;39,565232
8998567;87,43;52,633745;39,565232
6605640;55,97;52,601339;39,581004
4476492;41,22;52,62261885;39,58430216
6581000;55,29;52,62328;39,58497
8339000;73,8;52,62257987;39,58602151
4803741;43,41;52,633745;39,565232
7319796;64,98;52,63300906;39,56453794
4000000;43,9;52,54085;39,57215
4900800;40,84;52,60294598;39,56027455
4121945;37,18;52,63458;39,56667
6220000;62,2;52,59212439;39,57337589
8563790;84,79;52,58294632;39,5436626
6262890;57,29;52,63075;39,54923
4106619;37,7;52,620773;39,591333
6015000;48,9;52,62231;39,58559
8708350;69,5;52,5761;39,50177
3904349;36,13;52,633745;39,565232
7280630;60,7;52,631291;39,562362
3835000;38,34;52,638347;39,53797
5929000;48,2;52,623834;39,585435
3750774;33,4;52,63458;39,56667
4562970;38,9;52,6307;39,54897
4243596;41,15;52,620773;39,591333
10431000;95,69;52,62271046;39,58502373
15999720;115,94;52,6321;39,56203
7067814;73,91;52,62261885;39,58430216
5560000;45,2;52,62299;39,58601
7144950;62,13;52,680905;39,475198
7492000;66,3;52,62328;39,58497
7938300;28,2;52,597707;39,601511
9403528;90,11;52,63422292;39,56361484
6405947;58,47;52,63345;39,56662
5630457;40,83;52,6228;39,58424
5784000;47,79;52,62299;39,58601
8006495;70,43;52,63458;39,56667
6737325;65,73;52,60258;39,560098
7801150;71,9;52,57706958;39,50057325
8330800;70,59;52,591416;39,566485
5970600;55,79;52,630335;39,547947
4230000;42,29;52,57969771;39,61318144
4061190;34,95;52,63075;39,54923
7212890;70,12;52,619603;39,624768
8591000;77,4;52,62284757;39,58550653
6665000;60,79;52,54143;39,572123
6109000;65,9;52,54085;39,57215
9691478;86,68;52,61969442;39,62473581
3475500;32,59;52,541483;39,572145
7313242;60,45;52,631291;39,562362
7518420;64,25;52,636406;39,542015
5856224;41,91;52,6228;39,58424
4914000;42,77;52,63448;39,56571
4871500;50,09;52,7203598;39,80213928
9742635;98,91;52,63195735;39,56276859
9712723;86,87;52,619963;39,624971
5724000;48,09;52,62328;39,58497
5941000;48,29;52,62231;39,58559
4752000;39,59;52,60258;39,560098
9965921;90;52,619963;39,624971
7948490;65,69;52,58706035;39,56453832
9300000;136,3;52,678413;39,695933
3588460;26,68;52,586995;39,564195
7019291;66,09;52,622269;39,581282
5902400;54,4;52,63048247;39,54784331
4852323;46,09;52,633745;39,565232
6887500;68,5;52,7203598;39,80213928
3953474;35,45;52,633745;39,565232
7144950;62,13;52,636406;39,542015
4969706;42,52;52,63409237;39,5640279
6394500;60,4;52,541483;39,572145
6887500;68,5;52,7203598;39,80213928
4207157;36,91;52,63458;39,56667
6128894;54,31;52,63366808;39,56350218
6335396;55,72;52,63409237;39,5640279
7245469;62,5;52,57706958;39,50057325
5781000;47;52,62231;39,58559
7621000;65,69;52,623834;39,585435
5301000;43,09;52,62299;39,58601
5218840;40,9;52,576237;39,502417
4125000;41,25;52,630335;39,547947
3273183;29,19;52,633745;39,565232
5820800;54,4;52,630335;39,547947
5898917;53,95;52,63297;39,56748
5104006;43,18;52,63364523;39,56425857
5191100;45,13;52,680905;39,475198
5696928;41,91;52,620773;39,591333
4612050;41,54;52,630335;39,547947
7227000;62,29;52,623834;39,585435
7524140;26,92;52,597707;39,601511
6716000;57,9;52,62271046;39,58502373
9482180;92,05;52,60323;39,55946
3932471;34,61;52,63422292;39,56361484
5233395;38,86;52,6228;39,58424
4369950;37,34;52,680905;39,475198
3271600;28,7;52,63409237;39,5640279
5435727;38,9;52,6228;39,58424
7111896;73,91;52,6228;39,58424
4711000;38,29;52,62328;39,58497
3103970;27,14;52,633745;39,565232
6524770;54,83;52,601339;39,581004
3439500;37,5;52,54085;39,57215
8190000;70,59;52,62299;39,58601
7175700;70,34;52,630335;39,547947
7205320;59,06;52,60381;39,50336
4044727;37,2;52,620773;39,591333
3676600;31;52,63048247;39,54784331
6328800;58,59;52,630335;39,547947
4574640;38,9;52,63090842;39,54871636
5090629;47,97;52,63331;39,56576
5325000;42,59;52,623834;39,585435
7485240;70,34;52,63048247;39,54784331
4466340;36,75;52,60294598;39,56027455
4282121;37,04;52,63458;39,56667
8720490;87,23;52,62210645;39,58122402
3274777;29,19;52,63458;39,56667
6299245;60,04;52,63048247;39,54784331
6716000;57,9;52,62328;39,58497
4850000;38,79;52,62257987;39,58602151
5338000;42,7;52,623834;39,585435
6700360;72,83;52,638347;39,53797
6555530;57,06;52,63300906;39,56453794
4707930;41,7;52,57399;39,50767
5129580;50,29;52,597499;39,4902
5604516;41,24;52,620773;39,591333
6086000;50,29;52,623834;39,585435
7342500;72,9;52,541483;39,572145
7996179;71,9;52,57706958;39,50057325
4279030;36,27;52,63448;39,56571
8000000;70,8;52,62284757;39,58550653
5071859;42,83;52,63331;39,56576
7310160;62,47;52,680905;39,475198
4324320;36,95;52,636406;39,542015
4426280;37,04;52,60294598;39,56027455
9051504;73,91;52,6228;39,58424
5279677;39,43;52,620773;39,591333
4699000;38,2;52,62271046;39,58502373
4790475;40,77;52,60323;39,55946
30032370;196,28;52,612533;39,625666
7518420;64,25;52,680905;39,475198
6960038;60,52;52,63422292;39,56361484
4069891;35,79;52,633745;39,565232
5348488;52,02;52,633745;39,565232
5722880;21,04;52,597707;39,601511
5263000;42,09;52,62257987;39,58602151
3191685;28,7;52,633745;39,565232
4283727;36,36;52,63448;39,56571
3521268;29,79;52,63364523;39,56425857
8230565;78,87;52,63458;39,56667
3439500;37,5;52,54085;39,57215
7865000;67,8;52,62257987;39,58602151
4148297;39,47;52,620773;39,591333
5700000;47,9;52,62328;39,58497
4258718;36,13;52,63422292;39,56361484
6384000;53,2;52,623834;39,585435
5915000;68,58;52,62653;39,60886
4770480;39,9;52,576769;39,500909
3972404;37,15;52,620773;39,591333
4481840;37,04;52,60258;39,560098
6696171;60,52;52,63458;39,56667
10673208;98,27;52,63218211;39,56198439
4033359;27,98;52,58706035;39,56453832
4183523;39,38;52,62261885;39,58430216
3861308;33,4;52,63458;39,56667
6138000;49,9;52,623834;39,585435
6340520;58,59;52,63075;39,54923
5345760;41,43;52,601339;39,581004
9936499;98,91;52,63195735;39,56276859
5784000;47,79;52,623834;39,585435
9009000;81,9;52,576769;39,500909
8811292;87,43;52,633745;39,565232
35466200;253,33;52,612533;39,625666
4249917;37,7;52,62261885;39,58430216
9945992;89,81;52,619963;39,624971
6109000;65,9;52,54085;39,57215
10466434;94,51;52,619963;39,624971
6716000;57,9;52,623834;39,585435
7176411;64,98;52,63300906;39,56453794
4279000;38,9;52,630335;39,547947
3883235;34,83;52,633745;39,565232
5519358;41,22;52,620773;39,591333
6125100;60,04;52,630335;39,547947
5129000;41,7;52,623834;39,585435
4071675;34,95;52,63048247;39,54784331
4042367;36,2;52,63422292;39,56361484
5681097;52,02;52,63319836;39,5649671
6630771;60,52;52,633745;39,565232
6685200;24,76;52,597707;39,601511
5510000;44,79;52,623834;39,585435
6187000;50,29;52,623834;39,585435
6425000;53,09;52,62284757;39,58550653
3943000;43,09;52,54085;39,57215
7925400;77,69;52,591238;39,566506
5875200;54,4;52,630335;39,547947
10824000;99,3;52,62257987;39,58602151
6335396;55,72;52,63458;39,56667
5510000;44,79;52,623834;39,585435
5619323;50,45;52,633745;39,565232
4177840;37,13;52,6329;39,56678
5280000;44;52,586995;39,564195
4636352;41,88;52,6228;39,58424
24948000;162;52,612533;39,625666
4718209;40,02;52,63448;39,56571
7331000;85,23;52,62653;39,60886
4950000;39,59;52,62257987;39,58602151
4203238;39,43;52,620773;39,591333
7842000;69,4;52,623834;39,585435
7664500;79,4;52,7203598;39,80213928
4647780;40,77;52,60323;39,55946
30032370;196,28;52,612533;39,625666
8103000;73;52,62328;39,58497
4051035;34,65;52,63458;39,56667
6009660;55,79;52,6307;39,54897
9283530;86,87;52,619603;39,624768
5912980;54,63;52,63319836;39,5649671
6505200;55,59;52,680905;39,475198
3195663;27,14;52,63458;39,56667
5696928;41,91;52,620773;39,591333
7414800;63,52;52,59755;39,49022
5760000;47,59;52,623834;39,585435
10443491;111,01;52,619963;39,624971
3991381;35,79;52,633745;39,565232
5137040;40,9;52,5761;39,50177
4589292;40,83;52,62261885;39,58430216
5598763;53,99;52,62261885;39,58430216
5599080;41,2;52,62261885;39,58430216
5376000;44,79;52,623834;39,585435
4558155;39,84;52,633745;39,565232
5129000;41,7;52,623834;39,585435
6603230;59,68;52,63366808;39,56350218
4369950;37,34;52,680905;39,475198
4798700;40,84;52,60323;39,55946
5523000;44,9;52,623834;39,585435
8814000;78;52,62231;39,58559
5712000;48;52,623834;39,585435
5712000;48;52,623834;39,585435
3761240;38,38;52,638347;39,53797
30032370;196,28;52,612533;39,625666
3427448;31,01;52,633745;39,565232
5924685;44,84;52,620773;39,591333
5662020;44,2;52,57662716;39,50169424
6469440;58,59;52,63048247;39,54784331
4219343;39,47;52,620773;39,591333
5404399;53,99;52,62261885;39,58430216
4167978;36,4;52,63409237;39,5640279
7481000;66,19;52,62328;39,58497
5047120;54,86;52,638347;39,53797
8226020;30,57;52,597707;39,601511
5060440;40,81;52,601339;39,581004
8103000;73;52,623834;39,585435
5429511;39,43;52,62261885;39,58430216
7362585;65,55;52,622125;39,581288
7310160;62,47;52,680905;39,475198
5780768;41,91;52,6228;39,58424
4174497;37,7;52,620773;39,591333
7752600;65,69;52,59139803;39,56682564
9403528;90,11;52,63458;39,56667
5510000;44,79;52,62284757;39,58550653
7344540;70,34;52,63048247;39,54784331
4148297;39,47;52,620773;39,591333
4515798;40,83;52,62261885;39,58430216
4692806;39,84;52,63448;39,56571
7493000;63,5;52,591238;39,566506
4226318;38,65;52,63448;39,56571
8114000;73,09;52,62328;39,58497
3532480;26,55;52,602819;39,558893
3417559;29,78;52,633745;39,565232
7456200;69,36;52,586995;39,564195
6405947;58,47;52,63364523;39,56425857
3319106;28,7;52,63409237;39,5640279
6039000;49,09;52,623834;39,585435
4784319;42,52;52,63448;39,56571
6676460;64,81;52,60294598;39,56027455
5233395;38,86;52,62261885;39,58430216
6039000;49,09;52,62231;39,58559
8403000;75,69;52,62299;39,58601
6250000;62,5;52,59212439;39,57337589
9850066;99,25;52,631291;39,562362
6122901;56,65;52,633745;39,565232
9300000;136,3;52,678413;39,695933
7518420;64,25;52,680905;39,475198
6128000;66,3;52,54085;39,57215
7842000;67,59;52,62257987;39,58602151
6689779;58,16;52,63345;39,56662
4150802;36,25;52,63458;39,56667
5422258;55,66;52,620773;39,591333
3972404;37,15;52,620773;39,591333
10895725;108,25;52,619963;39,624971
6405000;60,5;52,541483;39,572145
8828370;69,9;52,5761;39,50177
6892080;66,26;52,60258;39,560098
4871500;50,09;52,7203598;39,80213928
5459915;52,02;52,633745;39,565232
9525540;90;52,619603;39,624768
4481840;37,04;52,60258;39,560098
5100300;18,88;52,597707;39,601511
5263000;42,09;52,62231;39,58559
4173111;36,5;52,633745;39,565232
8339000;73,8;52,623834;39,585435
3520495;27,82;52,60294598;39,56027455
5681165;43,86;52,586995;39,564195
6055350;55,29;52,63090842;39,54871636
5566000;44;52,58706035;39,56453832
7316400;70,34;52,630335;39,547947
7006668;73,91;52,620773;39,591333
4202144;36,2;52,63448;39,56571
8646000;78,59;52,591238;39,566506
5003880;54,38;52,638347;39,53797
11534270;91,18;52,60291986;39,55890126
10835000;99,4;52,623834;39,585435
6250620;54,83;52,601339;39,581004
7471170;70,34;52,63075;39,54923
4935811;42,22;52,63458;39,56667
7925400;77,69;52,591416;39,566485
9075630;87,43;52,63458;39,56667
3460800;32,2;52,54143;39,572123
6772223;62,58;52,6329;39,56678
7030760;67,27;52,60258;39,560098
5380200;44,09;52,60291986;39,55890126
6199000;50,4;52,62231;39,58559
8114000;73,09;52,62271046;39,58502373
5760000;47,59;52,62284757;39,58550653
4000000;43,9;52,54085;39,57215
5464440;42,36;52,58727345;39,56471851
8339000;73,8;52,623834;39,585435
7189714;62,58;52,63300906;39,56453794
5129000;41,7;52,623834;39,585435
6857250;61,18;52,633745;39,565232
5566980;43,79;52,57662716;39,50169424
4144528;36,25;52,633745;39,565232
6716000;57,9;52,62271046;39,58502373
3274777;29,19;52,63409237;39,5640279
10673208;98,27;52,631291;39,562362
5292300;39;52,5761;39,50177
5411300;40,84;52,58727345;39,56471851
6060000;60,59;52,59212439;39,57337589
5997354;40,84;52,58706035;39,56453832
5662020;44,2;52,5761;39,50177
7507610;66,19;52,622269;39,581282
5760000;47,59;52,62284757;39,58550653
4221072;37,15;52,6329;39,56678
6890700;66,9;52,630335;39,547947
8499150;33,65;52,597707;39,601511
6425000;53,09;52,62299;39,58601
5152000;80,5;52,636642;39,512653
7674654;64,29;52,63140738;39,5624655
5275000;42,2;52,623834;39,585435
7492000;66,19;52,623834;39,585435
5375000;43,7;52,623834;39,585435
6524770;54,83;52,58294632;39,5436626
3643250;38,34;52,638347;39,53797
4394052;41,22;52,620773;39,591333
8042000;71,8;52,623834;39,585435
4249643;39,16;52,633745;39,565232
6850916;61,41;52,633745;39,565232
4953555;40,77;52,60323;39,55946
9127080;84,51;52,58294632;39,5436626
9333907;87,13;52,63448;39,56571
8351000;73,9;52,623834;39,585435
5073180;39,47;52,602819;39,558893
5279677;39,43;52,620773;39,591333
7456540;67,48;52,586995;39,564195
5556963;40,83;52,62261885;39,58430216
9286600;78,69;52,591238;39,566506
5700000;47,9;52,62328;39,58497
4290389;39,47;52,620773;39,591333
4802895;39,52;52,60294598;39,56027455
7456200;69,36;52,586995;39,564195
4260000;42,59;52,57969771;39,61318144
6519660;60,2;52,59441;39,59146
4040971;36,2;52,633745;39,565232
8558000;77,09;52,623834;39,585435
5776319;53,88;52,633745;39,565232
5760000;47,59;52,62284757;39,58550653
6187000;50,29;52,623834;39,585435
4113168;34,83;52,63297;39,56748
3991082;36,25;52,633745;39,565232
4695081;41,84;52,63458;39,56667
5649210;44,09;52,57662716;39,50169424
3307500;31;52,541483;39,572145
5071859;42,83;52,63331;39,56576
5348000;44,2;52,62328;39,58497
7492000;66,3;52,62271046;39,58502373
5712000;48;52,62328;39,58497
8000000;70,8;52,623834;39,585435
7894800;64,5;52,57662716;39,50169424
4038432;38,34;52,6228;39,58424
3988374;36,11;52,633745;39,565232
4077900;39,4;52,620773;39,591333
6194500;61,59;52,7203598;39,80213928
8403000;75,69;52,62284757;39,58550653
10494971;110,63;52,619603;39,624768
4548028;40,41;52,63319836;39,5649671
24948000;162;52,612533;39,625666
5031000;40,9;52,62328;39,58497
4682500;46,29;52,541483;39,572145
4263200;37,15;52,63319836;39,5649671
8744516;87,54;52,622125;39,581288
7873050;71,9;52,57706958;39,50057325
5329620;40,84;52,586995;39,564195
6257210;60,04;52,63075;39,54923
4463320;37,04;52,60323;39,55946
5601196;53,75;52,633745;39,565232
4122256;36,2;52,63448;39,56571
6521000;54,79;52,623834;39,585435
5949608;53,88;52,6329;39,56678
5356315;39,52;52,586995;39,564195
4369950;37,34;52,680905;39,475198
9300000;136,3;52,678413;39,695933
5471780;19,96;52,597707;39,601511
6887500;68,5;52,7203598;39,80213928
5031000;40,9;52,623834;39,585435
8513750;69,5;52,5761;39,50177
4180091;37,15;52,6329;39,56678
7759000;69,9;52,62328;39,58497
4804712;30,76;52,58706035;39,56453832
5802525;20,93;52,597707;39,601511
5712000;48;52,62328;39,58497
7822500;74;52,541483;39,572145
4140223;37,15;52,63319836;39,5649671
5766400;54,4;52,630335;39,547947
5530437;41,38;52,58706035;39,56453832
6176000;51,9;52,623834;39,585435
5935429;39,52;52,58706035;39,56453832
5915000;68,58;52,62653;39,60886
5275000;42,2;52,62231;39,58559
5609000;45,59;52,623834;39,585435
4037062;36,27;52,63422292;39,56361484
6006949;56,08;52,63409237;39,5640279
7420080;71,9;52,57399;39,50767
10431000;95,69;52,623834;39,585435
5712000;48;52,62271046;39,58502373
5221000;45,4;52,58294632;39,5436626
4106625;34,95;52,63048247;39,54784331
4281817;36,36;52,63448;39,56571
6768900;25,06;52,59786355;39,6013918
4381831;40,99;52,620773;39,591333
9457970;96,01;52,63218211;39,56198439
10260472;92,66;52,619963;39,624971
6128000;66,3;52,54085;39,57215
10891594;89,29;52,63218211;39,56198439
6289268;61,72;52,620773;39,591333
5074480;37,04;52,586995;39,564195
4311472;41,13;52,620773;39,591333
8558000;77,09;52,62299;39,58601
6044290;55,29;52,6307;39,54897
4686000;38,09;52,623834;39,585435
6521000;54,79;52,623834;39,585435
24948000;162;52,612533;39,625666
5264000;43,5;52,62271046;39,58502373
6716000;57,9;52,623834;39,585435
6791490;63,95;52,6307;39,54897
5129580;50,29;52,597499;39,4902
8047335;67,91;52,602819;39,558893
5263000;42,09;52,623834;39,585435
7115000;58,79;52,62284757;39,58550653
4103434;35,79;52,633745;39,565232
7011200;62,59;52,57706958;39,50057325
8047767;71,9;52,57706958;39,50057325
9333907;87,13;52,63458;39,56667
4477420;42,2;52,620773;39,591333
5650200;43,79;52,58727345;39,56471851
3713930;33,4;52,63458;39,56667
7144950;62,13;52,680905;39,475198
5547000;45,09;52,62299;39,58601
6199000;50,4;52,623834;39,585435
4045191;34,61;52,63409237;39,5640279
4000000;43,9;52,54085;39,57215
7729000;65,5;52,591238;39,566506
5760000;47,59;52,62299;39,58601
9945992;89,81;52,61969442;39,62473581
10442000;95,8;52,62328;39,58497
7801150;71,9;52,608948;39,599023
6000320;54,4;52,63075;39,54923
5712000;48;52,62271046;39,58502373
6425000;53,09;52,62284757;39,58550653
6591410;55,38;52,601339;39,581004
5686996;41,24;52,6228;39,58424
15155840;55,72;52,597707;39,601511
3132369;28,72;52,633745;39,565232
5941000;48,29;52,62257987;39,58602151
9185842;87,43;52,633745;39,565232
6072236;56,08;52,633745;39,565232
4381831;40,99;52,620773;39,591333
4279000;38,9;52,630335;39,547947
7060780;64,59;52,59441;39,59146
4326209;39;52,6228;39,58424
5917100;55,29;52,630335;39,547947
10442000;95,8;52,62271046;39,58502373
3914400;34,95;52,630335;39,547947
3758329;34,36;52,633745;39,565232
3933243;33,4;52,63458;39,56667
5970600;55,79;52,630335;39,547947
6187000;50,29;52,62257987;39,58602151
5547000;45,09;52,62299;39,58601
5941000;48,29;52,62257987;39,58602151
4163398;36,36;52,63448;39,56571
4262514;36,13;52,63448;39,56571
10824000;99,3;52,623834;39,585435
8103000;73;52,62328;39,58497
7147097;73,91;52,620773;39,591333
3686500;40,79;52,54085;39,57215
6605865;65,73;52,60258;39,560098
6205590;57,29;52,63075;39,54923
7797000;69;52,623834;39,585435
5527645;50,59;52,633745;39,565232
3884080;35,52;52,633745;39,565232
3821200;32,79;52,63048247;39,54784331
3531000;38,5;52,62653;39,60886
9075630;87,43;52,63409237;39,5640279
4911360;38,36;52,60381;39,50336
4260000;42,59;52,57969771;39,61318144
4707930;41,7;52,57399;39,50767
7356239;65,83;52,622269;39,581282
7575750;77,69;52,591238;39,566506
10835000;99,4;52,62257987;39,58602151
4282098;39,43;52,6228;39,58424
4686000;38,09;52,62328;39,58497
6734140;65,37;52,60294598;39,56027455
5982120;55,38;52,601339;39,581004
4136881;37,13;52,63300906;39,56453794
4568025;39,54;52,60294598;39,56027455
6897785;64,98;52,633745;39,565232
9298060;92,05;52,60323;39,55946
5043649;43,41;52,63331;39,56576
6521000;54,79;52,62328;39,58497
7842000;67,59;52,62231;39,58559
7552440;69,93;52,60291986;39,55890126
7067814;74,37;52,6228;39,58424
5183220;42,13;52,60381;39,50336
5705706;50,56;52,63345;39,56662
8403000;75,69;52,62299;39,58601
5760000;47,59;52,623834;39,585435
5518800;43,79;52,58727345;39,56471851
4186031;38,65;52,633745;39,565232
7227220;58,52;52,60258;39,560098
6148350;52,54;52,636406;39,542015
4968000;49,68;52,59755;39,49022
5376000;44,79;52,62328;39,58497
5724000;47,9;52,623834;39,585435
6514179;43,59;52,63140738;39,5624655
4663296;42,24;52,620773;39,591333
5523000;44,9;52,62284757;39,58550653
4455613;40,99;52,620773;39,591333
3135763;27,14;52,63458;39,56667
5705706;50,56;52,63364523;39,56425857
4232585;39;52,62261885;39,58430216
7759000;69,9;52,62328;39,58497
4519060;39,84;52,63422292;39,56361484
5292300;39;52,576237;39,502417
13404000;111,69;52,591238;39,566506
9846330;88,91;52,61969442;39,62473581
5338000;42,7;52,62231;39,58559
4941640;40,84;52,60258;39,560098
4770480;41,7;52,57706958;39,50057325
5263000;42,09;52,62257987;39,58602151
4282098;39,43;52,62261885;39,58430216
6039000;49,09;52,62257987;39,58602151
7033110;65,73;52,60294598;39,56027455
6612500;65,59;52,541483;39,572145
4494777;40,52;52,62261885;39,58430216
6274350;57,29;52,63048247;39,54784331
8271000;69,5;52,623834;39,585435
4157094;36,27;52,63448;39,56571
6612500;65,59;52,541483;39,572145
4282098;39,43;52,6228;39,58424
7759000;69,9;52,623834;39,585435
6401902;41,56;52,631897;39,562829
5929000;48,2;52,62231;39,58559
4106619;37,7;52,620773;39,591333
5942500;58,9;52,541483;39,572145
4019000;44,09;52,54085;39,57215
6966396;60,52;52,63422292;39,56361484
6425000;53,09;52,62284757;39,58550653
4082311;36,2;52,63422292;39,56361484
5154000;41,9;52,623834;39,585435
5760000;47,59;52,623834;39,585435
4218799;37,13;52,63300906;39,56453794
5368770;41,13;52,620773;39,591333
5760000;47,59;52,62284757;39,58550653
6890700;66,9;52,630335;39,547947
5376000;44,79;52,62271046;39,58502373
5510000;44,79;52,623834;39,585435
5615360;43,86;52,58727345;39,56471851
6128000;66,3;52,54085;39,57215
4964524;43,18;52,63345;39,56662
6301612;61,72;52,6228;39,58424
5712000;48;52,623834;39,585435
8746500;83,3;52,591238;39,566506
5375000;43,7;52,62299;39,58601
9786963;92,47;52,619603;39,624768
7104160;63,43;52,601339;39,581004
7200390;61,7;52,59480659;39,59171331
6128000;66,3;52,54085;39,57215
3686500;40,79;52,54085;39,57215
4647125;39,54;52,60258;39,560098
4377509;40,4;52,63331;39,56576
9274800;78,59;52,591238;39,566506
9564750;70,84;52,59755;39,49022
3575382;32,25;52,63448;39,56571
3242577;29,19;52,63458;39,56667
4902500;53,5;52,54085;39,57215
4771767;31,78;52,58706035;39,56453832
9412900;79,09;52,57662716;39,50169424
4054676;34,65;52,63409237;39,5640279
5348000;44,2;52,62328;39,58497
5472510;52,13;52,633745;39,565232
6652000;55,9;52,62271046;39,58502373
4413723;40,83;52,6228;39,58424
5348000;44,2;52,623834;39,585435
4106625;34,95;52,63048247;39,54784331
4401530;31,78;52,58727345;39,56471851
6858945;66,26;52,60294598;39,56027455
7894800;64,5;52,57662716;39,50169424
8147000;73,4;52,623834;39,585435
6818367;62,56;52,63448;39,56571
11140000;102,19;52,62231;39,58559
9368658;87,43;52,633745;39,565232
9310200;78,9;52,591238;39,566506
5892000;47,9;52,62257987;39,58602151
6913800;66,8;52,60291986;39,55890126
8591000;77,4;52,62284757;39,58550653
4059007;37,27;52,63458;39,56667
7389908;60,7;52,631897;39,562829
6957600;66,9;52,630335;39,547947
3758300;38,34;52,638347;39,53797
5649210;44,09;52,5761;39,50177
4770874;42,77;52,633745;39,565232
5060440;40,81;52,58294632;39,5436626
5769000;46,9;52,62257987;39,58602151
3600034;31,44;52,63448;39,56571
4812303;44,4;52,633745;39,565232
4096140;34,95;52,63075;39,54923
4543560;37,79;52,57399;39,50767
5970600;55,79;52,630335;39,547947
9310200;78,9;52,591238;39,566506
6425000;53,09;52,623834;39,585435
5178000;42,09;52,623834;39,585435
7669480;27,44;52,597707;39,601511
7033026;64,98;52,63300906;39,56453794
4299315;36,34;52,63448;39,56571
8351000;73,9;52,62231;39,58559
6852280;64,04;52,60258;39,560098
4068729;36,25;52,633745;39,565232
6357525;22,9;52,597707;39,601511
4088110;38,34;52,620773;39,591333
9268524;87,43;52,63422292;39,56361484
4079752;36,2;52,633745;39,565232
7144950;62,13;52,680905;39,475198
4000000;43,7;52,54085;39,57215
5687000;44;52,58706035;39,56453832
6073800;57,29;52,630335;39,547947
7571965;67,91;52,60291986;39,55890126
6187000;50,29;52,62257987;39,58602151
4324691;38,97;52,63409237;39,5640279
4308274;38,65;52,633745;39,565232
4060027;34,38;52,6329;39,56678
4578810;41,54;52,6307;39,54897
4667960;41,2;52,63075;39,54923
3531000;38,5;52,62653;39,60886
3081240;28,53;52,638347;39,53797
7895000;85;52,54085;39,57215
5712000;48;52,623834;39,585435
4248189;39;52,620773;39,591333
6363699;57,06;52,6329;39,56678
7145600;61,59;52,60291986;39,55890126
8558000;77,09;52,62284757;39,58550653
5523000;44,9;52,62299;39,58601
5799277;54,63;52,633745;39,565232
5740416;42,24;52,620773;39,591333
6867000;59,2;52,623834;39,585435
4384587;37,13;52,6329;39,56678
8558000;77,09;52,623834;39,585435
6035800;58,59;52,63048247;39,54784331
3194237;27,14;52,63458;39,56667
7846600;54,79;52,611599;39,585155
4367920;30,76;52,58727345;39,56471851
10987118;110,7;52,619963;39,624971
9124974;74,37;52,62261885;39,58430216
4859960;40,84;52,60258;39,560098
6185160;60,04;52,630335;39,547947
4397505;40,43;52,62261885;39,58430216
6150000;50;52,62257987;39,58602151
4068729;36,25;52,633745;39,565232
5916000;48,09;52,62257987;39,58602151
6581000;55,29;52,62271046;39,58502373
6094890;21,69;52,597707;39,601511
7700000;109,4;52,678413;39,695933
3750774;33,4;52,63409237;39,5640279
7115000;58,79;52,62299;39,58601
8513750;69,5;52,576237;39,502417
5518800;43,79;52,58727345;39,56471851
7045500;67,09;52,57969771;39,61318144
6776654;60,04;52,63422292;39,56361484
7702313;65,77;52,63218211;39,56198439
6086000;50,29;52,623834;39,585435
4124615;39,47;52,620773;39,591333
5803200;55,79;52,630335;39,547947
5760000;47,59;52,62299;39,58601
3255765;28,7;52,63458;39,56667
5807769;50,59;52,63297;39,56748
3505920;26,55;52,60258;39,560098
7383735;73,91;52,62261885;39,58430216
5599080;41,2;52,62261885;39,58430216
4669500;41,25;52,6307;39,54897
4550688;41,22;52,62261885;39,58430216
9095586;73,91;52,6228;39,58424
3750774;33,4;52,63409237;39,5640279
5942500;58,9;52,541483;39,572145
6373500;60,79;52,54143;39,572123
4389240;37,04;52,60294598;39,56027455
4321780;30,76;52,586995;39,564195
5031000;40,9;52,62271046;39,58502373
8190000;70,59;52,623834;39,585435
5129000;41,7;52,623834;39,585435
6521000;54,79;52,62328;39,58497
4859960;40,84;52,60294598;39,56027455
7200390;61,7;52,59441;39,59146
4871500;50,09;52,7203598;39,80213928
4831200;39,59;52,60323;39,55946
3562909;30,2;52,63422292;39,56361484
3603985;27,82;52,60294598;39,56027455
5686996;41,24;52,62261885;39,58430216
5917530;20,9;52,597707;39,601511
5263000;42,09;52,62257987;39,58602151
6011200;54,4;52,63048247;39,54784331
7080920;58,52;52,60291986;39,55890126
4380686;37,13;52,63300906;39,56453794
7042368;61,18;52,63458;39,56667
4555920;37,04;52,60323;39,55946
10835000;99,4;52,62231;39,58559
5917100;55,29;52,630335;39,547947
4499000;49,04;52,62653;39,60886
5784000;47,79;52,62299;39,58601
7196820;67,26;52,586995;39,564195
8403000;75,69;52,62284757;39,58550653
6607650;62,93;52,60294598;39,56027455
4198729;38,97;52,633745;39,565232
7650000;75;52,60323;39,55946
7770000;70;52,623834;39,585435
9095586;73,91;52,62261885;39,58430216
9846330;88,91;52,61969442;39,62473581
3045913;27,14;52,63458;39,56667
4286528;36,4;52,63458;39,56667
4180904;36,13;52,63422292;39,56361484
4874300;39,5;52,59441;39,59146
4941250;39,52;52,60323;39,55946
3927103;34,63;52,63422292;39,56361484
6733274;63,43;52,633745;39,565232
5031000;40,9;52,62271046;39,58502373
8102780;65,77;52,631897;39,562829
3822089;33,4;52,633745;39,565232
4548480;41,13;52,6228;39,58424
4891900;36,91;52,602819;39,558893
4019000;44,09;52,54085;39,57215
4798700;40,84;52,60323;39,55946
7865000;67,8;52,62231;39,58559
5166720;49,68;52,597499;39,4902
10518528;81,91;52,631291;39,562362
3371378;29,19;52,63409237;39,5640279
3943000;43,09;52,54085;39,57215
5760000;47,59;52,62284757;39,58550653
3950080;30,86;52,586995;39,564195
7175700;70,34;52,630335;39,547947
4178443;37,27;52,633745;39,565232
30032370;196,28;52,612533;39,625666
5775000;54,5;52,541483;39,572145
4902500;53,5;52,54085;39,57215
5390880;40,84;52,58727345;39,56471851
4561000;39,34;52,62653;39,60886
6194500;61,59;52,7203598;39,80213928
7330470;70,34;52,63075;39,54923
3383295;28,72;52,63448;39,56571
4079372;26,68;52,58706035;39,56453832
6190185;53,88;52,6329;39,56678
8057830;30,57;52,597707;39,601511
3686500;40,79;52,54085;39,57215
4190791;36,25;52,63409237;39,5640279
5287869;38,9;52,620773;39,591333
4630000;37,04;52,60258;39,560098
6554700;72,83;52,638347;39,53797
5357907;38,9;52,620773;39,591333
6128000;66,3;52,54085;39,57215
6194500;61,59;52,7203598;39,80213928
6086145;44,84;52,620773;39,591333
10835000;99,4;52,62257987;39,58602151
5548797;40,83;52,620773;39,591333
8147000;73,4;52,62284757;39,58550653
7700000;109,4;52,678413;39,695933
6742519;63,72;52,633745;39,565232
5942500;58,9;52,541483;39,572145
5358537;39,43;52,6228;39,58424
7196820;67,26;52,586995;39,564195
4894120;31,78;52,58706035;39,56453832
4155467;36,2;52,633745;39,565232
4751688;42,22;52,63409237;39,5640279
6425000;53,09;52,623834;39,585435
9521583;87,13;52,63422292;39,56361484
4681794;40,41;52,63319836;39,5649671
5031000;40,9;52,623834;39,585435
5003880;54,38;52,638347;39,53797
7414890;70,34;52,63048247;39,54784331
8599160;71,59;52,5761;39,50177
6404972;56,72;52,63345;39,56662
11151000;102,3;52,62231;39,58559
4136005;38;52,633745;39,565232
6301612;61,72;52,6228;39,58424
79903168;411,66;52,597707;39,601511
4561000;39,34;52,62653;39,60886
4548480;41,13;52,62261885;39,58430216
4370720;37,04;52,60258;39,560098
4383045;37,15;52,63300906;39,56453794
3722425;31,14;52,59755;39,49022
3645730;27,82;52,60323;39,55946
4589292;40,83;52,6228;39,58424
8201396;65,69;52,58706035;39,56453832
8582800;79,83;52,58727345;39,56471851
7794010;72,09;52,57706958;39,50057325
6792675;66,26;52,60323;39,55946
3015352;27,14;52,633745;39,565232
7070200;24,37;52,597707;39,601511
4886238;42,54;52,633745;39,565232
7927630;74,08;52,586995;39,564195
4785000;38,9;52,623834;39,585435
11249000;103,19;52,623834;39,585435
4032139;35,79;52,63458;39,56667
6776043;62,58;52,633745;39,565232
4441584;38,65;52,63409237;39,5640279
8091804;76,33;52,63458;39,56667
5760000;47,59;52,623834;39,585435
4704570;40,2;52,680905;39,475198
6199000;50,4;52,623834;39,585435
6676234;62,15;52,633745;39,565232
5289000;43;52,62299;39,58601
7518420;64,25;52,680905;39,475198
6425000;53,09;52,62284757;39,58550653
4587264;42,24;52,620773;39,591333
4413723;40,77;52,6228;39,58424
3855000;34,61;52,633745;39,565232
7795462;69,8;52,619963;39,624971
5302440;45,31;52,60291986;39,55890126
7477400;27,44;52,597707;39,601511
6187000;50,29;52,62257987;39,58602151
4682500;46,29;52,541483;39,572145
4361895;37,04;52,63409237;39,5640279
4385524;41,13;52,620773;39,591333
6650880;64,91;52,6228;39,58424
3933044;34,65;52,633745;39,565232
5712000;48;52,62271046;39,58502373
3999350;36,61;52,633745;39,565232
8257480;84,26;52,60323;39,55946
6593410;25,06;52,59786355;39,6013918
4286528;36,4;52,63409237;39,5640279
4219343;39,47;52,620773;39,591333
6372935;57,02;52,63448;39,56571
5700000;47,9;52,623834;39,585435
7331000;85,23;52,62653;39,60886
6245940;50,77;52,60381;39,50336
4854980;36,91;52,60291986;39,55890126
3686500;40,79;52,54085;39,57215
6062875;53,75;52,63364523;39,56425857
7580060;71,51;52,586995;39,564195
9263223;86,68;52,619603;39,624768
4183671;38,65;52,63422292;39,56361484
8486525;33,61;52,597707;39,601511
3984822;34,36;52,63297;39,56748
6887500;68,5;52,7203598;39,80213928
6109000;65,9;52,54085;39,57215
7664500;79,4;52,7203598;39,80213928
4071675;34,95;52,63048247;39,54784331
8053000;71,9;52,62284757;39,58550653
7700000;109,4;52,678413;39,695933
7664500;79,4;52,7203598;39,80213928
5760000;47,59;52,623834;39,585435
5275000;42,2;52,623834;39,585435
4515798;40,83;52,6228;39,58424
7507869;61,54;52,631291;39,562362
4055479;36,34;52,633745;39,565232
3521760;26,68;52,586995;39,564195
9141654;87,13;52,63458;39,56667
3626000;39,34;52,62653;39,60886
6400000;59,59;52,597658;39,510143
5336000;44,09;52,62271046;39,58502373
4635340;40,84;52,60294598;39,56027455
4463320;37,04;52,60323;39,55946
6270745;23,53;52,597707;39,601511
9129639;90,11;52,633745;39,565232
6716000;57,9;52,623834;39,585435
6176000;51,9;52,62328;39,58497
4770480;41,7;52,57706958;39,50057325
5929000;48,2;52,62231;39,58559
9142667;73,91;52,620773;39,591333
7797000;69;52,623834;39,585435
5897775;44,84;52,620773;39,591333
10704000;98,19;52,62231;39,58559
7065922;61,56;52,6321;39,56203
6731295;25,06;52,59786355;39,6013918
6273000;51;52,62257987;39,58602151
8000000;70,8;52,62299;39,58601
4048827;34,61;52,63448;39,56571
8027400;78,69;52,591238;39,566506
6458950;63,95;52,630335;39,547947
3461379;30,2;52,63448;39,56571
5766400;54,4;52,630335;39,547947
9965921;90;52,61969442;39,62473581
6128894;54,31;52,63331;39,56576
7273399;72,25;52,619603;39,624768
7700000;109,4;52,678413;39,695933
6700360;72,83;52,638347;39,53797
4871500;50,09;52,7203598;39,80213928
7493000;63,5;52,59139803;39,56682564
7071330;66,9;52,6307;39,54897
4982300;45,75;52,63422292;39,56361484
4036644;35,84;52,63297;39,56748
6187000;50,29;52,623834;39,585435
8351000;73,9;52,62231;39,58559
4068180;36,11;52,6329;39,56678
3952258;36,25;52,633745;39,565232
6195000;51,2;52,62299;39,58601
4774650;41,7;52,576769;39,500909
6375184;56,08;52,63409237;39,5640279
5916315;54,63;52,633745;39,565232
4492559;40,5;52,62261885;39,58430216
7331000;85,23;52,62653;39,60886
10835000;99,4;52,62231;39,58559
4165390;36,4;52,633745;39,565232
6602500;65,5;52,541483;39,572145
8085000;77;52,57969771;39,61318144
6262890;57,29;52,63075;39,54923
4394052;41,22;52,620773;39,591333
4363841;37,04;52,63458;39,56667
8175453;67,26;52,58706035;39,56453832
4954740;39,47;52,60291986;39,55890126
7347350;63,88;52,58294632;39,5436626
6299720;60,4;52,59480659;39,59171331
6065460;55,79;52,6307;39,54897
6817277;62,54;52,63422292;39,56361484
5638611;50,59;52,633745;39,565232
6716000;57,9;52,623834;39,585435
5988990;55,29;52,6307;39,54897
3138600;27,37;52,63409237;39,5640279
5712000;48;52,623834;39,585435
5712000;48;52,62271046;39,58502373
9172077;87,43;52,63458;39,56667
6005415;44,84;52,620773;39,591333
4507632;40,83;52,620773;39,591333
4070825;36,25;52,63409237;39,5640279
4373442;41,22;52,6228;39,58424
9062046;87,13;52,633745;39,565232
8949400;87,13;52,63448;39,56571
9616728;79,83;52,58706035;39,56453832
5129000;41,7;52,62271046;39,58502373
6399120;58,59;52,63075;39,54923
5129580;50,29;52,59755;39,49022
4747776;42,24;52,62261885;39,58430216
4070825;36,25;52,63458;39,56667
4387437;39,84;52,633745;39,565232
4407760;37,04;52,60258;39,560098
4994000;44;52,58727345;39,56471851
4147870;36,11;52,63300906;39,56453794
8263550;69,5;52,5761;39,50177
3922888;34,83;52,63297;39,56748
6176000;51,9;52,623834;39,585435
6474000;53,5;52,62284757;39,58550653
4167978;36,4;52,63409237;39,5640279
7011200;62,59;52,608948;39,599023
4456530;38,11;52,680905;39,475198
4182039;37,7;52,62261885;39,58430216
4401530;31,78;52,586995;39,564195
3939332;34;52,63297;39,56748
5700000;47,9;52,623834;39,585435
6993700;72,09;52,57706958;39,50057325
30032370;196,28;52,612533;39,625666
4290389;39,47;52,620773;39,591333
5543630;53,75;52,633745;39,565232
9575744;95,43;52,631291;39,562362
5365689;38,9;52,6228;39,58424
3409175;27,82;52,60258;39,560098
3712086;34,65;52,633745;39,565232
10704000;98,19;52,623834;39,585435
6716000;57,9;52,62271046;39,58502373
8424000;86,4;52,591238;39,566506
6176000;51,9;52,62271046;39,58502373
8818160;84,79;52,58294632;39,5436626
5501581;53,99;52,62261885;39,58430216
5617517;52,88;52,63364523;39,56425857
6125100;60,04;52,630335;39,547947
7144950;62,13;52,680905;39,475198
8081000;72,8;52,623834;39,585435
6629410;60,52;52,63422292;39,56361484
8147000;73,4;52,62284757;39,58550653
10466434;94,51;52,619963;39,624971
9495200;91,3;52,586995;39,564195
4141256;37,27;52,63409237;39,5640279
6973921;62,58;52,633745;39,565232
3636300;31;52,63075;39,54923
5043000;41;52,62328;39,58497
6974240;67,05;52,60294598;39,56027455
6264541;56,06;52,63331;39,56576
4285637;36,36;52,63448;39,56571
3905516;37,15;52,620773;39,591333
10112600;85,69;52,591416;39,566485
4062457;34,36;52,63319836;39,5649671
6958350;66,26;52,60323;39,55946
5395887;50,41;52,597499;39,4902
6707700;64,25;52,63048247;39,54784331
4085565;36,4;52,633745;39,565232
7186480;62,59;52,57706958;39,50057325
7099000;61,2;52,62328;39,58497
6716000;57,9;52,623834;39,585435
4096140;34,95;52,63075;39,54923
8585676;87,59;52,622269;39,581282
6979115;24,96;52,59786355;39,6013918
4100491;37,27;52,633745;39,565232
5718613;53,88;52,633745;39,565232
9506491;89,81;52,619603;39,624768
4657600;32,79;52,601339;39,581004
7797000;69;52,62299;39,58601
4941640;40,84;52,60294598;39,56027455
7673250;78,69;52,591416;39,566485
5764500;54,4;52,541483;39,572145
4304730;40,41;52,620773;39,591333
5737800;43,79;52,586995;39,564195
7902090;69,93;52,60291986;39,55890126
5129000;41,7;52,62328;39,58497
6125100;60,04;52,630335;39,547947
8445000;75;52,59480659;39,59171331
4306190;31,78;52,586995;39,564195
5279677;39,43;52,620773;39,591333
3824463;33,4;52,63409237;39,5640279
7492000;66,3;52,62328;39,58497
5622291;40,83;52,620773;39,591333
4894120;31,78;52,58706035;39,56453832
5442520;41,2;52,620773;39,591333
10980172;110,63;52,619963;39,624971
4369950;37,34;52,636406;39,542015
4139109;37,15;52,6329;39,56678
5764500;54,4;52,541483;39,572145
3977749;37,2;52,620773;39,591333
4956672;44,4;52,63458;39,56667
6474000;53,5;52,62284757;39,58550653
3423096;29,78;52,63345;39,56662
6696171;60,52;52,63448;39,56571
4389240;37,04;52,60323;39,55946
6573923;62,56;52,633745;39,565232
5850222;55,11;52,633745;39,565232
5501581;53,99;52,6228;39,58424
6887500;68,5;52,7203598;39,80213928
4329573;38,63;52,63297;39,56748
5784000;47,79;52,62299;39,58601
6333266;55,06;52,63364523;39,56425857
6898000;68,5;52,7203598;39,80213928
9691478;86,68;52,619963;39,624971
4000000;43,9;52,54085;39,57215
7144950;62,13;52,636406;39,542015
24948000;162;52,612533;39,625666
3796243;34,38;52,633745;39,565232
4248189;39;52,620773;39,591333
8148805;70,88;52,58706035;39,56453832
10260472;92,66;52,619963;39,624971
5621210;53,47;52,63345;39,56662
9965921;90;52,61969442;39,62473581
5781000;47;52,623834;39,585435
5348000;44,2;52,62328;39,58497
6412708;61,72;52,62261885;39,58430216
8053000;71,9;52,623834;39,585435
8825000;78,09;52,623834;39,585435
3961419;35,52;52,63319836;39,5649671
5263000;42,09;52,62231;39,58559
6426643;57,06;52,6329;39,56678
6399120;58,59;52,63075;39,54923
5523000;44,9;52,62299;39,58601
5442192;50,65;52,62261885;39,58430216
6138000;49,9;52,623834;39,585435
3824463;33,4;52,63409237;39,5640279
6521000;54,79;52,62328;39,58497
7801150;71,9;52,608948;39,599023
5333860;43,4;52,576237;39,502417
6039000;49,09;52,62257987;39,58602151
4986290;41,38;52,58727345;39,56471851
5501581;53,99;52,6228;39,58424
9092204;87,43;52,633745;39,565232
6086000;50,29;52,62299;39,58601
8385000;86;52,591238;39,566506
10211141;108,55;52,619963;39,624971
4114740;30,29;52,57662716;39,50169424
8351000;73,9;52,62231;39,58559
6695760;24,26;52,597707;39,601511
3530272;31,01;52,63366808;39,56350218
5191100;45,13;52,680905;39,475198
4179429;36,5;52,63409237;39,5640279
5178000;42,09;52,623834;39,585435
6086000;50,29;52,62284757;39,58550653
5560000;45,2;52,62299;39,58601
4515798;40,83;52,6228;39,58424
4228418;35,79;52,6329;39,56678
4429580;36,75;52,60323;39,55946
9846330;88,91;52,619963;39,624971
5280000;44;52,586995;39,564195
4000000;43,7;52,54085;39,57215
4889742;41,7;52,57706958;39,50057325
4000000;43,9;52,54085;39,57215
4786560;41,54;52,6307;39,54897
8103000;73;52,62328;39,58497
3357394;29,78;52,63364523;39,56425857
6801218;63,43;52,633745;39,565232
4474320;41,13;52,62261885;39,58430216
8757390;87,59;52,622125;39,581288
5712000;48;52,623834;39,585435
4222208;37,15;52,63297;39,56748
10442000;95,8;52,62328;39,58497
6181581;56,65;52,63422292;39,56361484
3713930;33,4;52,63458;39,56667
24948000;162;52,612533;39,625666
5959350;20,9;52,597707;39,601511
5875200;54,4;52,630335;39,547947
7765940;65,26;52,58294632;39,5436626
5947112;53,75;52,63364523;39,56425857
5941000;48,29;52,62257987;39,58602151
3149738;28,36;52,633745;39,565232
7801150;71,9;52,57706958;39,50057325
10518528;81,91;52,63218211;39,56198439
24948000;162;52,612533;39,625666
6935272;63,43;52,6329;39,56678
6829694;60,52;52,63422292;39,56361484
6272200;58,59;52,630335;39,547947
5547000;45,09;52,62284757;39,58550653
5348000;44,2;52,623834;39,585435
4282098;39,43;52,62261885;39,58430216
4688550;40,77;52,60258;39,560098
7476625;69,55;52,63090842;39,54871636
7770000;70;52,62328;39,58497
9942468;99,25;52,631291;39,562362
4114740;30,29;52,5761;39,50177
4063639;34,38;52,63300906;39,56453794
4593600;39,59;52,60258;39,560098
9300000;136,3;52,678413;39,695933
6505200;55,59;52,680905;39,475198
3932632;26,68;52,58706035;39,56453832
5769000;46,9;52,62231;39,58559
6277340;22,9;52,597707;39,601511
5395845;39,52;52,58727345;39,56471851
35466200;253,33;52,612533;39,625666
6905986;60,04;52,63422292;39,56361484
3919072;35,84;52,633745;39,565232
11274600;81,75;52,6321;39,56203
4154565;39;52,620773;39,591333
3991531;35,79;52,6329;39,56678
5943060;21,69;52,597707;39,601511
5263000;42,09;52,623834;39,585435
4952882;41,79;52,57706958;39,50057325
5067360;49,68;52,59755;39,49022
5903380;20,86;52,597707;39,601511
7297710;67,26;52,58727345;39,56471851
6295000;52,9;52,623834;39,585435
8193000;72,5;52,623834;39,585435
4140223;37,15;52,63297;39,56748
4368128;36,91;52,63458;39,56667
4578743;40,02;52,633745;39,565232
5672100;43,79;52,58727345;39,56471851
6634217;61,18;52,63448;39,56571
7329775;71,51;52,586995;39,564195
8426000;84,26;52,60323;39,55946
4463320;37,04;52,60294598;39,56027455
5003880;54,38;52,638347;39,53797
4682500;46,29;52,541483;39,572145
4537400;37,04;52,60323;39,55946
6694850;64,25;52,63075;39,54923
6521000;54,79;52,62271046;39,58502373
6083000;110,59;52,636642;39,512653
4357018;38,99;52,63409237;39,5640279
4636352;41,88;52,6228;39,58424
5724000;47,9;52,623834;39,585435
9530738;87,13;52,63422292;39,56361484
4444800;37,04;52,60258;39,560098
8558000;77,09;52,62299;39,58601
3242577;29,19;52,63458;39,56667
4268864;36,25;52,63458;39,56667
8079650;28,29;52,597707;39,601511
5956800;54,4;52,63048247;39,54784331
7890585;74,08;52,586995;39,564195
8766387;87,69;52,62210645;39,58122402
4110814;36,25;52,63458;39,56667
7674654;64,29;52,6321;39,56203
6619774;62,56;52,633745;39,565232
6840164;62,56;52,63297;39,56748
5501581;53,99;52,6228;39,58424
3427648;31,01;52,63366808;39,56350218
7737000;66,69;52,623834;39,585435
6254403;56,08;52,63409237;39,5640279
10715000;98,3;52,623834;39,585435
6199000;50,4;52,62231;39,58559
4114740;30,29;52,5761;39,50177
7789075;66,29;52,60291986;39,55890126
4377133;39,16;52,63409237;39,5640279
11140000;102,19;52,62257987;39,58602151
5008400;65,9;52,636642;39,512653
5101980;54,86;52,638347;39,53797
4253093;37,13;52,633745;39,565232
6015000;48,9;52,623834;39,585435
5289000;43;52,62284757;39,58550653
9850066;99,25;52,63218211;39,56198439
4290352;36,4;52,63458;39,56667
4784319;42,52;52,63422292;39,56361484
4899956;43,41;52,63366808;39,56350218
8114000;73,09;52,623834;39,585435
12052950;44,15;52,597707;39,601511
7842000;67,59;52,623834;39,585435
5195520;42,24;52,602819;39,558893
4187715;36,11;52,6329;39,56678
6763900;24,2;52,59786355;39,6013918
8103000;73;52,62271046;39,58502373
5533500;43,4;52,57662716;39,50169424
3318524;29,14;52,63458;39,56667
7078000;76,4;52,54085;39,57215
4747776;42,24;52,6228;39,58424
6617750;64,25;52,630335;39,547947
5705312;41,91;52,6228;39,58424
4671744;42,24;52,62261885;39,58430216
5712000;48;52,623834;39,585435
4859960;40,84;52,60294598;39,56027455
3977749;37,2;52,620773;39,591333
4481840;37,04;52,60294598;39,56027455
6278860;60,2;52,59441;39,59146
4481840;37,04;52,60294598;39,56027455
4078945;36,61;52,63319836;39,5649671
6994600;84,79;52,63651326;39,53637251
5968289;55,11;52,633745;39,565232
4442304;40,83;52,6228;39,58424
5646440;53,7;52,63345;39,56662
24948000;162;52,612533;39,625666
6264000;52,2;52,623834;39,585435
7969000;68,69;52,623834;39,585435
6612430;63,95;52,63090842;39,54871636
8558000;77,09;52,62299;39,58601
7342500;72,9;52,541483;39,572145
7141284;74,37;52,6228;39,58424
5031000;40,9;52,623834;39,585435
3952258;36,25;52,633745;39,565232
6086145;44,84;52,620773;39,591333
7865000;67,8;52,62231;39,58559
7770000;70;52,623834;39,585435
5011078;45,2;52,63409237;39,5640279
7959000;71,69;52,62271046;39,58502373
6961500;59,5;52,680905;39,475198
6015000;48,9;52,62231;39,58559
15500000;165,6;52,616055;39,751035
6617750;64,25;52,63048247;39,54784331
5602020;43,79;52,5761;39,50177
7466595;64,98;52,63300906;39,56453794
4871500;50,09;52,7203598;39,80213928
4098900;36,5;52,63409237;39,5640279
6868785;65,73;52,60258;39,560098
8403000;75,69;52,62299;39,58601
8081000;72,8;52,62284757;39,58550653
5464800;49,68;52,597499;39,4902
3439520;26,55;52,60291986;39,55890126
7780480;70,43;52,633745;39,565232
7144950;62,13;52,680905;39,475198
7408005;70,88;52,586995;39,564195
6579230;64,81;52,60258;39,560098
4717860;39,47;52,60291986;39,55890126
6631360;24,37;52,597707;39,601511
8147000;73,4;52,62284757;39,58550653
9465120;84,51;52,601339;39,581004
4705103;42,22;52,63409237;39,5640279
9298060;92,05;52,60323;39,55946
4681875;41,25;52,63090842;39,54871636
5824896;42,24;52,6228;39,58424
4484457;40,5;52,620773;39,591333
7227220;58,52;52,60258;39,560098
4029905;36,25;52,633745;39,565232
6938040;64,59;52,59441;39,59146
7061215;61,66;52,586995;39,564195
5560000;45,2;52,623834;39,585435
5740416;42,24;52,620773;39,591333
6887500;68,5;52,7203598;39,80213928
4515798;40,83;52,62261885;39,58430216
4000000;43,7;52,54085;39,57215
6716000;57,9;52,623834;39,585435
5630457;40,83;52,62261885;39,58430216
5003880;54,38;52,638347;39,53797
6925215;66,26;52,60323;39,55946
6957600;66,9;52,630335;39,547947
6516964;64,91;52,620773;39,591333
6086460;21,65;52,59786355;39,6013918
6139492;58,4;52,63366808;39,56350218
5780768;41,91;52,6228;39,58424
3434246;29,19;52,63458;39,56667
8351000;73,9;52,623834;39,585435
5947613;54,31;52,633745;39,565232
3548325;27,82;52,60294598;39,56027455
4280131;36,2;52,63409237;39,5640279
4314315;40,5;52,620773;39,591333
5604516;41,24;52,620773;39,591333
6887880;64,98;52,58294632;39,5436626
5729340;20,9;52,597707;39,601511
7894800;64,5;52,5761;39,50177
5545435;41,2;52,6228;39,58424
6134968;61,72;52,620773;39,591333
3845932;34,83;52,633745;39,565232
4290000;45,25;52,630335;39,547947
6821850;62,29;52,57399;39,50767
5234020;40,7;52,576237;39,502417
3075863;27,14;52,63409237;39,5640279
4416717;40,52;52,620773;39,591333
3943000;43,09;52,54085;39,57215
4889742;41,7;52,57706958;39,50057325
6320000;63,2;52,57969771;39,61318144
9655701;86,36;52,61969442;39,62473581
9899820;87,3;52,5761;39,50177
6732000;66;52,630335;39,547947
5404399;53,99;52,62261885;39,58430216
6581000;55,29;52,62328;39,58497
5111920;40,7;52,57662716;39,50169424
3099099;28,64;52,633745;39,565232
6892080;66,26;52,60294598;39,56027455
14936670;101,61;52,597499;39,4902
5345760;41,43;52,58294632;39,5436626
5408132;47,97;52,63366808;39,56350218
4591275;41,54;52,63090842;39,54871636
6007140;53,88;52,633745;39,565232
8121465;71,9;52,57706958;39,50057325
3636300;31;52,63075;39,54923
4574640;38,9;52,63090842;39,54871636
5719500;62,09;52,54085;39,57215
7342740;64,98;52,58294632;39,5436626
7115000;58,79;52,62299;39,58601
10824000;99,3;52,623834;39,585435
5602849;53,33;52,619603;39,624768
5733750;45,86;52,58294632;39,5436626
9234225;81,9;52,57706958;39,50057325
5379000;45,2;52,62271046;39,58502373
5904063;56,08;52,633745;39,565232
5296419;53,99;52,620773;39,591333
4515798;40,83;52,62261885;39,58430216
6817060;24,26;52,597707;39,601511
5841660;55,11;52,58294632;39,5436626
8904929;84,43;52,633745;39,565232
3424246;29,79;52,63345;39,56662
8891990;86,33;52,60258;39,560098
7088000;61,09;52,623834;39,585435
8403000;75,69;52,623834;39,585435
5481981;53,7;52,633745;39,565232
8546670;86,33;52,60258;39,560098
6930295;65,69;52,586995;39,564195
7797000;69;52,62299;39,58601
5191100;45,13;52,680905;39,475198
9691478;86,68;52,61969442;39,62473581
4367920;30,76;52,58727345;39,56471851
7518420;64,25;52,636406;39,542015
4658518;42,22;52,63409237;39,5640279
8445000;75;52,59480659;39,59171331
6831010;61,18;52,633745;39,565232
7115000;58,79;52,62299;39,58601
6086000;50,29;52,62299;39,58601
5760000;47,59;52,62299;39,58601
4000000;43,9;52,54085;39,57215
6187000;50,29;52,623834;39,585435
6268829;55,54;52,63366808;39,56350218
3643250;38,34;52,638347;39,53797
7687500;75;52,60294598;39,56027455
9199330;79,09;52,57662716;39,50169424
6092900;55,38;52,58294632;39,5436626
5686996;41,24;52,62261885;39,58430216
2995650;28,53;52,638347;39,53797
6015000;48,9;52,62257987;39,58602151
6519660;60,2;52,59480659;39,59171331
7485240;70,34;52,63048247;39,54784331
4798700;40,84;52,60258;39,560098
3588460;26,68;52,586995;39,564195
5700000;47,9;52,623834;39,585435
5719500;62,09;52,54085;39,57215
6340520;58,59;52,63075;39,54923
4591275;41,54;52,63090842;39,54871636
6627000;66,26;52,60258;39,560098
30032370;196,28;52,612533;39,625666
4682500;46,29;52,541483;39,572145
4101191;36,13;52,63448;39,56571
7492000;66,3;52,62271046;39,58502373
6150870;55,72;52,633745;39,565232
11488680;91,18;52,60258;39,560098
6796440;62,93;52,60258;39,560098
5712000;48;52,62271046;39,58502373
8087280;65,22;52,58294632;39,5436626
8720490;87,23;52,622125;39,581288
7115000;58,79;52,623834;39,585435
9506491;89,81;52,619603;39,624768
9945992;89,81;52,61969442;39,62473581
4114161;37,7;52,6228;39,58424
6093000;49,09;52,623834;39,585435
4197263;36,61;52,633745;39,565232
6128000;66,3;52,54085;39,57215
5179870;50,38;52,633745;39,565232
3324543;29,78;52,63345;39,56662
8818160;84,79;52,601339;39,581004
7664500;79,4;52,7203598;39,80213928
7090890;66,26;52,60323;39,55946
5152470;41,88;52,60381;39,50336
4019000;44,09;52,54085;39,57215
4889742;41,7;52,57706958;39,50057325
4785000;38,9;52,623834;39,585435
5193320;40,7;52,576237;39,502417
5578000;46,09;52,623834;39,585435
3534000;31;52,630335;39,547947
3789263;34;52,63319836;39,5649671
3824595;34;52,633745;39,565232
5724000;47,9;52,623834;39,585435
4930200;39,59;52,60323;39,55946
12826600;108,69;52,591238;39,566506
6957600;66,9;52,630335;39,547947
4778280;40,84;52,60294598;39,56027455
7492000;66,19;52,623834;39,585435
6015000;48,9;52,623834;39,585435
5882500;58,29;52,541483;39,572145
6176000;51,9;52,623834;39,585435
5031000;40,9;52,623834;39,585435
9855926;95,33;52,631291;39,562362
4283455;40,99;52,620773;39,591333
4756840;41,79;52,57399;39,50767
5129000;41,7;52,62271046;39,58502373
8888840;71,8;52,5761;39,50177
6187000;50,29;52,62257987;39,58602151
6213479;57,29;52,63331;39,56576
8825000;78,09;52,623834;39,585435
5429511;39,43;52,6228;39,58424
5350000;42,79;52,62231;39,58559
4889742;41,7;52,57706958;39,50057325
6215369;55,72;52,63458;39,56667
7000245;65,73;52,60323;39,55946
4481840;37,04;52,60258;39,560098
7115000;58,79;52,623834;39,585435
5438020;43,4;52,57662716;39,50169424
4752000;41,25;52,6307;39,54897
6494098;56,65;52,63422292;39,56361484
4778280;40,84;52,60294598;39,56027455
7236520;64,04;52,602819;39,558893
7466595;64,98;52,6329;39,56678
3289726;28,72;52,63448;39,56571
5784000;47,79;52,623834;39,585435
4785000;38,9;52,623834;39,585435
6339898;57,29;52,63366808;39,56350218
5781000;47;52,62257987;39,58602151
7174200;65,22;52,601339;39,581004
6281998;58,47;52,633745;39,565232
5914800;55,79;52,630335;39,547947
4492559;40,5;52,6228;39,58424
9786963;92,47;52,619603;39,624768
5435727;38,9;52,62261885;39,58430216
5336000;44,09;52,62328;39,58497
4370000;46;52,57969771;39,61318144
5390842;50,38;52,63300906;39,56453794
7842000;69,4;52,62299;39,58601
6153484;61,63;52,6228;39,58424
4685560;37,04;52,60323;39,55946
11140000;102,19;52,623834;39,585435
5250614;47,97;52,633745;39,565232
4180091;37,15;52,63300906;39,56453794
5892515;44,81;52,620773;39,591333
7400820;70,34;52,63075;39,54923
3569340;38,38;52,638347;39,53797
5234020;40,7;52,5761;39,50177
3047184;27,37;52,633745;39,565232
5743500;54,2;52,541483;39,572145
4177840;37,13;52,63300906;39,56453794
6375184;56,08;52,63422292;39,56361484
7323242;60,45;52,63218211;39,56198439
5003880;54,38;52,638347;39,53797
7330954;65,93;52,622269;39,581282
4924135;42,83;52,633745;39,565232
5295651;38,9;52,62261885;39,58430216
7615815;71,51;52,58727345;39,56471851
11753500;42,74;52,597707;39,601511
6015000;48,9;52,623834;39,585435
7013640;62,15;52,63364523;39,56425857
4392820;36,75;52,60294598;39,56027455
6521000;54,79;52,62328;39,58497
4791600;39,59;52,60294598;39,56027455
6534000;54;52,62284757;39,58550653
6899540;24,37;52,597707;39,601511
4871500;50,09;52,7203598;39,80213928
7873050;71,9;52,576769;39,500909
4711808;41,88;52,62261885;39,58430216
7080800;66,8;52,60258;39,560098
5790553;50,45;52,6329;39,56678
5784000;47,79;52,623834;39,585435
6948340;64,04;52,60258;39,560098
6804280;63,95;52,63090842;39,54871636
4672800;39,59;52,60258;39,560098
4303796;37,27;52,63409237;39,5640279
5882500;58,29;52,541483;39,572145
3936752;33,4;52,63458;39,56667
7402500;73,5;52,541483;39,572145
4135688;37,13;52,633745;39,565232
8591000;77,4;52,62299;39,58601
6581000;55,29;52,62271046;39,58502373
5760000;47,59;52,62299;39,58601
3739200;32,79;52,630335;39,547947
7233834;61,72;52,63218211;39,56198439
7492000;66,19;52,623834;39,585435
5310000;58,79;52,62653;39,60886
9965921;90;52,619963;39,624971
6581000;55,29;52,62328;39,58497
5838600;21,04;52,597707;39,601511
4876641;31,78;52,58706035;39,56453832
6870630;66,9;52,6307;39,54897
4361895;37,04;52,63409237;39,5640279
9978390;87,3;52,5761;39,50177
5048360;41,38;52,586995;39,564195
6248910;21,65;52,59786355;39,6013918
3101201;27,14;52,633745;39,565232
5375000;43,7;52,62284757;39,58550653
6425000;53,09;52,62299;39,58601
6185160;60,04;52,630335;39,547947
7330470;70,34;52,63075;39,54923
5902400;54,4;52,63048247;39,54784331
4463320;37,04;52,60323;39,55946
9113940;92,05;52,60258;39,560098
4419450;38,38;52,636406;39,542015
4078060;37,04;52,633745;39,565232
8053000;71,9;52,623834;39,585435
5960672;58,4;52,633745;39,565232
5638600;44;52,58706035;39,56453832
5510000;44,79;52,62299;39,58601
5882500;58,29;52,541483;39,572145
3439500;37,5;52,54085;39,57215
6581000;55,29;52,62271046;39,58502373
6015000;48,9;52,62231;39,58559
4671744;42,24;52,62261885;39,58430216
7507869;61,54;52,63218211;39,56198439
5995554;41,81;52,63140738;39,5624655
4148225;36,25;52,633745;39,565232
5875200;54,4;52,630335;39,547947
6055350;55,29;52,63090842;39,54871636
4928400;54,86;52,638347;39,53797
5612764;41,24;52,62261885;39,58430216
6425000;53,09;52,62299;39,58601
6629525;61,66;52,586995;39,564195
10501611;110,7;52,619603;39,624768
9506491;89,81;52,619603;39,624768
4560896;41,88;52,62261885;39,58430216
6586850;63,95;52,6307;39,54897
5263000;42,09;52,623834;39,585435
6128000;66,3;52,54085;39,57215
3886800;32,79;52,63048247;39,54784331
5264000;43,5;52,62271046;39,58502373
5523000;44,9;52,623834;39,585435
4345088;30,86;52,58706035;39,56453832
6277500;54,63;52,63297;39,56748
5263000;42,09;52,62231;39,58559
3894292;34,61;52,63448;39,56571
5630457;40,83;52,6228;39,58424
4466340;36,75;52,60294598;39,56027455
7213440;69,36;52,586995;39,564195
5264000;43,5;52,623834;39,585435
4082311;36,2;52,63448;39,56571
6474740;24,76;52,597707;39,601511
9945992;89,81;52,619963;39,624971
4333680;37,04;52,60258;39,560098
5760000;47,59;52,62299;39,58601
4088110;38,34;52,620773;39,591333
7797000;69;52,62299;39,58601
4270768;36,25;52,63458;39,56667
7078000;76,4;52,54085;39,57215
8624000;78,4;52,591238;39,566506
7363200;62,4;52,591238;39,566506
5598763;53,99;52,6228;39,58424
4962060;40,84;52,60323;39,55946
4871500;50,09;52,7203598;39,80213928
3686500;40,79;52,54085;39,57215
5590980;41,88;52,620773;39,591333
8403000;75,69;52,62284757;39,58550653
10442000;95,8;52,62271046;39,58502373
8957892;73,91;52,620773;39,591333
7664500;79,4;52,7203598;39,80213928
5609000;45,59;52,62231;39,58559
4032962;35,45;52,6329;39,56678
4798700;40,84;52,60323;39,55946
7004430;66,9;52,6307;39,54897
5129000;41,7;52,62328;39,58497
7331000;85,23;52,62653;39,60886
5264000;43,5;52,62271046;39,58502373
4793700;33,06;52,58294632;39,5436626
6199000;50,4;52,623834;39,585435
10239431;92,47;52,61969442;39,62473581
7070820;61,7;52,59480659;39,59171331
5328627;49,59;52,59755;39,49022
4046581;36,4;52,633745;39,565232
3949689;36,11;52,633745;39,565232
6588000;109,8;52,636642;39,512653
35466200;253,33;52,612533;39,625666
10987118;110,7;52,619963;39,624971
5222930;40,9;52,5761;39,50177
4324320;36,95;52,636406;39,542015
4078090;34,63;52,63448;39,56571
6469440;58,59;52,63048247;39,54784331
3531000;38,5;52,62653;39,60886
3984300;34,95;52,630335;39,547947
7827780;27,65;52,597707;39,601511
6044290;55,29;52,6307;39,54897
7485240;70,34;52,63048247;39,54784331
4956672;44,4;52,63458;39,56667
6694850;64,25;52,63075;39,54923
5547000;45,09;52,623834;39,585435
5328627;49,59;52,597499;39,4902
8351000;73,9;52,62231;39,58559
6227840;23,68;52,597707;39,601511
3984300;34,95;52,630335;39,547947
11129000;102,09;52,623834;39,585435
4417420;31,78;52,586995;39,564195
7700000;109,4;52,678413;39,695933
3992647;35,79;52,63409237;39,5640279
8103000;73;52,62328;39,58497
6211600;58,59;52,630335;39,547947
3339178;29,19;52,63409237;39,5640279
9521583;87,13;52,63458;39,56667
4587264;42,24;52,620773;39,591333
6836686;61,18;52,63448;39,56571
6811415;24,37;52,59786355;39,6013918
5191100;45,13;52,680905;39,475198
4940247;42,22;52,63409237;39,5640279
3101084;27,23;52,63409237;39,5640279
6521000;54,79;52,623834;39,585435
9591800;89,22;52,619963;39,624971
6794200;59,09;52,680905;39,475198
4659420;39,31;52,60258;39,560098
5700000;47,9;52,62328;39,58497
5593554;41,22;52,620773;39,591333
6000050;55,29;52,63090842;39,54871636
5264000;43,5;52,62271046;39,58502373
8187011;76,33;52,633745;39,565232
4889742;41,7;52,57706958;39,50057325
5178000;42,09;52,623834;39,585435
4637206;40,41;52,63297;39,56748
6647340;64,59;52,59441;39,59146
4881955;39,52;52,58727345;39,56471851
5784000;47,79;52,62299;39,58601
7537500;75;52,60294598;39,56027455
7150500;47,66;52,59755;39,49022
4778280;40,84;52,60294598;39,56027455
6086241;55,54;52,633745;39,565232
7990840;78,87;52,633745;39,565232
7099000;61,09;52,623834;39,585435
5630457;40,83;52,62261885;39,58430216
7895000;85;52,54085;39,57215
4902500;53,5;52,54085;39,57215
8624000;78,4;52,59139803;39,56682564
8767500;83,5;52,591238;39,566506
5043000;41;52,62328;39,58497
8103000;73;52,623834;39,585435
3287436;28,7;52,63409237;39,5640279
3871078;34,36;52,63297;39,56748
7316400;70,34;52,630335;39,547947
5366606;55,66;52,6228;39,58424
10211141;108,55;52,619963;39,624971
7246225;61,66;52,586995;39,564195
7638500;82,4;52,54085;39,57215
5769000;46,9;52,623834;39,585435
6581000;55,29;52,62271046;39,58502373
5795591;55,72;52,633745;39,565232
5547000;45,09;52,62284757;39,58550653
5337221;49,68;52,597499;39,4902
8006495;70,43;52,63409237;39,5640279
10123986;92,47;52,61969442;39,62473581
17923440;129,88;52,63218211;39,56198439
3943527;34,38;52,633745;39,565232
4704570;40,2;52,680905;39,475198
3961076;34,63;52,633745;39,565232
4770480;41,7;52,576769;39,500909
7033110;65,73;52,60294598;39,56027455
6282600;55,5;52,59480659;39,59171331
5156840;54,86;52,638347;39,53797
6015000;48,9;52,62231;39,58559
5958442;53,95;52,63297;39,56748
7972802;65,77;52,63218211;39,56198439
5769000;56,9;52,623834;39,585435
10492848;81,72;52,63218211;39,56198439
4308274;38,65;52,633745;39,565232
4902500;53,5;52,54085;39,57215
3522832;29,79;52,63364523;39,56425857
6150000;50;52,623834;39,585435
7099000;61,2;52,62271046;39,58502373
7752600;65,69;52,59139803;39,56682564
6190000;61,9;52,59212439;39,57337589
4894120;31,78;52,58706035;39,56453832
5740416;42,24;52,620773;39,591333
6138000;49,9;52,62231;39,58559
5875200;54,4;52,630335;39,547947
10835000;99,4;52,623834;39,585435
5988990;55,29;52,6307;39,54897
6426643;57,06;52,63300906;39,56453794
5338000;42,7;52,623834;39,585435
8201820;69,36;52,58706035;39,56453832
8147000;73,4;52,623834;39,585435
7670000;76,69;52,59212439;39,57337589
5945100;20,86;52,597707;39,601511
6072236;56,08;52,633745;39,565232
7842000;69,4;52,623834;39,585435
7115000;58,79;52,623834;39,585435
6898000;68,5;52,7203598;39,80213928
3681600;38,34;52,638347;39,53797
6220000;62,2;52,59212439;39,57337589
4773094;40,41;52,63297;39,56748
6581000;55,29;52,62328;39,58497
6065158;57,02;52,633745;39,565232
5830735;53,88;52,6329;39,56678
6289779;64,91;52,620773;39,591333
7481000;66,19;52,62328;39,58497
4902500;53,5;52,54085;39,57215
5929000;48,2;52,623834;39,585435
6643450;64,25;52,63048247;39,54784331
5882500;58,29;52,541483;39,572145
6581120;58,24;52,60294598;39,56027455
9786963;92,47;52,619603;39,624768
5649210;44,09;52,5761;39,50177
8736000;78,69;52,62284757;39,58550653
4321780;30,76;52,586995;39,564195
10431000;95,69;52,62271046;39,58502373
7900000;79;52,57969771;39,61318144
5900928;42,24;52,62261885;39,58430216
7119140;67,48;52,58727345;39,56471851
7794010;68,3;52,576769;39,500909
4920000;40;52,62328;39,58497
9142667;73,91;52,620773;39,591333
9021920;79,83;52,58727345;39,56471851
9235179;73,91;52,6228;39,58424
7770000;70;52,62328;39,58497
6299245;60,04;52,63048247;39,54784331
5743500;54,2;52,541483;39,572145
5862582;40,84;52,58706035;39,56453832
5403195;50,45;52,633745;39,565232
4357018;38,99;52,63458;39,56667
5856224;41,91;52,62261885;39,58430216
9092204;87,43;52,633745;39,565232
5866754;52,13;52,6329;39,56678
4061190;34,95;52,63075;39,54923
5289000;43;52,623834;39,585435
7076231;63,43;52,633745;39,565232
4306190;31,78;52,586995;39,564195
8579795;87,54;52,622269;39,581282
6815900;69,55;52,630335;39,547947
9009000;81,9;52,608948;39,599023
4894017;41,7;52,57706958;39,50057325
10431000;95,69;52,62328;39,58497
7590205;66,29;52,60258;39,560098
4495314;40,02;52,63448;39,56571
4324320;37;52,680905;39,475198
4326209;39;52,62261885;39,58430216
6128000;66,3;52,54085;39,57215
3596000;32,59;52,54143;39,572123
10431000;95,69;52,62271046;39,58502373
4061817;38,65;52,633745;39,565232
5000400;37,04;52,586995;39,564195
6018975;21,69;52,597707;39,601511
5699700;21,11;52,597707;39,601511
4038390;37,04;52,633745;39,565232
3192072;28,64;52,63458;39,56667
3226340;28,72;52,63422292;39,56361484
4937400;54,86;52,638347;39,53797
5673240;41,2;52,62261885;39,58430216
6716000;57,9;52,623834;39,585435
5090629;47,97;52,63366808;39,56350218
7223834;61,72;52,631291;39,562362
2910060;28,53;52,638347;39,53797
6536155;65,69;52,586995;39,564195
7342500;72,9;52,541483;39,572145
10737000;98,5;52,62231;39,58559
4125702;36,91;52,63448;39,56571
8000000;70,8;52,62299;39,58601
7757960;72,09;52,57706958;39,50057325
3905516;37,15;52,620773;39,591333
5523000;44,9;52,62284757;39,58550653
5831989;56,08;52,633745;39,565232
4157399;37,04;52,633745;39,565232
5218840;40,9;52,57662716;39,50169424
3437312;29,19;52,63458;39,56667
6215526;56,72;52,633745;39,565232
5556963;40,83;52,6228;39,58424
6176000;51,9;52,623834;39,585435
5861800;55,29;52,630335;39,547947
9999701;94,48;52,619603;39,624768
5510535;52,88;52,633745;39,565232
6474000;53,5;52,62299;39,58601
6696820;23,95;52,59786355;39,6013918
5880450;59,7;52,63533143;39,54177508
6554700;72,83;52,638347;39,53797
7471170;70,34;52,63075;39,54923
7649700;64,5;52,57662716;39,50169424
4394052;41,22;52,620773;39,591333
4303796;37,27;52,63458;39,56667
9172077;87,43;52,63409237;39,5640279
6716000;57,9;52,62328;39,58497
6187000;50,29;52,623834;39,585435
9945992;89,81;52,619963;39,624971
7834120;27,44;52,597707;39,601511
4340763;40,52;52,620773;39,591333
7471170;70,34;52,63075;39,54923
5760000;47,59;52,623834;39,585435
5533500;43,4;52,5761;39,50177
4103456;36,83;52,6329;39,56678
8902400;83,19;52,591238;39,566506
3274777;29,19;52,63458;39,56667
6299245;60,04;52,63048247;39,54784331
7865000;67,8;52,623834;39,585435
6000320;54,4;52,63075;39,54923
6469440;58,59;52,63048247;39,54784331
4081728;34,63;52,63448;39,56571
8736000;78,69;52,623834;39,585435
8278116;69,36;52,58706035;39,56453832
5599080;41,2;52,6228;39,58424
8403000;75,69;52,62284757;39,58550653
4109974;35,79;52,6329;39,56678
5891730;53,88;52,633745;39,565232
6262890;57,29;52,63075;39,54923
6209170;60,04;52,63048247;39,54784331
7822450;64,3;52,6321;39,56203
7777114;70,43;52,63458;39,56667
5523000;44,9;52,62299;39,58601
4072079;35,45;52,63300906;39,56453794
5724000;48,09;52,62328;39,58497
6055350;55,29;52,63090842;39,54871636
6650880;64,91;52,62261885;39,58430216
5058270;54,38;52,638347;39,53797
7842000;69,4;52,62284757;39,58550653
6403478;41,75;52,631291;39,562362
6960038;60,52;52,63458;39,56667
4265365;40,43;52,620773;39,591333
5534000;46,5;52,62271046;39,58502373
4791600;39,59;52,60294598;39,56027455
6710411;60,04;52,63448;39,56571
4411539;40,5;52,620773;39,591333
4149455;35,79;52,6329;39,56678
3984300;34,95;52,630335;39,547947
6197160;60,04;52,63075;39,54923
4000000;43,7;52,54085;39,57215
7159275;60,93;52,60258;39,560098
4007596;36,4;52,633745;39,565232
6109000;65,9;52,54085;39,57215
4318407;39;52,620773;39,591333
5623713;52,02;52,63297;39,56748
5941000;48,29;52,62231;39,58559
5420430;41,22;52,620773;39,591333
10442000;95,8;52,62328;39,58497
4690509;45,52;52,633745;39,565232
8112000;83,19;52,591416;39,566485
3192072;28,64;52,63409237;39,5640279
6320000;63,2;52,57969771;39,61318144
5702940;21,23;52,597707;39,601511
4060564;37,27;52,633745;39,565232
4049500;31,14;52,597499;39,4902
4515798;40,83;52,6228;39,58424
4300221;36,5;52,63458;39,56667
6827746;61,09;52,63331;39,56576
4084618;36,91;52,633745;39,565232
6128000;66,3;52,54085;39,57215
9095586;73,91;52,62261885;39,58430216
5376000;44,79;52,623834;39,585435
3274777;29,19;52,63409237;39,5640279
8452000;74,8;52,62257987;39,58602151
4132264;37,43;52,620773;39,591333
7700000;109,4;52,678413;39,695933
3148133;39,18;52,633745;39,565232
3796019;35,5;52,620773;39,591333
7865000;67,8;52,623834;39,585435
4831224;42,52;52,63409237;39,5640279
6570000;61,56;52,63140738;39,5624655
4458851;40,41;52,633745;39,565232
5071965;18,88;52,597707;39,601511
8424000;86,4;52,59139803;39,56682564
8175453;67,26;52,58706035;39,56453832
5824896;42,24;52,6228;39,58424
3941774;34,38;52,633745;39,565232
4707930;41,7;52,57399;39,50767
3437312;29,19;52,63409237;39,5640279
4717020;40,84;52,60258;39,560098
4249917;37,7;52,6228;39,58424
5590840;41,2;52,620773;39,591333
7890585;74,08;52,586995;39,564195
10494971;110,63;52,619603;39,624768
4481840;37,04;52,60258;39,560098
4249917;37,7;52,62261885;39,58430216
8506800;83,4;52,591416;39,566485
8389800;71,09;52,59139803;39,56682564
6706125;59,61;52,586995;39,564195
4781550;38,09;52,59441;39,59146
9301383;81,9;52,57706958;39,50057325
6138000;49,9;52,62231;39,58559
5712000;48;52,623834;39,585435
6090000;60,9;52,59212439;39,57337589
4486671;40,52;52,620773;39,591333
7757960;72,09;52,608948;39,599023
6958350;66,26;52,60323;39,55946
6032412;55,06;52,63364523;39,56425857
7456540;67,48;52,586995;39,564195
6581000;55,29;52,62328;39,58497
4437522;38,65;52,63458;39,56667
4494777;40,52;52,6228;39,58424
7801150;71,9;52,608948;39,599023
10737000;98,5;52,62257987;39,58602151
8258000;74,4;52,62299;39,58601
5395887;50,41;52,597499;39,4902
7456540;67,48;52,586995;39,564195
7078000;76,4;52,54085;39,57215
10980172;110,63;52,61969442;39,62473581
6617750;64,25;52,630335;39,547947
4324320;36,95;52,680905;39,475198
6314460;55,38;52,58294632;39,5436626
4019000;44,09;52,54085;39,57215
5769000;46,9;52,62257987;39,58602151
3049976;27,37;52,633745;39,565232
4786560;41,54;52,6307;39,54897
4682500;46,29;52,541483;39,572145
4850000;38,79;52,623834;39,585435
6521000;54,79;52,62271046;39,58502373
6278860;60,2;52,59480659;39,59171331
8383870;84,26;52,60258;39,560098
5560000;45,2;52,62299;39,58601
4182246;37,27;52,633745;39,565232
6276000;52,29;52,623834;39,585435
6944565;59,61;52,586995;39,564195
5178000;42,09;52,62299;39,58601
7485240;70,34;52,63048247;39,54784331
5523000;44,9;52,623834;39,585435
4306190;31,78;52,586995;39,564195
5760000;47,59;52,62299;39,58601
6138000;49,9;52,62257987;39,58602151
7499572;61,4;52,631897;39,562829
7873050;71,9;52,608948;39,599023
4545750;41,25;52,6307;39,54897
7088000;61,09;52,623834;39,585435
6716000;57,9;52,62271046;39,58502373
4000000;43,9;52,54085;39,57215
6887500;68,5;52,7203598;39,80213928
4182246;37,27;52,633745;39,565232
5687520;20,9;52,597707;39,601511
6935272;63,43;52,63300906;39,56453794
11151000;102,3;52,62231;39,58559
4671744;42,24;52,62261885;39,58430216
10112600;85,69;52,591238;39,566506
7251489;73,91;52,62261885;39,58430216
5673240;41,2;52,62261885;39,58430216
9367425;73,91;52,6228;39,58424
9312600;91,3;52,58727345;39,56471851
4332063;40,83;52,620773;39,591333
4282098;39,43;52,62261885;39,58430216
3542000;38,4;52,62653;39,60886
3466080;26,55;52,60291986;39,55890126
8351000;73,9;52,623834;39,585435
5769000;46,9;52,62257987;39,58602151
9834000;89,4;52,591416;39,566485
8047767;71,9;52,57706958;39,50057325
4219343;39,47;52,620773;39,591333
3739200;32,79;52,630335;39,547947
5970296;52,88;52,63345;39,56662
6054675;22,54;52,597707;39,601511
5679570;52,27;52,63300906;39,56453794
4298283;39,47;52,6228;39,58424
5784000;47,79;52,623834;39,585435
5348000;44,2;52,62271046;39,58502373
3684480;38,38;52,638347;39,53797
4106619;37,7;52,620773;39,591333
4518880;37,04;52,60294598;39,56027455
4091535;37,63;52,6228;39,58424
8295000;75;52,59480659;39,59171331
6409040;72,83;52,638347;39,53797
3788170;34;52,633745;39,565232
6934620;58,52;52,60258;39,560098
7326264;65,55;52,622269;39,581282
5486000;46,09;52,62328;39,58497
8382742;70,88;52,58706035;39,56453832
5761228;41,24;52,6228;39,58424
4825100;39,54;52,60323;39,55946
3821200;32,79;52,63048247;39,54784331
8053000;71,9;52,62299;39,58601
5310000;58,79;52,62653;39,60886
5548797;40,83;52,620773;39,591333
8620020;84,51;52,601339;39,581004
5547000;45,09;52,62284757;39,58550653
7115000;58,79;52,623834;39,585435
5712000;48;52,623834;39,585435
4056500;42,7;52,638347;39,53797
5971663;55,06;52,63345;39,56662
4784572;41,84;52,633745;39,565232
4369329;39,47;52,6228;39,58424
3101599;28,72;52,633745;39,565232
7175420;67,05;52,60294598;39,56027455
6892080;66,26;52,60294598;39,56027455
4137055;36,34;52,63422292;39,56361484
8496600;83,3;52,591416;39,566485
5773895;53,75;52,633745;39,565232
5395887;50,41;52,597499;39,4902
3129783;28,64;52,633745;39,565232
7511040;78,23;52,60258;39,560098
4353072;39,43;52,62261885;39,58430216
24948000;162;52,612533;39,625666
4809000;39,09;52,62271046;39,58502373
4714003;40,02;52,63422292;39,56361484
6199000;50,4;52,62257987;39,58602151
6457521;43,31;52,63140738;39,5624655
3135763;27,14;52,63409237;39,5640279
5609000;45,59;52,62257987;39,58602151
4079909;34,63;52,63422292;39,56361484
3344390;30,2;52,633745;39,565232
10980151;110,63;52,619963;39,624971
8047800;78,9;52,591416;39,566485
6328800;58,59;52,630335;39,547947
5724000;48,09;52,62328;39,58497
6006949;56,08;52,63422292;39,56361484
6271760;54,63;52,63319836;39,5649671
4692600;39,59;52,60294598;39,56027455
4307713;37,27;52,63458;39,56667
9658903;87,43;52,63458;39,56667
7759000;69,9;52,62271046;39,58502373
4013800;42,7;52,638347;39,53797
5280000;44;52,586995;39,564195
6920480;61,79;52,59755;39,49022
6250000;60,79;52,597658;39,510143
7505000;79;52,57969771;39,61318144
5393601;53,99;52,620773;39,591333
4672800;39,59;52,60323;39,55946
4437382;39,66;52,63422292;39,56361484
8825000;78,09;52,62257987;39,58602151
7299600;61,59;52,602819;39,558893
4456530;38,11;52,636406;39,542015
6384000;53,2;52,62231;39,58559
5560000;45,2;52,623834;39,585435
4303796;37,27;52,63458;39,56667
6381076;56,08;52,63448;39,56571
5599080;41,2;52,6228;39,58424
3456055;30,2;52,633745;39,565232
4494777;40,52;52,6228;39,58424
6248910;21,65;52,597707;39,601511
8403000;75,69;52,62299;39,58601
6015000;48,9;52,62231;39,58559
6195000;51,2;52,62284757;39,58550653
9412900;79,09;52,57662716;39,50169424
5129000;41,7;52,62271046;39,58502373
5146785;44,34;52,63366808;39,56350218
5129000;41,7;52,62271046;39,58502373
7382350;68,8;52,622269;39,581282
4385524;41,13;52,620773;39,591333
5942500;58,9;52,541483;39,572145
8828370;69,9;52,576237;39,502417
7842000;69,4;52,623834;39,585435
5338000;42,7;52,62231;39,58559
9113940;92,05;52,60323;39,55946
4644970;45,52;52,633745;39,565232
3998720;37,04;52,633745;39,565232
4827680;54,86;52,638347;39,53797
5630457;40,83;52,62261885;39,58430216
4401530;31,78;52,58727345;39,56471851
6612500;65,59;52,541483;39,572145
4397505;40,43;52,6228;39,58424
6535226;61,45;52,633745;39,565232
4385524;41,13;52,620773;39,591333
6187000;50,29;52,62231;39,58559
8403000;75,69;52,62284757;39,58550653
6076620;55,79;52,63090842;39,54871636
5806500;54,79;52,541483;39,572145
4000000;43,9;52,54085;39,57215
5686996;41,24;52,6228;39,58424
3876960;32,79;52,63075;39,54923
5348000;44,2;52,62271046;39,58502373
5060440;40,81;52,58294632;39,5436626
3789263;34;52,63297;39,56748
5764500;54,4;52,541483;39,572145
7080920;58,52;52,60291986;39,55890126
8351000;73,9;52,62231;39,58559
7457600;63,2;52,591416;39,566485
8424602;76,33;52,63458;39,56667
6068812;56,08;52,63409237;39,5640279
5058270;54,38;52,638347;39,53797
5337221;49,68;52,59755;39,49022
3392907;30,2;52,633745;39,565232
7251489;73,91;52,62261885;39,58430216
7552440;69,93;52,60258;39,560098
5523000;44,9;52,62299;39,58601
8114000;73,09;52,62328;39,58497
7268950;27,43;52,597707;39,601511
4352540;30,76;52,586995;39,564195
4283935;36,2;52,63458;39,56667
5935429;39,52;52,58706035;39,56453832
8961407;87,2;52,619603;39,624768
6457720;58,59;52,63075;39,54923
4001888;37,18;52,633745;39,565232
5685422;52,02;52,633745;39,565232
3471245;32,25;52,633745;39,565232
3324543;29,78;52,63364523;39,56425857
8103700;30,57;52,597707;39,601511
5547000;45,09;52,623834;39,585435
4234850;37,04;52,633745;39,565232
6685425;62,18;52,60258;39,560098
7463220;71,9;52,57399;39,50767
7493000;63,5;52,591238;39,566506
5875710;20,9;52,597707;39,601511
5612700;42,36;52,58727345;39,56471851
5611570;19,96;52,597707;39,601511
5970600;55,79;52,630335;39,547947
4272672;36,25;52,63409237;39,5640279
5336000;44,09;52,62271046;39,58502373
4612050;41,54;52,630335;39,547947
5516680;41,2;52,620773;39,591333
3394237;31,01;52,633745;39,565232
5915000;68,58;52,62653;39,60886
3194647;28,72;52,63422292;39,56361484
5252000;42,7;52,62328;39,58497
5289000;43;52,623834;39,585435
4421823;40,52;52,62261885;39,58430216
6184524;53,88;52,63300906;39,56453794
7842000;67,59;52,62257987;39,58602151
9199330;79,09;52,5761;39,50177
4799025;41,54;52,63090842;39,54871636
10344290;91,3;52,58706035;39,56453832
5700000;47,9;52,62271046;39,58502373
5261240;41,2;52,5761;39,50177
7342500;72,9;52,541483;39,572145
3384804;28,72;52,63448;39,56571
6400126;64,91;52,620773;39,591333
6194500;61,59;52,7203598;39,80213928
2938590;28,53;52,638347;39,53797
7115000;58,79;52,62299;39,58601
8092324;72,09;52,57706958;39,50057325
7083112;61,72;52,631291;39,562362
7616000;67,4;52,62271046;39,58502373
5533500;43,4;52,57662716;39,50169424
7186480;62,59;52,57706958;39,50057325
3601800;26,68;52,586995;39,564195
5761228;41,24;52,62261885;39,58430216
5861800;55,29;52,630335;39,547947
8591000;77,4;52,623834;39,585435
10462004;94,48;52,61969442;39,62473581
7873050;71,9;52,57706958;39,50057325
4490620;39,74;52,60294598;39,56027455
3676600;31;52,63048247;39,54784331
3970650;34,61;52,63448;39,56571
5510000;44,79;52,623834;39,585435
5393601;53,99;52,620773;39,591333
4325697;40,77;52,620773;39,591333
9172077;87,43;52,63422292;39,56361484
24948000;162;52,612533;39,625666
6147338;55,11;52,6329;39,56678
7822500;74;52,541483;39,572145
4862190;39,52;52,60323;39,55946
4562970;38,9;52,6307;39,54897
5435727;38,9;52,62261885;39,58430216
24948000;162;52,612533;39,625666
4159541;37,04;52,63409237;39,5640279
4903530;41,38;52,586995;39,564195
7251489;73,91;52,62261885;39,58430216
4095922;37,13;52,633745;39,565232
6670580;62,93;52,60258;39,560098
5310000;58,79;52,62653;39,60886
5139090;39,38;52,620773;39,591333
5712000;48;52,62328;39,58497
8787720;80,4;52,576237;39,502417
3494694;30,2;52,63448;39,56571
4020637;37,27;52,633745;39,565232
4203508;36,36;52,63448;39,56571
6799520;65,37;52,60258;39,560098
5599080;41,2;52,62261885;39,58430216
4770480;41,7;52,57706958;39,50057325
7344540;70,34;52,63048247;39,54784331
5886286;53,75;52,633745;39,565232
3934650;30,86;52,586995;39,564195
4899956;43,41;52,63331;39,56576
4771800;39,59;52,60294598;39,56027455
6732150;24,26;52,597707;39,601511
6598720;24,26;52,597707;39,601511
9300000;136,3;52,678413;39,695933
6716000;57,9;52,623834;39,585435
5501993;50,38;52,63300906;39,56453794
6197160;60,04;52,63075;39,54923
4270257;39,36;52,633745;39,565232
6209170;60,04;52,63048247;39,54784331
6344630;58,47;52,633745;39,565232
5915000;68,58;52,62653;39,60886
4004520;30,2;52,5761;39,50177
9593400;81,3;52,591238;39,566506
5129000;41,7;52,62328;39,58497
4227582;37,72;52,63297;39,56748
5942500;58,9;52,541483;39,572145
6912295;60,04;52,63422292;39,56361484
5719500;62,09;52,54085;39,57215
5032461;47,91;52,63331;39,56576
5831989;56,08;52,633745;39,565232
3531000;38,5;52,62653;39,60886
4088110;38,34;52,620773;39,591333
5129000;41,7;52,62328;39,58497
5523000;44,9;52,62284757;39,58550653
5100000;40,79;52,62231;39,58559
9593400;81,3;52,591416;39,566485
3972404;37,15;52,620773;39,591333
5617517;52,88;52,63345;39,56662
6714750;63,95;52,6307;39,54897
4000000;43,7;52,54085;39,57215
5279677;39,43;52,620773;39,591333
4219343;39,47;52,620773;39,591333
4286528;36,4;52,63458;39,56667
9045527;87,13;52,63422292;39,56361484
6015000;48,9;52,62231;39,58559
6691760;71,8;52,57399;39,50767
5210280;42,36;52,586995;39,564195
3052710;28,53;52,638347;39,53797
6558674;57,02;52,63448;39,56571
4300221;36,5;52,63409237;39,5640279
7797000;69;52,62299;39,58601
4429580;36,75;52,60323;39,55946
5453985;50,45;52,63300906;39,56453794
3177417;28,71;52,633745;39,565232
6991485;66,26;52,60294598;39,56027455
4028598;35,79;52,633745;39,565232
10704000;98,19;52,62257987;39,58602151
5248167;47,97;52,633745;39,565232
4388129;37,15;52,63319836;39,5649671
5593554;41,22;52,620773;39,591333
3895709;34;52,633745;39,565232
9867000;89,69;52,591238;39,566506
6073800;57,29;52,630335;39,547947
6519995;63,88;52,633745;39,565232
4950000;39,59;52,62231;39,58559
3335708;29,19;52,633745;39,565232
3306977;29,19;52,63409237;39,5640279
9629640;69,77;52,63218211;39,56198439
4737440;40,84;52,60294598;39,56027455
7664500;79,4;52,7203598;39,80213928
4592617;40,41;52,63319836;39,5649671
5295131;50,45;52,633745;39,565232
4634072;40,41;52,633745;39,565232
4269303;36,11;52,6329;39,56678
8558000;77,09;52,62299;39,58601
4932720;40,79;52,59480659;39,59171331
5703951;40,83;52,62261885;39,58430216
3846038;35,52;52,633745;39,565232
6884150;62,29;52,57399;39,50767
5129580;50,29;52,59755;39,49022
4953300;39,5;52,59480659;39,59171331
3284753;28,72;52,633745;39,565232
5761228;41,24;52,62261885;39,58430216
5002900;40,84;52,60323;39,55946
6000050;55,29;52,63090842;39,54871636
4670380;36,91;52,60291986;39,55890126
5195520;42,24;52,602819;39,558893
11151000;102,3;52,62257987;39,58602151
5218840;40,9;52,57662716;39,50169424
11810125;44,15;52,597707;39,601511
5510000;44,79;52,62299;39,58601
4141256;37,27;52,63409237;39,5640279
7842000;69,4;52,62299;39,58601
8558000;77,09;52,62284757;39,58550653
5724000;48,09;52,62328;39,58497
10980172;110,63;52,61969442;39,62473581
7084710;66,9;52,63090842;39,54871636
4466340;36,75;52,60294598;39,56027455
10431000;95,69;52,62271046;39,58502373
6020820;55,79;52,63090842;39,54871636
6176000;51,9;52,623834;39,585435
5410652;47,97;52,63331;39,56576
5506800;42,36;52,586995;39,564195
4326209;39;52,6228;39,58424
7060780;64,59;52,59480659;39,59171331
8403000;75,69;52,62299;39,58601
3290586;29,77;52,63364523;39,56425857
8122100;28,29;52,597707;39,601511
7842000;69,4;52,62284757;39,58550653
4447960;36,75;52,60294598;39,56027455
4560187;39,84;52,633745;39,565232
4947854;43,41;52,63366808;39,56350218
4370720;37,04;52,60294598;39,56027455
5154000;41,9;52,62328;39,58497
3991452;35,45;52,633745;39,565232
6771141;62,56;52,63297;39,56748
9945992;89,81;52,61969442;39,62473581
8750510;87,59;52,62210645;39,58122402
6965280;62,18;52,60323;39,55946
9263223;86,68;52,619603;39,624768
5850519;52,02;52,63297;39,56748
6176000;51,9;52,62271046;39,58502373
6716000;57,9;52,62271046;39,58502373
8558000;77,09;52,623834;39,585435
7996891;72,13;52,619963;39,624971
4611480;37,04;52,60323;39,55946
7030760;67,27;52,60258;39,560098
5970600;55,79;52,630335;39,547947
4437382;39,66;52,63448;39,56571
13527310;49,45;52,597707;39,601511
5547000;45,09;52,623834;39,585435
7481000;66,19;52,623834;39,585435
7518420;64,25;52,680905;39,475198
7759000;69,9;52,62271046;39,58502373
9619960;79,9;52,576237;39,502417
5584500;43,79;52,586995;39,564195
5336000;44,09;52,62271046;39,58502373
9327587;61,66;52,58706035;39,56453832
5500440;37,04;52,58706035;39,56453832
4698120;39,47;52,60258;39,560098
6339052;55,06;52,63345;39,56662
6269220;60,04;52,63048247;39,54784331
3684480;38,38;52,638347;39,53797
7440000;49,59;52,59755;39,49022
7227000;62,29;52,62231;39,58559
3285394;28,7;52,633745;39,565232
6128000;66,3;52,54085;39,57215
5556600;44,09;52,57662716;39,50169424
4752000;41,25;52,6307;39,54897
5686996;41,24;52,62261885;39,58430216
7048359;62,58;52,6329;39,56678
4703760;41,7;52,57399;39,50767
6328800;58,59;52,630335;39,547947
4798700;40,84;52,60258;39,560098
4369950;37,34;52,680905;39,475198
3496500;32,79;52,541483;39,572145
3943000;43,09;52,54085;39,57215
35466200;253,33;52,612533;39,625666
6423555;64,91;52,62261885;39,58430216
6650880;64,91;52,62261885;39,58430216
4182039;37,7;52,62261885;39,58430216
9846330;88,91;52,619963;39,624971
5442192;50,65;52,6228;39,58424
7230450;67,26;52,58727345;39,56471851
7379604;70,94;52,622269;39,581282
5358537;39,43;52,62261885;39,58430216
5193320;40,7;52,57662716;39,50169424
4492559;40,5;52,6228;39,58424
5882500;58,29;52,541483;39,572145
6153484;61,63;52,62261885;39,58430216
4515798;40,83;52,6228;39,58424
10737000;98,5;52,623834;39,585435
7996891;72,13;52,619963;39,624971
5348000;44,2;52,62271046;39,58502373
5156840;54,86;52,638347;39,53797
6138000;49,9;52,623834;39,585435
5547000;45,09;52,623834;39,585435
7084710;66,9;52,63090842;39,54871636
4096140;34,95;52,63075;39,54923
7115000;58,79;52,62284757;39,58550653
4091535;37,7;52,6228;39,58424
6628880;61,09;52,633745;39,565232
4288069;38,63;52,63458;39,56667
5524335;40,77;52,62261885;39,58430216
6521000;54,79;52,623834;39,585435
5336000;44,09;52,62328;39,58497
6806100;64,81;52,60294598;39,56027455
6128000;66,3;52,54085;39,57215
9899820;87,3;52,576237;39,502417
10987118;110,7;52,619963;39,624971
5011078;45,2;52,63448;39,56571
7263817;61,65;52,63195735;39,56276859
7402500;73,5;52,541483;39,572145
5694203;52,13;52,6329;39,56678
3708635;27,37;52,60258;39,560098
7268540;64,04;52,60291986;39,55890126
5526900;80,09;52,636642;39,512653
4821591;43,18;52,63345;39,56662
4578750;41,25;52,630335;39,547947
4180904;36,13;52,63448;39,56571
4949380;44,34;52,633745;39,565232
4244667;36,91;52,633745;39,565232
7175000;62,5;52,57706958;39,50057325
6612500;65,59;52,541483;39,572145
5724000;47,9;52,623834;39,585435
8131500;83,4;52,591238;39,566506
6519660;60,2;52,59441;39,59146
8713639;87,23;52,622125;39,581288
3559736;30,2;52,63448;39,56571
4088110;38,34;52,620773;39,591333
6244084;56,65;52,63448;39,56571
3382448;28,7;52,63458;39,56667
6474000;53,5;52,623834;39,585435
3271600;28,7;52,63458;39,56667
9235179;73,91;52,62261885;39,58430216
5566000;46;52,623834;39,585435
5060440;40,81;52,601339;39,581004
9899820;87,3;52,5761;39,50177
4106625;34,95;52,63048247;39,54784331
35466200;253,33;52,612533;39,625666
30032370;196,28;52,612533;39,625666
3038357;27,4;52,633745;39,565232
6716000;57,9;52,62271046;39,58502373
7213440;69,36;52,58727345;39,56471851
5358537;39,43;52,6228;39,58424
6155240;57,29;52,633745;39,565232
5272305;38,86;52,62261885;39,58430216
5412000;44;52,62284757;39,58550653
4322800;40,4;52,63573286;39,54146395
6865290;63,43;52,6329;39,56678
7842000;69,4;52,62299;39,58601
8591000;77,4;52,62284757;39,58550653
11249000;103,19;52,62257987;39,58602151
7402500;73,5;52,541483;39,572145
4515798;40,83;52,62261885;39,58430216
8825000;78,09;52,62231;39,58559
4871500;50,09;52,7203598;39,80213928
10239431;92,47;52,619963;39,624971
8549500;87,23;52,622269;39,581282
4567731;40,52;52,6228;39,58424
8558000;77,09;52,62284757;39,58550653
6991485;66,26;52,60294598;39,56027455
10239431;92,47;52,619963;39,624971
6716000;57,9;52,62328;39,58497
7727500;79,9;52,7203598;39,80213928
4394052;41,22;52,620773;39,591333
5712000;48;52,623834;39,585435
5345760;41,43;52,58294632;39,5436626
9307870;32,88;52,59786355;39,6013918
10987118;110,7;52,619963;39,624971
6287235;60,04;52,63075;39,54923
4752000;41,25;52,6307;39,54897
6603380;65,37;52,60294598;39,56027455
7251489;73,91;52,6228;39,58424
4941640;40,84;52,60294598;39,56027455
10403315;93,94;52,619963;39,624971
7842000;69,4;52,623834;39,585435
9945992;89,81;52,619963;39,624971
6109000;65,9;52,54085;39,57215
5298320;41,2;52,57662716;39,50169424
10824000;99,3;52,62257987;39,58602151
7797000;69;52,623834;39,585435
5013960;39,47;52,60258;39,560098
6076620;55,79;52,63090842;39,54871636
4537593;40,99;52,6228;39,58424
4799025;41,54;52,63090842;39,54871636
6401992;56,72;52,63345;39,56662
4369950;37,34;52,680905;39,475198
4426280;37,04;52,60294598;39,56027455
6957600;66,9;52,630335;39,547947
4076180;35,84;52,63319836;39,5649671
6340520;58,59;52,63075;39,54923
6211600;58,59;52,630335;39,547947
4823147;44,81;52,633745;39,565232
4251813;39,18;52,633745;39,565232
4000000;43,9;52,54085;39,57215
6176000;51,9;52,623834;39,585435
6314460;55,38;52,58294632;39,5436626
6791490;63,95;52,6307;39,54897
5596640;21,28;52,597707;39,601511
8000000;70,8;52,623834;39,585435
4856020;39,31;52,60323;39,55946
9237781;87,13;52,63409237;39,5640279
7037544;60,45;52,631291;39,562362
7115000;58,79;52,62299;39,58601
7492000;66,19;52,623834;39,585435
6581000;55,29;52,623834;39,585435
3109770;28,53;52,638347;39,53797
4532000;41,2;52,630335;39,547947
8558000;77,09;52,62299;39,58601
8591000;77,4;52,623834;39,585435
6237810;57,06;52,63300906;39,56453794
3530272;31,01;52,63331;39,56576
4000000;43,7;52,54085;39,57215
5519358;41,22;52,620773;39,591333
5791188;55,11;52,633745;39,565232
5395845;39,52;52,58727345;39,56471851
6039000;49,09;52,62231;39,58559
5621896;54,45;52,633745;39,565232
5769000;46,9;52,62231;39,58559
7057205;25,06;52,597707;39,601511
6701707;61,18;52,63422292;39,56361484
10704000;98,19;52,62257987;39,58602151
7213440;69,36;52,586995;39,564195
9525540;90;52,619603;39,624768
4357018;38,99;52,63409237;39,5640279
10407521;108,18;52,619603;39,624768
9235179;73,91;52,6228;39,58424
8351000;73,9;52,623834;39,585435
4836520;36,91;52,60258;39,560098
3645600;31;52,63048247;39,54784331
4232585;38,93;52,6228;39,58424
6602500;65,5;52,541483;39,572145
4644970;42,52;52,633745;39,565232
7980600;28,2;52,597707;39,601511
3817933;34,61;52,633745;39,565232
9568020;79,8;52,5761;39,50177
8403000;75,69;52,62284757;39,58550653
5900928;42,24;52,62261885;39,58430216
4623552;41,88;52,620773;39,591333
3559736;30,2;52,63422292;39,56361484
5913600;61,59;52,63533143;39,54177508
9616728;79,83;52,58706035;39,56453832
8432621;76,33;52,63458;39,56667
4531552;41,91;52,6228;39,58424
4737440;40,84;52,60258;39,560098
7175420;67,05;52,60294598;39,56027455
4369950;37,34;52,680905;39,475198
10824000;99,3;52,62257987;39,58602151
8000000;70,8;52,62299;39,58601
4698120;39,47;52,60258;39,560098
5994000;54,4;52,54143;39,572123
7865000;67,8;52,62231;39,58559
5398960;43,54;52,58294632;39,5436626
3646100;38,38;52,638347;39,53797
4682500;46,29;52,541483;39,572145
4372007;36,91;52,63448;39,56571
6775880;55,54;52,58294632;39,5436626
8578931;87,59;52,622269;39,581282
6128000;66,3;52,54085;39,57215
9525540;90;52,619603;39,624768
7801150;71,9;52,576769;39,500909
3885700;42,7;52,638347;39,53797
7699048;75,98;52,633745;39,565232
3960140;36,61;52,633745;39,565232
6527660;24,81;52,59786355;39,6013918
4379368;39,18;52,63458;39,56667
5067359;42,83;52,63331;39,56576
4288612;36,91;52,63422292;39,56361484
10403315;93,94;52,619963;39,624971
6740330;63,95;52,63090842;39,54871636
6521000;54,79;52,62328;39,58497
14292000;119,09;52,591416;39,566485
4000000;43,7;52,54085;39,57215
5376000;44,79;52,62328;39,58497
7890585;74,08;52,58727345;39,56471851
5964598;53,33;52,619963;39,624971
5581615;19,96;52,597707;39,601511
8591000;77,4;52,62284757;39,58550653
6960800;61,59;52,60258;39,560098
3899178;34;52,633745;39,565232
8114000;73,09;52,623834;39,585435
3383956;28,7;52,63458;39,56667
9279954;90,3;52,619603;39,624768
10431000;95,69;52,62328;39,58497
7996179;71,9;52,57706958;39,50057325
4000000;43,9;52,54085;39,57215
6617750;64,25;52,630335;39,547947
6062355;21,69;52,597707;39,601511
4136520;36,13;52,633745;39,565232
5395887;50,41;52,597499;39,4902
5673240;41,2;52,6228;39,58424
5599080;41,2;52,6228;39,58424
3814511;35,09;52,633745;39,565232
4020000;40,2;52,57969771;39,61318144
7518420;64,25;52,680905;39,475198
4941640;40,84;52,60294598;39,56027455
6965280;62,18;52,60323;39,55946
8591000;77,4;52,62284757;39,58550653
9234225;81,9;52,57706958;39,50057325
5129000;41,7;52,62328;39,58497
4862190;39,52;52,60323;39,55946
5722500;54;52,541483;39,572145
7246050;70,34;52,63075;39,54923
4182039;37,7;52,6228;39,58424
4956672;44,4;52,63409237;39,5640279
8088960;84,26;52,60323;39,55946
6131500;61,09;52,7203598;39,80213928
4397505;40,52;52,62261885;39,58430216
6199000;50,4;52,623834;39,585435
7257062;62,59;52,57706958;39,50057325
7060780;64,59;52,59480659;39,59171331
4871500;50,09;52,7203598;39,80213928
4202144;36,2;52,63422292;39,56361484
6194500;61,59;52,7203598;39,80213928
5031773;42,54;52,63364523;39,56425857
4119147;37,2;52,6228;39,58424
5258626;53,99;52,620773;39,591333
3796019;35,5;52,620773;39,591333
4360644;40,83;52,620773;39,591333
6138000;49,9;52,62231;39,58559
7727500;79,9;52,7203598;39,80213928
4780304;41,84;52,633745;39,565232
5560000;45,2;52,62284757;39,58550653
6333266;55,06;52,63345;39,56662
4404300;41,54;52,630335;39,547947
7601200;61,29;52,57662716;39,50169424
6211600;58,59;52,630335;39,547947
4881955;39,52;52,60294598;39,56027455
4836520;36,91;52,60258;39,560098
5264000;43,5;52,62328;39,58497
7236000;59,79;52,623834;39,585435
6934620;58,52;52,60258;39,560098
4110814;36,25;52,63409237;39,5640279
4430117;39,84;52,633745;39,565232
5719500;62,09;52,54085;39,57215
4268965;38,65;52,63409237;39,5640279
4537593;40,99;52,6228;39,58424
4889742;41,7;52,57706958;39,50057325
6468573;57,31;52,63331;39,56576
3523214;29,78;52,63364523;39,56425857
10895725;108,25;52,61969442;39,62473581
4692795;41,84;52,633745;39,565232
24948000;162;52,612533;39,625666
13211170;47,77;52,597707;39,601511
3646100;38,38;52,638347;39,53797
4900800;40,84;52,60294598;39,56027455
4752000;39,59;52,60258;39,560098
4103222;38,65;52,633745;39,565232
4952882;41,79;52,57706958;39,50057325
4150802;36,25;52,63409237;39,5640279
7895000;85;52,54085;39,57215
7700000;109,4;52,678413;39,695933
4727413;43,18;52,633745;39,565232
6892760;72,09;52,608948;39,599023
6628640;24,37;52,59786355;39,6013918
5995554;41,81;52,6321;39,56203
5218840;40,9;52,5761;39,50177
7084710;66,9;52,63090842;39,54871636
7212890;70,12;52,619603;39,624768
4699000;38,09;52,623834;39,585435
5941000;48,29;52,623834;39,585435
8403000;75,69;52,62299;39,58601
5686996;41,24;52,6228;39,58424
7355320;67,48;52,586995;39,564195
4190791;36,25;52,63458;39,56667
8147000;73,4;52,62299;39,58601
7800000;75;52,60323;39,55946
3428065;30,2;52,63422292;39,56361484
6716000;57,9;52,623834;39,585435
4707930;41,7;52,57399;39,50767
4871500;50,09;52,7203598;39,80213928
4902500;53,5;52,54085;39,57215
5970600;55,79;52,630335;39,547947
5703951;40,83;52,6228;39,58424
4494777;40,52;52,6228;39,58424
6627530;72,83;52,638347;39,53797
4340763;40,52;52,620773;39,591333
3496064;31,01;52,63366808;39,56350218
4014804;37,29;52,633745;39,565232
5143547;47,97;52,63366808;39,56350218
4692806;39,84;52,63422292;39,56361484
7285000;62,79;52,623834;39,585435
7700000;109,4;52,678413;39,695933
5156840;54,86;52,638347;39,53797
5289000;43;52,623834;39,585435
7797000;69;52,62284757;39,58550653
35466200;253,33;52,612533;39,625666
3101201;27,14;52,633745;39,565232
10835000;99,4;52,62231;39,58559
6077492;53,95;52,63297;39,56748
5824896;42,24;52,62261885;39,58430216
5824896;42,24;52,62261885;39,58430216
5760000;47,59;52,62284757;39,58550653
3719950;38,34;52,638347;39,53797
5523000;44,9;52,62284757;39,58550653
3999732;34,83;52,63297;39,56748
4039786;35,52;52,63319836;39,5649671
5712000;48;52,62328;39,58497
7591500;67,48;52,586995;39,564195
5599080;41,2;52,6228;39,58424
6582000;54,4;52,62299;39,58601
5713680;21,28;52,597707;39,601511
6581000;55,29;52,62271046;39,58502373
8383870;84,26;52,60258;39,560098
6184500;65,09;52,59212439;39,57337589
4648915;41,84;52,63458;39,56667
3539944;32,09;52,633745;39,565232
5152000;80,5;52,636642;39,512653
5547000;45,09;52,62284757;39,58550653
6524770;54,83;52,601339;39,581004
3636300;31;52,63075;39,54923
5560000;45,2;52,62284757;39,58550653
10980172;110,63;52,619963;39,624971
4184713;36,83;52,63300906;39,56453794
6289268;61,72;52,620773;39,591333
4174972;36,5;52,633745;39,565232
5609000;45,59;52,623834;39,585435
4203238;39,43;52,620773;39,591333
7492000;66,3;52,62271046;39,58502373
4384225;37,15;52,63319836;39,5649671
9846330;88,91;52,61969442;39,62473581
9095586;73,91;52,62261885;39,58430216
5292300;39;52,57662716;39,50169424
6564666;57,02;52,63448;39,56571
4865125;45,2;52,633745;39,565232
4715925;41,54;52,63090842;39,54871636
5338000;42,7;52,623834;39,585435
24948000;162;52,612533;39,625666
4182381;37,27;52,63409237;39,5640279
4840960;37,81;52,60381;39,50336
6534000;54;52,62299;39,58601
4764375;41,25;52,63090842;39,54871636
5602020;43,79;52,5761;39,50177
3993845;35,45;52,63300906;39,56453794
5816448;42,24;52,620773;39,591333
4109167;35,84;52,633745;39,565232
3811905;36,83;52,620773;39,591333
5263000;42,09;52,62257987;39,58602151
7456200;69,36;52,58727345;39,56471851
6903330;64,81;52,60323;39,55946
6187000;50,29;52,623834;39,585435
10895725;108,25;52,619963;39,624971
5510000;44,79;52,623834;39,585435
8452000;74,8;52,62231;39,58559
8863855;32,88;52,59786355;39,6013918
4682500;46,29;52,541483;39,572145
4819926;43,18;52,633745;39,565232
8351000;73,9;52,62231;39,58559
6409040;72,83;52,638347;39,53797
7180248;66,91;52,62210645;39,58122402
6491121;56,65;52,63422292;39,56361484
7042368;61,18;52,63422292;39,56361484
5295651;38,9;52,6228;39,58424
7111896;73,91;52,6228;39,58424
4502141;40,41;52,633745;39,565232
5523000;44,9;52,62299;39,58601
5696928;41,91;52,620773;39,591333
4279000;38,9;52,630335;39,547947
4682500;46,29;52,541483;39,572145
5218840;40,9;52,57662716;39,50169424
6603230;59,68;52,63331;39,56576
3272740;28,71;52,63448;39,56571
6904175;61,18;52,63422292;39,56361484
7213440;69,36;52,586995;39,564195
10260472;92,66;52,619963;39,624971
5047120;54,86;52,638347;39,53797
7865000;67,8;52,62257987;39,58602151
8351000;73,9;52,623834;39,585435
4672800;39,59;52,60258;39,560098
6740330;63,95;52,63090842;39,54871636
6194500;61,59;52,7203598;39,80213928
7260595;63,97;52,60291986;39,55890126
7420520;63,97;52,602819;39,558893
6352500;58,5;52,635406;39,541404
5784000;47,79;52,623834;39,585435
10146168;96,3;52,63140738;39,5624655
5781000;47;52,62257987;39,58602151
8053000;71,9;52,623834;39,585435
5511720;19,96;52,597707;39,601511
8215350;84,26;52,60258;39,560098
6199000;50,4;52,62257987;39,58602151
5174862;43,75;52,63331;39,56576
4805325;39,54;52,60258;39,560098
5178000;42,09;52,62299;39,58601
7638500;82,4;52,54085;39,57215
4369950;37,34;52,680905;39,475198
7310160;62,47;52,636406;39,542015
5264000;43,5;52,62271046;39,58502373
5712000;48;52,623834;39,585435
6871995;62,18;52,60294598;39,56027455
7203845;24,96;52,597707;39,601511
7326264;65,55;52,622125;39,581288
4354259;38,65;52,63458;39,56667
4283935;36,2;52,63409237;39,5640279
10076630;95,63;52,63140738;39,5624655
6529350;22,9;52,597707;39,601511
11151000;102,3;52,62257987;39,58602151
5218840;40,9;52,5761;39,50177
7492000;66,3;52,62328;39,58497
5336000;44,2;52,623834;39,585435
5566000;46;52,623834;39,585435
7342740;64,98;52,601339;39,581004
5129580;50,29;52,597499;39,4902
6412708;61,72;52,6228;39,58424
6131500;61,09;52,7203598;39,80213928
4490800;41,2;52,630335;39,547947
3506580;27,82;52,60258;39,560098
6581000;55,29;52,62328;39,58497
7236000;59,79;52,62299;39,58601
8087280;65,22;52,601339;39,581004
7019291;66,09;52,622125;39,581288
8195162;71,9;52,57706958;39,50057325
15500000;165,6;52,616055;39,751035
6341251;55,72;52,63458;39,56667
6799070;61,45;52,63331;39,56576
6352240;58,59;52,63048247;39,54784331
9142667;73,91;52,620773;39,591333
5915000;68,58;52,62653;39,60886
6511683;60,04;52,63448;39,56571
3575382;32,25;52,63409237;39,5640279
3024180;28,53;52,638347;39,53797
7079203;61,5;52,63345;39,56662
3615140;26,68;52,586995;39,564195
7310160;62,47;52,636406;39,542015
6176000;51,9;52,62271046;39,58502373
3427648;31,01;52,63331;39,56576
3222433;28,7;52,633745;39,565232
9846330;88,91;52,619963;39,624971
5994000;54,4;52,54143;39,572123
8650400;78,63;52,591416;39,566485
6457521;43,31;52,6321;39,56203
3521650;29,78;52,63345;39,56662
2967120;28,53;52,638347;39,53797
4548168;41,88;52,620773;39,591333
4481840;37,04;52,60258;39,560098
4193575;38,93;52,62261885;39,58430216
4881955;39,52;52,60294598;39,56027455
6150000;50;52,62231;39,58559
3439500;37,5;52,54085;39,57215
6024187;56,08;52,633745;39,565232
6086000;50,29;52,623834;39,585435
6006949;56,08;52,63458;39,56667
3772500;37,2;52,541483;39,572145
24948000;162;52,612533;39,625666
7071330;66,9;52,6307;39,54897
9581600;81,19;52,59139803;39,56682564
5301000;43,09;52,62284757;39,58550653
7638500;82,4;52,54085;39,57215
4324320;36,95;52,680905;39,475198
3716941;32,09;52,6329;39,56678
7492000;66,3;52,62328;39,58497
6521000;54,79;52,62271046;39,58502373
6938040;64,59;52,59441;39,59146
4659420;39,31;52,60258;39,560098
6093805;54,63;52,63319836;39,5649671
9712723;86,87;52,61969442;39,62473581
5760000;47,59;52,62284757;39,58550653
8742480;79,83;52,586995;39,564195
3684480;38,38;52,638347;39,53797
4553892;42,52;52,633745;39,565232
4856020;39,31;52,60323;39,55946
3390245;29,78;52,63364523;39,56425857
4824957;42,52;52,633745;39,565232
6264000;52,2;52,623834;39,585435
6263380;72,83;52,638347;39,53797
6474000;53,5;52,62299;39,58601
6306588;56,65;52,63422292;39,56361484
30032370;196,28;52,612533;39,625666
6843560;55,18;52,58294632;39,5436626
8271000;69,5;52,62271046;39,58502373
4304193;37,15;52,63297;39,56748
7104719;64,98;52,63300906;39,56453794
7352477;65,47;52,622269;39,581282
5031000;40,9;52,623834;39,585435
7965750;64,5;52,57662716;39,50169424
6425000;53,09;52,623834;39,585435
4019000;44,09;52,54085;39,57215
8558000;77,09;52,623834;39,585435
6199000;50,4;52,62257987;39,58602151
6555805;25,06;52,59786355;39,6013918
4217231;36,34;52,63422292;39,56361484
4969706;42,52;52,63458;39,56667
7144950;62,13;52,680905;39,475198
3876356;35,79;52,633745;39,565232
4170386;36,34;52,633745;39,565232
4750360;41,2;52,63075;39,54923
6199000;50,4;52,62231;39,58559
5780768;41,91;52,62261885;39,58430216
4245800;29,89;52,59480659;39,59171331
4578750;41,25;52,630335;39,547947
6791490;63,95;52,6307;39,54897
6425000;53,09;52,62299;39,58601
6700360;72,83;52,638347;39,53797
5623804;52,88;52,633745;39,565232
6617750;64,25;52,630335;39,547947
4226318;38,65;52,63422292;39,56361484
5336000;44,09;52,62328;39,58497
5275000;42,2;52,623834;39,585435
4757340;39,47;52,60291986;39,55890126
9965921;90;52,619963;39,624971
4299312;38,36;52,63300906;39,56453794
6049400;20,86;52,597707;39,601511
4291399;38,66;52,63409237;39,5640279
7955341;64,26;52,63140738;39,5624655
5784000;47,79;52,62284757;39,58550653
4061833;34,38;52,6329;39,56678
5977200;58,59;52,630335;39,547947
3486000;32,7;52,541483;39,572145
8929800;82;52,608948;39,599023
4048827;34,61;52,63409237;39,5640279
9272610;32,93;52,597707;39,601511
4114740;30,29;52,57662716;39,50169424
5112660;54,38;52,638347;39,53797
7042368;61,18;52,63448;39,56571
4282098;39,43;52,62261885;39,58430216
4539473;40,02;52,63448;39,56571
11501075;44,15;52,597707;39,601511
6937875;61,66;52,58727345;39,56471851
4106619;37,7;52,620773;39,591333
3908993;34,36;52,63297;39,56748
3673600;32,79;52,630335;39,547947
4114161;37,7;52,62261885;39,58430216
4023383;36,83;52,633745;39,565232
8426000;84,26;52,60323;39,55946
6151611;55,06;52,633745;39,565232
4531552;41,88;52,62261885;39,58430216
7851480;71,9;52,57706958;39,50057325
7842000;67,59;52,62257987;39,58602151
8805660;86,33;52,60258;39,560098
3910771;37,2;52,620773;39,591333
5510000;44,79;52,62284757;39,58550653
6791490;63,95;52,6307;39,54897
4369950;37,34;52,680905;39,475198
3872205;34,38;52,63300906;39,56453794
7727500;79,9;52,7203598;39,80213928
6724520;54,22;52,60381;39,50336
3811360;32,79;52,63075;39,54923
5329580;50,29;52,59755;39,49022
4106619;37,7;52,620773;39,591333
5784000;47,79;52,623834;39,585435
4821591;43,18;52,63364523;39,56425857
6073800;57,29;52,630335;39,547947
5769000;46,9;52,62231;39,58559
4593600;39,59;52,60258;39,560098
5824896;42,24;52,62261885;39,58430216
3963409;36,2;52,633745;39,565232
5784000;47,79;52,62284757;39,58550653
7700000;109,4;52,678413;39,695933
4274212;39,43;52,620773;39,591333
4711000;38,29;52,623834;39,585435
4896747;43,41;52,633745;39,565232
4240901;36,91;52,633745;39,565232
6887500;68,5;52,7203598;39,80213928
3750774;33,4;52,63458;39,56667
7273399;72,25;52,619603;39,624768
8720490;87,23;52,62210645;39,58122402
4135248;37,29;52,63448;39,56571
5549555;43,86;52,586995;39,564195
6425000;53,09;52,62284757;39,58550653
6209170;60,04;52,63048247;39,54784331
9010250;78,34;52,597499;39,4902
6300754;57,06;52,6329;39,56678
5792518;52,88;52,63364523;39,56425857
9961556;96,33;52,6321;39,56203
4326209;39;52,62261885;39,58430216
8888840;71,8;52,57662716;39,50169424
6100000;61;52,57969771;39,61318144
5719500;62,09;52,54085;39,57215
5348000;44,2;52,623834;39,585435
6038000;54,4;52,54143;39,572123
4176834;36,5;52,633745;39,565232
3930900;34,61;52,633745;39,565232
3163139;28,72;52,633745;39,565232
4560896;41,88;52,62261885;39,58430216
6142950;43,79;52,58706035;39,56453832
5890171;53,88;52,63300906;39,56453794
5547000;45,09;52,623834;39,585435
9221300;91,3;52,58727345;39,56471851
3641529;33,4;52,633745;39,565232
6731283;61,45;52,63331;39,56576
7181991;62,56;52,63319836;39,5649671
7493000;63,5;52,59139803;39,56682564
3391383;29,79;52,63364523;39,56425857
4899956;43,41;52,63331;39,56576
7604850;60,5;52,57662716;39,50169424
8351000;73,9;52,62231;39,58559
4503100;36,75;52,60323;39,55946
6176000;51,9;52,62328;39,58497
5969459;55,72;52,63458;39,56667
5565291;50,45;52,6329;39,56678
7070820;61,7;52,59441;39,59146
6922920;55,83;52,601339;39,581004
5376000;44,79;52,62271046;39,58502373
4550688;41,22;52,62261885;39,58430216
6059550;59,7;52,63573286;39,54146395
6716000;57,9;52,62271046;39,58502373
4896747;43,41;52,633745;39,565232
6884010;66,9;52,63090842;39,54871636
5866754;52,13;52,63300906;39,56453794
4347226;36,83;52,6329;39,56678
5350805;50,29;52,59755;39,49022
4111123;35,79;52,63458;39,56667
4490800;41,2;52,630335;39,547947
6410840;58,59;52,63048247;39,54784331
4281817;36,36;52,63422292;39,56361484
5964006;41,59;52,63218211;39,56198439
3386314;28,72;52,63448;39,56571
4726225;39,54;52,60258;39,560098
10431000;95,69;52,62271046;39,58502373
5123300;39,4;52,602819;39,558893
7099000;61,09;52,623834;39,585435
10888679;108,18;52,619963;39,624971
6019816;40,84;52,58706035;39,56453832
11151000;102,3;52,623834;39,585435
11151000;102,3;52,62231;39,58559
7962570;84,26;52,60294598;39,56027455
5864015;52,13;52,63300906;39,56453794
8403000;75,69;52,62284757;39,58550653
4965600;41,38;52,586995;39,564195
9412900;79,09;52,5761;39,50177
7115000;58,79;52,623834;39,585435
8148805;70,88;52,58706035;39,56453832
5252000;42,7;52,62271046;39,58502373
8744516;87,54;52,622125;39,581288
5844345;20,9;52,597707;39,601511
8339000;73,8;52,623834;39,585435
7383735;73,91;52,6228;39,58424
7481000;66,19;52,62271046;39,58502373
4353072;39,43;52,6228;39,58424
6925215;66,26;52,60323;39,55946
5365689;38,9;52,6228;39,58424
5591500;42,2;52,620773;39,591333
5156840;54,86;52,638347;39,53797
6015000;48,9;52,623834;39,585435
5047120;54,86;52,638347;39,53797
9367425;73,91;52,62261885;39,58430216
4881955;39,52;52,60294598;39,56027455
5676597;50,45;52,63300906;39,56453794
7123070;60,7;52,63195735;39,56276859
6066000;67,4;52,59212439;39,57337589
6581000;55,29;52,623834;39,585435
4760425;42,59;52,63422292;39,56361484
5111920;40,7;52,5761;39,50177
3306977;29,19;52,63458;39,56667
5712000;48;52,62271046;39,58502373
4737440;40,84;52,60294598;39,56027455
4760425;42,59;52,63448;39,56571
5905000;48,79;52,62284757;39,58550653
5003880;54,38;52,638347;39,53797
6364592;57,06;52,633745;39,565232
7490860;61,29;52,576237;39,502417
6011200;54,4;52,63048247;39,54784331
6521000;54,79;52,623834;39,585435
4295497;36,34;52,63422292;39,56361484
5523000;44,9;52,62299;39,58601
9430390;95,73;52,63140738;39,5624655
5264000;43,5;52,62271046;39,58502373
6993000;66,59;52,57969771;39,61318144
9525540;90;52,619603;39,624768
8351000;73,9;52,62231;39,58559
4394052;41,22;52,620773;39,591333
5605110;44,09;52,57662716;39,50169424
5769000;46,9;52,623834;39,585435
5074480;37,04;52,58727345;39,56471851
5358537;39,43;52,62261885;39,58430216
7019291;66,09;52,62210645;39,58122402
6708870;64,81;52,60258;39,560098
4380686;37,13;52,6329;39,56678
5766400;54,4;52,630335;39,547947
8814000;78;52,62257987;39,58602151
5738482;52,02;52,63319836;39,5649671
7493000;63,5;52,59139803;39,56682564
3423096;29,78;52,63364523;39,56425857
6582000;54,4;52,623834;39,585435
4019000;44,09;52,54085;39,57215
9194265;86,87;52,619603;39,624768
6138000;49,9;52,62257987;39,58602151
4369950;37,34;52,680905;39,475198
5737845;21,37;52,59786355;39,6013918
6796440;62,93;52,60294598;39,56027455
6505200;55,59;52,680905;39,475198
4591275;41,54;52,63090842;39,54871636
3559040;26,55;52,60258;39,560098
5609000;45,59;52,62257987;39,58602151
10835000;99,4;52,62257987;39,58602151
4531552;41,88;52,6228;39,58424
4962060;40,84;52,60323;39,55946
5696928;41,91;52,620773;39,591333
4930200;39,59;52,60323;39,55946
7508219;61,16;52,6321;39,56203
6716000;57,9;52,62271046;39,58502373
6412708;61,72;52,6228;39,58424
6039000;49,09;52,62257987;39,58602151
6176000;51,9;52,623834;39,585435
8403000;75,69;52,623834;39,585435
5547000;45,09;52,62299;39,58601
4197104;36,27;52,63422292;39,56361484
3524397;29,79;52,63345;39,56662
3886800;32,79;52,63048247;39,54784331
6836686;61,18;52,63422292;39,56361484
3638720;26,55;52,602819;39,558893
5264000;43,5;52,62328;39,58497
5375000;43,7;52,623834;39,585435
5712000;48;52,623834;39,585435
7078000;76,4;52,54085;39,57215
4442304;40,83;52,62261885;39,58430216
6892080;66,26;52,60258;39,560098
6000320;54,4;52,63075;39,54923
3486000;32,7;52,541483;39,572145
3135763;27,14;52,63409237;39,5640279
3024180;28,53;52,638347;39,53797
7115000;58,79;52,62284757;39,58550653
8351000;73,9;52,623834;39,585435
5676597;50,45;52,6329;39,56678
5780768;41,91;52,6228;39,58424
5395887;50,41;52,597499;39,4902
5263000;42,09;52,623834;39,585435
3221868;29,14;52,633745;39,565232
6287235;60,04;52,63075;39,54923
4324320;36,95;52,680905;39,475198
8103000;73;52,62271046;39,58502373
6435847;57,02;52,63422292;39,56361484
4537400;37,04;52,60323;39,55946
5379000;45,2;52,623834;39,585435
6065460;55,79;52,6307;39,54897
4715925;41,54;52,63090842;39,54871636
5712000;48;52,62271046;39,58502373
5264000;43,5;52,62328;39,58497
4831224;42,52;52,63448;39,56571
6474000;53,5;52,623834;39,585435
6599480;58,47;52,63364523;39,56425857
5341741;50,38;52,633745;39,565232
8486400;83,19;52,591416;39,566485
10431000;95,69;52,623834;39,585435
4322800;40,4;52,63573286;39,54146395
7601200;61,29;52,57662716;39,50169424
5588020;41,24;52,62261885;39,58430216
7959000;71,69;52,623834;39,585435
5082000;44;52,58727345;39,56471851
6108154;55,75;52,633745;39,565232
5360826;52,13;52,633745;39,565232
5178000;42,09;52,62299;39,58601
5599080;41,2;52,6228;39,58424
7147097;73,91;52,620773;39,591333
5191100;45,13;52,636406;39,542015
13044000;108,69;52,591238;39,566506
9002238;73,91;52,620773;39,591333
6521000;54,79;52,62271046;39,58502373
5560000;45,2;52,62284757;39,58550653
5514145;52,27;52,633745;39,565232
8688738;87,13;52,633745;39,565232
3560295;31,01;52,633745;39,565232
6581000;55,29;52,62328;39,58497
7740900;28,2;52,59786355;39,6013918
6716000;57,9;52,62328;39,58497
7064400;67,27;52,60294598;39,56027455
7144950;62,13;52,680905;39,475198
5530284;41,24;52,620773;39,591333
6910291;62,58;52,63300906;39,56453794
4880380;40,84;52,60323;39,55946
7147097;73,91;52,620773;39,591333
7035940;61,18;52,63409237;39,5640279
4752000;39,59;52,60258;39,560098
7589600;71,59;52,57399;39,50767
3667300;31;52,63075;39,54923
3495179;31,44;52,633745;39,565232
8147000;73,4;52,623834;39,585435
8424602;76,33;52,63409237;39,5640279
8147000;73,4;52,62299;39,58601
3940000;39,4;52,57969771;39,61318144
4372007;36,91;52,63422292;39,56361484
7797000;69;52,623834;39,585435
7078000;76,4;52,54085;39,57215
4048753;27,98;52,58706035;39,56453832
9430390;95,73;52,6321;39,56203
4856040;39,47;52,602819;39,558893
5769000;56,9;52,623834;39,585435
5675994;41,22;52,6228;39,58424
4288440;36,4;52,63409237;39,5640279
4682500;46,29;52,541483;39,572145
4372000;40;52,576237;39,502417
6757318;60,52;52,633745;39,565232
6089275;59,65;52,633745;39,565232
7797000;69;52,62284757;39,58550653
4333680;37,04;52,60258;39,560098
6627530;72,83;52,638347;39,53797
5929000;48,2;52,62257987;39,58602151
8798075;32,88;52,59786355;39,6013918
4311472;41,13;52,620773;39,591333
7332500;72,8;52,541483;39,572145
3969965;37,63;52,620773;39,591333
4699000;38,09;52,623834;39,585435
10888679;108,18;52,619963;39,624971
10835000;99,4;52,62257987;39,58602151
7266225;70,88;52,58727345;39,56471851
6474000;53,5;52,62284757;39,58550653
5898060;55,79;52,6307;39,54897
4222208;37,15;52,63319836;39,5649671
4555920;37,04;52,60294598;39,56027455
6581000;55,29;52,623834;39,585435
7342500;72,9;52,541483;39,572145
4102273;36,83;52,633745;39,565232
4000602;35,52;52,63297;39,56748
5376000;44,79;52,623834;39,585435
5856224;41,91;52,6228;39,58424
7115000;58,79;52,623834;39,585435
8792480;71,59;52,576237;39,502417
9159970;92,05;52,60294598;39,56027455
8558000;77,09;52,623834;39,585435
5937322;51,58;52,63364523;39,56425857
4791960;36,72;52,60258;39,560098
4000000;43,9;52,54085;39,57215
6367645;57,02;52,633745;39,565232
6403107;57,29;52,63331;39,56576
6328800;58,59;52,630335;39,547947
5566980;43,79;52,5761;39,50177
5395887;50,41;52,59755;39,49022
8053000;71,9;52,62284757;39,58550653
4262514;36,13;52,63422292;39,56361484
6647340;64,59;52,59441;39,59146
8750510;87,59;52,622125;39,581288
5599080;41,2;52,62261885;39,58430216
4117729;37,04;52,633745;39,565232
3255765;28,7;52,63409237;39,5640279
5523000;44,9;52,62284757;39,58550653
3927370;34,61;52,63422292;39,56361484
5275000;42,2;52,62257987;39,58602151
7115000;58,79;52,62284757;39,58550653
4282121;37,04;52,63409237;39,5640279
4752000;39,59;52,60258;39,560098
10888679;108,18;52,61969442;39,62473581
6332647;55,11;52,6329;39,56678
11151000;102,3;52,62257987;39,58602151
5760000;47,59;52,623834;39,585435
7865000;67,8;52,623834;39,585435
6119078;56,65;52,63448;39,56571
6670580;62,93;52,60258;39,560098
4407760;37,04;52,60258;39,560098
4444800;37,04;52,60258;39,560098
4711808;41,88;52,6228;39,58424
4785000;38,9;52,623834;39,585435
6130676;56,08;52,63422292;39,56361484
9075630;87,43;52,63448;39,56571
4398365;39,36;52,63448;39,56571
4227436;38,65;52,633745;39,565232
5547000;45,09;52,623834;39,585435
4353072;39,43;52,6228;39,58424
7656495;66,29;52,602819;39,558893
3787619;33,4;52,63409237;39,5640279
4799600;36,91;52,60258;39,560098
4262053;37,15;52,6329;39,56678
5915000;68,58;52,62653;39,60886
4326209;39;52,62261885;39,58430216
6247112;57,02;52,63448;39,56571
8720490;87,23;52,622125;39,581288
4242000;40,4;52,63533143;39,54177508
5942500;58,9;52,541483;39,572145
9568020;79,8;52,5761;39,50177
7797360;61,29;52,57662716;39,50169424
5318297;49,59;52,597499;39,4902
3985982;34,38;52,6329;39,56678
4456530;38,11;52,680905;39,475198
5609000;45,59;52,623834;39,585435
5336000;44,09;52,62328;39,58497
4967841;44,81;52,63409237;39,5640279
5964598;53,33;52,61969442;39,62473581
3943044;36,13;52,633745;39,565232
4740120;41,79;52,57706958;39,50057325
3954728;35,45;52,63300906;39,56453794
5693475;50,59;52,63297;39,56748
5442520;41,2;52,620773;39,591333
5350805;50,29;52,59755;39,49022
5126000;44;52,586995;39,564195
5338000;42,7;52,62231;39,58559
6650745;24,77;52,597707;39,601511
3348000;31;52,630335;39,547947
10442000;95,8;52,623834;39,585435
9804627;81,91;52,6321;39,56203
3722601;34,38;52,633745;39,565232
6521000;54,79;52,623834;39,585435
10431000;95,69;52,62271046;39,58502373
6331500;58,5;52,635406;39,541404
6957600;66,9;52,630335;39,547947
7330470;70,34;52,63075;39,54923
3748843;33,4;52,633745;39,565232
4141256;37,27;52,63458;39,56667
5003880;54,38;52,638347;39,53797
5043000;40,9;52,623834;39,585435
5760000;47,59;52,62299;39,58601
6176000;51,9;52,62328;39,58497
3610620;30,86;52,586995;39,564195
7664500;79,4;52,7203598;39,80213928
5915000;68,58;52,62653;39,60886
8506800;83,4;52,591416;39,566485
8445000;75;52,59441;39,59146
9211590;84,51;52,601339;39,581004
3439500;37,5;52,54085;39,57215
8500800;30,79;52,59786355;39,6013918
5191100;45,13;52,636406;39,542015
6076620;55,79;52,63090842;39,54871636
4833579;41,84;52,63409237;39,5640279
7000000;62,5;52,576769;39,500909
24948000;162;52,612533;39,625666
5534000;46,5;52,623834;39,585435
9411233;88,91;52,619603;39,624768
3964251;36,36;52,633745;39,565232
7242492;64,98;52,633745;39,565232
6195219;56,08;52,633745;39,565232
7200390;61,7;52,59480659;39,59171331
7727500;79,9;52,7203598;39,80213928
4298304;36,5;52,63458;39,56667
4061190;34,95;52,63075;39,54923
5970296;52,88;52,63364523;39,56425857
8558000;77,09;52,62284757;39,58550653
6668480;58,24;52,60323;39,55946
3943000;43,09;52,54085;39,57215
4200401;37,04;52,63409237;39,5640279
4492559;40,5;52,6228;39,58424
4920000;40;52,623834;39,585435
8114000;73,09;52,62271046;39,58502373
4494777;40,52;52,62261885;39,58430216
10442000;95,8;52,623834;39,585435
4738060;39,31;52,60258;39,560098
6650800;63,95;52,630335;39,547947
6086000;50,29;52,62299;39,58601
6128000;66,3;52,54085;39,57215
6381460;23,29;52,597707;39,601511
8949400;87,13;52,63458;39,56667
4144084;36,83;52,63300906;39,56453794
4770480;41,7;52,576769;39,500909
4264310;40,41;52,620773;39,591333
8662640;79,83;52,586995;39,564195
6693270;66,26;52,60323;39,55946
7842000;69,4;52,623834;39,585435
8017200;78,59;52,591238;39,566506
4188226;35,79;52,63458;39,56667
4000000;43,7;52,54085;39,57215
5612764;41,24;52,62261885;39,58430216
7331000;85,23;52,62653;39,60886
7842000;69,4;52,623834;39,585435
7237537;61,72;52,63195735;39,56276859
4421823;40,52;52,62261885;39,58430216
8572920;71,8;52,5761;39,50177
5566000;46;52,62284757;39,58550653
6612500;65,59;52,541483;39,572145
5338000;42,7;52,62231;39,58559
5483565;40,77;52,62261885;39,58430216
3811360;32,79;52,63075;39,54923
5501581;53,99;52,62261885;39,58430216
5336000;44,09;52,62271046;39,58502373
5973255;54,63;52,63319836;39,5649671
4627789;40,02;52,63448;39,56571
4969706;42,52;52,63422292;39,56361484
10895725;108,25;52,619963;39,624971
6139492;58,4;52,63331;39,56576
5609000;45,59;52,623834;39,585435
5605110;44,09;52,576237;39,502417
8558000;77,09;52,62299;39,58601
7842000;67,59;52,623834;39,585435
4537400;37,04;52,60323;39,55946
8535510;84,51;52,58294632;39,5436626
5616750;50,45;52,633745;39,565232
5650200;43,79;52,58727345;39,56471851
4079752;36,2;52,633745;39,565232
5356315;39,52;52,586995;39,564195
24948000;162;52,612533;39,625666
4062457;34,36;52,63297;39,56748
10540000;96,69;52,62271046;39,58502373
11151000;102,3;52,623834;39,585435
7853540;74,08;52,58727345;39,56471851
8201396;65,69;52,58706035;39,56453832
4019000;44,09;52,54085;39,57215
8394210;30,57;52,597707;39,601511
4507632;40,83;52,620773;39,591333
6128000;66,3;52,54085;39,57215
5411300;40,84;52,58727345;39,56471851
5410652;47,97;52,63366808;39,56350218
7504140;63,06;52,58294632;39,5436626
5500440;37,04;52,58706035;39,56453832
4058846;34,36;52,63297;39,56748
4096140;34,95;52,63075;39,54923
5263000;42,09;52,62231;39,58559
6039000;49,09;52,623834;39,585435
4925911;41,84;52,63409237;39,5640279
3686500;40,79;52,54085;39,57215
4481840;37,04;52,60294598;39,56027455
4413723;40,83;52,62261885;39,58430216
6131500;61,09;52,7203598;39,80213928
4324320;36,95;52,680905;39,475198
5784000;47,79;52,62299;39,58601
3972404;37,15;52,620773;39,591333
5784000;47,79;52,62284757;39,58550653
9712723;86,87;52,619963;39,624971
8850000;75;52,59139803;39,56682564
5338000;42,7;52,623834;39,585435
4671744;42,24;52,62261885;39,58430216
5675851;52,88;52,63345;39,56662
4603153;41,84;52,633745;39,565232
4211124;39,43;52,62261885;39,58430216
5123300;39,4;52,60258;39,560098
4038559;36,61;52,633745;39,565232
8746500;83,3;52,591416;39,566485
7727500;79,9;52,7203598;39,80213928
7664500;79,4;52,7203598;39,80213928
6474000;53,5;52,62299;39,58601
9221300;91,3;52,58727345;39,56471851
4259759;37,13;52,63300906;39,56453794
8942080;79,83;52,586995;39,564195
5003880;54,38;52,638347;39,53797
6909187;62,56;52,63297;39,56748
4962060;40,84;52,60323;39,55946
4900800;40,84;52,60258;39,560098
4016115;37,7;52,620773;39,591333
6734140;65,37;52,60294598;39,56027455
3318000;31,1;52,541483;39,572145
3686500;40,79;52,54085;39,57215
5964598;53,33;52,619963;39,624971
4028335;36,11;52,63300906;39,56453794
28500000;290,7;52,616055;39,751035
3099440;28,7;52,633745;39,565232
8351000;73,9;52,62257987;39,58602151
4019000;44,09;52,54085;39,57215
3262352;30,39;52,633745;39,565232
5760000;47,59;52,623834;39,585435
6581000;55,29;52,62271046;39,58502373
6554700;72,83;52,638347;39,53797
24948000;162;52,612533;39,625666
5047120;54,86;52,638347;39,53797
4179429;36,5;52,63458;39,56667
6128000;66,3;52,54085;39,57215
3645600;31;52,63048247;39,54784331
6039000;49,09;52,62231;39,58559
4784572;41,84;52,633745;39,565232
5485620;42,36;52,58727345;39,56471851
4135248;37,29;52,63409237;39,5640279
5584194;52,13;52,633745;39,565232
4326209;39;52,62261885;39,58430216
4377133;39,16;52,63409237;39,5640279
5031000;40,9;52,62328;39,58497
6176000;51,9;52,62328;39,58497
8646000;78,59;52,59139803;39,56682564
2957197;27,14;52,633745;39,565232
7153720;61,66;52,58727345;39,56471851
6794180;55,68;52,58294632;39,5436626
6086145;44,84;52,620773;39,591333
8757390;87,59;52,622125;39,581288
4000000;43,9;52,54085;39,57215
5129000;41,7;52,62271046;39,58502373
7865000;67,8;52,623834;39,585435
4000000;43,9;52,54085;39,57215
4137055;36,34;52,63448;39,56571
5812640;21,37;52,59786355;39,6013918
5892000;47,9;52,62231;39,58559
8403000;75,69;52,62299;39,58601
9786963;92,47;52,619603;39,624768
4636352;41,88;52,62261885;39,58430216
6826300;59,33;52,63345;39,56662
3460660;31,01;52,633745;39,565232
6650880;64,91;52,62261885;39,58430216
6474000;53,5;52,62299;39,58601
6525050;72,09;52,57399;39,50767
6174865;57,06;52,63300906;39,56453794
5318297;49,59;52,597499;39,4902
6962322;73,91;52,620773;39,591333
5152000;80,5;52,636642;39,512653
7382350;68,8;52,622269;39,581282
7393500;27,89;52,597707;39,601511
4953300;39,5;52,59441;39,59146
7485240;70,34;52,63048247;39,54784331
5154000;41,9;52,62271046;39,58502373
7088000;61,09;52,623834;39,585435
6506511;61,18;52,633745;39,565232
4740120;41,79;52,57706958;39,50057325
5891520;54,4;52,63075;39,54923
4921000;51,79;52,59212439;39,57337589
5612764;41,24;52,62261885;39,58430216
3855000;34,61;52,633745;39,565232
5129000;41,7;52,623834;39,585435
7925400;77,69;52,591238;39,566506
7842000;67,59;52,623834;39,585435
6612500;65,59;52,541483;39,572145
8929820;92,05;52,60258;39,560098
10239431;92,47;52,61969442;39,62473581
4932720;40,79;52,59441;39,59146
5310000;58,79;52,62653;39,60886
8635000;78,5;52,591238;39,566506
4492999;40,02;52,633745;39,565232
7319742;65,47;52,62210645;39,58122402
7099000;61,09;52,623834;39,585435
4437522;38,65;52,63448;39,56571
4821250;38,56;52,601339;39,581004
10933000;100,3;52,623834;39,585435
6521000;54,79;52,62328;39,58497
10987118;110,7;52,619963;39,624971
6474000;53,5;52,62284757;39,58550653
4871500;50,09;52,7203598;39,80213928
4000000;43,7;52,54085;39,57215
5379000;45,2;52,623834;39,585435
6739825;64,25;52,63048247;39,54784331
7801150;71,9;52,576769;39,500909
4078969;35,52;52,63297;39,56748
4407760;37,04;52,60258;39,560098
4996405;18,88;52,597707;39,601511
7752600;65,69;52,591238;39,566506
8744516;87,54;52,62210645;39,58122402
4880380;40,84;52,60323;39,55946
7078000;76,4;52,54085;39,57215
6515730;55,68;52,601339;39,581004
3772500;37,2;52,541483;39,572145
8547110;30,57;52,597707;39,601511
4110814;36,25;52,63458;39,56667
10431000;95,69;52,623834;39,585435
4682500;46,29;52,541483;39,572145
6716000;57,9;52,62271046;39,58502373
3991531;35,79;52,63300906;39,56453794
3461379;30,2;52,63422292;39,56361484
5472560;40,84;52,586995;39,564195
5783800;44;52,58706035;39,56453832
5602849;53,33;52,619603;39,624768
5712000;48;52,62328;39,58497
6716000;57,9;52,62328;39,58497
4364383;40,02;52,633745;39,565232
9689822;85,02;52,61969442;39,62473581
7276010;67,05;52,60323;39,55946
4223505;37,27;52,63409237;39,5640279
6185150;60,04;52,630335;39,547947
3732101;35,5;52,620773;39,591333
6570690;65,37;52,60323;39,55946
4690509;42,52;52,63422292;39,56361484
5781000;47;52,623834;39,585435
6239460;57,06;52,633745;39,565232
7481000;66,19;52,62271046;39,58502373
3983938;36,83;52,633745;39,565232
6871995;62,18;52,60294598;39,56027455
5264000;43,5;52,62328;39,58497
4871500;50,09;52,7203598;39,80213928
4083178;36,36;52,63422292;39,56361484
5031000;40,9;52,62328;39,58497
5929000;48,2;52,62257987;39,58602151
8351000;73,9;52,62231;39,58559
6004970;21,37;52,59786355;39,6013918
3223677;28,64;52,63409237;39,5640279
6714446;61,41;52,63319836;39,5649671
4561000;39,34;52,62653;39,60886
8558000;77,09;52,62299;39,58601
5289000;43;52,62299;39,58601
7965750;64,5;52,57662716;39,50169424
4481840;37,04;52,60258;39,560098
8217958;72,09;52,57706958;39,50057325
3575382;32,25;52,63458;39,56667
6412708;61,72;52,62261885;39,58430216
6187000;50,29;52,62257987;39,58602151
7471170;70,34;52,63075;39,54923
8341740;84,26;52,60294598;39,56027455
5337221;49,68;52,59755;39,49022
3786055;32,09;52,6329;39,56678
3559340;38,38;52,638347;39,53797
3068415;28,64;52,633745;39,565232
6077492;53,95;52,63319836;39,5649671
7175700;70,34;52,630335;39,547947
5781000;47;52,623834;39,585435
7196820;67,26;52,586995;39,564195
7518420;64,25;52,680905;39,475198
5609000;45,59;52,62231;39,58559
3972404;37,15;52,620773;39,591333
6209170;60,04;52,63048247;39,54784331
7969000;68,69;52,62231;39,58559
4770480;41,7;52,57706958;39,50057325
5375000;43,7;52,62284757;39,58550653
4198729;38,97;52,633745;39,565232
4298283;39,47;52,62261885;39,58430216
4785000;38,9;52,623834;39,585435
5599080;41,2;52,62261885;39,58430216
4401530;31,78;52,58727345;39,56471851
4106619;37,7;52,620773;39,591333
3360222;30,39;52,63345;39,56662
3998206;35,52;52,633745;39,565232
10442000;95,8;52,623834;39,585435
7566600;48,29;52,611599;39,585155
4902500;53,5;52,54085;39,57215
8114000;73,09;52,623834;39,585435
5718687;52,63;52,63300906;39,56453794
7236520;64,04;52,602819;39,558893
6534000;54;52,623834;39,585435
9300000;136,3;52,678413;39,695933
6150000;50;52,62257987;39,58602151
7391320;71,9;52,57399;39,50767
5712000;48;52,62271046;39,58502373
6650880;64,91;52,6228;39,58424
7115000;58,79;52,62299;39,58601
5769000;46,9;52,62257987;39,58602151
7930020;75,98;52,63409237;39,5640279
6399120;58,59;52,63075;39,54923
6767790;64,91;52,62261885;39,58430216
4088110;38,34;52,620773;39,591333
5292300;39;52,57662716;39,50169424
5338000;42,7;52,62231;39,58559
9333907;87,13;52,63422292;39,56361484
4583631;40,02;52,63448;39,56571
6742519;63,72;52,633745;39,565232
5760000;47,59;52,62284757;39,58550653
5129000;41,7;52,62271046;39,58502373
4000000;43,7;52,54085;39,57215
6131100;57,29;52,630335;39,547947
5376000;44,79;52,623834;39,585435
5264000;43,5;52,623834;39,585435
7343000;63,29;52,62257987;39,58602151
3575200;32,79;52,630335;39,547947
6192320;23,68;52,597707;39,601511
6581000;55,29;52,62328;39,58497
4203238;39,43;52,620773;39,591333
8351000;73,9;52,62257987;39,58602151
5193320;40,7;52,5761;39,50177
7315000;77;52,57969771;39,61318144
5150275;38,86;52,620773;39,591333
4188226;35,79;52,63409237;39,5640279
5784000;47,79;52,623834;39,585435
8053000;71,9;52,62299;39,58601
4232585;39;52,6228;39,58424
3596000;32,59;52,54143;39,572123
6687900;24,77;52,597707;39,601511
6747615;62,18;52,60294598;39,56027455
6505200;55,59;52,636406;39,542015
4630000;37,04;52,60294598;39,56027455
5824896;42,24;52,6228;39,58424
4053825;37,63;52,6228;39,58424
4367920;30,76;52,586995;39,564195
6716222;61,41;52,633745;39,565232
7402500;73,5;52,541483;39,572145
8635000;78,5;52,59139803;39,56682564
9945992;89,81;52,619963;39,624971
6716520;62,18;52,60323;39,55946
5002900;40,84;52,60323;39,55946
5734184;52,88;52,63364523;39,56425857
5523000;44,9;52,623834;39,585435
5264000;43,5;52,623834;39,585435
4703460;41,54;52,6307;39,54897
3914400;34,95;52,630335;39,547947
7379604;70,94;52,622125;39,581288
9235179;73,91;52,62261885;39,58430216
5781000;47;52,62257987;39,58602151
7842000;69,4;52,62299;39,58601
4567731;40,52;52,62261885;39,58430216
5994000;54,4;52,54143;39,572123
3195663;27,14;52,63409237;39,5640279
6602500;65,5;52,541483;39,572145
5935429;39,52;52,58706035;39,56453832
4354259;38,65;52,63409237;39,5640279
8341740;84,26;52,60294598;39,56027455
10888679;108,18;52,619963;39,624971
8000000;70,8;52,62299;39,58601
6557759;56,97;52,63366808;39,56350218
3681600;38,34;52,638347;39,53797
4182039;37,7;52,6228;39,58424
7664500;79,4;52,7203598;39,80213928
6017967;53,95;52,63319836;39,5649671
6039000;49,09;52,62257987;39,58602151
7414800;63,52;52,597499;39,4902
5760000;47,59;52,62284757;39,58550653
5263000;42,09;52,62231;39,58559
5287784;50,38;52,633745;39,565232
7251489;73,91;52,6228;39,58424
7638500;82,4;52,54085;39,57215
4385524;41,13;52,620773;39,591333
4492559;40,5;52,6228;39,58424
7398600;62,7;52,591238;39,566506
10715000;98,3;52,62257987;39,58602151
7310160;62,47;52,636406;39,542015
5376000;44,79;52,623834;39,585435
4472784;41,88;52,620773;39,591333
7090890;66,26;52,60323;39,55946
6354689;64,91;52,620773;39,591333
9364970;87,43;52,63448;39,56571
6689260;54,83;52,601339;39,581004
4916880;43,18;52,63345;39,56662
7727500;79,9;52,7203598;39,80213928
6650880;64,91;52,6228;39,58424
6865580;24,26;52,597707;39,601511
3919478;36,27;52,633745;39,565232
8295000;75;52,59441;39,59146
8351000;73,9;52,623834;39,585435
7330470;70,34;52,63075;39,54923
4699000;38,09;52,623834;39,585435
6631360;24,37;52,597707;39,601511
4187715;36,11;52,63300906;39,56453794
15267280;55,72;52,597707;39,601511
4957167;41,79;52,57706958;39,50057325
4365787;37,04;52,63409237;39,5640279
7402500;73,5;52,541483;39,572145
8053000;71,9;52,623834;39,585435
4545000;50,5;52,57969771;39,61318144
4345088;30,86;52,58706035;39,56453832
5126000;44;52,58727345;39,56471851
7326264;65,55;52,62210645;39,58122402
5043000;40,9;52,623834;39,585435
5490783;53,99;52,620773;39,591333
3666690;27,98;52,58727345;39,56471851
5348000;44,2;52,62328;39,58497
4000000;43,7;52,54085;39,57215
6974370;59,61;52,586995;39,564195
5769000;46,9;52,623834;39,585435
7408005;70,88;52,586995;39,564195
5404399;53,99;52,6228;39,58424
4353072;39,43;52,6228;39,58424
8147000;73,4;52,62299;39,58601
3929628;36,4;52,633745;39,565232
7700000;109,4;52,678413;39,695933
4178443;37,27;52,633745;39,565232
3984300;34,95;52,630335;39,547947
7176411;64,98;52,6329;39,56678
9300000;136,3;52,678413;39,695933
7386840;69,36;52,58727345;39,56471851
6521000;54,79;52,623834;39,585435
8000000;70,8;52,623834;39,585435
5004220;50,65;52,620773;39,591333
4496250;41,25;52,630335;39,547947
4211124;39,43;52,6228;39,58424
5914800;55,79;52,630335;39,547947
6150000;50;52,62231;39,58559
5393080;45,31;52,60291986;39,55890126
4288612;36,91;52,63458;39,56667
5780768;41,91;52,6228;39,58424
8263550;69,5;52,57662716;39,50169424
4459576;41,13;52,620773;39,591333
4401530;31,78;52,58727345;39,56471851
5772384;41,91;52,620773;39,591333
6602500;65,5;52,541483;39,572145
6581000;55,29;52,623834;39,585435
6572035;61,18;52,633745;39,565232
10835000;99,4;52,62257987;39,58602151
24948000;162;52,612533;39,625666
8591000;77,4;52,62299;39,58601
8309420;84,79;52,601339;39,581004
30032370;196,28;52,612533;39,625666
3289726;28,72;52,63422292;39,56361484
8558000;77,09;52,62299;39,58601
5510000;44,79;52,623834;39,585435
4019000;44,09;52,54085;39,57215
4830000;46;52,57969771;39,61318144
6194500;61,59;52,7203598;39,80213928
4870800;39,59;52,60294598;39,56027455
4686000;38,09;52,623834;39,585435
6627000;66,26;52,60294598;39,56027455
4417420;31,78;52,586995;39,564195
4105270;29,89;52,59441;39,59146
4208132;36,4;52,63409237;39,5640279
10039733;99,25;52,631291;39,562362
3087264;27,04;52,63319836;39,5649671
4370720;37,04;52,60258;39,560098
5560000;45,2;52,62299;39,58601
7331000;85,23;52,62653;39,60886
6581000;55,29;52,623834;39,585435
6128000;66,3;52,54085;39,57215
7147097;73,91;52,620773;39,591333
9048585;66,29;52,602819;39,558893
5048360;41,38;52,586995;39,564195
5516680;41,2;52,620773;39,591333
4047516;36,4;52,63409237;39,5640279
5170000;44;52,586995;39,564195
7518420;64,25;52,680905;39,475198
7835734;59,61;52,58706035;39,56453832
6922920;55,83;52,58294632;39,5436626
9708982;90,3;52,619963;39,624971
9658903;87,43;52,63422292;39,56361484
5501581;53,99;52,62261885;39,58430216
5547000;45,09;52,623834;39,585435
10442000;95,8;52,62271046;39,58502373
3505920;26,55;52,60258;39,560098
5723520;42,24;52,62261885;39,58430216
30032370;196,28;52,612533;39,625666
6428040;23,29;52,597707;39,601511
5743500;54,2;52,541483;39,572145
10824000;99,3;52,62231;39,58559
5490783;53,99;52,620773;39,591333
9495200;91,3;52,58727345;39,56471851
9564750;70,84;52,597499;39,4902
6586850;63,95;52,630335;39,547947
7104719;64,98;52,6329;39,56678
6474000;53,5;52,623834;39,585435
5510000;44,79;52,62299;39,58601
6554700;72,83;52,638347;39,53797
5686996;41,24;52,6228;39,58424
4455613;40,99;52,620773;39,591333
5310000;58,79;52,62653;39,60886
3176311;28,7;52,633745;39,565232
4167978;36,4;52,63458;39,56667
6015000;48,9;52,62231;39,58559
10225226;98,88;52,63195735;39,56276859
8114000;73,09;52,623834;39,585435
6004000;63,2;52,57969771;39,61318144
7007065;25,06;52,59786355;39,6013918
6138000;49,9;52,62257987;39,58602151
6701707;61,18;52,63458;39,56667
10288949;98,44;52,63218211;39,56198439
5715423;51,22;52,59755;39,49022
4324320;36,95;52,680905;39,475198
4000602;35,52;52,63319836;39,5649671
6098400;61,59;52,63573286;39,54146395
8011080;69,36;52,58706035;39,56453832
8445000;75;52,59480659;39,59171331
13601500;49,45;52,597707;39,601511
6773690;64,81;52,60323;39,55946
6650441;61,41;52,633745;39,565232
9945992;89,81;52,619963;39,624971
4945308;41,7;52,57706958;39,50057325
10443491;111,01;52,619963;39,624971
4043069;36,36;52,63448;39,56571
9834000;89,4;52,591238;39,566506
6610240;58,24;52,60258;39,560098
4658518;42,22;52,633745;39,565232
6650880;64,91;52,6228;39,58424
7299600;61,59;52,602819;39,558893
5177161;43,75;52,63331;39,56576
7030760;67,27;52,60258;39,560098
7687500;75;52,60294598;39,56027455
7440000;49,59;52,597499;39,4902
5962000;44;52,58727345;39,56471851
9275705;73,91;52,620773;39,591333
8004766;61,66;52,58706035;39,56453832
8558000;77,09;52,62284757;39,58550653
6501137;60,52;52,633745;39,565232
9010250;78,34;52,59755;39,49022
7061215;61,66;52,586995;39,564195
9300000;136,3;52,678413;39,695933
7842000;69,4;52,62299;39,58601
5336000;44,09;52,62271046;39,58502373
8929800;82;52,57706958;39,50057325
5189145;38,86;52,620773;39,591333
4871500;50,09;52,7203598;39,80213928
5784000;47,79;52,62299;39,58601
9300000;136,3;52,678413;39,695933
5123300;39,4;52,602819;39,558893
7111896;73,91;52,62261885;39,58430216
5519358;41,22;52,620773;39,591333
3716941;32,09;52,63300906;39,56453794
3772500;37,2;52,541483;39,572145
8081000;72,8;52,62299;39,58601
7290630;60,7;52,63218211;39,56198439
6020820;55,79;52,63090842;39,54871636
4995751;43,41;52,63331;39,56576
5788650;20,86;52,597707;39,601511
7316300;63,61;52,601339;39,581004
4537593;40,99;52,6228;39,58424
9945992;89,81;52,619963;39,624971
6714750;63,95;52,6307;39,54897
5350805;50,29;52,597499;39,4902
4051035;34,65;52,63409237;39,5640279
5376000;44,79;52,62328;39,58497
8403000;75,69;52,62284757;39,58550653
7024550;69,55;52,630335;39,547947
7414800;61,79;52,59755;39,49022
9839567;98,91;52,63195735;39,56276859
8751391;87,54;52,622125;39,581288
4463320;37,04;52,60323;39,55946
5781000;47;52,62231;39,58559
4324320;36,95;52,636406;39,542015
4752000;39,59;52,60258;39,560098
6658740;67,26;52,586995;39,564195
6199000;50,4;52,62231;39,58559
5929000;48,2;52,62231;39,58559
9010250;78,34;52,59755;39,49022
5679570;52,27;52,6329;39,56678
7457600;63,2;52,591238;39,566506
9234225;81,9;52,57706958;39,50057325
7288518;63,43;52,6329;39,56678
6581000;55,29;52,62328;39,58497
4407760;37,04;52,60258;39,560098
8250045;82,08;52,60258;39,560098
3105813;27,14;52,63409237;39,5640279
5609000;45,59;52,62231;39,58559
6581000;55,29;52,62271046;39,58502373
4238628;37,04;52,633745;39,565232
6644169;60,04;52,63422292;39,56361484
6827746;61,09;52,63366808;39,56350218
5188000;41,5;52,62257987;39,58602151
6188390;23,53;52,597707;39,601511
5178000;42,09;52,62299;39,58601
6250000;60,79;52,597658;39,510143
6533970;64,91;52,6228;39,58424
5560000;45,2;52,62284757;39,58550653
3542000;38,4;52,62653;39,60886
6559550;61,16;52,6321;39,56203
6509555;23,29;52,597707;39,601511
6030936;55,72;52,63458;39,56667
6299245;60,04;52,63048247;39,54784331
9300000;136,3;52,678413;39,695933
5824896;42,24;52,6228;39,58424
4903500;46,7;52,57969771;39,61318144
6982500;66,5;52,57969771;39,61318144
5310000;58,79;52,62653;39,60886
6716000;57,9;52,62271046;39,58502373
5358537;39,43;52,6228;39,58424
6401902;41,56;52,63195735;39,56276859
5875200;54,4;52,630335;39,547947
5740757;54,63;52,633745;39,565232
4291399;38,66;52,63458;39,56667
4953555;40,77;52,60323;39,55946
6763491;60,52;52,633745;39,565232
4345291;36,83;52,6329;39,56678
6204912;56,08;52,63366808;39,56350218
4673240;41,79;52,57399;39,50767
4344758;39,84;52,633745;39,565232
4449600;41,2;52,630335;39,547947
3194237;27,14;52,63409237;39,5640279
8546670;86,33;52,60258;39,560098
5760000;47,59;52,623834;39,585435
4159160;36,2;52,633745;39,565232
4937400;54,86;52,638347;39,53797
3824463;33,4;52,63458;39,56667
7518420;64,25;52,636406;39,542015
84287610;373,6;52,597707;39,601511
6474000;53,5;52,623834;39,585435
5707000;46,4;52,62257987;39,58602151
7402500;73,5;52,541483;39,572145
4265508;36,11;52,63300906;39,56453794
6176000;51,9;52,623834;39,585435
7795462;69,8;52,61969442;39,62473581
4578750;41,25;52,630335;39,547947
5310000;58,79;52,62653;39,60886
4762720;41,2;52,63048247;39,54784331
8351000;73,9;52,62231;39,58559
3943000;43,09;52,54085;39,57215
6641997;62,58;52,633745;39,565232
10715000;98,3;52,62257987;39,58602151
4704570;40,2;52,680905;39,475198
4071631;35,79;52,63458;39,56667
5376000;44,79;52,623834;39,585435
8613000;78,3;52,59139803;39,56682564
6083000;110,59;52,636642;39,512653
7099000;61,09;52,623834;39,585435
3953885;38,34;52,620773;39,591333
7864500;74,4;52,541483;39,572145
7737000;66,69;52,62231;39,58559
4115716;35,84;52,63319836;39,5649671
8720490;87,23;52,622125;39,581288
3796019;35,5;52,620773;39,591333
6612500;65,59;52,541483;39,572145
7842000;67,59;52,62231;39,58559
4374440;36,75;52,60294598;39,56027455
4681380;38,06;52,60258;39,560098
11274600;81,75;52,63140738;39,5624655
5156840;54,86;52,638347;39,53797
8351000;73,9;52,62257987;39,58602151
3519200;26,55;52,60291986;39,55890126
5772384;41,91;52,620773;39,591333
3840885;37,11;52,620773;39,591333
5272305;38,9;52,62261885;39,58430216
4000000;43,9;52,54085;39,57215
5891520;54,4;52,63075;39,54923
4747776;42,24;52,62261885;39,58430216
11516175;44,54;52,597707;39,601511
6884010;66,9;52,63090842;39,54871636
6399260;60,2;52,59441;39,59146
6799070;61,45;52,63366808;39,56350218
6425000;53,09;52,62299;39,58601
6521000;54,79;52,62271046;39,58502373
8403000;75,69;52,623834;39,585435
4456530;38,11;52,680905;39,475198
7797000;69;52,623834;39,585435
3763375;27,37;52,60258;39,560098
4114161;37,7;52,62261885;39,58430216
3681542;32,09;52,63300906;39,56453794
4481840;37,04;52,60294598;39,56027455
4494777;40,52;52,62261885;39,58430216
4177703;37,15;52,633745;39,565232
10715000;98,3;52,623834;39,585435
3044430;27,14;52,633745;39,565232
5547000;45,09;52,62284757;39,58550653
4003506;34,63;52,63422292;39,56361484
7084710;66,9;52,63090842;39,54871636
6710411;60,04;52,63422292;39,56361484
3521650;29,78;52,63364523;39,56425857
6109000;65,9;52,54085;39,57215
3996920;34,83;52,633745;39,565232
4056500;42,7;52,638347;39,53797
5566328;52,02;52,63319836;39,5649671
5887818;53,75;52,63364523;39,56425857
8351000;73,9;52,62231;39,58559
5296419;53,99;52,620773;39,591333
4716106;40,02;52,63448;39,56571
7324435;65,69;52,58727345;39,56471851
7873050;68,3;52,576769;39,500909
5402600;45,4;52,601339;39,581004
3450920;27,82;52,60258;39,560098
4265969;36,83;52,6329;39,56678
8000000;70,8;52,62284757;39,58550653
5807769;50,59;52,63319836;39,5649671
6538000;65,37;52,60258;39,560098
4805325;39,54;52,60294598;39,56027455
7280135;73,91;52,620773;39,591333
6740330;63,95;52,63090842;39,54871636
5376000;44,79;52,62328;39,58497
10704000;98,19;52,623834;39,585435
6565954;60,52;52,633745;39,565232
5560000;45,2;52,62299;39,58601
7115000;58,79;52,62299;39,58601
6340520;58,59;52,63075;39,54923
3787619;33,4;52,63409237;39,5640279
3548440;26,68;52,586995;39,564195
5566892;52,77;52,633745;39,565232
6067200;94,8;52,636642;39,512653
5941000;48,29;52,623834;39,585435
7481000;66,19;52,623834;39,585435
3772500;37,2;52,541483;39,572145
8708350;69,5;52,57662716;39,50169424
6979325;62,58;52,63300906;39,56453794
4671744;42,24;52,62261885;39,58430216
6521000;54,79;52,623834;39,585435
8758000;78,9;52,62299;39,58601
5500440;37,04;52,58706035;39,56453832
4785000;38,9;52,623834;39,585435
5771160;20,9;52,597707;39,601511
6015000;48,9;52,62257987;39,58602151
4000000;43,9;52,54085;39,57215
6209170;60,04;52,63048247;39,54784331
4299312;38,36;52,6329;39,56678
4954740;39,47;52,60258;39,560098
5654578;52,04;52,63297;39,56748
4455613;40,99;52,620773;39,591333
7842000;67,59;52,623834;39,585435
8426000;84,26;52,60323;39,55946
4447712;41,91;52,620773;39,591333
6128000;66,3;52,54085;39,57215
5508943;52,02;52,63297;39,56748
6425000;53,09;52,62299;39,58601
6012174;56,08;52,633745;39,565232
8081290;67,91;52,60258;39,560098
6716000;57,9;52,62328;39,58497
4004520;30,2;52,57662716;39,50169424
3318524;29,14;52,63409237;39,5640279
6323055;22,06;52,597707;39,601511
6514963;60,04;52,633745;39,565232
5760000;47,59;52,623834;39,585435
6252400;61,59;52,63573286;39,54146395
3927103;34,63;52,63448;39,56571
4752000;39,59;52,60323;39,55946
9846330;88,91;52,61969442;39,62473581
4447960;36,75;52,60294598;39,56027455
6412708;61,72;52,6228;39,58424
7084710;66,9;52,63090842;39,54871636
7246050;70,34;52,630335;39,547947
7492000;66,3;52,62328;39,58497
9712723;86,87;52,61969442;39,62473581
7088000;61,09;52,62271046;39,58502373
8403000;75,69;52,62299;39,58601
4368128;36,91;52,63409237;39,5640279
5929000;48,2;52,62231;39,58559
7017920;67,48;52,58727345;39,56471851
6716000;57,9;52,623834;39,585435
5379000;45,2;52,623834;39,585435
5289000;43;52,62284757;39,58550653
6131500;61,09;52,7203598;39,80213928
5446418;50,38;52,63300906;39,56453794
7604850;60,5;52,5761;39,50177
4381831;40,99;52,620773;39,591333
6261000;50,9;52,62257987;39,58602151
5760000;47,59;52,62284757;39,58550653
4014804;37,29;52,633745;39,565232
3197963;29,79;52,633745;39,565232
3457108;29,79;52,63345;39,56662
5680160;41,88;52,6228;39,58424
5074480;37,04;52,586995;39,564195
4119330;36,61;52,63319836;39,5649671
5280000;42,24;52,60258;39,560098
8356285;61,66;52,58727345;39,56471851
4048753;27,98;52,58706035;39,56453832
7171700;49,45;52,597499;39,4902
5523000;44,9;52,623834;39,585435
4494777;40,52;52,62261885;39,58430216
6930295;65,69;52,586995;39,564195
4178828;37,15;52,633745;39,565232
6011200;54,4;52,63048247;39,54784331
4077000;30,2;52,576237;39,502417
8825000;78,09;52,62231;39,58559
6890700;66,9;52,630335;39,547947
5914965;55,72;52,633745;39,565232
5348000;44,2;52,62328;39,58497
4695081;41,84;52,63409237;39,5640279
11151000;102,3;52,62231;39,58559
7342500;72,9;52,541483;39,572145
6322022;60,04;52,633745;39,565232
5712000;48;52,62328;39,58497
4809000;39,09;52,623834;39,585435
4611480;37,04;52,60323;39,55946
5520286;52,5;52,63345;39,56662
6399260;60,2;52,59441;39,59146
7842000;69,4;52,62284757;39,58550653
5336000;44,09;52,62328;39,58497
5760000;47,59;52,62299;39,58601
5547000;45,09;52,62284757;39,58550653
7580060;71,51;52,586995;39,564195
8949400;87,13;52,63409237;39,5640279
4000000;43,7;52,54085;39,57215
8339000;73,8;52,623834;39,585435
3226340;28,72;52,63448;39,56571
5376000;44,79;52,62271046;39,58502373
7875280;27,44;52,597707;39,601511
2938590;28,53;52,638347;39,53797
8828370;69,9;52,5761;39,50177
3049976;27,37;52,633745;39,565232
4177971;39;52,620773;39,591333
24948000;162;52,612533;39,625666
5581838;50,59;52,63319836;39,5649671
3984300;34,95;52,630335;39,547947
3934997;33,4;52,63409237;39,5640279
12516600;90,69;52,631897;39,562829
7080024;74,37;52,620773;39,591333
4851630;40,77;52,60258;39,560098
6138270;21,69;52,597707;39,601511
8271890;30,57;52,597707;39,601511
4117729;37,04;52,633745;39,565232
4816560;39,47;52,60258;39,560098
6092900;55,38;52,601339;39,581004
4556122;39,84;52,633745;39,565232
8201396;65,69;52,58706035;39,56453832
6767790;64,91;52,6228;39,58424
8850000;75;52,591238;39,566506
8904929;87,43;52,633745;39,565232
8452000;74,8;52,623834;39,585435
5275000;42,2;52,62257987;39,58602151
4119330;36,61;52,63297;39,56748
6474000;53,5;52,623834;39,585435
5483720;45,31;52,60291986;39,55890126
4787413;41,84;52,63409237;39,5640279
4324320;37;52,680905;39,475198
7842000;69,4;52,623834;39,585435
6025728;55,11;52,6329;39,56678
3953155;35,79;52,63458;39,56667
6974370;59,61;52,58727345;39,56471851
7331000;85,23;52,62653;39,60886
7770000;70;52,623834;39,585435
5031000;40,9;52,62271046;39,58502373
5917530;20,9;52,597707;39,601511
7759000;69,9;52,623834;39,585435
5510000;44,79;52,62284757;39,58550653
4413717;40,52;52,620773;39,591333
3787619;33,4;52,63458;39,56667
4474320;41,13;52,6228;39,58424
5760000;47,59;52,623834;39,585435
4805325;39,54;52,60294598;39,56027455
6643450;64,25;52,63048247;39,54784331
8131500;83,4;52,591416;39,566485
6617750;64,25;52,63075;39,54923
6176000;51,9;52,62328;39,58497
8892840;67,37;52,60258;39,560098
5560000;45,2;52,623834;39,585435
5003880;54,38;52,638347;39,53797
6756900;66,9;52,630335;39,547947
4346176;38,74;52,63422292;39,56361484
5264000;43,5;52,623834;39,585435
4450127;40,02;52,633745;39,565232
6086000;50,29;52,62299;39,58601
7141284;74,37;52,62261885;39,58430216
11151000;102,3;52,623834;39,585435
7492000;66,3;52,62271046;39,58502373
7251489;73,91;52,62261885;39,58430216
7304194;61,72;52,63218211;39,56198439
4407760;37,04;52,60294598;39,56027455
7692300;69,93;52,60291986;39,55890126
8351000;73,9;52,62257987;39,58602151
9568020;79,8;52,57662716;39,50169424
3824463;33,4;52,63458;39,56667
4476492;41,22;52,62261885;39,58430216
4182039;37,7;52,6228;39,58424
7597856;65,77;52,63218211;39,56198439
3192423;28,7;52,63409237;39,5640279
6607650;62,93;52,60294598;39,56027455
7518420;64,25;52,680905;39,475198
8549500;87,23;52,622269;39,581282
5129000;41,7;52,62328;39,58497
5841660;55,11;52,601339;39,581004
4941250;39,52;52,60323;39,55946
7011200;62,59;52,608948;39,599023
4013800;42,7;52,638347;39,53797
6759630;67,26;52,58727345;39,56471851
6617750;64,25;52,630335;39,547947
6896200;67,27;52,60258;39,560098
8558000;77,09;52,62299;39,58601
9691478;86,68;52,619963;39,624971
4304193;37,15;52,63319836;39,5649671
3358521;29,79;52,63364523;39,56425857
8782065;87,13;52,633745;39,565232
9590000;95,9;52,59212439;39,57337589
3496064;31,01;52,63331;39,56576
4157140;38,34;52,620773;39,591333
4669500;41,25;52,6307;39,54897
4951090;44,34;52,63366808;39,56350218
6059550;59,7;52,63573286;39,54146395
4149455;35,79;52,63300906;39,56453794
6599640;63,95;52,6307;39,54897
7013792;60,7;52,63218211;39,56198439
5263000;42,09;52,623834;39,585435
6034339;55,72;52,633745;39,565232
4127824;36,4;52,63409237;39,5640279
4785000;38,9;52,62328;39,58497
6199376;53,95;52,63319836;39,5649671
4947854;43,41;52,63331;39,56576
4664540;39,52;52,60258;39,560098
4255991;39;52,6228;39,58424
4515798;40,83;52,6228;39,58424
5760000;47,59;52,62299;39,58601
6728880;24,37;52,597707;39,601511
4135248;37,29;52,63458;39,56667
11488680;91,18;52,602819;39,558893
6425000;53,09;52,623834;39,585435
4411200;36,75;52,60258;39,560098
7481000;66,19;52,62328;39,58497
6716000;57,9;52,623834;39,585435
4134400;30,39;52,59441;39,59146
7402995;60,93;52,602819;39,558893
5379000;45,2;52,623834;39,585435
5850851;52,88;52,63345;39,56662
10501611;110,7;52,619603;39,624768
4681380;38,06;52,60258;39,560098
5137040;40,9;52,576237;39,502417
5412000;44;52,62299;39,58601
6077990;55,88;52,63300906;39,56453794
5030340;40,59;52,59480659;39,59171331
5548797;40,83;52,620773;39,591333
6993700;72,09;52,608948;39,599023
5336000;44,2;52,623834;39,585435
3686500;40,79;52,54085;39,57215
11129000;102,09;52,62231;39,58559
7033110;65,73;52,60294598;39,56027455
3860569;34,65;52,633745;39,565232
5769000;56,9;52,623834;39,585435
3574313;32,09;52,633745;39,565232
4924135;42,83;52,633745;39,565232
5298320;41,2;52,57662716;39,50169424
5348000;44,2;52,623834;39,585435
5358537;39,43;52,6228;39,58424
7965341;64,26;52,6321;39,56203
5490783;53,99;52,620773;39,591333
7777114;70,43;52,63409237;39,5640279
6966396;60,52;52,63458;39,56667
6716000;57,9;52,62328;39,58497
5769000;46,9;52,62257987;39,58602151
9691478;86,68;52,619963;39,624971
6399260;60,2;52,59480659;39,59171331
7895000;85;52,54085;39,57215
3676600;31;52,63048247;39,54784331
7492000;66,19;52,623834;39,585435
6233190;24,02;52,59786355;39,6013918
3283930;28,7;52,633745;39,565232
6562648;60,52;52,63458;39,56667
4401530;31,78;52,58727345;39,56471851
4034226;35,84;52,633745;39,565232
4308138;39,66;52,633745;39,565232
7759000;69,9;52,623834;39,585435
6065460;55,79;52,6307;39,54897
5644232;41,38;52,58706035;39,56453832
4752000;41,25;52,6307;39,54897
8103000;73;52,62328;39,58497
6090000;60,9;52,59212439;39,57337589
5644232;41,38;52,58706035;39,56453832
6581000;55,29;52,623834;39,585435
9237781;87,13;52,63422292;39,56361484
7842000;69,4;52,62284757;39,58550653
5264000;43,5;52,623834;39,585435
8230565;78,87;52,63409237;39,5640279
6400126;64,91;52,620773;39,591333
6849954;61,41;52,63319836;39,5649671
7342500;72,9;52,541483;39,572145
7099000;61,2;52,62328;39,58497
3636300;31;52,63075;39,54923
9982006;111,01;52,619603;39,624768
9411233;88,91;52,619603;39,624768
10071250;87,5;52,5761;39,50177
5350805;50,29;52,597499;39,4902
5882500;58,29;52,541483;39,572145
4124615;39,47;52,620773;39,591333
4561000;39,34;52,62653;39,60886
6850000;67,3;52,597658;39,510143
8240464;79,22;52,6321;39,56203
5129000;41,7;52,62328;39,58497
3913434;36,25;52,633745;39,565232
5974652;55,72;52,633745;39,565232
5500200;41,2;52,620773;39,591333
5435727;38,9;52,6228;39,58424
5406217;50,41;52,59755;39,49022
4305755;37,27;52,63409237;39,5640279
7797000;69;52,62284757;39,58550653
6644050;64,81;52,60323;39,55946
4203508;36,36;52,63422292;39,56361484
5929000;48,2;52,623834;39,585435
4699000;38,2;52,62328;39,58497
4481840;37,04;52,60294598;39,56027455
5350805;50,29;52,59755;39,49022
3295874;30,2;52,633745;39,565232
6000320;54,4;52,63075;39,54923
6310720;23,68;52,597707;39,601511
7490280;67,48;52,586995;39,564195
7842000;67,59;52,623834;39,585435
5279677;39,43;52,620773;39,591333
9300000;136,3;52,678413;39,695933
3321419;28,72;52,63422292;39,56361484
6086000;50,29;52,62299;39,58601
3522832;29,79;52,63345;39,56662
5781000;47;52,62257987;39,58602151
6000320;54,4;52,63075;39,54923
3384804;28,72;52,63422292;39,56361484
3665475;31,01;52,63331;39,56576
4680320;41,2;52,63048247;39,54784331
9978390;87,3;52,5761;39,50177
4058636;36,5;52,63409237;39,5640279
6884010;66,9;52,63090842;39,54871636
4071675;34,95;52,63048247;39,54784331
5724000;48,09;52,62271046;39,58502373
6119010;23,57;52,597707;39,601511
4076180;35,84;52,63297;39,56748
4851000;39,59;52,60323;39,55946
4203238;39,43;52,620773;39,591333
9403900;91,3;52,586995;39,564195
4812000;40;52,59480659;39,59171331
4880380;40,84;52,60258;39,560098
3255765;28,7;52,63409237;39,5640279
9437130;91,18;52,60291986;39,55890126
3708520;26,68;52,58727345;39,56471851
24948000;162;52,612533;39,625666
3922122;35,52;52,633745;39,565232
9186520;76,3;52,5761;39,50177
4762720;41,2;52,63048247;39,54784331
4061335;36,13;52,63422292;39,56361484
8563790;84,79;52,601339;39,581004
4558125;41,25;52,63090842;39,54871636
6406140;22,92;52,59786355;39,6013918
4419641;40,5;52,62261885;39,58430216
5153280;42,24;52,60291986;39,55890126
5757360;20,86;52,597707;39,601511
3391383;29,79;52,63345;39,56662
7860000;78,59;52,57969771;39,61318144
5680116;52,02;52,633745;39,565232
5733000;54,09;52,541483;39,572145
5264000;43,5;52,623834;39,585435
7343000;63,29;52,62231;39,58559
3598688;31,01;52,63331;39,56576
4202144;36,2;52,63458;39,56667
8811292;87,43;52,633745;39,565232
6407262;58,47;52,633745;39,565232
5583595;21,11;52,597707;39,601511
3339178;29,19;52,63409237;39,5640279
6425000;53,09;52,623834;39,585435
3932471;34,61;52,63448;39,56571
7153905;24,96;52,597707;39,601511
5945920;54,4;52,63075;39,54923
4127824;36,4;52,63409237;39,5640279
3288391;28,64;52,63458;39,56667
7615815;71,51;52,58727345;39,56471851
4810320;36,72;52,60258;39,560098
6150000;50;52,623834;39,585435
4230115;38,99;52,633745;39,565232
3528200;38,34;52,638347;39,53797
8004766;61,66;52,58706035;39,56453832
4889742;41,7;52,57706958;39,50057325
4974480;39,47;52,60291986;39,55890126
5994000;54,4;52,54143;39,572123
4945308;41,7;52,57706958;39,50057325
5560000;45,2;52,62284757;39,58550653
4267405;36,11;52,63300906;39,56453794
6554700;72,83;52,638347;39,53797
6184524;53,88;52,6329;39,56678
4804712;30,76;52,58706035;39,56453832
9965921;90;52,619963;39,624971
5760000;47,59;52,623834;39,585435
6150000;50;52,623834;39,585435
5605110;44,09;52,5761;39,50177
5264000;43,5;52,62328;39,58497
4136881;37,13;52,6329;39,56678
9211590;84,51;52,58294632;39,5436626
6925215;66,26;52,60323;39,55946
7638500;82,4;52,54085;39,57215
4822660;39,52;52,60258;39,560098
5264000;43,5;52,623834;39,585435
4606980;39,84;52,63448;39,56571
4070493;35,79;52,6329;39,56678
4106625;34,95;52,63048247;39,54784331
4013800;42,7;52,638347;39,53797
5457227;50,45;52,633745;39,565232
3503000;31;52,630335;39,547947
5724000;47,9;52,623834;39,585435
4268864;36,25;52,63409237;39,5640279
6077990;55,88;52,6329;39,56678
6602500;65,5;52,541483;39,572145
5178470;39,38;52,620773;39,591333
6892080;66,26;52,60258;39,560098
9900000;90;52,591416;39,566485
6826300;59,33;52,63364523;39,56425857
5916000;48,09;52,623834;39,585435
7700000;109,4;52,678413;39,695933
4955345;43,18;52,633745;39,565232
5891520;54,4;52,63075;39,54923
6280168;57,31;52,633745;39,565232
4859960;40,84;52,60258;39,560098
4941640;40,84;52,60294598;39,56027455
7324435;65,69;52,58727345;39,56471851
4071675;34,95;52,63048247;39,54784331
5640400;95,59;52,636642;39,512653
6791490;63,95;52,6307;39,54897
4280131;36,2;52,63458;39,56667
6716000;57,9;52,62328;39,58497
4260000;42,59;52,57969771;39,61318144
5754000;54,29;52,541483;39,572145
15116980;54,27;52,597707;39,601511
4444800;37,04;52,60323;39,55946
5530284;41,24;52,620773;39,591333
4481840;37,04;52,60258;39,560098
5178000;42,09;52,62284757;39,58550653
6562648;60,52;52,63448;39,56571
7705400;65,3;52,591238;39,566506
6497074;56,65;52,63448;39,56571
5740416;42,24;52,620773;39,591333
9403528;90,11;52,63448;39,56571
3318524;29,14;52,63458;39,56667
4324320;37;52,680905;39,475198
3044430;27,14;52,633745;39,565232
8403000;75,69;52,623834;39,585435
7200390;61,7;52,59441;39,59146
6521000;54,79;52,62328;39,58497
5781000;47;52,62257987;39,58602151
4565477;40,5;52,6228;39,58424
3972404;37,15;52,620773;39,591333
4880380;40,84;52,60323;39,55946
3713071;33,4;52,633745;39,565232
7481000;66,19;52,623834;39,585435
4563020;39,84;52,63422292;39,56361484
4361895;37,04;52,63458;39,56667
4146045;38,93;52,620773;39,591333
5510000;44,79;52,62284757;39,58550653
4844859;42,22;52,63409237;39,5640279
9978390;87,3;52,576237;39,502417
4015222;36,9;52,633745;39,565232
8814000;78;52,62257987;39,58602151
4139164;36,5;52,63458;39,56667
6138000;49,9;52,62231;39,58559
7621400;71,9;52,57399;39,50767
5047120;54,86;52,638347;39,53797
6185160;60,04;52,630335;39,547947
4373442;41,22;52,62261885;39,58430216
6739402;62,15;52,63345;39,56662
14292000;119,09;52,591238;39,566506
9113940;92,05;52,60323;39,55946
7770000;70;52,62271046;39,58502373
4048827;34,61;52,63458;39,56667
4182039;37,7;52,62261885;39,58430216
9945992;89,81;52,619963;39,624971
6194500;61,59;52,7203598;39,80213928
6840900;62,18;52,60323;39,55946
9268524;87,43;52,63458;39,56667
7770000;70;52,62328;39,58497
4236207;35,84;52,63297;39,56748
5178000;42,09;52,623834;39,585435
3138600;27,37;52,63458;39,56667
5630457;40,83;52,6228;39,58424
7420080;71,9;52,57399;39,50767
4217231;36,34;52,63448;39,56571
5129000;41,7;52,623834;39,585435
4290300;31,78;52,58727345;39,56471851
4775236;42,77;52,633745;39,565232
4005536;36,91;52,633745;39,565232
6726405;66,26;52,60258;39,560098
7459767;64,98;52,63300906;39,56453794
3821200;32,79;52,63048247;39,54784331
6612500;65,59;52,541483;39,572145
5556600;44,09;52,57662716;39,50169424
6150000;50;52,623834;39,585435
5338000;42,7;52,623834;39,585435
4699000;38,09;52,623834;39,585435
7700000;109,4;52,678413;39,695933
8486400;83,19;52,591238;39,566506
6650880;64,91;52,62261885;39,58430216
3950080;30,86;52,586995;39,564195
7207200;61,59;52,60258;39,560098
5524200;55,79;52,630335;39,547947
9062046;87,13;52,633745;39,565232
5485620;42,36;52,586995;39,564195
4903530;41,38;52,586995;39,564195
3993845;35,45;52,6329;39,56678
4173111;36,5;52,633745;39,565232
9709680;70,36;52,63140738;39,5624655
7700000;109,4;52,678413;39,695933
3179395;29,19;52,633745;39,565232
6277500;54,63;52,63319836;39,5649671
6450649;60,04;52,633745;39,565232
4039292;37,15;52,620773;39,591333
6650880;64,91;52,6228;39,58424
4056880;36,34;52,63448;39,56571
4000000;43,9;52,54085;39,57215
6607650;62,93;52,60323;39,55946
4043069;36,36;52,63422292;39,56361484
6276688;57,29;52,63366808;39,56350218
5234020;40,7;52,57662716;39,50169424
3984300;34,95;52,630335;39,547947
5358537;39,43;52,62261885;39,58430216
4411539;40,5;52,620773;39,591333
6567110;24,96;52,59786355;39,6013918
4111196;35,45;52,6329;39,56678
7391335;66,29;52,60258;39,560098
7099000;61,09;52,623834;39,585435
13173480;95,45;52,6321;39,56203
4182039;37,7;52,6228;39,58424
4941640;40,84;52,60294598;39,56027455
6352240;58,59;52,63048247;39,54784331
4503100;36,75;52,60323;39,55946
4593600;39,59;52,60258;39,560098
6630600;64,25;52,63075;39,54923
5074480;37,04;52,586995;39,564195
6738035;59,68;52,63331;39,56576
5321700;43,79;52,586995;39,564195
4047516;36,4;52,63458;39,56667
5621472;41,91;52,620773;39,591333
6930295;65,69;52,586995;39,564195
10737000;98,5;52,623834;39,585435
4300718;37,13;52,6329;39,56678
5264000;43,5;52,62271046;39,58502373
4111123;35,79;52,63409237;39,5640279
5031000;40,9;52,62328;39,58497
5218840;40,9;52,5761;39,50177
6778429;55,56;52,63218211;39,56198439
7251489;73,91;52,6228;39,58424
6474000;53,5;52,62284757;39,58550653
5013960;39,47;52,60258;39,560098
6320000;63,2;52,57969771;39,61318144
5393601;53,99;52,620773;39,591333
5483750;43,86;52,58727345;39,56471851
6016500;57,29;52,57969771;39,61318144
5217831;38,9;52,620773;39,591333
7414800;61,79;52,597499;39,4902
4681794;40,41;52,63297;39,56748
9322020;32,93;52,597707;39,601511
9965921;90;52,619963;39,624971
5881000;48,59;52,62284757;39,58550653
3355289;29,78;52,633745;39,565232
4028335;36,11;52,6329;39,56678
11151000;102,3;52,623834;39,585435
10704000;98,19;52,62231;39,58559
6898000;68,5;52,7203598;39,80213928
9235179;73,91;52,6228;39,58424
7621000;65,69;52,623834;39,585435
3626000;39,34;52,62653;39,60886
4061190;34,95;52,63075;39,54923
3439500;37,5;52,54085;39,57215
5348000;44,2;52,62271046;39,58502373
5673240;41,2;52,6228;39,58424
8252150;61,09;52,547618;39,798973
6474000;53,5;52,62284757;39,58550653
5429511;39,43;52,6228;39,58424
5217831;38,9;52,620773;39,591333
7964241;72,25;52,619963;39,624971
8339000;73,8;52,623834;39,585435
7749000;66,8;52,623834;39,585435
6009660;55,79;52,6307;39,54897
10501611;110,7;52,619603;39,624768
3749207;34,65;52,633745;39,565232
4230298;35,79;52,63300906;39,56453794
5032461;47,91;52,63366808;39,56350218
7078000;76,4;52,54085;39,57215
4265969;36,83;52,63300906;39,56453794
7331000;85,23;52,62653;39,60886
28500000;254,89;52,616055;39,751035
4680320;41,2;52,63048247;39,54784331
3888360;30,86;52,58727345;39,56471851
3575382;32,25;52,63422292;39,56361484
5026370;43,75;52,633745;39,565232
4686675;39,54;52,60294598;39,56027455
9525540;90;52,619603;39,624768
10987118;110,7;52,619963;39,624971
7759000;69,9;52,62271046;39,58502373
7492000;66,3;52,62328;39,58497
7391320;71,9;52,57399;39,50767
3914400;34,95;52,630335;39,547947
4174092;36,34;52,633745;39,565232
3886800;32,79;52,63048247;39,54784331
6019816;40,84;52,58706035;39,56453832
4352200;37,04;52,60294598;39,56027455
5126000;44;52,586995;39,564195
6716000;57,9;52,62328;39,58497
7150500;47,66;52,597499;39,4902
4329573;38,63;52,63319836;39,5649671
8147000;73,4;52,62284757;39,58550653
24948000;162;52,612533;39,625666
5438400;45,31;52,60258;39,560098
8495388;71,51;52,58706035;39,56453832
8763794;79,2;52,6321;39,56203
4223505;37,27;52,63458;39,56667
5516680;41,2;52,620773;39,591333
5644232;41,38;52,58706035;39,56453832
3607000;32,59;52,54143;39,572123
5534000;46,5;52,62328;39,58497
5547000;45,09;52,62299;39,58601
4062828;36,83;52,633745;39,565232
7797000;69;52,62299;39,58601
3291500;29,78;52,633745;39,565232
5932500;58,79;52,541483;39,572145
5686996;41,24;52,62261885;39,58430216
5673920;20,86;52,597707;39,601511
5310000;58,08;52,62653;39,60886
4324320;37;52,680905;39,475198
5523000;44,9;52,62299;39,58601
6993700;72,09;52,576769;39,500909
3839541;35,45;52,633745;39,565232
5395887;50,41;52,59755;39,49022
5289750;47,02;52,60258;39,560098
7673250;78,69;52,591238;39,566506
7004430;66,9;52,6307;39,54897
5376000;44,79;52,62328;39,58497
5129000;41,7;52,62271046;39,58502373
3686500;40,79;52,54085;39,57215
7145600;61,59;52,60291986;39,55890126
3673600;32,79;52,630335;39,547947
7475130;63,88;52,601339;39,581004
6849954;61,41;52,63297;39,56748
4312218;38,65;52,633745;39,565232
4183671;38,65;52,63409237;39,5640279
8403000;75,69;52,623834;39,585435
5217960;39,52;52,586995;39,564195
4672800;39,59;52,60258;39,560098
8007635;76,33;52,63409237;39,5640279
5328627;49,59;52,59755;39,49022
6148802;55,06;52,633745;39,565232
7492000;66,3;52,62328;39,58497
8147000;73,4;52,623834;39,585435
12516600;90,69;52,63195735;39,56276859
5301120;42,24;52,60291986;39,55890126
8147000;73,4;52,62284757;39,58550653
5048360;41,38;52,586995;39,564195
5719500;62,09;52,54085;39,57215
4356060;36,75;52,60323;39,55946
6287235;60,04;52,63075;39,54923
4746000;39,54;52,60323;39,55946
3948056;34,38;52,63300906;39,56453794
4072478;35,52;52,633745;39,565232
6491121;56,65;52,63448;39,56571
7700000;109,4;52,678413;39,695933
3457595;30,2;52,633745;39,565232
8215350;84,26;52,60258;39,560098
8103000;73;52,623834;39,585435
4799025;41,54;52,63090842;39,54871636
4494777;40,52;52,62261885;39,58430216
7759000;69,9;52,62328;39,58497
5743500;54,2;52,541483;39,572145
6714750;63,95;52,6307;39,54897
6457720;58,59;52,63075;39,54923
7175700;70,34;52,630335;39,547947
5501581;53,99;52,6228;39,58424
5856224;41,91;52,6228;39,58424
6013308;53,95;52,633745;39,565232
4449600;41,2;52,630335;39,547947
6056126;57,06;52,633745;39,565232
4881955;39,52;52,60294598;39,56027455
4636352;41,88;52,62261885;39,58430216
3503000;31;52,630335;39,547947
9344090;92,05;52,60294598;39,56027455
4000000;43,9;52,54085;39,57215
5264000;43,5;52,623834;39,585435
4992060;45,29;52,59441;39,59146
6818367;62,56;52,63422292;39,56361484
3540735;27,98;52,58727345;39,56471851
5691450;19,96;52,597707;39,601511
6336159;55,06;52,63364523;39,56425857
9689822;85,02;52,619963;39,624971
4182381;37,27;52,63458;39,56667
4621772;42,59;52,633745;39,565232
5356315;39,52;52,586995;39,564195
7481000;66,19;52,623834;39,585435
4162200;36,2;52,63422292;39,56361484
4225341;36,83;52,6329;39,56678
4066239;35,79;52,633745;39,565232
4672800;39,59;52,60258;39,560098
3439520;26,55;52,60291986;39,55890126
3566550;38,34;52,638347;39,53797
6892760;72,09;52,576769;39,500909
3624705;27,98;52,586995;39,564195
7942500;75;52,59441;39,59146
5760000;47,59;52,62299;39,58601
10431000;95,69;52,62271046;39,58502373
4699000;38,09;52,623834;39,585435
6518879;61,41;52,633745;39,565232
5712000;48;52,62328;39,58497
6083000;110,59;52,636642;39,512653
7797000;69;52,62299;39,58601
3045913;27,14;52,63409237;39,5640279
5579168;52,13;52,63300906;39,56453794
4667960;41,2;52,63075;39,54923
5156840;54,86;52,638347;39,53797
3686500;40,79;52,54085;39,57215
3244230;28,36;52,63422292;39,56361484
4550688;41,22;52,62261885;39,58430216
9300000;136,3;52,678413;39,695933
6676460;64,81;52,60294598;39,56027455
6832210;65,37;52,60323;39,55946
6733350;57,54;52,680905;39,475198
7489900;60,5;52,576237;39,502417
4166429;36,91;52,63458;39,56667
5336000;44,2;52,623834;39,585435
3224678;28,72;52,633745;39,565232
6497074;56,65;52,63422292;39,56361484
4000000;43,7;52,54085;39,57215
7604850;60,5;52,5761;39,50177
9679321;96,34;52,63140738;39,5624655
5350805;50,29;52,59755;39,49022
6176000;51,9;52,62328;39,58497
6128000;66,3;52,54085;39,57215
5034185;18,88;52,597707;39,601511
4135248;37,29;52,63422292;39,56361484
7175700;70,34;52,630335;39,547947
5760000;47,59;52,62284757;39,58550653
4411539;40,5;52,620773;39,591333
5375000;43,7;52,62299;39,58601
4699000;38,2;52,62271046;39,58502373
4018606;36,5;52,633745;39,565232
7462715;69,55;52,6307;39,54897
6521000;54,79;52,623834;39,585435
5760000;47,59;52,62284757;39,58550653
8351000;73,9;52,62231;39,58559
4346176;38,74;52,63448;39,56571
11228800;101,61;52,597499;39,4902
3836745;37,06;52,620773;39,591333
8573055;87,54;52,622269;39,581282
6148290;55,38;52,601339;39,581004
3976387;34,65;52,63409237;39,5640279
4042367;36,2;52,63448;39,56571
4553892;45,52;52,633745;39,565232
4038741;37,7;52,620773;39,591333
7770000;70;52,62271046;39,58502373
6301612;61,72;52,62261885;39,58430216
6944565;59,61;52,586995;39,564195
7099000;61,09;52,623834;39,585435
4885885;47,91;52,633745;39,565232
5336000;44,2;52,623834;39,585435
6011200;54,4;52,63048247;39,54784331
5475303;40,83;52,620773;39,591333
6759540;66,26;52,60258;39,560098
5071859;42,83;52,63366808;39,56350218
5126000;44;52,586995;39,564195
9051504;74,37;52,6228;39,58424
4255384;37,15;52,633745;39,565232
6663495;61,45;52,63331;39,56576
4704570;40,2;52,636406;39,542015
10442000;95,8;52,62271046;39,58502373
8167955;82,08;52,60294598;39,56027455
6422400;66,9;52,630335;39,547947
3861308;33,4;52,63458;39,56667
7422520;27,44;52,597707;39,601511
5263000;42,09;52,62257987;39,58602151
3667104;31,01;52,63366808;39,56350218
6782200;61,41;52,63319836;39,5649671
4840960;37,81;52,60381;39,50336
4417420;31,78;52,586995;39,564195
3913434;36,25;52,633745;39,565232
4856040;39,47;52,60258;39,560098
8351000;73,9;52,62231;39,58559
6898000;68,5;52,7203598;39,80213928
7873050;71,9;52,608948;39,599023
4000000;43,7;52,54085;39,57215
5848463;39,52;52,58706035;39,56453832
4183523;39,43;52,6228;39,58424
5442795;40,77;52,620773;39,591333
4000000;43,9;52,54085;39,57215
5358537;39,43;52,62261885;39,58430216
6193707;53,95;52,63297;39,56748
5994000;54,4;52,54143;39,572123
3684480;38,38;52,638347;39,53797
5336000;44,09;52,62328;39,58497
5828525;53,75;52,63345;39,56662
7656495;66,29;52,602819;39,558893
4377133;39,16;52,63458;39,56667
5941000;48,29;52,62231;39,58559
4711808;41,88;52,6228;39,58424
4978710;50,29;52,59755;39,49022
5785252;50,45;52,6329;39,56678
5599080;41,2;52,62261885;39,58430216
5376000;44,79;52,62271046;39,58502373
5263000;42,09;52,62231;39,58559
6898000;68,5;52,7203598;39,80213928
10407521;108,18;52,619603;39,624768
4768848;40,41;52,63297;39,56748
9506491;89,81;52,619603;39,624768
3888445;37,2;52,620773;39,591333
6961500;59,5;52,636406;39,542015
4269303;36,11;52,63300906;39,56453794
7016570;24,96;52,59786355;39,6013918
4681875;41,25;52,63090842;39,54871636
6109000;65,9;52,54085;39,57215
5548797;40,83;52,620773;39,591333
3521760;26,68;52,586995;39,564195
8549500;87,23;52,622269;39,581282
6519660;60,2;52,59480659;39,59171331
4636352;41,88;52,62261885;39,58430216
7638500;82,4;52,54085;39,57215
6522900;63,95;52,630335;39,547947
5328627;49,59;52,597499;39,4902
7996179;71,9;52,57706958;39,50057325
6553500;64,25;52,630335;39,547947
8000000;70,8;52,623834;39,585435
6980305;62,58;52,633745;39,565232
4053825;37,63;52,62261885;39,58430216
6067200;94,8;52,636642;39,512653
4394052;41,22;52,620773;39,591333
4006700;38,9;52,630335;39,547947
5700000;47,9;52,62271046;39,58502373
4139164;36,5;52,63409237;39,5640279
4750360;41,2;52,63075;39,54923
4900800;40,84;52,60258;39,560098
6701450;65,37;52,60323;39,55946
5900962;55,88;52,633745;39,565232
4268864;36,25;52,63458;39,56667
11129000;102,09;52,623834;39,585435
7004430;66,9;52,6307;39,54897
6599640;63,95;52,6307;39,54897
8842641;74,08;52,58706035;39,56453832
4019080;38,34;52,620773;39,591333
5990920;21,31;52,59786355;39,6013918
5560000;45,2;52,623834;39,585435
7144950;62,13;52,636406;39,542015
4537400;37,04;52,60323;39,55946
7268540;64,04;52,60291986;39,55890126
4825100;39,54;52,60323;39,55946
10987118;110,7;52,619963;39,624971
6945080;62,15;52,63364523;39,56425857
5547000;45,09;52,62284757;39,58550653
6399260;60,2;52,59480659;39,59171331
7700000;109,4;52,678413;39,695933
6425000;53,09;52,623834;39,585435
8000000;70,8;52,62299;39,58601
6187000;50,29;52,62231;39,58559
7851480;71,9;52,608948;39,599023
4284927;40,77;52,620773;39,591333
4741247;41,84;52,63409237;39,5640279
4918493;42,77;52,63448;39,56571
6254403;56,08;52,63448;39,56571
3383956;28,7;52,63409237;39,5640279
3877519;35,45;52,633745;39,565232
4871500;50,09;52,7203598;39,80213928
8333050;30,57;52,597707;39,601511
5404400;45,79;52,591416;39,566485
6015000;48,9;52,62257987;39,58602151
3821200;32,79;52,63048247;39,54784331
8766387;87,69;52,622125;39,581288
4146377;36,25;52,633745;39,565232
4091535;37,63;52,62261885;39,58430216
3461856;31,01;52,63366808;39,56350218
8403000;75,69;52,623834;39,585435
4282121;37,04;52,63458;39,56667
4177971;39;52,620773;39,591333
6044290;55,29;52,6307;39,54897
4087670;36,4;52,63409237;39,5640279
7518420;64,25;52,680905;39,475198
6570690;65,37;52,60323;39,55946
5264000;43,5;52,623834;39,585435
6858945;66,26;52,60258;39,560098
5734184;52,88;52,63345;39,56662
3927370;34,61;52,633745;39,565232
6187355;53,88;52,63300906;39,56453794
5375000;43,7;52,62284757;39,58550653
4974173;42,52;52,63448;39,56571
9836288;79,83;52,58706035;39,56453832
5379000;45,2;52,623834;39,585435
3318524;29,14;52,63409237;39,5640279
5264000;43,5;52,62271046;39,58502373
6055350;55,29;52,63090842;39,54871636
9591800;89,22;52,61969442;39,62473581
6612500;65,59;52,541483;39,572145
5547000;45,09;52,62299;39,58601
5379000;45,2;52,62328;39,58497
7492000;66,3;52,62271046;39,58502373
4878129;42,52;52,63422292;39,56361484
7853000;67,69;52,62257987;39,58602151
5301000;43,09;52,623834;39,585435
5950383;54,31;52,633745;39,565232
5289000;43;52,623834;39,585435
4768848;40,41;52,63319836;39,5649671
5560000;45,2;52,62299;39,58601
6821850;62,29;52,57399;39,50767
8351000;73,9;52,62231;39,58559
6065460;55,79;52,6307;39,54897
8351000;73,9;52,62231;39,58559
7802949;59,61;52,58706035;39,56453832
9300000;136,3;52,678413;39,695933
4324320;36,95;52,680905;39,475198
4407760;37,04;52,60258;39,560098
5769000;46,9;52,62231;39,58559
4396427;39;52,6228;39,58424
5686996;41,24;52,62261885;39,58430216
6885540;55,97;52,601339;39,581004
7793500;70,84;52,59755;39,49022
6128000;66,3;52,54085;39,57215
9708982;90,3;52,619963;39,624971
5760000;47,59;52,62299;39,58601
5760000;47,59;52,62284757;39,58550653
6307839;56,65;52,633745;39,565232
7280135;73,91;52,620773;39,591333
3624705;27,98;52,586995;39,564195
6214660;55,06;52,63364523;39,56425857
5598763;53,99;52,62261885;39,58430216
7786290;27,65;52,59786355;39,6013918
5152000;80,5;52,636642;39,512653
4629949;40,41;52,633745;39,565232
7890585;74,08;52,58727345;39,56471851
7894800;64,5;52,576237;39,502417
7518420;64,25;52,680905;39,475198
7481000;66,19;52,623834;39,585435
4924220;41,38;52,58727345;39,56471851
3884466;34,83;52,63319836;39,5649671
5850519;52,02;52,63319836;39,5649671
4671744;42,24;52,6228;39,58424
3922888;34,83;52,63319836;39,5649671
7006668;73,91;52,620773;39,591333
30032370;196,28;52,612533;39,625666
7842000;69,4;52,62299;39,58601
6208142;55,11;52,6329;39,56678
6470458;58,47;52,63364523;39,56425857
7481000;66,19;52,62328;39,58497
7075238;63,43;52,6329;39,56678
7032800;59,59;52,591416;39,566485
7996179;71,9;52,57706958;39,50057325
4429580;36,75;52,60323;39,55946
4481840;37,04;52,60294598;39,56027455
7200390;61,7;52,59480659;39,59171331
5526019;50,59;52,63297;39,56748
6538000;65,37;52,60294598;39,56027455
5376000;44,79;52,623834;39,585435
6763491;60,52;52,633745;39,565232
5915000;68,58;52,62653;39,60886
4311612;38,65;52,63422292;39,56361484
9786963;92,47;52,619603;39,624768
5875710;20,9;52,597707;39,601511
6117237;57,06;52,633745;39,565232
9403900;91,3;52,586995;39,564195
3242577;29,19;52,63409237;39,5640279
6187000;50,29;52,62257987;39,58602151
8708350;69,5;52,576237;39,502417
4324320;36,95;52,680905;39,475198
6086000;50,29;52,623834;39,585435
7004430;66,9;52,6307;39,54897
7273399;70,86;52,619603;39,624768
7372530;60,93;52,602819;39,558893
4729320;40,77;52,60294598;39,56027455
3928946;35,09;52,63319836;39,5649671
4349160;36,83;52,6329;39,56678
6581000;55,29;52,623834;39,585435
8888840;71,8;52,57662716;39,50169424
4682500;46,29;52,541483;39,572145
5975200;61,59;52,63533143;39,54177508
8147000;73,4;52,62284757;39,58550653
3293902;29,79;52,63364523;39,56425857
5994000;54,4;52,54143;39,572123
6086533;55,11;52,63300906;39,56453794
4100491;37,27;52,633745;39,565232
7402500;73,5;52,541483;39,572145
4059007;37,27;52,63458;39,56667
5947112;53,75;52,63345;39,56662
5295651;38,9;52,6228;39,58424
6477355;24,77;52,597707;39,601511
9922000;90,19;52,591238;39,566506
3930900;34,61;52,633745;39,565232
24948000;162;52,612533;39,625666
5855985;52,02;52,63319836;39,5649671
8103000;73;52,62271046;39,58502373
4255991;39;52,6228;39,58424
3804800;32,79;52,63048247;39,54784331
3380940;28,7;52,63409237;39,5640279
7797000;69;52,623834;39,585435
6131100;57,29;52,630335;39,547947
3531000;38,5;52,62653;39,60886
7737834;65,77;52,631897;39,562829
4308049;40,99;52,620773;39,591333
4964524;43,18;52,63364523;39,56425857
7923400;76,33;52,63458;39,56667
8688738;87,13;52,633745;39,565232
6741900;24,96;52,59786355;39,6013918
4000000;43,7;52,54085;39,57215
6287235;60,04;52,63075;39,54923
3850700;34,63;52,63422292;39,56361484
8902400;83,19;52,59139803;39,56682564
5337221;49,68;52,59755;39,49022
6271760;54,63;52,63297;39,56748
7273399;70,86;52,619603;39,624768
5031000;40,9;52,62271046;39,58502373
3604900;38,34;52,638347;39,53797
4114161;37,7;52,62261885;39,58430216
5310000;58,79;52,62653;39,60886
4038741;37,7;52,620773;39,591333
4071631;35,79;52,63409237;39,5640279
4000000;43,9;52,54085;39,57215
4798274;42,22;52,63409237;39,5640279
5365689;38,9;52,6228;39,58424
6704460;65,73;52,60294598;39,56027455
9121400;77,3;52,591238;39,566506
9849060;71,37;52,6321;39,56203
5236249;47,84;52,63331;39,56576
3984300;34,95;52,630335;39,547947
3871078;34,36;52,63319836;39,5649671
5166720;49,68;52,597499;39,4902
3444722;30,2;52,63422292;39,56361484
7615815;71,51;52,58727345;39,56471851
8902400;83,19;52,591238;39,566506
8193000;72,5;52,62257987;39,58602151
3287683;28,72;52,633745;39,565232
5539520;50,56;52,633745;39,565232
7443540;63,61;52,58294632;39,5436626
5047120;54,86;52,638347;39,53797
6067600;61,59;52,63533143;39,54177508
5719500;62,09;52,54085;39,57215
8351000;73,9;52,623834;39,585435
6767790;64,91;52,6228;39,58424
3327813;30,01;52,633745;39,565232
6264541;56,06;52,63366808;39,56350218
8114000;73,09;52,62271046;39,58502373
15937620;115,48;52,63140738;39,5624655
7000245;65,73;52,60323;39,55946
6521000;54,79;52,62271046;39,58502373
9434700;95,3;52,63195735;39,56276859
8351000;73,9;52,62257987;39,58602151
6986400;84,79;52,63651326;39,53637251
6505200;55,59;52,680905;39,475198
6148201;55,11;52,633745;39,565232
3531000;38,5;52,62653;39,60886
14292000;119,09;52,591238;39,566506
4308049;40,99;52,620773;39,591333
5236000;44;52,58727345;39,56471851
7204500;64,04;52,60258;39,560098
4219693;36,5;52,63409237;39,5640279
7115000;58,79;52,62284757;39,58550653
5917100;55,29;52,630335;39,547947
8087280;65,22;52,58294632;39,5436626
3643250;38,34;52,638347;39,53797
4704570;40,2;52,680905;39,475198
6814080;58,24;52,60294598;39,56027455
10407521;108,18;52,619603;39,624768
8403000;75,69;52,623834;39,585435
30032370;196,28;52,612533;39,625666
7064400;67,27;52,60294598;39,56027455
7078000;76,4;52,54085;39,57215
6469440;58,59;52,63048247;39,54784331
7115000;58,79;52,62299;39,58601
4967841;44,81;52,63458;39,56667
5193320;40,7;52,5761;39,50177
5129000;41,7;52,62328;39,58497
4020000;40,2;52,57969771;39,61318144
4249917;37,7;52,6228;39,58424
7147097;73,91;52,620773;39,591333
5523000;44,9;52,623834;39,585435
6814080;58,24;52,60294598;39,56027455
7342500;72,9;52,541483;39,572145
4031012;35,79;52,6329;39,56678
5675994;41,22;52,6228;39,58424
10987118;110,7;52,61969442;39,62473581
6807961;62,15;52,63364523;39,56425857
6126237;57,02;52,633745;39,565232
11249000;103,19;52,62231;39,58559
7500000;75;52,60323;39,55946
6957600;66,9;52,630335;39,547947
10715000;98,3;52,62257987;39,58602151
4013800;42,7;52,638347;39,53797
7108029;65,34;52,63300906;39,56453794
7007770;67,05;52,60323;39,55946
4901881;44,34;52,633745;39,565232
6823950;70,34;52,630335;39,547947
6073800;57,29;52,630335;39,547947
6244084;56,65;52,63422292;39,56361484
5333860;43,4;52,57662716;39,50169424
3643250;38,34;52,638347;39,53797
6109000;65,9;52,54085;39,57215
5218840;40,9;52,57662716;39,50169424
5376000;44,79;52,62271046;39,58502373
5915000;68,58;52,62653;39,60886
8000000;70,8;52,62284757;39,58550653
9461417;87,43;52,63458;39,56667
6978210;62,56;52,63297;39,56748
6772223;62,58;52,63300906;39,56453794
6384000;60,29;52,541483;39,572145
5338000;42,7;52,62257987;39,58602151
8558000;77,09;52,62284757;39,58550653
7181991;62,56;52,63297;39,56748
9300000;136,3;52,678413;39,695933
7060780;64,59;52,59441;39,59146
7797000;69;52,62284757;39,58550653
3675781;32,09;52,633745;39,565232
5857796;54,63;52,633745;39,565232
5560000;45,2;52,623834;39,585435
4000000;43,9;52,54085;39,57215
4021479;36,13;52,63422292;39,56361484
4311472;41,13;52,620773;39,591333
4144954;36,11;52,633745;39,565232
5275000;42,2;52,62231;39,58559
7797000;69;52,623834;39,585435
4311612;38,65;52,63448;39,56571
6882580;64,93;52,58294632;39,5436626
6832210;65,37;52,60323;39,55946
5218840;40,9;52,5761;39,50177
4040971;36,2;52,633745;39,565232
5129000;41,7;52,62271046;39,58502373
5376000;44,79;52,62328;39,58497
7464046;64,37;52,6321;39,56203
7851480;71,9;52,608948;39,599023
9981312;70,88;52,58706035;39,56453832
6205590;57,29;52,63075;39,54923
5844345;20,9;52,597707;39,601511
3739200;32,79;52,630335;39,547947
4324320;36,95;52,680905;39,475198
5696928;41,91;52,620773;39,591333
7331000;85,23;52,62653;39,60886
3228795;29,79;52,633745;39,565232
5408132;47,97;52,63331;39,56576
11140000;102,19;52,62257987;39,58602151
7842000;67,59;52,62231;39,58559
6457720;58,59;52,63075;39,54923
3914698;35,79;52,633745;39,565232
6032412;55,06;52,63345;39,56662
3684480;38,38;52,638347;39,53797
7842000;69,4;52,62284757;39,58550653
6092414;55,72;52,63409237;39,5640279
6771141;62,56;52,63319836;39,5649671
10260472;92,66;52,61969442;39,62473581
7085400;67,48;52,586995;39,564195
6086000;50,29;52,623834;39,585435
4762680;36,91;52,602819;39,558893
10442000;95,8;52,62271046;39,58502373
6425000;53,09;52,62299;39,58601
4000000;43,7;52,54085;39,57215
4208132;36,4;52,63458;39,56667
3722860;38,38;52,638347;39,53797
3859937;35,5;52,620773;39,591333
5969459;55,72;52,63409237;39,5640279
5820800;54,4;52,630335;39,547947
7268655;62,7;52,57706958;39,50057325
4699000;38,09;52,623834;39,585435
4711000;38,29;52,62271046;39,58502373
3884466;34,83;52,63297;39,56748
5723520;42,2;52,6228;39,58424
6300754;57,06;52,63300906;39,56453794
10211141;108,55;52,61969442;39,62473581
11853400;91,18;52,60258;39,560098
5769000;56,9;52,623834;39,585435
5506800;42,36;52,58727345;39,56471851
4481840;37,04;52,60294598;39,56027455
5129000;41,7;52,623834;39,585435
7492000;66,3;52,62271046;39,58502373
8351000;73,9;52,62231;39,58559
9649718;87,43;52,63448;39,56571
4587264;42,24;52,620773;39,591333
4268864;36,25;52,63409237;39,5640279
8558000;77,09;52,623834;39,585435
5760000;47,59;52,62284757;39,58550653
4871500;50,09;52,7203598;39,80213928
8591000;77,4;52,62299;39,58601
9924332;95,98;52,631291;39,562362
4311612;38,65;52,63409237;39,5640279
3915497;35,45;52,633745;39,565232
4338621;40,5;52,620773;39,591333
4298304;36,5;52,63458;39,56667
6838510;64,81;52,60258;39,560098
6086000;50,29;52,623834;39,585435
4268965;38,65;52,63448;39,56571
5365689;38,9;52,62261885;39,58430216
4396427;39;52,62261885;39,58430216
3684480;38,38;52,638347;39,53797
6086000;50,29;52,62299;39,58601
9211590;84,51;52,601339;39,581004
7099000;61,2;52,62328;39,58497
5700000;47,9;52,62271046;39,58502373
8646000;78,59;52,59139803;39,56682564
3834279;34,38;52,6329;39,56678
5510000;44,79;52,62299;39,58601
5560000;45,2;52,623834;39,585435
5129000;41,7;52,62328;39,58497
4260616;36,13;52,63448;39,56571
5666074;50,38;52,6329;39,56678
6751040;24,81;52,59786355;39,6013918
4155467;36,2;52,633745;39,565232
4203238;39,43;52,620773;39,591333
11151000;102,3;52,623834;39,585435
5748864;42,24;52,6228;39,58424
6663495;61,45;52,63366808;39,56350218
9267850;80,58;52,601339;39,581004
5796404;52,88;52,633745;39,565232
4385524;41,13;52,620773;39,591333
6637559;61,18;52,633745;39,565232
4096140;34,95;52,63075;39,54923
9142667;73,91;52,620773;39,591333
4036013;36,27;52,633745;39,565232
3505920;26,55;52,60258;39,560098
7099000;61,2;52,62271046;39,58502373
4230298;35,79;52,6329;39,56678
7024620;66,26;52,60258;39,560098
10501611;110,7;52,619603;39,624768
4618200;35,79;52,60381;39,50336
5003880;54,38;52,638347;39,53797
7033110;65,73;52,60294598;39,56027455
4369329;39,47;52,62261885;39,58430216
10715000;98,3;52,623834;39,585435
6105720;20,9;52,597707;39,601511
5533500;43,4;52,57662716;39,50169424
7842000;69,4;52,62299;39,58601
6366756;56,97;52,633745;39,565232
5129000;41,7;52,623834;39,585435
6128000;66,3;52,54085;39,57215
6399120;58,59;52,63075;39,54923
4770090;40,77;52,60258;39,560098
5723520;42,24;52,6228;39,58424
8591000;77,4;52,623834;39,585435
4555920;37,04;52,60258;39,560098
3739200;32,79;52,630335;39,547947
6533970;64,91;52,62261885;39,58430216
10239431;92,47;52,61969442;39,62473581
7621727;70,43;52,63409237;39,5640279
3667300;31;52,63075;39,54923
5598763;53,99;52,62261885;39,58430216
4479300;37,79;52,576769;39,500909
4302078;39,84;52,633745;39,565232
6904175;61,18;52,63448;39,56571
7003792;60,7;52,631291;39,562362
4880380;40,84;52,60323;39,55946
3880687;35,84;52,633745;39,565232
4829294;42,52;52,633745;39,565232
14936670;101,61;52,59755;39,49022
4186031;38,65;52,633745;39,565232
6581000;55,29;52,62271046;39,58502373
4282098;39,43;52,62261885;39,58430216
4737440;40,84;52,60258;39,560098
6131500;61,09;52,7203598;39,80213928
5599080;41,2;52,6228;39,58424
4902500;53,5;52,54085;39,57215
7959000;71,69;52,62328;39,58497
5405612;47,97;52,63366808;39,56350218
3434246;29,19;52,63409237;39,5640279
7797000;69;52,623834;39,585435
5289000;43;52,62299;39,58601
4371320;41,2;52,62261885;39,58430216
6710966;60,04;52,633745;39,565232
5942500;58,9;52,541483;39,572145
10715000;98,3;52,62231;39,58559
7277060;61,66;52,586995;39,564195
5784000;47,79;52,62284757;39,58550653
8535510;84,51;52,601339;39,581004
6176000;51,9;52,62328;39,58497
6039000;49,09;52,62257987;39,58602151
6000320;54,4;52,63075;39,54923
6748700;62,2;52,59441;39,59146
5806500;54,79;52,541483;39,572145
8047767;71,9;52,57706958;39,50057325
7248104;64,98;52,63300906;39,56453794
6650800;63,95;52,630335;39,547947
6680120;24,37;52,597707;39,601511
3328218;30,2;52,633745;39,565232
5280000;44;52,586995;39,564195
5796000;54,7;52,541483;39,572145
6774961;62,56;52,633745;39,565232
4384587;37,13;52,63300906;39,56453794
6606600;44;52,58706035;39,56453832
4503440;40,41;52,63297;39,56748
5828525;53,75;52,63364523;39,56425857
6815900;96,55;52,630335;39,547947
4786320;54,38;52,638347;39,53797
8259405;71,51;52,58706035;39,56453832
5375000;43,7;52,623834;39,585435
5348000;44,2;52,62328;39,58497
4070493;35,79;52,63300906;39,56453794
6274350;57,29;52,63048247;39,54784331
4770480;41,77;52,576769;39,500909
5880450;59,7;52,63533143;39,54177508
6670580;62,93;52,60258;39,560098
7475166;70,43;52,633745;39,565232
12760000;102,08;52,597499;39,4902
4189430;35,45;52,63300906;39,56453794
6680120;24,37;52,597707;39,601511
7865000;67,8;52,62231;39,58559
5031000;40,9;52,62271046;39,58502373
4346176;38,74;52,63458;39,56667
7035940;61,18;52,63458;39,56667
4671744;42,24;52,6228;39,58424
8599160;71,59;52,5761;39,50177
8351000;73,9;52,62257987;39,58602151
6187000;50,29;52,62231;39,58559
8147000;73,4;52,62299;39,58601
6138000;49,9;52,623834;39,585435
6859370;62,93;52,60323;39,55946
6858945;66,26;52,60294598;39,56027455
6833830;65,9;52,59441;39,59146
5929000;48,2;52,62257987;39,58602151
6627475;59,33;52,633745;39,565232
9229027;86,36;52,619603;39,624768
6373500;58,5;52,635406;39,541404
4925911;41,84;52,63458;39,56667
8506800;83,4;52,591238;39,566506
8179225;76,33;52,633745;39,565232
8000000;70,8;52,623834;39,585435
3618000;32,59;52,54143;39,572123
6637559;61,18;52,633745;39,565232
4528950;41,54;52,630335;39,547947
4044727;37,2;52,620773;39,591333
4895100;54,38;52,638347;39,53797
6562648;60,52;52,63422292;39,56361484
6425000;53,09;52,623834;39,585435
6425000;53,09;52,62284757;39,58550653
6799520;65,37;52,60258;39,560098
10933000;100,3;52,62257987;39,58602151
4947854;43,41;52,63331;39,56576
5329580;50,29;52,597499;39,4902
5760000;47,59;52,62284757;39,58550653
4600000;46;52,57969771;39,61318144
5882500;58,29;52,541483;39,572145
4276308;38,22;52,63448;39,56571
4000000;43,7;52,54085;39,57215
4369950;37,34;52,680905;39,475198
5350651;39,43;52,620773;39,591333
4360644;40,93;52,620773;39,591333
4118681;37,04;52,63458;39,56667
4016154;34;52,63319836;39,5649671
5719500;62,09;52,54085;39,57215
7867125;69,93;52,602819;39,558893
3789426;32,09;52,63300906;39,56453794
10737000;98,5;52,62257987;39,58602151
3528200;38,34;52,638347;39,53797
4555920;37,04;52,60258;39,560098
3910130;34,38;52,6329;39,56678
6739825;64,25;52,63048247;39,54784331
6328800;58,59;52,630335;39,547947
6425000;53,09;52,62299;39,58601
6909187;62,56;52,63319836;39,5649671
4230000;42,29;52,57969771;39,61318144
5416668;52,13;52,633745;39,565232
6554700;72,83;52,638347;39,53797
6876521;62,15;52,63364523;39,56425857
8591000;77,4;52,62299;39,58601
4941640;40,84;52,60258;39,560098
4770480;41,7;52,57706958;39,50057325
7483760;26,92;52,597707;39,601511
5348000;44,2;52,62271046;39,58502373
5395887;50,41;52,59755;39,49022
5881000;48,59;52,62299;39,58601
6199000;50,4;52,62231;39,58559
4565477;40,5;52,6228;39,58424
6974370;59,61;52,58727345;39,56471851
4667960;41,2;52,63075;39,54923
4704570;40,2;52,680905;39,475198
3224094;28,7;52,63409237;39,5640279
4902500;53,5;52,54085;39,57215
3604900;38,34;52,638347;39,53797
6869163;63,43;52,633745;39,565232
3811360;32,79;52,63075;39,54923
8027400;78,69;52,591416;39,566485
7774371;76,33;52,633745;39,565232
8599160;71,59;52,57662716;39,50169424
4407760;37,04;52,60294598;39,56027455
4249643;39,16;52,633745;39,565232
5404202;52,02;52,633745;39,565232
6882580;64,93;52,58294632;39,5436626
3259606;29,78;52,633745;39,565232
3258033;28,72;52,63422292;39,56361484
3380940;28,7;52,63458;39,56667
8339000;73,8;52,623834;39,585435
4255991;39;52,62261885;39,58430216
4871500;50,09;52,7203598;39,80213928
3713930;33,4;52,63409237;39,5640279
6756900;66,9;52,630335;39,547947
4437522;38,65;52,63409237;39,5640279
4749630;41,7;52,57399;39,50767
5769000;46,9;52,62257987;39,58602151
6297538;43,86;52,58706035;39,56453832
5193320;40,7;52,57662716;39,50169424
5287869;38,9;52,620773;39,591333
6602500;65,5;52,541483;39,572145
2938590;28,53;52,638347;39,53797
7729000;65,5;52,59139803;39,56682564
4183523;39,38;52,6228;39,58424
4738060;39,31;52,60258;39,560098
7329775;71,51;52,586995;39,564195
9715200;70,4;52,631291;39,562362
6716000;57,9;52,62271046;39,58502373
6876521;62,15;52,63345;39,56662
5760000;47,59;52,62299;39,58601
4049500;31,14;52,59755;39,49022
4379368;39,18;52,63409237;39,5640279
8720490;87,23;52,62210645;39,58122402
4518880;37,04;52,60323;39,55946
8351000;73,9;52,623834;39,585435
8572920;71,8;52,57662716;39,50169424
4600000;46;52,57969771;39,61318144
5191100;45,13;52,636406;39,542015
8534718;71,51;52,58706035;39,56453832
7770000;70;52,623834;39,585435
7398600;62,7;52,591416;39,566485
9759923;108,55;52,619603;39,624768
7626027;70,43;52,633745;39,565232
3307500;31;52,541483;39,572145
5123300;39,4;52,602819;39,558893
8403000;75,69;52,62284757;39,58550653
6035800;58,59;52,63075;39,54923
4298304;36,5;52,63409237;39,5640279
5882500;58,29;52,541483;39,572145
5929000;48,2;52,623834;39,585435
6044290;55,29;52,6307;39,54897
4456530;38,11;52,636406;39,542015
4407760;37,04;52,60294598;39,56027455
5769000;46,9;52,62231;39,58559
5289000;43;52,623834;39,585435
7865000;67,8;52,62231;39,58559
3984300;34,95;52,630335;39,547947
9849060;71,37;52,63140738;39,5624655
5275000;42,2;52,62257987;39,58602151
7175000;62,5;52,57706958;39,50057325
6521000;54,79;52,62271046;39,58502373
5043000;40,9;52,623834;39,585435
6726975;64,25;52,63075;39,54923
3455947;29,78;52,63345;39,56662
7049990;61,41;52,63297;39,56748
6310024;57,02;52,63422292;39,56361484
7690000;76,9;52,59212439;39,57337589
7727500;79,9;52,7203598;39,80213928
6015000;48,9;52,623834;39,585435
5900928;42,24;52,62261885;39,58430216
5376000;44,79;52,623834;39,585435
7797000;69;52,62299;39,58601
8916000;78,9;52,623834;39,585435
7752600;65,69;52,591238;39,566506
6565954;60,52;52,633745;39,565232
5942500;58,9;52,541483;39,572145
4061817;38,65;52,633745;39,565232
5724000;48,09;52,62328;39,58497
4196550;41,54;52,630335;39,547947
6543108;62,15;52,633745;39,565232
4081075;36,36;52,633745;39,565232
7801150;71,9;52,576769;39,500909
5412000;44;52,623834;39,585435
3933243;33,4;52,63458;39,56667
6082078;56,06;52,633745;39,565232
5526900;80,09;52,636642;39,512653
8092324;72,09;52,57706958;39,50057325
5643044;37,04;52,58706035;39,56453832
6223685;23,53;52,597707;39,601511
7398600;62,7;52,59139803;39,56682564
8591000;77,4;52,62299;39,58601
5675851;52,88;52,63364523;39,56425857
4080000;34;52,63573286;39,54146395
7591500;67,48;52,586995;39,564195
7492000;66,19;52,623834;39,585435
7432230;67,26;52,586995;39,564195
8720490;87,23;52,62210645;39,58122402
9839567;98,91;52,631897;39,562829
4221072;37,15;52,63300906;39,56453794
5633000;45,79;52,623834;39,585435
4312218;38,65;52,633745;39,565232
11625450;91,18;52,60291986;39,55890126
7873050;71,9;52,608948;39,599023
8374200;82,09;52,57969771;39,61318144
5733899;52,77;52,63297;39,56748
10071250;87,5;52,5761;39,50177
7591500;67,48;52,586995;39,564195
9403528;90,11;52,63409237;39,5640279
5490450;44,09;52,602819;39,558893
6474000;53,5;52,623834;39,585435
4044727;37,2;52,620773;39,591333
6544720;62,93;52,60258;39,560098
9978390;87,3;52,5761;39,50177
4077768;36,61;52,633745;39,565232
5393601;53,99;52,620773;39,591333
7801150;71,9;52,576769;39,500909
8143680;79,83;52,586995;39,564195
5129000;41,7;52,623834;39,585435
4894120;31,78;52,58706035;39,56453832
5310875;50,59;52,633745;39,565232
4489632;41,88;52,6228;39,58424
4537400;37,04;52,60323;39,55946
9965921;90;52,619963;39,624971
5733750;45,86;52,58294632;39,5436626
8713639;87,23;52,62210645;39,58122402
3439500;37,5;52,54085;39,57215
4494000;42,79;52,57969771;39,61318144
4873440;36,91;52,60258;39,560098
3885700;42,7;52,638347;39,53797
8558000;77,09;52,62284757;39,58550653
6425000;53,09;52,62299;39,58601
5842686;53,95;52,633745;39,565232
6647340;64,59;52,59480659;39,59171331
6109000;65,9;52,54085;39,57215
4880380;40,84;52,60258;39,560098
6295000;52,9;52,62328;39,58497
5473453;50,59;52,633745;39,565232
8258000;74,4;52,623834;39,585435
6412708;61,72;52,62261885;39,58430216
7700000;109,4;52,678413;39,695933
4219343;39,47;52,620773;39,591333
6581000;55,29;52,62271046;39,58502373
7456200;69,36;52,58727345;39,56471851
4463320;37,04;52,60323;39,55946
7078000;76,4;52,54085;39,57215
6282540;55,11;52,58294632;39,5436626
6363699;57,06;52,63300906;39,56453794
3646100;38,38;52,638347;39,53797
5358537;39,43;52,62261885;39,58430216
4583631;40,02;52,63422292;39,56361484
4537400;37,04;52,60323;39,55946
9655701;86,36;52,619963;39,624971
6937190;24,81;52,59786355;39,6013918
6474000;53,5;52,623834;39,585435
3856112;34,61;52,63422292;39,56361484
7099000;61,2;52,62271046;39,58502373
8114000;73,09;52,62328;39,58497
4941640;40,84;52,60294598;39,56027455
8403000;75,69;52,62299;39,58601
5712000;48;52,623834;39,585435
7057755;66,26;52,60323;39,55946
5994000;54,4;52,54143;39,572123
4059130;36,13;52,633745;39,565232
8968719;87,13;52,633745;39,565232
9691478;86,68;52,619963;39,624971
8147000;73,4;52,62299;39,58601
6804280;63,95;52,63090842;39,54871636
5043000;41;52,62271046;39,58502373
6887500;68,5;52,7203598;39,80213928
6934185;62,18;52,60258;39,560098
10443491;111,01;52,61969442;39,62473581
6627530;72,83;52,638347;39,53797
6153891;55,72;52,63409237;39,5640279
4786560;41,54;52,6307;39,54897
5769000;46,9;52,62231;39,58559
6607650;62,93;52,60323;39,55946
4368128;36,91;52,63422292;39,56361484
10824000;99,3;52,623834;39,585435
3636300;31;52,63075;39,54923
4318407;39;52,620773;39,591333
9855926;95,33;52,63218211;39,56198439
8351000;73,9;52,62257987;39,58602151
5510000;44,79;52,62284757;39,58550653
5982120;55,38;52,58294632;39,5436626
3037731;28,64;52,633745;39,565232
5508943;52,02;52,63319836;39,5649671
4968000;49,68;52,597499;39,4902
5376080;39,52;52,586995;39,564195
3708520;26,68;52,58727345;39,56471851
6165245;21,37;52,597707;39,601511
9002238;73,91;52,620773;39,591333
6704841;60,04;52,633745;39,565232
5338000;42,7;52,62257987;39,58602151
4013800;42,7;52,638347;39,53797
6199000;50,4;52,62257987;39,58602151
4250009;40,4;52,633745;39,565232
6093162;55,06;52,63364523;39,56425857
3585600;26,55;52,602819;39,558893
4079752;36,2;52,633745;39,565232
5222930;40,9;52,57662716;39,50169424
4385524;41,13;52,620773;39,591333
6581000;55,29;52,623834;39,585435
8403000;75,69;52,623834;39,585435
6555530;57,06;52,6329;39,56678
8403000;75,69;52,62299;39,58601
5942500;58,9;52,541483;39,572145
7601200;61,29;52,5761;39,50177
3980710;37,27;52,633745;39,565232
4699000;38,09;52,623834;39,585435
6109000;65,9;52,54085;39,57215
7036994;64,98;52,633745;39,565232
7273399;70,86;52,619603;39,624768
4020000;40,2;52,57969771;39,61318144
4941640;40,84;52,60258;39,560098
4566144;42,2;52,6228;39,58424
6190185;53,88;52,63300906;39,56453794
4870800;39,59;52,60294598;39,56027455
10824000;99,3;52,623834;39,585435
24948000;162;52,612533;39,625666
7398600;62,7;52,591238;39,566506
6273000;51;52,623834;39,585435
4871500;50,09;52,7203598;39,80213928
4201200;38,9;52,630335;39,547947
4819120;40,84;52,60294598;39,56027455
7797000;69;52,62284757;39,58550653
6131500;61,09;52,7203598;39,80213928
6706125;59,61;52,586995;39,564195
9128635;67,37;52,602819;39,558893
6850780;24,37;52,597707;39,601511
5288400;39;52,5761;39,50177
6937107;63,43;52,633745;39,565232
5557569;50,38;52,6329;39,56678
4515798;40,83;52,6228;39,58424
6126041;54,31;52,63331;39,56576
3780866;34,61;52,633745;39,565232
11947650;42,9;52,597707;39,601511
5043000;41;52,62271046;39,58502373
4412647;39,4;52,63300906;39,56453794
8591000;77,4;52,623834;39,585435
7797360;61,29;52,5761;39,50177
9258535;32,88;52,59786355;39,6013918
3575120;26,68;52,586995;39,564195
7737000;66,69;52,623834;39,585435
7099000;61,2;52,62328;39,58497
15008420;54,27;52,597707;39,601511
5302298;47,97;52,63366808;39,56350218
5831000;49;52,62328;39,58497
3938718;36,34;52,633745;39,565232
3643250;38,34;52,638347;39,53797
3972404;37,15;52,620773;39,591333
5338000;42,7;52,62231;39,58559
6301612;61,72;52,6228;39,58424
5264000;43,5;52,623834;39,585435
7056443;61,41;52,63297;39,56748
6553500;64,25;52,630335;39,547947
6665330;63,43;52,633745;39,565232
8825000;78,09;52,62257987;39,58602151
7740800;65,59;52,591238;39,566506
4997893;46,09;52,63331;39,56576
4923713;41,84;52,63458;39,56667
5803200;55,79;52,630335;39,547947
5338000;42,7;52,623834;39,585435
4657600;32,79;52,58294632;39,5436626
6142950;43,79;52,58706035;39,56453832
7795462;69,8;52,619963;39,624971
4694899;39,84;52,63448;39,56571
4226537;35,79;52,6329;39,56678
5792402;51,91;52,59755;39,49022
7793940;67,48;52,58706035;39,56453832
6648060;24,76;52,597707;39,601511
7529400;28,2;52,59786355;39,6013918
8433500;33,4;52,597707;39,601511
8150000;74,19;52,54143;39,572123
6603380;65,37;52,60294598;39,56027455
9367425;73,91;52,62261885;39,58430216
8351000;73,9;52,623834;39,585435
3101084;27,23;52,63409237;39,5640279
5712000;48;52,62328;39,58497
6033651;55,06;52,633745;39,565232
11228800;101,61;52,59755;39,49022
4741247;41,84;52,63458;39,56667
7842000;69,4;52,623834;39,585435
7607742;61,68;52,631291;39,562362
4537400;37,04;52,60323;39,55946
5196464;47,97;52,63331;39,56576
4394052;41,22;52,620773;39,591333
4920000;40;52,62271046;39,58502373
6912150;47,66;52,597499;39,4902
6128000;66,3;52,54085;39,57215
5126000;44;52,586995;39,564195
8351000;73,9;52,623834;39,585435
9658903;87,43;52,63409237;39,5640279
5693219;52,13;52,633745;39,565232
5470201;50,59;52,63297;39,56748
4762680;36,91;52,60258;39,560098
8558000;77,09;52,623834;39,585435
8161000;74,19;52,54143;39,572123
7145220;63,43;52,6329;39,56678
5123300;39,4;52,60258;39,560098
6243864;42,36;52,58706035;39,56453832
4357018;38,99;52,63458;39,56667
4319335;36,61;52,63319836;39,5649671
6538738;59,68;52,633745;39,565232
5678748;41,24;52,620773;39,591333
13173480;95,45;52,63140738;39,5624655
7794010;72,09;52,608948;39,599023
3015963;27,14;52,63458;39,56667
5338000;42,7;52,62257987;39,58602151
4369950;37,34;52,636406;39,542015
6264000;52,2;52,623834;39,585435
7518420;64,25;52,636406;39,542015
5347760;45,31;52,60258;39,560098
9945992;89,81;52,619963;39,624971
6154419;55,06;52,633745;39,565232
6521000;54,79;52,62271046;39,58502373
4793700;33,06;52,601339;39,581004
4592617;40,41;52,63297;39,56748
7930020;75,98;52,63458;39,56667
3271600;28,7;52,63458;39,56667
4124160;36,91;52,633745;39,565232
8103000;73;52,62271046;39,58502373
8000000;70,8;52,62299;39,58601
4000000;43,7;52,54085;39,57215
5638600;44;52,58706035;39,56453832
5328627;49,59;52,59755;39,49022
4094046;26,68;52,58706035;39,56453832
2995650;28,53;52,638347;39,53797
7700000;109,4;52,678413;39,695933
4099200;42,7;52,638347;39,53797
6521000;54,79;52,62328;39,58497
5115600;40,59;52,59441;39,59146
3833064;34,38;52,633745;39,565232
6194744;29,77;52,633745;39,565232
5376000;44,79;52,623834;39,585435
6474000;53,5;52,62299;39,58601
8000000;70,8;52,62284757;39,58550653
7664500;79,4;52,7203598;39,80213928
7833000;74,09;52,541483;39,572145
7227000;62,29;52,623834;39,585435
4166406;38,66;52,633745;39,565232
4118152;35,52;52,63319836;39,5649671
5177161;43,75;52,63366808;39,56350218
5882500;58,29;52,541483;39,572145
5438400;45,31;52,60258;39,560098
4078969;35,52;52,63319836;39,5649671
5043000;41;52,62271046;39,58502373
7005255;63,43;52,6329;39,56678
6175845;44,84;52,62261885;39,58430216
5435375;39,52;52,58706035;39,56453832
5599080;41,2;52,62261885;39,58430216
11228800;102,08;52,597499;39,4902
5376000;44,79;52,623834;39,585435
4434138;40,83;52,620773;39,591333
5510000;44,79;52,62284757;39,58550653
7638500;82,4;52,54085;39,57215
9691478;86,68;52,619963;39,624971
3223677;28,64;52,63458;39,56667
9712723;86,87;52,619963;39,624971
3109770;28,53;52,638347;39,53797
4503100;36,75;52,60323;39,55946
5571379;36,97;52,58706035;39,56453832
7356239;65,83;52,62210645;39,58122402
5064185;39,4;52,60258;39,560098
4019000;44,09;52,54085;39,57215
6328800;58,59;52,630335;39,547947
6716000;57,9;52,62328;39,58497
5760000;47,59;52,62299;39,58601
4707930;41,7;52,57399;39,50767
5855985;52,02;52,63297;39,56748
6425000;53,09;52,623834;39,585435
5816448;42,24;52,620773;39,591333
4494777;40,52;52,6228;39,58424
6192539;56,08;52,63448;39,56571
6089087;54,63;52,633745;39,565232
4099231;37,15;52,633745;39,565232
5002900;40,84;52,60323;39,55946
5082000;44;52,58727345;39,56471851
5336000;44,09;52,62328;39,58497
8147000;73,4;52,62299;39,58601
4096140;34,95;52,63075;39,54923
4456530;38,11;52,636406;39,542015
8147000;73,4;52,62299;39,58601
5375000;43,7;52,623834;39,585435
4928110;41,84;52,63458;39,56667
6887500;68,5;52,7203598;39,80213928
6474000;53,5;52,623834;39,585435
5953153;54,31;52,633745;39,565232
6425000;53,09;52,62284757;39,58550653
10239431;92,47;52,619963;39,624971
4871500;50,09;52,7203598;39,80213928
5510000;44,79;52,62299;39,58601
3984300;34,95;52,630335;39,547947
9300000;136,3;52,678413;39,695933
4850000;38,79;52,62231;39,58559
10188540;98,44;52,63218211;39,56198439
6393500;67,3;52,59212439;39,57337589
6599640;63,95;52,63090842;39,54871636
4303034;37,15;52,6329;39,56678
4822660;39,52;52,60258;39,560098
5630457;40,83;52,62261885;39,58430216
6176000;51,9;52,62271046;39,58502373
5834024;53,88;52,633745;39,565232
5712000;48;52,62328;39,58497
4396427;39;52,62261885;39,58430216
6263380;72,83;52,638347;39,53797
4894017;41,7;52,57706958;39,50057325
8102780;65,77;52,63195735;39,56276859
3439500;37,5;52,54085;39,57215
6958350;66,26;52,60294598;39,56027455
3646100;38,38;52,638347;39,53797
7601200;61,29;52,5761;39,50177
3242577;29,19;52,63409237;39,5640279
5560000;45,2;52,623834;39,585435
6128000;66,3;52,54085;39,57215
5808000;44;52,58706035;39,56453832
4612050;41,54;52,630335;39,547947
5123300;39,4;52,60258;39,560098
5941000;48,29;52,62257987;39,58602151
4094399;36,34;52,633745;39,565232
7393100;60,5;52,57662716;39,50169424
7485240;70,34;52,63048247;39,54784331
4240901;36,91;52,633745;39,565232
5964924;55,11;52,63300906;39,56453794
8720490;87,23;52,62210645;39,58122402
3272740;28,71;52,63422292;39,56361484
3940000;39,4;52,57969771;39,61318144
6714446;61,41;52,63297;39,56748
8558000;77,09;52,623834;39,585435
5178000;42,09;52,623834;39,585435
6393600;23,68;52,597707;39,601511
7664500;79,4;52,7203598;39,80213928
6818367;62,56;52,63458;39,56667
4038154;34,83;52,63319836;39,5649671
4114740;30,29;52,57662716;39,50169424
5516680;41,2;52,620773;39,591333
6038000;54,4;52,54143;39,572123
7895000;85;52,54085;39,57215
7854807;70,43;52,63409237;39,5640279
5126000;44;52,586995;39,564195
6287235;60,04;52,63075;39,54923
6633802;64,91;52,620773;39,591333
6131500;61,09;52,7203598;39,80213928
4953300;39,5;52,59480659;39,59171331
7024550;69,55;52,630335;39,547947
5830370;20,86;52,597707;39,601511
4268965;38,65;52,63422292;39,56361484
8053000;71,9;52,623834;39,585435
4219693;36,5;52,63458;39,56667
5375000;43,7;52,62299;39,58601
5395845;39,52;52,58727345;39,56471851
5792402;51,91;52,597499;39,4902
7288518;63,43;52,63300906;39,56453794
9846330;88,91;52,619963;39,624971
6009045;53,88;52,6329;39,56678
6194500;61,59;52,7203598;39,80213928
4244667;36,91;52,633745;39,565232
4290352;36,4;52,63458;39,56667
11140000;102,19;52,62257987;39,58602151
8701540;82,08;52,60294598;39,56027455
5472560;40,84;52,586995;39,564195
4381831;40,99;52,620773;39,591333
6068481;53,88;52,63300906;39,56453794
4900800;40,84;52,60294598;39,56027455
4892400;40,77;52,60294598;39,56027455
5289000;43;52,62284757;39,58550653
8147000;73,4;52,62284757;39,58550653
5769000;46,9;52,62231;39,58559
4038154;34,83;52,63297;39,56748
8174400;78,59;52,57969771;39,61318144
5570340;42,36;52,586995;39,564195
4902500;53,5;52,54085;39,57215
5445162;41,22;52,620773;39,591333
4407760;37,04;52,60294598;39,56027455
4537400;37,04;52,60323;39,55946
9618040;95,73;52,6321;39,56203
6612500;65,59;52,541483;39,572145
5715423;51,22;52,59755;39,49022
3394750;30,2;52,63422292;39,56361484
10344290;91,3;52,58706035;39,56453832
5781000;47;52,62231;39,58559
6130676;56,08;52,63409237;39,5640279
3383956;28,7;52,63409237;39,5640279
24948000;162;52,612533;39,625666
3561877;31,01;52,633745;39,565232
6371503;60,52;52,633745;39,565232
3531000;38,5;52,62653;39,60886
5662020;44,2;52,5761;39,50177
7638500;82,4;52,54085;39,57215
6474000;53,5;52,62299;39,58601
7144950;62,13;52,680905;39,475198
4962060;40,84;52,60323;39,55946
5350805;50,29;52,597499;39,4902
4851000;39,59;52,60323;39,55946
5680438;52,88;52,633745;39,565232
4114740;30,29;52,5761;39,50177
5289000;43;52,623834;39,585435
4000000;43,7;52,54085;39,57215
5129000;41,7;52,62328;39,58497
7481000;66,19;52,62271046;39,58502373
5902400;54,4;52,63048247;39,54784331
3105813;27,14;52,63458;39,56667
5942500;58,9;52,541483;39,572145
4671744;42,24;52,6228;39,58424
5892000;47,9;52,62257987;39,58602151
5365689;38,9;52,62261885;39,58430216
6553500;64,25;52,630335;39,547947
5769000;47;52,623834;39,585435
4565477;40,5;52,62261885;39,58430216
6791490;63,95;52,6307;39,54897
4181216;37,15;52,63319836;39,5649671
4484720;36,75;52,60258;39,560098
4682500;46,29;52,541483;39,572145
8955900;83,69;52,59139803;39,56682564
4182381;37,27;52,63409237;39,5640279
3455947;29,78;52,63364523;39,56425857
7996179;71,9;52,57706958;39,50057325
6104510;43,86;52,58706035;39,56453832
5602849;53,49;52,619603;39,624768
3420000;31;52,54143;39,572123
6898000;68,5;52,7203598;39,80213928
4184713;36,83;52,6329;39,56678
4324691;38,97;52,63448;39,56571
7355320;67,48;52,586995;39,564195
4157094;36,27;52,63422292;39,56361484
5526900;80,09;52,636642;39,512653
6086000;50,29;52,62284757;39,58550653
7456200;69,36;52,58727345;39,56471851
5760000;47,59;52,62284757;39,58550653
4139164;36,5;52,63409237;39,5640279
3667580;27,37;52,60291986;39,55890126
4771767;31,78;52,58706035;39,56453832
4419450;38,38;52,680905;39,475198
4179429;36,5;52,63458;39,56667
8112000;83,19;52,591238;39,566506
8278116;69,36;52,58706035;39,56453832
3194237;27,14;52,63409237;39,5640279
6271954;59,65;52,63364523;39,56425857
4081728;34,63;52,63422292;39,56361484
7700000;109,4;52,678413;39,695933
4555920;37,04;52,60323;39,55946
4878129;42,52;52,63409237;39,5640279
8558000;77,09;52,62299;39,58601
4413723;40,77;52,62261885;39,58430216
6521000;54,79;52,62271046;39,58502373
5279677;39,43;52,620773;39,591333
4441584;38,65;52,63422292;39,56361484
3977749;37,2;52,620773;39,591333
7385220;27,65;52,59786355;39,6013918
7887813;65,77;52,631291;39,562362
3772500;37,2;52,541483;39,572145
3079652;27,37;52,63448;39,56571
5375000;43,7;52,623834;39,585435
4036644;35,84;52,63319836;39,5649671
7481000;66,19;52,62271046;39,58502373
5336000;44,2;52,623834;39,585435
6469440;58,59;52,63048247;39,54784331
5348000;44,2;52,623834;39,585435
4923713;41,84;52,63409237;39,5640279
10737000;98,5;52,62231;39,58559
4067407;35,45;52,633745;39,565232
4463320;37,04;52,60323;39,55946
6858945;66,26;52,60258;39,560098
5700000;47,9;52,62328;39,58497
4241261;37,04;52,63409237;39,5640279
4773094;40,41;52,63319836;39,5649671
6336159;55,06;52,63345;39,56662
8479000;84,79;52,601339;39,581004
3534000;31;52,630335;39,547947
5560000;45,2;52,62299;39,58601
6381076;56,08;52,63458;39,56667
3686500;40,79;52,54085;39,57215
3439500;37,5;52,54085;39,57215
5501043;50,38;52,633745;39,565232
5129580;50,29;52,59755;39,49022
6218419;56,72;52,633745;39,565232
6352240;58,59;52,63048247;39,54784331
5696928;41,91;52,620773;39,591333
6846020;72,83;52,638347;39,53797
9009000;81,9;52,57706958;39,50057325
4203238;39,43;52,620773;39,591333
8513750;69,5;52,57662716;39,50169424
6581000;55,29;52,623834;39,585435
8708350;69,5;52,57662716;39,50169424
4578810;41,54;52,6307;39,54897
4829294;42,52;52,633745;39,565232
5869493;52,13;52,63300906;39,56453794
5264000;43,5;52,62271046;39,58502373
5769000;56,9;52,623834;39,585435
8618500;78,34;52,597499;39,4902
4715925;41,54;52,63090842;39,54871636
5740416;42,24;52,620773;39,591333
4157140;38,34;52,620773;39,591333
10211038;94,98;52,619963;39,624971
6529655;24,96;52,59786355;39,6013918
6521000;54,79;52,623834;39,585435
3575120;26,68;52,586995;39,564195
3919220;30,86;52,58727345;39,56471851
7017810;66,9;52,63090842;39,54871636
6068812;56,08;52,63458;39,56667
7099000;61,09;52,623834;39,585435
4791960;36,72;52,602819;39,558893
7658980;67,48;52,58727345;39,56471851
4709160;41,2;52,63075;39,54923
4567731;40,52;52,6228;39,58424
4106619;37,7;52,620773;39,591333
4157140;38,34;52,620773;39,591333
7473000;28,2;52,59786355;39,6013918
5519358;41,22;52,620773;39,591333
5638600;44;52,58706035;39,56453832
5211360;46,52;52,586995;39,564195
4369950;37,34;52,636406;39,542015
4889742;41,7;52,57706958;39,50057325
4589292;40,83;52,6228;39,58424
3439500;37,5;52,54085;39,57215
4456530;38,11;52,680905;39,475198
6148350;52,54;52,680905;39,475198
3492665;27,82;52,60323;39,55946
5637656;50,59;52,63319836;39,5649671
4326209;39;52,62261885;39,58430216
5902400;54,4;52,63048247;39,54784331
5129580;50,29;52,59755;39,49022
4411200;36,75;52,60258;39,560098
5566328;52,02;52,63297;39,56748
4434138;40,83;52,620773;39,591333
6027322;55,11;52,633745;39,565232
5335266;50,38;52,6329;39,56678
5003880;54,38;52,638347;39,53797
4082311;36,2;52,63458;39,56667
5712000;48;52,623834;39,585435
5712000;48;52,62328;39,58497
6000050;55,29;52,63090842;39,54871636
6804280;63,95;52,63090842;39,54871636
7165320;67,27;52,60323;39,55946
5275000;42,2;52,62231;39,58559
7113070;60,7;52,631897;39,562829
4381831;40,99;52,620773;39,591333
7329900;27,65;52,59786355;39,6013918
7996891;71,75;52,619963;39,624971
5892000;47,9;52,623834;39,585435
5047120;54,86;52,638347;39,53797
7005255;63,43;52,63300906;39,56453794
9235179;73,91;52,6228;39,58424
9665080;91,18;52,60258;39,560098
4415562;40,41;52,633745;39,565232
4247884;36,91;52,63458;39,56667
4282098;39,43;52,6228;39,58424
8800000;78,59;52,591238;39,566506
9521583;87,13;52,63448;39,56571
7613150;69,55;52,630335;39,547947
6317805;23,53;52,597707;39,601511
4401530;31,78;52,58727345;39,56471851
4106625;34,95;52,63048247;39,54784331
6086000;50,29;52,623834;39,585435
5129580;50,29;52,59755;39,49022
5411300;40,84;52,58727345;39,56471851
9649718;87,43;52,63458;39,56667
6150000;50;52,62257987;39,58602151
4555920;37,04;52,60323;39,55946
4247884;36,91;52,63448;39,56571
7649700;64,5;52,576237;39,502417
10431000;95,69;52,62328;39,58497
8828370;69,9;52,57662716;39,50169424
3759422;34,38;52,633745;39,565232
6586850;63,95;52,630335;39,547947
5784000;47,79;52,62284757;39,58550653
3285381;28,64;52,63458;39,56667
5526019;50,59;52,63319836;39,5649671
3953155;35,79;52,63409237;39,5640279
4825100;39,54;52,60323;39,55946
4952882;41,79;52,57706958;39,50057325
4326209;39;52,62261885;39,58430216
34466200;253,33;52,612533;39,625666
7336060;62,16;52,60381;39,50336
7329775;71,51;52,586995;39,564195
10003935;94,51;52,619603;39,624768
5376000;44,79;52,62271046;39,58502373
5152000;80,5;52,636642;39,512653
4707930;41,7;52,57399;39,50767
7035940;61,18;52,63422292;39,56361484
7088000;61,09;52,62271046;39,58502373
5166720;49,68;52,59755;39,49022
9283530;86,87;52,619603;39,624768
4804712;30,76;52,58706035;39,56453832
5082000;44;52,58727345;39,56471851
5376000;44,79;52,62271046;39,58502373
7033110;65,73;52,60294598;39,56027455
5196464;47,97;52,63366808;39,56350218
7251489;73,91;52,6228;39,58424
7860000;78,59;52,57969771;39,61318144
6521000;54,79;52,62271046;39,58502373
4459576;41,13;52,620773;39,591333
4682500;46,29;52,541483;39,572145
3325659;29,79;52,63345;39,56662
6591410;55,38;52,58294632;39,5436626
4894120;31,78;52,58706035;39,56453832
9142667;73,91;52,620773;39,591333
5760000;47,59;52,623834;39,585435
6150000;50;52,623834;39,585435
5560000;45,2;52,623834;39,585435
6825810;66,26;52,60323;39,55946
10076630;95,63;52,6321;39,56203
3695196;33,4;52,633745;39,565232
7638500;82,4;52,54085;39,57215
5453985;50,45;52,6329;39,56678
6025728;55,11;52,63300906;39,56453794
8011080;69,36;52,58706035;39,56453832
5556600;44,09;52,5761;39,50177
8513750;69,5;52,57662716;39,50169424
6799165;55,74;52,63218211;39,56198439
5264000;43,5;52,62328;39,58497
4282098;39,43;52,6228;39,58424
6756900;66,9;52,630335;39,547947
5640400;95,59;52,636642;39,512653
9712723;86,87;52,61969442;39,62473581
9568020;79,8;52,5761;39,50177
6726975;64,25;52,63075;39,54923
5729340;20,9;52,597707;39,601511
4417420;31,78;52,586995;39,564195
6581000;55,29;52,62328;39,58497
4545431;40,41;52,633745;39,565232
5724000;48,09;52,62271046;39,58502373
4059007;37,27;52,63409237;39,5640279
5325000;42,59;52,62231;39,58559
6612500;65,59;52,541483;39,572145
10835000;99,4;52,623834;39,585435
4505760;37,79;52,57399;39,50767
5802453;50,59;52,63297;39,56748
4682500;46,29;52,541483;39,572145
5560000;45,2;52,62284757;39,58550653
10824000;99,3;52,62231;39,58559
6326856;55,11;52,6329;39,56678
6814210;24,37;52,597707;39,601511
8000000;70,8;52,62299;39,58601
6131747;54,31;52,63331;39,56576
7251489;73,91;52,62261885;39,58430216
3667300;31;52,63075;39,54923
7062544;61,22;52,63140738;39,5624655
4974173;42,52;52,63409237;39,5640279
6796440;62,93;52,60258;39,560098
9712723;86,87;52,619963;39,624971
6557759;56,97;52,63366808;39,56350218
4182381;37,27;52,63458;39,56667
5801202;42,36;52,58706035;39,56453832
5658762;53,75;52,633745;39,565232
10288949;98,44;52,631291;39,562362
4889742;41,7;52,57706958;39,50057325
7964241;72,25;52,61969442;39,62473581
4956672;44,4;52,63409237;39,5640279
4695081;41,84;52,63458;39,56667
7801150;71,9;52,57706958;39,50057325
4900800;40,84;52,60294598;39,56027455
4874300;39,5;52,59480659;39,59171331
4532000;41,2;52,630335;39,547947
6423555;64,91;52,6228;39,58424
5780768;41,91;52,62261885;39,58430216
4494777;40,52;52,6228;39,58424
8177125;78,25;52,631897;39,562829
6183583;56,65;52,633745;39,565232
4892400;40,77;52,60294598;39,56027455
4819120;40,84;52,60294598;39,56027455
5264000;43,5;52,623834;39,585435
3643250;38,34;52,638347;39,53797
5918400;21,92;52,597707;39,601511
5264000;43,5;52,62328;39,58497
7108029;65,34;52,6329;39,56678
8620020;84,51;52,58294632;39,5436626
6138000;49,9;52,623834;39,585435
6892760;72,09;52,576769;39,500909
4189430;35,45;52,6329;39,56678
7851480;71,9;52,576769;39,500909
7797000;69;52,623834;39,585435
4303034;37,15;52,63300906;39,56453794
4770480;41,7;52,608948;39,599023
4494777;40,52;52,6228;39,58424
7071330;66,9;52,6307;39,54897
4141900;42,7;52,638347;39,53797
5855278;55,72;52,633745;39,565232
4017600;37,2;52,63573286;39,54146395
4774770;40,81;52,58294632;39,5436626
7659702;61,75;52,63195735;39,56276859
7842000;67,59;52,62231;39,58559
6511683;60,04;52,63422292;39,56361484
6044290;55,29;52,6307;39,54897
6521000;54,79;52,62328;39,58497
5347760;45,31;52,602819;39,558893
7853000;67,69;52,62231;39,58559
4532000;41,2;52,630335;39,547947
5772384;41,91;52,620773;39,591333
9846330;88,91;52,619963;39,624971
6898000;68,5;52,7203598;39,80213928
7692313;65,77;52,631291;39,562362
4486671;40,52;52,620773;39,591333
8591000;77,4;52,62299;39,58601
4396427;39;52,6228;39,58424
3849810;34,63;52,633745;39,565232
5986440;21,69;52,597707;39,601511
5523000;44,9;52,62284757;39,58550653
5194485;38,9;52,620773;39,591333
7842000;67,59;52,623834;39,585435
6799520;65,37;52,60258;39,560098
7752900;64,5;52,57662716;39,50169424
7432230;67,26;52,586995;39,564195
4548028;40,41;52,63297;39,56748
7727500;79,9;52,7203598;39,80213928
4481840;37,04;52,60258;39,560098
5784000;47,79;52,62299;39,58601
4935000;39,47;52,60258;39,560098
6453098;61,41;52,633745;39,565232
8132444;65,62;52,63218211;39,56198439
6516964;64,91;52,620773;39,591333
8260208;76,33;52,63409237;39,5640279
5620944;50,45;52,63300906;39,56453794
7895000;85;52,54085;39,57215
8942080;79,83;52,586995;39,564195
7797000;69;52,623834;39,585435
4060027;34,38;52,63300906;39,56453794
8004766;61,66;52,58706035;39,56453832
7916502;67,26;52,58706035;39,56453832
4019000;44,09;52,54085;39,57215
5126000;44;52,586995;39,564195
8403000;75,69;52,62284757;39,58550653
7227220;58,52;52,602819;39,558893
4372007;36,91;52,63458;39,56667
7842000;67,59;52,62257987;39,58602151
7115000;58,79;52,62299;39,58601
4280131;36,2;52,63448;39,56571
5956800;54,4;52,63048247;39,54784331
3572320;26,55;52,60291986;39,55890126
8147000;73,4;52,623834;39,585435
5082000;44;52,58727345;39,56471851
7047232;62,56;52,63297;39,56748
4799600;36,91;52,602819;39,558893
5515629;52,02;52,633745;39,565232
30032370;196,28;52,612533;39,625666
10039733;99,25;52,63218211;39,56198439
4114740;30,29;52,5761;39,50177
7280600;61,7;52,59139803;39,56682564
4396427;39;52,62261885;39,58430216
8121465;71,9;52,57706958;39,50057325
8351000;73,9;52,623834;39,585435
9619332;86,87;52,619963;39,624971
4061833;34,38;52,63300906;39,56453794
5523000;44,9;52,62299;39,58601
3684480;38,38;52,638347;39,53797
6457720;58,59;52,63075;39,54923
5069050;41,38;52,58727345;39,56471851
5129000;41,7;52,623834;39,585435
5815950;55,38;52,601339;39,581004
4308049;40,99;52,620773;39,591333
3325659;29,79;52,63364523;39,56425857
5639040;42,24;52,620773;39,591333
4518880;37,04;52,60294598;39,56027455
7500000;75;52,60258;39,560098
4290389;39,47;52,620773;39,591333
5680160;41,88;52,62261885;39,58430216
8148805;70,88;52,58706035;39,56453832
4703746;42,22;52,633745;39,565232
4077000;30,2;52,57662716;39,50169424
4707300;36,91;52,60291986;39,55890126
5358537;39,43;52,6228;39,58424
4019080;38,34;52,620773;39,591333
4191988;35,79;52,63458;39,56667
3934650;30,86;52,586995;39,564195
7310160;62,47;52,680905;39,475198
11140000;102,19;52,62231;39,58559
5210280;42,36;52,58727345;39,56471851
8599160;71,59;52,57662716;39,50169424
5129000;41,7;52,62271046;39,58502373
6630600;64,25;52,63075;39,54923
3940627;34,36;52,633745;39,565232
6828181;64,98;52,633745;39,565232
5705312;41,91;52,62261885;39,58430216
5780768;41,91;52,62261885;39,58430216
5123300;39,4;52,60258;39,560098
5328627;49,59;52,597499;39,4902
8558000;77,09;52,62284757;39,58550653
8145280;78,31;52,631291;39,562362
6934185;62,18;52,60258;39,560098
7115000;58,79;52,62299;39,58601
5940150;59,7;52,63533143;39,54177508
6150000;50;52,62231;39,58559
4996808;46,08;52,63331;39,56576
5557569;50,38;52,63300906;39,56453794
5031000;40,9;52,62328;39,58497
3494694;30,2;52,63422292;39,56361484
5376000;44,79;52,623834;39,585435
4030837;36,25;52,63409237;39,5640279
5988990;55,29;52,6307;39,54897
6974420;24,81;52,59786355;39,6013918
4219693;36,5;52,63458;39,56667
6310024;57,02;52,63448;39,56571
3531000;38,5;52,62653;39,60886
7752600;65,69;52,591238;39,566506
8591000;77,4;52,62299;39,58601
5053440;39,47;52,602819;39,558893
6005415;44,84;52,620773;39,591333
7188565;62,56;52,63297;39,56748
4902500;53,5;52,54085;39,57215
5929000;48,2;52,62231;39,58559
5553196;41,38;52,58706035;39,56453832
2986275;27,14;52,633745;39,565232
5289000;43;52,623834;39,585435
4481840;37,04;52,60323;39,55946
3886800;32,79;52,63048247;39,54784331
3636300;31;52,63075;39,54923
6150000;50;52,62257987;39,58602151
4103456;36,83;52,63300906;39,56453794
8479000;84,79;52,58294632;39,5436626
3193908;28,72;52,633745;39,565232
5067360;49,68;52,59755;39,49022
4157399;37,04;52,633745;39,565232
4272672;36,25;52,63458;39,56667
5123300;39,4;52,602819;39,558893
4291399;38,66;52,63448;39,56571
6081185;56,08;52,63366808;39,56350218
7099000;61,2;52,62271046;39,58502373
3667104;31,01;52,63366808;39,56350218
4383045;37,15;52,6329;39,56678
6898000;68,5;52,7203598;39,80213928
6469440;58,59;52,63048247;39,54784331
3645600;31;52,63048247;39,54784331
6400000;59,59;52,597658;39,510143
6521000;54,79;52,62328;39,58497
8351000;73,9;52,62257987;39,58602151
5769000;46,9;52,62231;39,58559
4047516;36,4;52,63458;39,56667
7420080;71,9;52,57399;39,50767
4892400;40,77;52,60294598;39,56027455
7865000;67,8;52,62257987;39,58602151
6868785;65,73;52,60258;39,560098
4444800;37,04;52,60323;39,55946
4831200;39,59;52,60323;39,55946
8216000;79;52,57969771;39,61318144
4515798;40,83;52,6228;39,58424
5516680;41,2;52,620773;39,591333
5047120;54,86;52,638347;39,53797
5376000;44,79;52,62328;39,58497
7268540;64,04;52,60291986;39,55890126
4127824;36,4;52,63458;39,56667
4871500;50,09;52,7203598;39,80213928
11140000;102,19;52,623834;39,585435
6821850;62,29;52,57399;39,50767
5824896;42,24;52,62261885;39,58430216
5686996;41,24;52,62261885;39,58430216
4463811;40,99;52,6228;39,58424
9712723;86,87;52,61969442;39,62473581
6602500;65,5;52,541483;39,572145
8930520;81,98;52,619603;39,624768
6381076;56,08;52,63409237;39,5640279
6287235;60,04;52,63075;39,54923
5565291;50,45;52,63300906;39,56453794
4752000;39,59;52,60323;39,55946
8175453;67,26;52,58706035;39,56453832
6605865;65,73;52,60258;39,560098
9846330;88,91;52,619963;39,624971
5942500;58,9;52,541483;39,572145
5769000;46,9;52,62231;39,58559
8053000;71,9;52,623834;39,585435
4871500;50,09;52,7203598;39,80213928
5760000;47,59;52,62284757;39,58550653
7402500;73,5;52,541483;39,572145
4871500;50,09;52,7203598;39,80213928
9253144;87,13;52,633745;39,565232
7115000;58,79;52,62284757;39,58550653
5178000;42,09;52,62284757;39,58550653
6581000;55,29;52,62271046;39,58502373
6018812;53,95;52,633745;39,565232
7616000;67,4;52,623834;39,585435
5715640;20,86;52,597707;39,601511
6067200;94,8;52,636642;39,512653
9506491;89,81;52,619603;39,624768
5640400;95,59;52,636642;39,512653
3927370;34,61;52,633745;39,565232
7895000;85;52,54085;39,57215
9530738;87,13;52,63409237;39,5640279
6654000;60,79;52,54143;39,572123
5214000;44;52,58727345;39,56471851
7088000;61,09;52,62328;39,58497
6032972;53,45;52,63364523;39,56425857
9712723;86,87;52,619963;39,624971
4241261;37,04;52,63409237;39,5640279
4696993;39,84;52,63422292;39,56361484
8000000;70,8;52,623834;39,585435
5880450;59,7;52,63533143;39,54177508
4797040;39,31;52,60294598;39,56027455
5375000;43,7;52,62284757;39,58550653
5547000;45,09;52,62284757;39,58550653
6700360;72,83;52,638347;39,53797
3945280;34,38;52,633745;39,565232
6581000;55,29;52,623834;39,585435
8558000;77,09;52,62284757;39,58550653
5941000;48,29;52,623834;39,585435
6544490;23,29;52,597707;39,601511
5336000;44,2;52,623834;39,585435
5784000;47,79;52,62299;39,58601
7402500;73,5;52,541483;39,572145
8403000;75,69;52,623834;39,585435
5633450;50,59;52,633745;39,565232
5738482;52,02;52,63297;39,56748
3990266;35,79;52,633745;39,565232
10431000;95,69;52,623834;39,585435
7692300;69,93;52,60258;39,560098
4078060;37,04;52,633745;39,565232
9367425;73,91;52,62261885;39,58430216
5994000;54,4;52,54143;39,572123
3933243;33,4;52,63409237;39,5640279
8403000;75,69;52,623834;39,585435
5024138;43,75;52,633745;39,565232
8103000;73;52,62271046;39,58502373
7770000;70;52,623834;39,585435
6399120;58,59;52,63075;39,54923
4984910;41,88;52,60381;39,50336
9186520;76,3;52,57662716;39,50169424
3435779;29,19;52,63409237;39,5640279
10835000;99,4;52,623834;39,585435
6185160;60,04;52,630335;39,547947
9412900;79,09;52,5761;39,50177
6176000;51,9;52,62328;39,58497
4589292;40,83;52,62261885;39,58430216
4104449;37,72;52,633745;39,565232
5941000;48,29;52,623834;39,585435
9958080;72,16;52,63140738;39,5624655
5474700;55,29;52,630335;39,547947
6062875;53,75;52,63345;39,56662
3357394;29,78;52,63345;39,56662
4318407;39;52,620773;39,591333
5900928;42,24;52,6228;39,58424
13593600;115,19;52,591238;39,566506
4211124;39,43;52,6228;39,58424
3339178;29,19;52,63458;39,56667
6602500;65,5;52,541483;39,572145
6128000;66,3;52,54085;39,57215
4143112;36,11;52,633745;39,565232
5202120;39,4;52,60291986;39,55890126
5350651;39,43;52,620773;39,591333
9300000;136,3;52,678413;39,695933
15999720;115,94;52,63140738;39,5624655
6150000;50;52,62257987;39,58602151
6505200;55,59;52,680905;39,475198
6128000;66,3;52,54085;39,57215
7220360;67,48;52,586995;39,564195
5112660;54,38;52,638347;39,53797
4219343;39,47;52,620773;39,591333
5000014;44,34;52,63366808;39,56350218
7414890;70,34;52,63048247;39,54784331
6440520;22,92;52,59786355;39,6013918
6268829;55,54;52,63366808;39,56350218
15005760;102,08;52,59755;39,49022
6015000;48,9;52,623834;39,585435
7223700;60,5;52,5761;39,50177
7342500;72,9;52,541483;39,572145
5395845;39,52;52,58727345;39,56471851
10239431;92,47;52,61969442;39,62473581
6176000;51,9;52,62271046;39,58502373
5712000;48;52,62328;39,58497
6128000;66,3;52,54085;39,57215
8403000;75,69;52,62299;39,58601
3772500;37,2;52,541483;39,572145
6178348;57,06;52,633745;39,565232
6138000;49,9;52,623834;39,585435
6974240;67,05;52,60258;39,560098
4844859;42,22;52,63458;39,56667
8588616;87,62;52,622269;39,581282
3961310;34,83;52,63319836;39,5649671
3980710;37,27;52,633745;39,565232
3667300;31;52,63075;39,54923
5994000;54,4;52,54143;39,572123
4048827;34,61;52,63422292;39,56361484
7144950;62,13;52,636406;39,542015
3450920;27,82;52,60294598;39,56027455
5633000;45,79;52,62284757;39,58550653
4761020;41,79;52,57399;39,50767
5510000;44,79;52,62299;39,58601
4242000;40,4;52,63533143;39,54177508
6320190;57,29;52,63075;39,54923
3569340;38,38;52,638347;39,53797
4699000;38,2;52,62328;39,58497
7088000;61,09;52,623834;39,585435
9922000;90,19;52,59139803;39,56682564
5784000;47,79;52,623834;39,585435
5298320;41,2;52,5761;39,50177
9961556;96,33;52,63140738;39,5624655
6796440;62,93;52,60294598;39,56027455
6650800;63,95;52,630335;39,547947
5365689;38,9;52,62261885;39,58430216
7000000;62,5;52,608948;39,599023
5766039;53,49;52,619603;39,624768
4000000;43,7;52,54085;39,57215
6128000;66,3;52,54085;39,57215
7854807;70,43;52,63458;39,56667
4851270;46,08;52,633745;39,565232
5602020;43,79;52,576237;39,502417
9267850;80,58;52,58294632;39,5436626
6517280;24,63;52,597707;39,601511
9807074;92,66;52,619603;39,624768
6612430;63,95;52,63090842;39,54871636
6726975;64,25;52,63075;39,54923
4785000;38,9;52,62328;39,58497
3624705;27,98;52,586995;39,564195
4181216;37,15;52,63297;39,56748
4578810;41,54;52,6307;39,54897
6670580;62,93;52,60294598;39,56027455
4921951;42,83;52,633745;39,565232
4851000;46,2;52,57969771;39,61318144
4000000;43,7;52,54085;39,57215
6701450;65,37;52,60323;39,55946
3461856;31,01;52,63331;39,56576
4071675;34,95;52,63048247;39,54784331
7727500;79,9;52,7203598;39,80213928
5760000;47,59;52,62299;39,58601
6612500;65,59;52,541483;39,572145
5069050;41,38;52,58727345;39,56471851
5501581;53,99;52,6228;39,58424
6966396;60,52;52,63448;39,56571
4279030;36,27;52,63422292;39,56361484
3673600;32,79;52,630335;39,547947
4372500;41,25;52,630335;39,547947
5678748;41,24;52,620773;39,591333
6577926;60,04;52,63448;39,56571
7355320;67,48;52,586995;39,564195
7316400;70,34;52,630335;39,547947
6898000;68,5;52,7203598;39,80213928
5193320;40,7;52,5761;39,50177
6314460;55,38;52,601339;39,581004
5067360;49,68;52,597499;39,4902
8121465;71,9;52,57706958;39,50057325
6189499;56,08;52,633745;39,565232
7297710;67,26;52,58727345;39,56471851
