price;area;lat;lon
9580000;54,84;56,30322;43,92668
7878978;29,89;56,27275;44,052807
10636220;57,4;56,24189638;44,0811615
12235268;47,5;56,310445;43,938326
7672830;30;56,26862407;44,03502438
9459936;41,7;56,26899033;44,03733246
7670784;33;56,27275;44,052807
8112000;41,59;56,34249;43,8757
13149999;54,95;56,30243714;44,10379162
5255640;38,2;56,30701898;43,84878948
27678000;65,9;56,322037;44,005573
6699290;37,7;56,31279053;43,88630085
15660000;93,09;56,26185201;44,01021655
10390000;35,5;56,28337137;44,03038537
12985778;64,19;56,25397;43,84863
35550000;79;56,312315;43,975068
6496000;29;56,248613;44,048243
8010000;28,98;56,30135631;44,08432405
28464743;98,19;56,3132544;43,96930895
18497780;71,25;56,284208;44,083939
8307900;45,9;56,24606868;44,04796909
10123593;54,5;56,27275;44,052807
9090000;51,9;56,219673;43,817821
8530000;38,5;56,301947;43,93416
16765619;85,66;56,28461981;44,08324076
10126500;39,25;56,284208;44,083939
11020415;64,69;56,27857;44,04323
15038800;91,69;56,342399;43,874837
20956000;84,5;56,26581118;43,97614632
13650690;91,5;56,31052757;43,93759561
19347920;66,26;56,26581118;43,97614632
21498500;58,9;56,31182985;43,9804979
7900167;33;56,26879511;44,03422363
11399999;53,43;56,29791554;43,95222999
15215350;76,8;56,31076451;43,93833547
8148280;34,79;56,27948;44,04396
9725220;58,2;56,23986577;43,83607559
7575000;37,5;56,2455639;44,04924046
6563375;48,81;56,218299;44,026776
9498500;61,9;56,248613;44,048243
27497699;86,19;56,31071876;44,00346057
7390000;32;56,326305;43,910941
6882750;41,4;56,26131336;43,93982472
8648035;53,34;56,30973766;43,89619555
10129410;47,83;56,206619;43,899036
8836787;42,04;56,305213;43,936778
9245210;39,4;56,28461;44,08362
10546250;35,75;56,22432;43,940192
41658500;143,64;56,323163;44,035586
8585200;50,79;56,24606868;44,04796909
17180000;88,69;56,34688242;43,92365884
11078725;69,8;56,26862407;44,03502438
10213753;39,7;56,3102;44,09525
9809200;54,79;56,2460166;44,05111255
5362898;38,2;56,30701898;43,84878948
7283400;36,59;56,24606868;44,04796909
16465929;70,36;56,30422;44,00771
9650000;48,75;56,246863;43,827557
9104879;46,9;56,25403985;43,84835189
5374024;39,15;56,218299;44,026776
10452500;56,5;56,30986147;44,07436398
9780473;75,08;56,30639313;43,84588019
12470000;64,44;56,301196;44,084741
8551757;38,4;56,30512043;43,93979741
8978507;23,38;56,31076451;43,93833547
10270000;59,2;56,301983;43,933465
9156000;54,5;56,24606868;44,04796909
10282351;47,41;56,206619;43,899036
11284676;67;56,26848;44,03505
8924230;52,9;56,288639;43,813403
12222869;64,72;56,30531709;43,93552226
8139600;39,9;56,34249;43,8757
9200000;44;56,26167;44,01066
13034020;55,93;56,31535466;44,07307159
11250067;68,19;56,27841;44,04228
8065112;34,2;56,27275;44,052807
39000000;311,1;56,280417;43,955573
10650500;59,5;56,34249;43,8757
8360028;42,79;56,343269;43,829027
6570400;38,2;56,31279053;43,88630085
14973200;91,3;56,34248922;43,87483452
31500000;66,43;56,32122862;44,00254607
6380000;29;56,248613;44,048243
20879080;85,56;56,31535466;44,07307159
33333453;50,18;56,312315;43,975068
6719670;37,9;56,23986577;43,83607559
12777533;57,09;56,310445;43,938326
10217200;62,29;56,34249;43,8757
8806380;36,29;56,26393551;43,86626459
8124427;34,09;56,27275;44,052807
10733076;37,61;56,30422;44,00771
15459999;57,34;56,31772789;43,9715093
7990000;37,06;56,31397;43,87803
17449999;70,65;56,30243714;44,10379162
7050330;43,4;56,326729;44,00697
11659999;46,15;56,30243714;44,10379162
7290000;36,09;56,219673;43,817821
17390000;63,59;56,28337137;44,03038537
29990000;133,89;56,331721;43,947855
9299865;38,4;56,267757;44,020746
11250090;68,4;56,27841;44,04228
9017780;38;56,26899033;44,03733246
9952580;47,61;56,31535466;44,07307159
14850000;84,9;56,26183;44,010568
5103846,62;35,29;56,192049;43,891147
20484000;56,9;56,31182985;43,9804979
5968404;23,39;56,27275;44,052807
14970000;81,09;56,34688242;43,92365884
7990000;50,9;56,21925;43,8199
7078800;34,7;56,24606868;44,04796909
7980000;39,9;56,34249;43,8757
6338800;29,89;56,2455639;44,04924046
13150158;65;56,25403985;43,84835189
9548289;46,7;56,25403985;43,84835189
7385400;37,29;56,24606868;44,04796909
12729300;84,3;56,24532346;44,05083637
17480320;84,04;56,284208;44,083939
19599000;109,69;56,34738;43,923997
6590000;34,29;56,21925;43,8199
15197000;91;56,342399;43,874837
12178500;43,29;56,346553;43,929761
65650000;101;56,322604;43,98837
8642180;52,59;56,3655588;43,81770045
7230600;30,89;56,24626431;44,04936652
8918951;34,99;56,264368;43,865569
12479999;48,29;56,30243714;44,10379162
9908427;54,5;56,26879511;44,03422363
8115809;39,4;56,27856341;44,04353498
8714065;25,15;56,303911;44,000426
5739500;32,5;56,24104802;44,08181596
21126663;85,69;56,31643526;44,04015241
8550000;38,4;56,301947;43,93416
8549480;34,29;56,267757;44,020746
8720000;43,09;56,301947;43,93416
21417500;65,9;56,320026;43,977679
19441440;60,95;56,31575;44,07297
25497260;70,19;56,31575;44,07297
9340111;45;56,25423;43,848433
49096320;109,58;56,312848;43,97616
14886281;52,09;56,314057;43,969599
7890000;53,9;56,21896442;43,8191828
11990000;65,19;56,34688242;43,92365884
8767464;44,75;56,34267441;43,83190266
11327800;41;56,317093;44,064431
6097000;32,5;56,23986577;43,83607559
7263500;36,5;56,24606868;44,04796909
7672830;30;56,26862407;44,03502438
14074917;83,4;56,267757;44,020746
8484000;42;56,342399;43,874837
9201567;41,7;56,30531709;43,93552226
13169999;48,79;56,317538;43,972031
20673510;87,23;56,26581118;43,97614632
9474000;57,15;56,30292088;43,92679077
7050330;43,4;56,326729;44,00697
15315000;85,59;56,34634;43,92332
8054670;32,5;56,27275;44,052807
7801698;30,7;56,26879511;44,03422363
12816100;67,09;56,342399;43,874837
8891290;36,65;56,26393551;43,86626459
14846913;51,79;56,314057;43,969599
10238400;64,8;56,20586328;43,81749283
9990000;43,38;56,30135631;44,08432405
25240000;53,31;56,321079;44,002594
5490540;19,79;56,26386;43,86687
9060000;37,75;56,26393551;43,86626459
15050000;81,09;56,34738;43,923997
11972774;69;56,31076451;43,93833547
9827048;75,68;56,30639313;43,84588019
16326100;70,25;56,30433573;44,0063724
12834900;65,81;56,284208;44,083939
9146340;54,9;56,31279053;43,88630085
13020000;72,3;56,34688242;43,92365884
14138635;83,4;56,267757;44,020746
10063600;36,2;56,26581118;43,97614632
6583500;38,5;56,23986577;43,83607559
7015770;41,09;56,288639;43,813403
9135830;52,9;56,31279053;43,88630085
9403619;44,09;56,30512043;43,93979741
5486000;21,1;56,24606868;44,04796909
13691476;76,66;56,28461;44,08362
17160524;85,61;56,28461981;44,08324076
12131900;53,79;56,259928;43,978821
8827250;52,7;56,24178286;44,08224511
9999206;53,2;56,27948;44,04396
7762893;30,79;56,27275;44,052807
19819999;67,29;56,317538;43,972031
40877231;96,19;56,32262756;43,98838833
10763000;61,86;56,302004;43,925036
12162600;69,9;56,24626431;44,04936652
8190000;53,79;56,21896442;43,8191828
7028140;28;56,27839032;44,04282151
4828374,95;33,79;56,192049;43,891147
14270259;74,5;56,25403985;43,84835189
5117645;20,75;56,206619;43,899036
7890000;31;56,34634;43,92332
12765356;50,7;56,30433573;44,0063724
5443800;21,1;56,24606868;44,04796909
7620000;38,09;56,24626431;44,04936652
7373767;27,5;56,267757;44,020746
25265244;66,8;56,31203;43,98025
8050000;40,25;56,31397;43,87803
16958000;69,5;56,31535466;44,07307159
7691200;36,79;56,24626431;44,04936652
5851811;39,15;56,218299;44,026776
12974420;65,8;56,284208;44,083939
9371850;43,59;56,353144;43,825892
10370400;59,59;56,248613;44,048243
7718070;59,83;56,30701898;43,84878948
8190000;38,9;56,301947;43,93416
20657520;88,27;56,26581118;43,97614632
12290000;65,19;56,34738;43,923997
16410050;69,75;56,31535466;44,07307159
9080000;44,59;56,34688242;43,92365884
13420000;75,55;56,30135631;44,08432405
6972350;38,5;56,34288029;43,84374421
34080000;56,79;56,323563;44,01929
9657720;57,9;56,206879;43,878404
9565758;55,5;56,27841;44,04228
10860000;55,9;56,34738;43,923997
7115500;42,79;56,26131336;43,93982472
8322309;30,7;56,27275;44,052807
6841176;29,6;56,34267441;43,83190266
9547669;46;56,25423;43,848433
15039999;62,22;56,30219;44,10283
7263500;37,79;56,248613;44,048243
7215250;43,4;56,26131336;43,93982472
11578685;57,66;56,34267441;43,83190266
8307351;37,86;56,30531709;43,93552226
8190000;53,79;56,21925;43,8199
34045418;97,09;56,31203;43,98025
15060000;81,8;56,34634;43,92332
23935450;62,16;56,312315;43,975068
9197471;75,08;56,30701898;43,84878948
9979000;59,9;56,248613;44,048243
17620537;91;56,31076451;43,93833547
7654400;36,79;56,2455639;44,04924046
33123000;108,59;56,31055055;43,98939101
18611300;47,29;56,313696;43,986405
6990000;36,29;56,21896442;43,8191828
13290973;57,5;56,31076451;43,93833547
8221200;40,29;56,34249;43,8757
9848400;57,7;56,248613;44,048243
7732800;37;56,248613;44,048243
20973748;79,79;56,30243714;44,10379162
6699290;37,7;56,288639;43,813403
34267200;94,4;56,31182985;43,9804979
10577239;65,23;56,309039;43,895814
15890000;62;56,28337137;44,03038537
15006820;76,8;56,31076451;43,93833547
6605600;36,79;56,23986577;43,83607559
19740000;114,77;56,30117;44,08461
7956000;40,79;56,34248922;43,87483452
22815000;84,5;56,26581118;43,97614632
8860000;39;56,26183;44,010568
11390000;73,69;56,21925;43,8199
11038418;59,9;56,30973766;43,89619555
10617600;55,29;56,35168;43,87031
7020180;38,7;56,34288029;43,84374421
10421794;36,68;56,2847511;44,08343388
8053000;40,97;56,302004;43,925036
15382404;53,59;56,314057;43,969599
24624000;68,4;56,31182985;43,9804979
9920300;58,7;56,2455639;44,04924046
7926500;41,5;56,34248922;43,87483452
8119200;40,79;56,342399;43,874837
8860000;35,2;56,34634;43,92332
21229999;86,33;56,30243714;44,10379162
5984000;35,2;56,20586328;43,81749283
8831793,12;52,56;56,30947;43,89597
33512000;94,4;56,31182985;43,9804979
9572500;54,7;56,24626431;44,04936652
7720000;32,4;56,34738;43,923997
7222916;57,13;56,30701898;43,84878948
11049790;67,69;56,27856341;44,04353498
10595200;60,2;56,2460166;44,05111255
8450000;35,2;56,26167;44,01066
14065800;73,5;56,310445;43,938326
6090000;23,6;56,326305;43,910941
7870212;31,5;56,26862407;44,03502438
7320000;37,9;56,248613;44,048243
8890000;51,7;56,219673;43,817821
9060000;43,29;56,34688242;43,92365884
8908000;52,4;56,21162;43,83161
23045624;72,91;56,30219;44,10283
7670784;33;56,27275;44,052807
9067617;40,79;56,28461;44,08362
6924150;41,4;56,326729;44,00697
8960000;39;56,26185201;44,01021655
5240115;34,84;56,218299;44,026776
7323300;32,2;56,248613;44,048243
5850000;29,7;56,27825381;44,0972248
16005360;68,05;56,30422;44,00771
12162500;69,5;56,24626431;44,04936652
11250120;68,09;56,27275;44,052807
19294212;59,2;56,31071876;44,00346057
8550000;35,2;56,26167;44,01066
9103290;57,7;56,326729;44,00697
19819999;67,29;56,317662;43,971453
17490000;74,9;56,33161;43,94897
24670000;46,43;56,321007;44,002772
17605000;72,19;56,346553;43,929761
10190000;62,4;56,21925;43,8199
7762893;30,79;56,2689;44,03516
9749860;61,79;56,326729;44,00697
9459999;49,22;56,203071;43,896904
7721480;40,29;56,34287;43,84371
16282284;69,2;56,303911;44,000426
16000000;93,59;56,30243141;43,94134696
15111720;63,59;56,31052757;43,93759561
10590000;60;56,362352;43,855645
11572441;67;56,27275;44,052807
9357500;39,4;56,28473917;44,08328368
12813600;84,3;56,24532346;44,05083637
14470000;86,8;56,26183;44,010568
16962566;64;56,314057;43,969599
12051200;53,79;56,2597542;43,97880318
10511833;36,63;56,30433573;44,0063724
13549999;48,79;56,317538;43,972031
27629999;75,48;56,317538;43,972031
11943360;52,79;56,26393551;43,86626459
8400000;50;56,24606868;44,04796909
18370000;90,69;56,33086108;43,88152355
12588905;71,65;56,30925114;43,8959115
11076197;67,09;56,26862407;44,03502438
11201540;47,7;56,31076451;43,93833547
19190000;75,3;56,28337137;44,03038537
12540000;65,87;56,33260146;43,88200635
14311144;72,9;56,26859879;44,02192617
12790000;69,69;56,34688242;43,92365884
24308470;62,16;56,312848;43,97616
8938935;36,65;56,264368;43,865569
20209999;84,9;56,30243714;44,10379162
10388932;58,2;56,26848;44,03505
6960800;38,5;56,34287;43,84371
15879999;64,05;56,303802;44,100032
5449300;38,2;56,30701898;43,84878948
16460000;91,3;56,34688242;43,92365884
11234000;69,9;56,248613;44,048243
11690000;45,59;56,28337137;44,03038537
6799999;25,36;56,29791554;43,95222999
9535500;58,5;56,2455639;44,04924046
35211000;97;56,31182985;43,9804979
35340000;58,9;56,32358424;44,01900592
9690000;46,29;56,28337137;44,03038537
41072000;120,8;56,31182985;43,9804979
27259999;75,48;56,317662;43,971453
8200800;40,79;56,34248922;43,87483452
8990000;56,5;56,21999;43,81982
12656233;67;56,269185;44,03513
7034180;42,79;56,26131336;43,93982472
7731000;41,47;56,30292088;43,92679077
6963376;28,1;56,27275;44,052807
18791000;81;56,317093;44,064431
8764704;37,52;56,20553;43,89783
48490000;105,4;56,321079;44,002594
6882750;41,4;56,26131336;43,93982472
8170213;41,29;56,34263292;43,82861794
6264000;29;56,2455639;44,04924046
5990895;20,06;56,26393551;43,86626459
12313620;59,4;56,31695711;43,89662701
11612700;62,09;56,342399;43,874837
7591039;30,1;56,27275;44,052807
36478440;94,69;56,322604;43,98837
7488000;39,9;56,248613;44,048243
6882750;41,4;56,26131336;43,93982472
24074500;74,3;56,313696;43,986405
6143360;33,09;56,24104802;44,08181596
6511000;38,29;56,288639;43,813403
7600571;56,54;56,30701898;43,84878948
17195569;85,9;56,31076451;43,93833547
11465350;56,9;56,29766;43,99764
11666908;68,69;56,27839032;44,04282151
9419717;46,27;56,305213;43,936778
14973200;91,3;56,34249;43,8757
7696673;30,79;56,2689;44,03516
9330405;46,09;56,25397;43,84863
7131000;34,81;56,30292088;43,92679077
10724089;64,69;56,27839032;44,04282151
10254200;64,9;56,20586328;43,81749283
8260028;36,29;56,343269;43,829027
11790000;78,69;56,219673;43,817821
12090000;60;56,28337137;44,03038537
9999999;49,74;56,29714;43,95264
5947500;32,5;56,24104802;44,08181596
10800000;67,5;56,3655588;43,81770045
5362898;38,2;56,30701898;43,84878948
27200000;104;56,31270023;43,98472395
30652000;79;56,312315;43,975068
6038160;36,2;56,29202546;43,85822885
13755701;80,59;56,285791;43,92192
13614735;77,05;56,28461981;44,08324076
26869999;68,51;56,317538;43,972031
11990000;67,69;56,326305;43,910941
10032300;63,9;56,24606868;44,04796909
13029247;65,4;56,25403985;43,84835189
24741137;67,4;56,311111;44,002892
15270000;90,8;56,26183;44,010568
12094160;75,4;56,34287;43,84371
47596875;73,45;56,312315;43,975068
8300000;35,2;56,26183;44,010568
8460000;41,79;56,34634;43,92332
7598000;39,36;56,30322;43,92668
24885000;71,09;56,31182985;43,9804979
11250400;57,4;56,29794576;43,99971638
9562261;55,4;56,27839032;44,04282151
69465000;126,3;56,32262756;43,98838833
6600800;29,6;56,248613;44,048243
8836872;48,4;56,213576;44,024286
6004331,01;37,4;56,192049;43,891147
8180400;41,29;56,248613;44,048243
12869527;71,59;56,267757;44,020746
17989500;53,7;56,31055055;43,98939101
13691476;76,66;56,28461;44,08362
18248143;75,8;56,3132544;43,96930895
10784910;54,59;56,28585154;43,92193684
11513280;42,95;56,22432;43,940192
16109999;57,34;56,317662;43,971453
5890000;35,59;56,21896442;43,8191828
11571300;53,81;56,284208;44,083939
16860000;91,3;56,34688242;43,92365884
8201200;40,59;56,34248922;43,87483452
9819600;58,79;56,2455639;44,04924046
10590000;69,59;56,21925;43,8199
10640000;58,2;56,362352;43,855645
43257174;121,59;56,31203;43,98025
8974935;34,99;56,264368;43,865569
24530000;52,97;56,32122862;44,00254607
12223120;59,79;56,31695711;43,89662701
11509999;53,43;56,29791554;43,95222999
10062060;75,08;56,307641;43,850388
12207360;52,79;56,264368;43,865569
14890000;57;56,331721;43,947855
8053396;35,59;56,27857;44,04323
5979000;25,54;56,30292088;43,92679077
8260032;37,7;56,34341392;43,82983371
9990000;54,79;56,362352;43,855645
7990000;38,4;56,326305;43,910941
9490000;46;56,28337137;44,03038537
9867520;59,29;56,23986577;43,83607559
9460726;54,79;56,27275;44,052807
10790000;60,7;56,301983;43,933465
16990000;74,9;56,33165908;43,94786475
7174020;43,4;56,26131336;43,93982472
16389999;39,09;56,317538;43,972031
10944000;60,79;56,34249;43,8757
9131400;53,4;56,24606868;44,04796909
9090000;50,09;56,21925;43,8199
8779600;46,7;56,34248922;43,87483452
11043760;57,4;56,29794576;43,99971638
9172800;48,75;56,24678207;43,82688929
9253620;60,59;56,24104802;44,08181596
12162500;71;56,248613;44,048243
9741600;59,4;56,34287;43,84371
12360000;63,77;56,301196;44,084741
6924150;41,4;56,326729;44,00697
6262200;29,39;56,2455639;44,04924046
8260032;37,7;56,343269;43,829027
28480000;89;56,31055055;43,98939101
12447189;65,4;56,267757;44,020746
27869999;75,48;56,317662;43,971453
11447649;60,13;56,30925114;43,8959115
16638822;62,34;56,303911;44,000426
17281478;66,5;56,31643526;44,04015241
7820738;31,7;56,26862407;44,03502438
12999042;70;56,25397;43,84863
10290000;70,09;56,21925;43,8199
13087800;59,49;56,26581118;43,97614632
11390000;65,09;56,362352;43,855645
12630000;73,9;56,26167;44,01066
11351550;56,9;56,29766;43,99764
8086800;37,7;56,34263292;43,82861794
11385192;67,09;56,2689;44,03516
12064800;52,79;56,26386;43,86687
19990000;91,69;56,33151;43,947614
15519000;73;56,114343;43,494987
16772989;75,09;56,31052757;43,93759561
35140014;94,69;56,31203;43,98025
11465350;56,9;56,297828;43,998842
9680160;51,59;56,213576;44,024286
8490000;47,09;56,21896442;43,8191828
8283854;42,79;56,34263292;43,82861794
6270200;29,29;56,2455639;44,04924046
15708000;62,7;56,316144;44,04004
7818600;47,09;56,29202546;43,85822885
6676670;37,7;56,31279053;43,88630085
8810000;35,2;56,34634;43,92332
19770000;113,73;56,301196;44,084741
15985890;66,45;56,30433573;44,0063724
17020000;88,69;56,34688242;43,92365884
12414800;37,84;56,26581118;43,97614632
6904600;39,5;56,31279053;43,88630085
18599658;53,5;56,31071876;44,00346057
37303600;104,19;56,31182985;43,9804979
20898000;97,19;56,3044;43,99143
12772560;56,02;56,31535466;44,07307159
24029400;55,24;56,312848;43,97616
37359999;121,37;56,317662;43,971453
5449300;38,2;56,30701898;43,84878948
5270587;20,85;56,206619;43,899036
10328110;68,9;56,24104802;44,08181596
8931089;28,73;56,303911;44,000426
7658211;33;56,26862407;44,03502438
8918951;34,99;56,264368;43,865569
22379400;77,5;56,313696;43,986405
16015409;73,62;56,338475;43,866509
8806380;36,29;56,264368;43,865569
8140600;40,29;56,34249;43,8757
12444000;68;56,342399;43,874837
6270200;29,29;56,2455639;44,04924046
15802000;56,79;56,346631;43,929751
6605600;36,79;56,23986577;43,83607559
12186745;44,41;56,31772789;43,9715093
10874500;47,79;56,259928;43,978821
7355500;32,59;56,248613;44,048243
8810000;35,2;56,34688242;43,92365884
22294800;50,66;56,312315;43,975068
10897440;49,75;56,31535466;44,07307159
13560000;76,04;56,30117;44,08461
12190000;64;56,362352;43,855645
12593846;64,9;56,25397;43,84863
8100000;36,79;56,26185201;44,01021655
8749467;53,34;56,309039;43,895814
8012487;31,79;56,2689;44,03516
13856093;78,84;56,34267441;43,83190266
24139998;73,76;56,303802;44,100032
14740000;81,8;56,34738;43,923997
8629776;41,43;56,309039;43,895814
16376739;59,7;56,316144;44,04004
6239999;30,92;56,203071;43,896904
10640000;60,4;56,301983;43,933465
8115330;51,68;56,35337169;43,82571338
17190000;67,8;56,331721;43,947855
7268335;56,93;56,30701898;43,84878948
8260032;37,7;56,34272274;43,82913634
15639000;40,09;56,31182985;43,9804979
10577239,2;65,23;56,30902;43,89671
7800000;38,79;56,248613;44,048243
10715600;60,2;56,342399;43,874837
11550000;64,55;56,30117;44,08461
8840000;40,5;56,33086108;43,88152355
9342120;61,29;56,206879;43,878404
8010288;36,7;56,34263292;43,82861794
11400390;61,29;56,34263292;43,82861794
21771425;89,69;56,31668;44,04003
13371312;68,09;56,31052757;43,93759561
7489000;36,84;56,30322;43,92668
5272150;38,31;56,30701898;43,84878948
10190000;54,79;56,362352;43,855645
12956398;73,65;56,285791;43,92192
7433700;34,9;56,24626431;44,04936652
6845490;41,4;56,326729;44,00697
11120000;58,29;56,301947;43,93416
19793053;81,4;56,31657;44,03943
9815500;58,59;56,288639;43,813403
70785000;108,9;56,322604;43,98837
36882990;86,8;56,32262756;43,98838833
12190000;69,8;56,21896442;43,8191828
11101160;57,4;56,297828;43,998842
6914600;38,5;56,34288029;43,84374421
16524000;92,4;56,34634;43,92332
26789999;68,51;56,31772789;43,9715093
19109999;74,55;56,317662;43,971453
6448190;36,7;56,31279053;43,88630085
9776469;48,11;56,206619;43,899036
9019650;38,29;56,2597542;43,97880318
48657960;109,58;56,312315;43,975068
9686000;58;56,34288029;43,84374421
9811763;46,75;56,206619;43,899036
11330600;62,59;56,34249;43,8757
11091289;69,8;56,27275;44,052807
9597010;56,29;56,27857;44,04323
7960441,65;36,11;56,30947;43,89597
14412060;70,19;56,316434;43,897105
16273775;68,98;56,30433573;44,0063724
5590000;36;56,21896442;43,8191828
9299000;54,7;56,211443;43,831695
10724076;64,8;56,27839032;44,04282151
12064800;52,79;56,26393551;43,86626459
32756800;94,4;56,31182985;43,9804979
16279999;69,73;56,303802;44,100032
7348100;37,29;56,24606868;44,04796909
12697161;55,9;56,26393551;43,86626459
7890000;37,09;56,326305;43,910941
23768123;78,22;56,30243714;44,10379162
16610700;49,2;56,31445394;43,98671873
14761979;64,9;56,31052757;43,93759561
9597004;55,59;56,27857;44,04323
15893894;68,05;56,30433573;44,0063724
8732900;46,7;56,24626431;44,04936652
15512008;64,01;56,303911;44,000426
6305673;31,89;56,213576;44,024286
12064800;52,79;56,264368;43,865569
23902000;62,9;56,31182985;43,9804979
9720000;55,13;56,30236615;43,92655474
5890000;35,59;56,21925;43,8199
16690000;74,9;56,33165908;43,94786475
31793600;109,9;56,313696;43,986405
6673781;45,5;56,218299;44,026776
12352098;55,79;56,310445;43,938326
25111726;93,8;56,316144;44,04004
31772500;89,5;56,322604;43,98837
9579843;55,7;56,27856341;44,04353498
16393452;70,06;56,303911;44,000426
8173200;41,7;56,34248922;43,87483452
18417400;47,09;56,3138159;43,98840316
8100000;25,79;56,295959;43,986737
12510300;56,09;56,31535466;44,07307159
9081608,98;39,95;56,30902;43,89671
16490000;69,3;56,28337137;44,03038537
11740000;64,65;56,30117;44,08461
10290000;54,79;56,36230958;43,85553498
8490000;56,59;56,21925;43,8199
14360000;86,09;56,26183;44,010568
10647883;36,22;56,30433573;44,0063724
21825980;90,19;56,26581118;43,97614632
11301910;76,69;56,326729;44,00697
32183952;87,69;56,31203;43,98025
34459488;109,69;56,31071876;44,00346057
7859561;30,1;56,2689;44,03516
13241050;53;56,30433573;44,0063724
9297400;32,06;56,26581118;43,97614632
7180290;44,2;56,326729;44,00697
11265800;61,9;56,34248922;43,87483452
13709999;44,41;56,317662;43,971453
13856093;78,84;56,34267441;43,83190266
12490000;73,8;56,21896442;43,8191828
7180000;34,27;56,225364;43,853181
30252600;88,19;56,31182985;43,9804979
11297140;47,2;56,31575;44,07297
22362105;94;56,316144;44,04004
13703190;53,27;56,30422;44,00771
6164704;25,67;56,206619;43,899036
9312921;38,4;56,267757;44,020746
14543278;83,5;56,26859879;44,02192617
10510000;60,79;56,301983;43,933465
11711683;62;56,25423;43,848433
12936000;64,76;56,305213;43,936778
12919155;53,95;56,303911;44,000426
11699100;61,9;56,34248922;43,87483452
10676590;47,61;56,31575;44,07297
6428500;29,89;56,24626431;44,04936652
16476548;86,4;56,25403985;43,84835189
14892000;40,79;56,31182985;43,9804979
7951600;41,2;56,342399;43,874837
9820954;54,5;56,26879511;44,03422363
9532669;35,77;56,28585154;43,92193684
16606304;84,04;56,28388;44,08354
8053411;35,9;56,27275;44,052807
11304000;62,79;56,342399;43,874837
10642500;49,5;56,2597542;43,97880318
23561550;50,66;56,312848;43,97616
7762893;30,79;56,2689;44,03516
28346900;64,3;56,32212221;44,00585602
11327700;61,9;56,34248922;43,87483452
16849999;70,55;56,30219;44,10283
33889600;94,4;56,31182985;43,9804979
8224895;35;56,27275;44,052807
6722880;37,59;56,288639;43,813403
7600571;56,54;56,30701898;43,84878948
7209000;34,81;56,302004;43,925036
12656233;67;56,269185;44,03513
10752554;52,09;56,30546;43,94094
5979600;19,79;56,26393551;43,86626459
6528930;36,7;56,31279053;43,88630085
8040280;59,83;56,30701898;43,84878948
6376370;34,29;56,206879;43,878404
8112167;38,9;56,27839032;44,04282151
39492000;109,69;56,322604;43,98837
9608879;50,09;56,28021069;44,0435779
9090000;61,79;56,219673;43,817821
12026300;75,4;56,34288029;43,84374421
7902090;30;56,2689;44,03516
11992000;59,95;56,284208;44,083939
25346160;65,8;56,322604;43,98837
10518471;42,7;56,31076451;43,93833547
14570000;81,09;56,34634;43,92332
14455000;70;56,31695711;43,89662701
9294400;59,2;56,24532346;44,05083637
27118000;97,44;56,323163;44,035586
30180333;50,66;56,312848;43,97616
12238171;61;56,34267441;43,83190266
12594000;77,22;56,30322;43,92668
7488000;39,9;56,248613;44,048243
9388669;40,66;56,28388;44,08354
7836690;30;56,27275;44,052807
26416266;70,8;56,31203;43,98025
16139373;39,11;56,31772789;43,9715093
14914200;93,8;56,24606868;44,04796909
8291676;31,15;56,26393551;43,86626459
16069999;67,05;56,30219;44,10283
7964700;41,7;56,342399;43,874837
15199312;67,59;56,3102;44,09525
16187593;69,51;56,30422;44,00771
8102415;34,7;56,27275;44,052807
6019920;32,4;56,23986577;43,83607559
30780624;95,95;56,30219;44,10283
77008516;193,3;56,314057;43,969599
9235197;46,09;56,25403985;43,84835189
17785080;70,01;56,31535466;44,07307159
29406183;50,66;56,312315;43,975068
12790161;76,9;56,28021069;44,0435779
8660000;39;56,26167;44,01066
16157819;69,18;56,30433573;44,0063724
12322500;79,5;56,211443;43,831695
11115000;57;56,29794576;43,99971638
8918951;34,99;56,26393551;43,86626459
21189999;66,11;56,31772789;43,9715093
53000000;132,5;56,322037;44,005573
11250400;57,4;56,29766;43,99764
16658440;69,77;56,30422;44,00771
10828983;36,22;56,30422;44,00771
12637800;63,7;56,310445;43,938326
9835468;26,7;56,31076451;43,93833547
7188000;34,81;56,302004;43,925036
8422700;40,29;56,34248922;43,87483452
6890000;34,29;56,21925;43,8199
10441010;69,09;56,241339;44,079145
17040000;68,13;56,237519;43,958872
24111666;62,9;56,31203;43,98025
60750000;162;56,31041608;44,0737578
5053619,99;33,7;56,192049;43,891147
9005160;60,59;56,206879;43,878404
21190000;123,31;56,30117;44,08461
9089999;32,88;56,29786;43,953771
8262000;47,2;56,248613;44,048243
10018200;57,7;56,248613;44,048243
8036246;36,4;56,27856341;44,04353498
11284980;55,4;56,297828;43,998842
11284676;67;56,27275;44,052807
7132790;43,4;56,326729;44,00697
5449300;38,2;56,30701898;43,84878948
22405680;84,87;56,31535466;44,07307159
8038800;39,59;56,34249;43,8757
25521600;84,09;56,31445394;43,98671873
11131124;32,4;56,31668;44,04003
27728820;78,33;56,312315;43,975068
15538000;68;56,259928;43,978821
10653500;35,75;56,22432;43,940192
13984826;77,26;56,34293;43,832222
15334000;68;56,2597542;43,97880318
8859999;41,7;56,29714;43,95264
11150187,39;59,9;56,30947;43,89597
8890000;50,09;56,21896442;43,8191828
12701082;51,81;56,28447;44,0845
8358000;42;56,34248922;43,87483452
15402000;68;56,2597542;43,97880318
7625400;35,79;56,24626431;44,04936652
12613220;54,65;56,264368;43,865569
7117645;35,52;56,20553;43,89783
9814063;75,58;56,307363;43,849182
13779150;59,65;56,26581118;43,97614632
24990000;55,22;56,32122862;44,00254607
7020180;38,7;56,34287;43,84371
16034019;70,61;56,303911;44,000426
19770000;113,94;56,30135631;44,08432405
41765546;121,59;56,31203;43,98025
9221153;45,09;56,25403985;43,84835189
8500000;35,2;56,26183;44,010568
14660000;81,8;56,34738;43,923997
8098228;38,68;56,309039;43,895814
36637500;97,69;56,31182985;43,9804979
15859999;39,83;56,317538;43,972031
5490000;33,4;56,21896442;43,8191828
16326100;70,25;56,30433573;44,0063724
8960400;52,4;56,288639;43,813403
8843645;36,65;56,26393551;43,86626459
10755004;52;56,34341392;43,82983371
12160366;72,8;56,26848;44,03505
6990000;36,09;56,22052462;43,82012158
10472000;59,5;56,34249;43,8757
21659637;79,63;56,31772789;43,9715093
8901244;48,4;56,213576;44,024286
10400000;72,09;56,27825381;44,0972248
5530000;23;56,301983;43,933465
12270000;64,19;56,301196;44,084741
8053409;36,29;56,27275;44,052807
11829999;54,81;56,297006;43,953365
22800000;91,3;56,26294488;43,97514527
10100000;72,02;56,27825381;44,0972248
10350000;44,09;56,30135631;44,08432405
15277895;49,2;56,31643526;44,04015241
8115668;38,9;56,27841;44,04228
8990000;51,9;56,21896442;43,8191828
5526800;33,7;56,29202546;43,85822885
14542167;53,54;56,31772789;43,9715093
10123593;54,5;56,27275;44,052807
37332000;103,69;56,32358424;44,01900592
6027300;36,2;56,29172;43,85805
6154880;32,59;56,23986577;43,83607559
8200000;35,2;56,26183;44,010568
8990000;51,5;56,21896442;43,8191828
8260032;37,7;56,34272274;43,82913634
10838880;52,11;56,32791928;43,9515188
9835468;26,7;56,31076451;43,93833547
9009999;48,31;56,203071;43,896904
7490000;28,79;56,326305;43,910941
8695157;40,77;56,30531709;43,93552226
10530000;67,5;56,3655588;43,81770045
11761000;61,9;56,34249;43,8757
13549999;48,79;56,317662;43,971453
11670408;68,4;56,27841;44,04228
11018200;61,9;56,34249;43,8757
8990000;53,5;56,21925;43,8199
10233600;62,4;56,342399;43,874837
12160376;72,9;56,27275;44,052807
8102366;31,6;56,27275;44,052807
11147440;49,75;56,31575;44,07297
9795060;59,4;56,34287;43,84371
7524000;39,72;56,30292088;43,92679077
8627777;34,09;56,267757;44,020746
5676000;22,1;56,30292088;43,92679077
15329999;64,08;56,303802;44,100032
8160000;38,9;56,301947;43,93416
7690000;26,6;56,28337137;44,03038537
8232990;38,9;56,27275;44,052807
20282170;85,73;56,31575;44,07297
12064800;52,79;56,26386;43,86687
11624193;68,09;56,27856341;44,04353498
15037200;45;56,31445394;43,98671873
16460000;91,3;56,34634;43,92332
14412060;70,19;56,31695711;43,89662701
12834900;65,81;56,284208;44,083939
11883000;71,4;56,248613;44,048243
29990000;112,09;56,331721;43,947855
13800000;76,04;56,301196;44,084741
8408400;42,9;56,342399;43,874837
11711683;62;56,25397;43,84863
23647094;85,5;56,316144;44,04004
11157330;57,9;56,29794576;43,99971638
36402600;107,69;56,31182985;43,9804979
6963376;28,5;56,27275;44,052807
14968800;64,8;56,259928;43,978821
26208000;72,8;56,31182985;43,9804979
10004000;61;56,34248922;43,87483452
16641600;52,29;56,31445394;43,98671873
20939200;56,9;56,31203;43,98025
6090000;35,29;56,219673;43,817821
9218400;38,4;56,264368;43,865569
8601600;51,2;56,20586328;43,81749283
19721833;81,5;56,3155383;43,97024169
6548100;29,89;56,248613;44,048243
12340256;61;56,25403985;43,84835189
15806907;77,38;56,28461;44,08362
21483022;59,2;56,31203;43,98025
7115500;42,79;56,326729;44,00697
6937700;38,5;56,34288029;43,84374421
12468851;80,59;56,285791;43,92192
8036250;35,9;56,27856341;44,04353498
9579839;56,29;56,27856341;44,04353498
9572500;56;56,248613;44,048243
11265800;61,9;56,34249;43,8757
10700000;72,3;56,27825381;44,0972248
7915200;40,79;56,342399;43,874837
7643000;39,36;56,302004;43,925036
8043580;37,59;56,27856341;44,04353498
16264530;61,4;56,314057;43,969599
7195500;36,4;56,248613;44,048243
9221153;45,09;56,25397;43,84863
6590000;34,29;56,21896442;43,8191828
7648940;40,29;56,34288029;43,84374421
12147772;72,8;56,26862407;44,03502438
7933337;31,7;56,27275;44,052807
13679174;72,9;56,267757;44,020746
21529080;85,56;56,31575;44,07297
6448190;36,7;56,288639;43,813403
10583703;53,81;56,28473917;44,08328368
11520760;58,59;56,297828;43,998842
12147787;41,2;56,31076451;43,93833547
8652000;42;56,34248922;43,87483452
7590000;37,09;56,36230958;43,85553498
20889600;122,9;56,35170283;43,86971319
15253668;59,7;56,3132544;43,96930895
7762500;38,79;56,248613;44,048243
11800000;64,09;56,34634;43,92332
6409200;29,39;56,248613;44,048243
8090000;53,5;56,21896442;43,8191828
9048475;57,7;56,26131336;43,93982472
11349999;53,43;56,29791554;43,95222999
8732900;46,7;56,24626431;44,04936652
13529999;50,9;56,30243714;44,10379162
42770000;65,8;56,322604;43,98837
10148991;40,2;56,31076451;43,93833547
6070053;23,39;56,26862407;44,03502438
13191798;71,59;56,267757;44,020746
22999999;89,3;56,317662;43,971453
33133800;96,59;56,31182985;43,9804979
14590000;62;56,28337137;44,03038537
9305306;53;56,309039;43,895814
12075400;69,69;56,24626431;44,04936652
8030000;37,4;56,301983;43,933465
15936110;69,58;56,31535466;44,07307159
33000000;111,09;56,312649;43,984924
19736585;55,24;56,3130104;43,97606829
9749860;61,79;56,26131336;43,93982472
14490000;65,59;56,33161;43,94897
10779750;67,5;56,3655588;43,81770045
10233600;62,4;56,34248922;43,87483452
8139913;36,4;56,27275;44,052807
8115651;39,4;56,27275;44,052807
11670350;68,9;56,27275;44,052807
8289999;39,95;56,29714;43,95264
9828300;55,59;56,248613;44,048243
8590000;48,9;56,219673;43,817821
16112552;70,25;56,303911;44,000426
11303500;61,09;56,34249;43,8757
9847057;46,5;56,206619;43,899036
48490000;105,4;56,321007;44,002772
16349999;57,34;56,317538;43,972031
12159999;39,7;56,31772789;43,9715093
59240550;109,58;56,312848;43,97616
7806334;30,7;56,2689;44,03516
13039999;48,79;56,31772789;43,9715093
81185000;124,9;56,322604;43,98837
11392400;59,95;56,28473917;44,08328368
8335760;34,9;56,27275;44,052807
10330000;40,79;56,34738;43,923997
7636782;36,4;56,34293;43,832222
9513000;54,84;56,30292088;43,92679077
11010000;58,5;56,301947;43,93416
5890000;36,2;56,21896442;43,8191828
5600000;28,53;56,27825381;44,0972248
11246616;67,9;56,27839032;44,04282151
15990000;78,9;56,362352;43,855645
11079999;60,97;56,29714;43,95264
5979600;19,79;56,264368;43,865569
23290000;80,19;56,28337137;44,03038537
12366929;62,4;56,25403985;43,84835189
8951365;40,79;56,28461;44,08362
41984712;120,8;56,31203;43,98025
33101000;79;56,312848;43,97616
7762893;30,79;56,27275;44,052807
8190000;26,5;56,28337137;44,03038537
12040000;60;56,28337137;44,03038537
9019999;33,38;56,297006;43,953365
9122375;38,4;56,26386;43,86687
11270000;49;56,259928;43,978821
6600800;29,6;56,248613;44,048243
10216800;68,8;56,206879;43,878404
8322309;30,7;56,27275;44,052807
9265740;45,86;56,32789;43,95142
7600609;29,89;56,26862407;44,03502438
12614800;67,09;56,342399;43,874837
9010000;39;56,26183;44,010568
12064800;52,79;56,264368;43,865569
10330000;40,79;56,34688242;43,92365884
15590000;65,59;56,33165908;43,94786475
8190000;42,09;56,21896442;43,8191828
11943360;52,79;56,26386;43,86687
11049796;68;56,27856341;44,04353498
6246442;23,39;56,2689;44,03516
9071612;48,4;56,213576;44,024286
7125300;36,4;56,248613;44,048243
9443587;54,09;56,27856341;44,04353498
7920000;40;56,34248922;43,87483452
19416842;76,9;56,31668;44,04003
16204624;50;56,31071876;44,00346057
6490000;30,39;56,22052462;43,82012158
9432759;50,29;56,213576;44,024286
10340000;59,4;56,30236615;43,92655474
13132585;71,59;56,26859879;44,02192617
10170144;42,65;56,26393551;43,86626459
14660000;81,8;56,34634;43,92332
10178486;37,74;56,30433573;44,0063724
6592500;37,5;56,23986577;43,83607559
6423371;31,7;56,213576;44,024286
9169160;32,06;56,26581118;43,97614632
12428640;65,76;56,28461981;44,08324076
33485500;96,5;56,31182985;43,9804979
23669999;87,05;56,303802;44,100032
28795225;79;56,31122697;44,00286966
8038800;46,2;56,248613;44,048243
23490000;91,5;56,33165908;43,94786475
11817981;65,81;56,28461981;44,08324076
17370000;88,19;56,33084;43,88186
8931089;28,73;56,303911;44,000426
8914000;46,79;56,205395;43,817017
11465350;56,9;56,29794576;43,99971638
10667250;49,5;56,2597542;43,97880318
13191798;71,59;56,26859879;44,02192617
13030000;71,69;56,298573;44,089524
6055000;34,59;56,3655588;43,81770045
9380800;58,5;56,248613;44,048243
11482219;67,09;56,26879511;44,03422363
8115646;39,29;56,27841;44,04228
9460746;54;56,27857;44,04323
7617600;36,79;56,2455639;44,04924046
8054670;32,5;56,27275;44,052807
7758273;30,79;56,26879511;44,03422363
26790400;72,8;56,31203;43,98025
8610000;42;56,34249;43,8757
5147610;20,1;56,2414005;44,08051777
73232000;174,1;56,32212221;44,00585602
10268652;54,4;56,34263292;43,82861794
7970000;28,76;56,301196;44,084741
7192500;41,09;56,31279053;43,88630085
8121000;40,97;56,30322;43,92668
11332398;66;56,267757;44,020746
8090000;38,4;56,326305;43,910941
5958783;20,06;56,26386;43,86687
13838800;59,65;56,22432;43,940192
19814400;64,9;56,3138159;43,98840316
19901250;88,44;56,26581118;43,97614632
37056240;96,19;56,322604;43,98837
16316659;71,79;56,303911;44,000426
6810433;52,81;56,30701898;43,84878948
35289705;112,4;56,31071876;44,00346057
40625000;103,12;56,32262756;43,98838833
13750000;75,18;56,30135631;44,08432405
12440000;64,44;56,301196;44,084741
25521600;84,09;56,313696;43,986405
8053390;36,4;56,27275;44,052807
27696088;71,3;56,31203;43,98025
7485440;34,4;56,241339;44,079145
14973200;91,3;56,342399;43,874837
14969128;70,3;56,31076451;43,93833547
12414800;37,84;56,22432;43,940192
15334000;68;56,259928;43,978821
15948830;72,19;56,310445;43,938326
7102057;52,81;56,30701898;43,84878948
10290000;35,5;56,28337137;44,03038537
11747500;38;56,346691;43,929648
14490000;65,59;56,33161;43,94897
13990000;49,09;56,33151;43,947614
7762893;30,79;56,2689;44,03516
15090000;84,9;56,26185201;44,01021655
17324373;70,19;56,316144;44,04004
9505881;45,61;56,206619;43,899036
7589000;39,49;56,30322;43,92668
9418156;48,4;56,213576;44,024286
14851811;68,41;56,26393551;43,86626459
7093860;41,09;56,31279053;43,88630085
9060000;37,75;56,26386;43,86687
10400000;72,02;56,27825381;44,0972248
8460000;40,2;56,301947;43,93416
8019900;39,9;56,34249;43,8757
11250120;68,09;56,27841;44,04228
12507067;55,9;56,264368;43,865569
8260032;37,7;56,343269;43,829027
9056700;52,2;56,23986577;43,83607559
9290000;47,59;56,28337137;44,03038537
6914600;38,5;56,34287;43,84371
11815883;65,4;56,267757;44,020746
9448400;59,79;56,24606868;44,04796909
11486849;67,09;56,2689;44,03516
9787529,41;60,13;56,30902;43,89671
36296300;98,9;56,31182985;43,9804979
14836500;94,5;56,24606868;44,04796909
6541600;29,6;56,248613;44,048243
16530000;93,15;56,301196;44,084741
5134200;25,79;56,3655588;43,81770045
16077432;69,18;56,30433573;44,0063724
6082642;23,39;56,26848;44,03505
5788250;32,5;56,24104802;44,08181596
14850000;81,69;56,34688242;43,92365884
8974935;34,99;56,264368;43,865569
16019538;89,3;56,310445;43,938326
34362000;99,59;56,31055055;43,98939101
15817119;58,7;56,3132544;43,96930895
10829000;59,5;56,34249;43,8757
9779004;75,3;56,30651799;43,84720161
15461770;58,79;56,22432;43,940192
8550000;35,2;56,26185201;44,01021655
6710600;37,7;56,288639;43,813403
8614751;34,09;56,267757;44,020746
6536040;37,2;56,288639;43,813403
10731832;40,95;56,303911;44,000426
6260800;34,4;56,241339;44,079145
9890000;45,9;56,28337137;44,03038537
7393200;37,9;56,248613;44,048243
34909912;96,19;56,31203;43,98025
5870790;33,29;56,24178286;44,08224511
16337662;69,94;56,30433573;44,0063724
44047112;79;56,312315;43,975068
6478208;25,6;56,27275;44,052807
11600000;82,44;56,27825381;44,0972248
16429999;39,09;56,317662;43,971453
7690000;32;56,326305;43,910941
8990000;54,2;56,21925;43,8199
11790000;67,59;56,326305;43,910941
11366650;49,09;56,2597542;43,97880318
7192000;31;56,2455639;44,04924046
11250079;67,9;56,27275;44,052807
6176600;34,7;56,3655588;43,81770045
8020000;40,09;56,24626431;44,04936652
40219051;109,58;56,3130104;43,97606829
12990000;37,2;56,331721;43,947855
12572500;64,8;56,25403985;43,84835189
23404645;72,69;56,3132544;43,96930895
6379999;32,52;56,203071;43,896904
9622000;56,59;56,24626431;44,04936652
14797200;84,3;56,248613;44,048243
7733000;42,2;56,248613;44,048243
13180000;72,59;56,26185201;44,01021655
7762872;36,2;56,34263292;43,82861794
9572500;54,7;56,24626431;44,04936652
5339565;38,81;56,30701898;43,84878948
8100000;46,33;56,27825381;44,0972248
16294116;68,66;56,20553;43,89783
7655673;48,81;56,218299;44,026776
11130980;60,2;56,24189638;44,0811615
22990000;91,5;56,33161;43,94897
8429764;40,4;56,30531709;43,93552226
10580836;41,04;56,30433573;44,0063724
5890000;35,09;56,219673;43,817821
7915200;40,79;56,34249;43,8757
8597180;40,9;56,206879;43,878404
6952860;42,79;56,26131336;43,93982472
10653480;60,59;56,34288029;43,84374421
9088200;56,09;56,248613;44,048243
11147500;49;56,2597542;43,97880318
12589999;54,63;56,30243714;44,10379162
7890000;36,79;56,326305;43,910941
11366263;59,84;56,309039;43,895814
9282725;37,75;56,264368;43,865569
5143500;25,39;56,29202546;43,85822885
5844300;32,2;56,3655588;43,81770045
12193155;65,81;56,28388;44,08354
33000000;111,09;56,31270023;43,98472395
9418695;46,29;56,25397;43,84863
8972350;57,7;56,29202546;43,85822885
12212600;53,79;56,259928;43,978821
7990000;50,9;56,21896442;43,8191828
8732000;47,2;56,24626431;44,04936652
10593000;49,5;56,259928;43,978821
30782700;87,69;56,31182985;43,9804979
11862500;73;56,288639;43,813403
14722315;55,59;56,3132544;43,96930895
12883200;67,09;56,34249;43,8757
10300000;72,02;56,282062;44,083669
10067760;42,65;56,26386;43,86687
11788854;66,36;56,28461981;44,08324076
11730000;62,79;56,301947;43,93416
10896200;60,2;56,248613;44,048243
10349922;45,06;56,28585154;43,92193684
6952860;42,79;56,26131336;43,93982472
9279856;38,4;56,26386;43,86687
11884500;69,5;56,2455639;44,04924046
13290973;57,5;56,31076451;43,93833547
29200662;100,9;56,314057;43,969599
5910000;23,39;56,33086108;43,88152355
7833600;40,79;56,34248922;43,87483452
13329999;50,9;56,303802;44,100032
7920000;39,59;56,34249;43,8757
5165160;25,79;56,3655588;43,81770045
25134000;70,8;56,31182985;43,9804979
8524920;37,38;56,28473917;44,08328368
16256248;39,11;56,31772789;43,9715093
12162500;69,5;56,24626431;44,04936652
9127801;45,79;56,25403985;43,84835189
9460743;54,29;56,27275;44,052807
11313500;60,5;56,34248922;43,87483452
8614751;34,09;56,267757;44,020746
24522000;73,19;56,31067;43,98946
8100000;38,45;56,31397;43,87803
9458680;58,09;56,34287;43,84371
12324150;53,7;56,259928;43,978821
27936000;58,2;56,322037;44,005573
26339999;75,48;56,317662;43,971453
15775000;63;56,317093;44,064431
11805800;65,45;56,305213;43,936778
7102057;52,81;56,30701898;43,84878948
5600000;28,62;56,27825381;44,0972248
11250079;67,9;56,27841;44,04228
8232990;38,9;56,27275;44,052807
9890000;45,59;56,28337137;44,03038537
6458400;29,89;56,24626431;44,04936652
11028753;42,59;56,30433573;44,0063724
10126500;39,25;56,284208;44,083939
12334868;72,8;56,26879511;44,03422363
9598120;58,09;56,34287;43,84371
8392416;36,59;56,27948;44,04396
14523200;62,59;56,259928;43,978821
7576469;31,35;56,20553;43,89783
11662030;73,3;56,23986577;43,83607559
14625000;58,5;56,346631;43,929751
12030000;63,97;56,30135631;44,08432405
8236800;42,9;56,34249;43,8757
11360000;58;56,34688242;43,92365884
7064400;34,79;56,24606868;44,04796909
6417707;23,39;56,269185;44,03513
23990000;112,69;56,33161;43,94897
11080200;62,59;56,34248922;43,87483452
23490000;91,5;56,33161;43,94897
11492400;62,79;56,342399;43,874837
11020415;64,69;56,27275;44,052807
11670365;68,09;56,27841;44,04228
7875200;38;56,248613;44,048243
8168345;37,7;56,34263292;43,82861794
11469999;53,25;56,29714;43,95264
15729999;60,66;56,31772789;43,9715093
6498000;36;56,31279053;43,88630085
12839999;59,9;56,29786;43,953771
12480000;63,72;56,30135631;44,08432405
10890000;46,79;56,28337137;44,03038537
7034180;42,79;56,26131336;43,93982472
9418987;75,08;56,30701898;43,84878948
8990000;50,29;56,219673;43,817821
12162500;71;56,248613;44,048243
9909999;49,56;56,203071;43,896904
6363141;31,7;56,213576;44,024286
8571634;58,4;56,31052757;43,93759561
6942030;36,09;56,213576;44,024286
20820233;47,2;56,32262756;43,98838833
12324433;65,4;56,267757;44,020746
8918951;34,99;56,26386;43,86687
8060737;37,5;56,27857;44,04323
8785090;52,7;56,24178286;44,08224511
12410000;65,19;56,34634;43,92332
6479200;36,4;56,31279053;43,88630085
20871500;84,5;56,26581118;43,97614632
6338800;29,89;56,2455639;44,04924046
19806438;88,9;56,31052757;43,93759561
52360000;95,19;56,323563;44,01929
10430316;53,81;56,28461;44,08362
8053396;35,59;56,27275;44,052807
10388932;58,2;56,27275;44,052807
10200000;40,9;56,34738;43,923997
11390000;44;56,28337137;44,03038537
5979600;19,79;56,264368;43,865569
8204428;31,15;56,26393551;43,86626459
12874134;61,88;56,28461;44,08362
8323000;40,59;56,34248922;43,87483452
16410050;69,83;56,31535466;44,07307159
8408400;42,9;56,34248922;43,87483452
21330540;103,94;56,28447;44,0845
9960000;43,38;56,301196;44,084741
11250400;57,4;56,297828;43,998842
9174065;44,2;56,25397;43,84863
9748810;40,79;56,284208;44,083939
34186500;96,3;56,322604;43,98837
9790000;54,79;56,36230958;43,85553498
11541200;48,79;56,259928;43,978821
8990000;53,5;56,21896442;43,8191828
10490000;60;56,36230958;43,85553498
9919999;53,36;56,29714;43,95264
25349999;68,51;56,31772789;43,9715093
13866698;55,84;56,303911;44,000426
6972350;38,5;56,34288029;43,84374421
33991800;100,9;56,313696;43,986405
11290000;60,4;56,301947;43,93416
16385514;71,8;56,303911;44,000426
10991758;79,5;56,31076451;43,93833547
8036250;35,9;56,27856341;44,04353498
26325000;58,5;56,32358424;44,01900592
21230022;56,9;56,31203;43,98025
9520000;56;56,20586328;43,81749283
10946200;47,79;56,2597542;43,97880318
6006000;32,5;56,23986577;43,83607559
12753071;55,9;56,26393551;43,86626459
6590000;30,29;56,21925;43,8199
11348700;59,72;56,28461;44,08362
14196043;53,79;56,314057;43,969599
20410200;78,19;56,22432;43,940192
9014433;28,98;56,303911;44,000426
8060725;37,59;56,27275;44,052807
7115500;42,79;56,326729;44,00697
10500000;72,09;56,27825381;44,0972248
23562000;71,59;56,313696;43,986405
6288750;38,7;56,29172;43,85805
8974935;34,99;56,26386;43,86687
10874500;47,79;56,2597542;43,97880318
11260920;53,81;56,284208;44,083939
6496000;29;56,248613;44,048243
29990000;133,89;56,33161;43,94897
8190000;42;56,21896442;43,8191828
12566400;67,19;56,34248922;43,87483452
8386414;36,59;56,28021069;44,0435779
9589367;36,61;56,28585154;43,92193684
9480000;47,79;56,246863;43,827557
25229999;89,3;56,317662;43,971453
21653748;71,3;56,31772789;43,9715093
11815960;73,3;56,23986577;43,83607559
6533800;36,4;56,288639;43,813403
9190000;35,5;56,28337137;44,03038537
9761950;55;56,27948;44,04396
6025523;23,39;56,26848;44,03505
4751120;33,34;56,218299;44,026776
16589999;39,81;56,317662;43,971453
11343600;54,79;56,297828;43,998842
7156299;49,63;56,218299;44,026776
9460746;54;56,27857;44,04323
8085000;46,2;56,248613;44,048243
20166660;50,66;56,312315;43,975068
12217635;65,4;56,267757;44,020746
7625400;35,79;56,24626431;44,04936652
6697000;37;56,210993;43,830581
8800000;40;56,33086108;43,88152355
7982793;31,5;56,26848;44,03505
16540000;91,3;56,34738;43,923997
8139930;35,9;56,27275;44,052807
5490030;27,29;56,23986577;43,83607559
6012934;23,39;56,26862407;44,03502438
15977895;59,2;56,3132544;43,96930895
24075000;62,5;56,322604;43,98837
8997575;36,65;56,26386;43,86687
9471690;57,29;56,206879;43,878404
17602480;77,01;56,31575;44,07297
9261630;54,9;56,31279053;43,88630085
9736917;50,7;56,34293;43,832222
8116400;41,2;56,34249;43,8757
5544400;33,2;56,29172;43,85805
9803355,19;59,84;56,30947;43,89597
14127360;55,43;56,31575;44,07297
10320000;59,2;56,301983;43,933465
24978000;72,4;56,31067;43,98946
12836880;44,31;56,31575;44,07297
15247500;64,19;56,30243141;43,94134696
7517941;30,79;56,26848;44,03505
24156000;73,19;56,31067;43,98946
10094116;46,75;56,206619;43,899036
22099999;79,63;56,317662;43,971453
10846000;61,2;56,301947;43,93416
14851811;68,41;56,26386;43,86687
9819600;60;56,248613;44,048243
11612700;62,09;56,34249;43,8757
9627618;54,59;56,27275;44,052807
7762500;37,5;56,24626431;44,04936652
31746200;109,09;56,31445394;43,98671873
8610000;41,09;56,34738;43,923997
9990000;54,79;56,36230958;43,85553498
11065600;60,79;56,342399;43,874837
12263383;72,9;56,26862407;44,03502438
11050628;59,95;56,28461981;44,08324076
21970000;84,5;56,26581118;43,97614632
6322770;32,59;56,213576;44,024286
20026895;80,19;56,31646209;44,03935848
15744000;61,5;56,22432;43,940192
6882750;41,4;56,26131336;43,93982472
14436514;69,4;56,3102;44,09525
6025523;23,39;56,27275;44,052807
12275972;72,8;56,26848;44,03505
11908000;59,54;56,32791928;43,9515188
13790000;60,4;56,28337137;44,03038537
11088744;67,09;56,26848;44,03505
12162500;71;56,248613;44,048243
12490000;73,8;56,219673;43,817821
11207717;54,59;56,285791;43,92192
6503700;32,59;56,213576;44,024286
16178491;66,45;56,30422;44,00771
12190000;60;56,28337137;44,03038537
9814063;75,58;56,30714;43,84627
34642702;94,4;56,31203;43,98025
31688900;120,94;56,323163;44,035586
5449300;38,2;56,30701898;43,84878948
18417400;47,09;56,313696;43,986405
25530564;96,4;56,30477071;43,99820672
6949421;52,81;56,30701898;43,84878948
7449600;39,9;56,248613;44,048243
15055799;61,18;56,28447;44,0845
14272500;82,5;56,2460166;44,05111255
10231200;60;56,248613;44,048243
9780473;75,08;56,30639313;43,84588019
14690000;81,69;56,34738;43,923997
12329999;54,77;56,29786;43,953771
12305000;77,38;56,30292088;43,92679077
8053411;35,9;56,27857;44,04323
8180400;41,29;56,248613;44,048243
12185700;53,79;56,259928;43,978821
12635100;69,5;56,31695711;43,89662701
8562000;41,79;56,30531709;43,93552226
5981920;34,29;56,24178286;44,08224511
8863560;52,2;56,23986577;43,83607559
9287200;35,72;56,284208;44,083939
29588500;100,3;56,31067;43,98946
9095000;42,79;56,2597542;43,97880318
9670320;59,4;56,34288029;43,84374421
11640872;44,9;56,3102;44,09525
8891290;36,65;56,26386;43,86687
7753900;38,29;56,248613;44,048243
21790000;95,4;56,33165908;43,94786475
64740000;157,89;56,32212221;44,00585602
7890000;31;56,34688242;43,92365884
21716500;84,5;56,22432;43,940192
9900000;30;56,317093;44,064431
6380000;29;56,24626431;44,04936652
9587700;47,7;56,248613;44,048243
25438000;71,09;56,31203;43,98025
6555640;36,4;56,31279053;43,88630085
6845326,95;36,11;56,30947;43,89597
23652000;68,59;56,3144;43,976444
15690000;56,2;56,331721;43,947855
7733000;42,2;56,248613;44,048243
7790000;38,4;56,362352;43,855645
12036016;66,09;56,267757;44,020746
10410000;62,2;56,301983;43,933465
7102057;52,81;56,30701898;43,84878948
6038500;32,5;56,23986577;43,83607559
9273868;38,4;56,267757;44,020746
12870000;63,5;56,33084;43,88186
13389999;50,36;56,30243714;44,10379162
6893760;34,4;56,2414005;44,08051777
6776520;37,9;56,23986577;43,83607559
16848480;70,72;56,31575;44,07297
6254636;32,59;56,213576;44,024286
6334400;29,6;56,2455639;44,04924046
8759182;34,7;56,26899033;44,03733246
7263000;34,65;56,30322;43,92668
7951600;41,2;56,34249;43,8757
22294800;50,66;56,312848;43,97616
19300000;62,5;56,31575;44,07297
8120000;40,79;56,30322;43,92668
16822410;80,48;56,31535466;44,07307159
23171940;64,61;56,31575;44,07297
12394200;68,09;56,34248922;43,87483452
10805110;53,65;56,28388;44,08354
6392750;32,5;56,241339;44,079145
21163000;82,4;56,346691;43,929648
15458900;46,29;56,31445394;43,98671873
9565751;55,4;56,27841;44,04228
16995376;83,98;56,28447;44,0845
9621557;54,59;56,28021069;44,0435779
9388669;40,66;56,28473917;44,08328368
7368606;33,7;56,26879511;44,03422363
11100000;60,59;56,301947;43,93416
10016568;42,65;56,26393551;43,86626459
16548480;70,72;56,31535466;44,07307159
11286000;57;56,29766;43,99764
16606304;84,04;56,28461981;44,08324076
9465942;40,66;56,28461981;44,08324076
12610000;69,69;56,34738;43,923997
14722315;55,59;56,314057;43,969599
10838880;52,11;56,32789;43,95142
7789223,98;34,06;56,30947;43,89597
15438500;40,09;56,31182985;43,9804979
12189900;68,09;56,34248922;43,87483452
5798000;32,5;56,24104802;44,08181596
28243025;88,59;56,31071876;44,00346057
11821843;63,66;56,34267441;43,83190266
7115500;42,79;56,326729;44,00697
16450126;62;56,314057;43,969599
45365430;108,79;56,312848;43,97616
8370000;40,79;56,301947;43,93416
13519999;55,47;56,30219;44,10283
12777620;54,13;56,303911;44,000426
8341532;31,15;56,264368;43,865569
15187020;68,41;56,26393551;43,86626459
9614241;54,59;56,27275;44,052807
16849999;39,31;56,317662;43,971453
16088448;67,87;56,30433573;44,0063724
15985890;66,45;56,30433573;44,0063724
10815000;62,2;56,301947;43,93416
11466958;67,69;56,27275;44,052807
12090000;69,8;56,36230958;43,85553498
7784269;31,89;56,27948;44,04396
16088448;67,87;56,30433573;44,0063724
11280330;50,95;56,338475;43,866509
13121873;55,47;56,30243714;44,10379162
5457702,7;33,9;56,192049;43,891147
17859999;71,47;56,30243714;44,10379162
6089600;35,2;56,20607;43,81747
9071820;60,59;56,206879;43,878404
8652000;42;56,342399;43,874837
9565750;55,7;56,27275;44,052807
21312394;62;56,31071876;44,00346057
9921000;56,7;56,302004;43,925036
9060000;37,75;56,26393551;43,86626459
20282170;85,73;56,31575;44,07297
8150000;40,91;56,31397;43,87803
19984000;63,79;56,323163;44,035586
32917192;92,8;56,31203;43,98025
9627618;54,59;56,27275;44,052807
13429999;48,79;56,317662;43,971453
6709999;30,04;56,203071;43,896904
6431880;36,4;56,288639;43,813403
26423615;64,3;56,32262756;43,98838833
11940000;63,77;56,30117;44,08461
13689999;48,79;56,317538;43,972031
16257584;63,4;56,3155383;43,97024169
6548100;29,89;56,248613;44,048243
6210000;25,29;56,33086108;43,88152355
6428500;29,89;56,24626431;44,04936652
11517480;53,81;56,284208;44,083939
5459999;24,17;56,203071;43,896904
15004431;74,12;56,338475;43,866509
8009500;41,5;56,34248922;43,87483452
8390000;26,5;56,28337137;44,03038537
10490000;60;56,36230958;43,85553498
7690000;36,79;56,326305;43,910941
8690000;35,4;56,28337137;44,03038537
12409999;53,43;56,297006;43,953365
9330404;46,09;56,25397;43,84863
10567969;43,79;56,3102;44,09525
8983391;28,98;56,303911;44,000426
11468000;48,79;56,259928;43,978821
10847057;45,86;56,20553;43,89783
16452240;69,94;56,30422;44,00771
10611647;37,66;56,30422;44,00771
17589500;69,25;56,31535466;44,07307159
5896800;36,4;56,29172;43,85805
8290000;56;56,21925;43,8199
9297400;32,06;56,22432;43,940192
8221200;40,29;56,342399;43,874837
16545500;49,59;56,31445394;43,98671873
7320000;36,59;56,24606868;44,04796909
9565751;55,4;56,27841;44,04228
8918951;34,99;56,26393551;43,86626459
21609999;71,3;56,317662;43,971453
23768124;78,22;56,30219;44,10283
16128157;64,3;56,316144;44,04004
15884373;39,11;56,31772789;43,9715093
14490000;65,59;56,331721;43,947855
13307280;75,08;56,353144;43,825892
11035000;62,09;56,301947;43,93416
24847260;70,19;56,31535466;44,07307159
11960000;64,37;56,30135631;44,08432405
12176469;57,29;56,206619;43,899036
11656000;62;56,34248922;43,87483452
8153600;41,59;56,34248922;43,87483452
10499305;53,65;56,28461981;44,08324076
10990000;65,09;56,326305;43,910941
7990000;37,09;56,362352;43,855645
36024000;79;56,312848;43,97616
12258000;68,09;56,342399;43,874837
16990000;74,9;56,331721;43,947855
15237743;74,91;56,338475;43,866509
8293123;29,89;56,269185;44,03513
26500300;81,09;56,313696;43,986405
11196500;49;56,2597542;43,97880318
57276000;133,19;56,32358424;44,01900592
12936000;63,18;56,30531709;43,93552226
16460125;69,77;56,30433573;44,0063724
11250102;68,3;56,27841;44,04228
10650488;34,18;56,2847511;44,08343388
8322309;30,7;56,27275;44,052807
14090000;78,9;56,36230958;43,85553498
39602474;93,19;56,32262756;43,98838833
8115843;39,29;56,27856341;44,04353498
4831512;34,95;56,218299;44,026776
8490000;56,59;56,219673;43,817821
7043400;38,7;56,34288029;43,84374421
6390000;35,9;56,21896442;43,8191828
16198292;68,66;56,30433573;44,0063724
8931089;28,73;56,303911;44,000426
15038800;91,69;56,34248922;43,87483452
14795782;74,5;56,25403985;43,84835189
31835100;87,69;56,31182985;43,9804979
12764169;72,8;56,27275;44,052807
9622000;56,59;56,20586328;43,81749283
17722105;70,59;56,31646209;44,03935848
6849999;35,7;56,203071;43,896904
6541600;29,6;56,248613;44,048243
26700000;104;56,312649;43,984924
11738243;45,41;56,30422;44,00771
44333000;128,96;56,31445394;43,98671873
7102057;52,81;56,30701898;43,84878948
11272080;67;56,26862407;44,03502438
16690000;74,9;56,33161;43,94897
11535507;66,09;56,267757;44,020746
57190000;133;56,32358424;44,01900592
8000000;38,75;56,33208495;43,86430596
13111000;73,19;56,34634;43,92332
15150000;90,8;56,26185201;44,01021655
7898800;40,29;56,34249;43,8757
15019999;68,94;56,30219;44,10283
29200662;100,9;56,3155383;43,97024169
8214535;35;56,28021069;44,0435779
7586400;36,09;56,248613;44,048243
14550155;54,4;56,3132544;43,96930895
9199008;52,65;56,24678207;43,82688929
11090917;59,86;56,28461981;44,08324076
8323000;40,59;56,34249;43,8757
15270000;90,8;56,26185201;44,01021655
14567970;73,65;56,28585154;43,92193684
11147551;64,69;56,27841;44,04228
7064400;36,2;56,248613;44,048243
8773440;39,02;56,30531709;43,93552226
12839238;54,13;56,303911;44,000426
16001156;62,4;56,3132544;43,96930895
9418156;48,4;56,213576;44,024286
12790000;69,69;56,34738;43,923997
7878978;29,89;56,27275;44,052807
16584000;56,59;56,3138159;43,98840316
8680000;49,59;56,288639;43,813403
11099280;53,81;56,284208;44,083939
17889870;83,98;56,28461981;44,08324076
6982260,99;29,15;56,30902;43,89671
41984000;131,19;56,31055055;43,98939101
10574526;54,5;56,26943641;44,03506993
9465942;40,66;56,28388;44,08354
7733000;42,2;56,248613;44,048243
13750000;76,56;56,31397;43,87803
9056480;52,9;56,31279053;43,88630085
34899120;90,59;56,322604;43,98837
8290000;52,79;56,21925;43,8199
10390000;58,2;56,326305;43,910941
69787500;186,1;56,31041608;44,0737578
7806334;30,7;56,27275;44,052807
9990000;43,38;56,30117;44,08461
14482822;72,5;56,31076451;43,93833547
24121960;62,16;56,312848;43,97616
11890000;65;56,362352;43,855645
6190000;36,09;56,21925;43,8199
5228083;34,75;56,218299;44,026776
11649601;47,7;56,310445;43,938326
7246053;36,9;56,213576;44,024286
7025250;43,5;56,326729;44,00697
13093401;34,59;56,314057;43,969599
7101020;35,9;56,2414005;44,08051777
8759999;49,56;56,203071;43,896904
7806334;30,7;56,27275;44,052807
7720000;32,4;56,34688242;43,92365884
6589999;23,3;56,29791554;43,95222999
8092309;37,29;56,27839032;44,04282151
25914373;86,04;56,303802;44,100032
6155500;32,5;56,23986577;43,83607559
9578000;55,29;56,302004;43,925036
8260032;37,7;56,343269;43,829027
11165500;69,9;56,248613;44,048243
14316975;76,5;56,28388;44,08354
7600571;56,54;56,30701898;43,84878948
15187020;68,41;56,26386;43,86687
6482400;29,6;56,248613;44,048243
11564433,66;60,13;56,30902;43,89671
10726200;60,59;56,34288029;43,84374421
20406930;55,24;56,3130104;43,97606829
8030000;37,7;56,301983;43,933465
25859999;68,51;56,317662;43,971453
11864187;76,19;56,27275;44,052807
16534501;71,38;56,303911;44,000426
16122413;70,43;56,30433573;44,0063724
9127801;45,79;56,25423;43,848433
11090000;58,2;56,326305;43,910941
9200701;44,75;56,34267441;43,83190266
13355600;69,19;56,317233;44,068464
10162600;59,5;56,34288029;43,84374421
6207177;31,7;56,213576;44,024286
9759420;59,4;56,34288029;43,84374421
8076000;40,97;56,30322;43,92668
24722444;69,09;56,31203;43,98025
16063160;67,93;56,303911;44,000426
7790000;26,6;56,28337137;44,03038537
15247500;64,19;56,302203;43,94123
9678600;57,7;56,248613;44,048243
7320000;37,9;56,248613;44,048243
40877231;96,19;56,32262756;43,98838833
12459999;53,43;56,297006;43,953365
14186445;76,58;56,28388;44,08354
10673700;37,84;56,22432;43,940192
53890000;126,8;56,322604;43,98837
15590000;65,59;56,33161;43,94897
6415129;31,7;56,213576;44,024286
11188800;59,2;56,34249;43,8757
16340220;69,83;56,31535466;44,07307159
19793053;81,4;56,316144;44,04004
5528200;21,1;56,24606868;44,04796909
16729999;39,09;56,317538;43,972031
26415000;58,7;56,32358424;44,01900592
9090000;51,9;56,21925;43,8199
5987000;25,54;56,30322;43,92668
7113500;34,7;56,24606868;44,04796909
10390000;46,79;56,28337137;44,03038537
22256000;104;56,2847511;44,08343388
12507067;55,9;56,26386;43,86687
23065070;62,16;56,312315;43,975068
15069999;69,73;56,30243714;44,10379162
10350000;59,49;56,30236615;43,92655474
9065478,27;38,68;56,30902;43,89671
12490000;37;56,331721;43,947855
9020422;34,99;56,26386;43,86687
7480700;32,59;56,248613;44,048243
6443716;32,59;56,213576;44,024286
8773440;43,97;56,305213;43,936778
6711600;37,59;56,288639;43,813403
9032182;44,4;56,25397;43,84863
12410000;65,19;56,34688242;43,92365884
12520000;65,23;56,30117;44,08461
7758273;30,79;56,26879511;44,03422363
24308470;62,16;56,312315;43,975068
14869999;60,66;56,31772789;43,9715093
7920000;39,59;56,34248922;43,87483452
7488000;38,4;56,24606868;44,04796909
9562254;55,9;56,27839032;44,04282151
16596248;39,81;56,31772789;43,9715093
10032300;65,4;56,248613;44,048243
10726538;58,09;56,27275;44,052807
21465220;90,19;56,22432;43,940192
6068520;32,4;56,23986577;43,83607559
14390000;62;56,28337137;44,03038537
12465665;54,65;56,26386;43,86687
9562261;56,2;56,27839032;44,04282151
30707000;172,19;56,34688242;43,92365884
8756000;39,79;56,341317;43,844814
7106000;29,92;56,28473917;44,08328368
11070000;58,29;56,301947;43,93416
16228729;69,31;56,303911;44,000426
11049760;67,59;56,27856341;44,04353498
40016000;122;56,31182985;43,9804979
10700011;53;56,34341392;43,82983371
9296555;46,25;56,34293;43,832222
9512811;73,26;56,30639313;43,84588019
9348000;57;56,342399;43,874837
8036250;35,9;56,27856341;44,04353498
34030000;87,55;56,321007;44,002772
17923126;66,8;56,316144;44,04004
16534501;69,94;56,30422;44,00771
6595035;45,5;56,218299;44,026776
8993660;57,7;56,26131336;43,93982472
6924150;41,4;56,326729;44,00697
9790000;46,79;56,28337137;44,03038537
12559795;72,9;56,26879511;44,03422363
9104605;39,95;56,30925114;43,8959115
16922464;85,63;56,28388;44,08354
12749000;67,09;56,34249;43,8757
7832040;30;56,26879511;44,03422363
8584726;31,5;56,27275;44,052807
8669999;46,52;56,203071;43,896904
33913700;119,59;56,313696;43,986405
16380000;91,3;56,34634;43,92332
9690000;46,29;56,28337137;44,03038537
9065478;38,68;56,309039;43,895814
10612800;60,29;56,34249;43,8757
7759999;34,45;56,29714;43,95264
9353159;39,2;56,26859879;44,02192617
48657960;109,58;56,312848;43,97616
14706946;54,9;56,3132544;43,96930895
17005775;55,24;56,3130104;43,97606829
7762893;30,79;56,2689;44,03516
9049590;36,29;56,26393551;43,86626459
12270450;53,7;56,2597542;43,97880318
10033068;54,5;56,27275;44,052807
11088744;67,09;56,27275;44,052807
16438962;64;56,3132544;43,96930895
7159174;48,81;56,218299;44,026776
8571634;58,4;56,310445;43,938326
7900000;38,75;56,31397;43,87803
8897130;36,29;56,264368;43,865569
11482723;60,79;56,25403985;43,84835189
14650600;35,79;56,3138159;43,98840316
11190000;44;56,28337137;44,03038537
9443572;54,7;56,27856341;44,04353498
7690000;36,79;56,362352;43,855645
6578000;29,89;56,248613;44,048243
62842090;112,81;56,312315;43,975068
10993666;59,95;56,28461981;44,08324076
7878650;29,89;56,2597542;43,97880318
11343600;54,79;56,29794576;43,99971638
9228690;54,9;56,288639;43,813403
6600800;29,6;56,248613;44,048243
34209000;108,59;56,31055055;43,98939101
4628820;20,6;56,241339;44,079145
17090000;74,9;56,331721;43,947855
26465000;67;56,31182985;43,9804979
5998000;25,77;56,30322;43,92668
7030000;34,49;56,226179;43,852308
5990000;25;56,36230958;43,85553498
11670372;69,19;56,27841;44,04228
6334400;29,6;56,2455639;44,04924046
10940000;58,2;56,362352;43,855645
6901200;33,7;56,248613;44,048243
18709579;75,69;56,316144;44,04004
13614735;77,05;56,28461;44,08362
13634020;55,93;56,31575;44,07297
10904722;53,09;56,30546;43,94094
11850000;60;56,28337137;44,03038537
8670000;45,59;56,301947;43,93416
12507067;55,9;56,264368;43,865569
11952451;72,15;56,305213;43,936778
14881189;56,2;56,3132544;43,96930895
8599989;47,09;56,34263292;43,82861794
6890000;34,29;56,21896442;43,8191828
13209999;42,88;56,31772789;43,9715093
10019999;38,65;56,297006;43,953365
8972350;57,7;56,29172;43,85805
14331300;77,05;56,28461981;44,08324076
12999999;65,31;56,29714;43,95264
21233640;64,61;56,31575;44,07297
8810000;35,2;56,34634;43,92332
4608220;20,6;56,241339;44,079145
8760000;40;56,33086108;43,88152355
11067712;75,09;56,26848;44,03505
15999999;39,83;56,317538;43,972031
10345000;62,09;56,30292088;43,92679077
11666905;68,9;56,27839032;44,04282151
6458400;29,89;56,24626431;44,04936652
15050000;84,9;56,26185201;44,01021655
10890000;37,2;56,331721;43,947855
6996960;38,7;56,34287;43,84371
11233000;47,79;56,2597542;43,97880318
8260032;37,7;56,34341392;43,82983371
7904787;33;56,2689;44,03516
21291963;66;56,311111;44,002892
13458935;76,58;56,28473917;44,08328368
7992800;41,2;56,342399;43,874837
9572500;54,7;56,2455639;44,04924046
13189999;60,97;56,29714;43,95264
8530000;45,59;56,301947;43,93416
9110000;39;56,26183;44,010568
17554336;98,09;56,31076451;43,93833547
7643700;44,7;56,3655588;43,81770045
8890000;50,09;56,21896442;43,8191828
8901244;48,4;56,213576;44,024286
15084405;68,41;56,26386;43,86687
9179280;54,9;56,31279053;43,88630085
8563381;41,66;56,305213;43,936778
6646200;28,5;56,27856341;44,04353498
12448800;58,5;56,34173716;43,84456563
8480006;42,79;56,34272274;43,82913634
6452800;29,6;56,248613;44,048243
8224895;35;56,27948;44,04396
7230000;37,5;56,34288029;43,84374421
7670400;38,9;56,248613;44,048243
10063600;36,2;56,26581118;43,97614632
12260000;58;56,34688242;43,92365884
12109900;55,79;56,31076451;43,93833547
9761950;55;56,27275;44,052807
9572500;56;56,248613;44,048243
9910420;61,09;56,2414005;44,08051777
14973200;91,3;56,34248922;43,87483452
10423200;68,8;56,29202546;43,85822885
8527200;40,79;56,342399;43,874837
11689999;54,81;56,29786;43,953771
11594000;62;56,342399;43,874837
11543680;42,43;56,26581118;43,97614632
19863684;80,3;56,31668;44,04003
6433936;32,59;56,213576;44,024286
24806880;64,4;56,322604;43,98837
9211977;45,7;56,27275;44,052807
33870106;96,59;56,31203;43,98025
10726538;58,09;56,2689;44,03516
9490000;44;56,28337137;44,03038537
15254400;68,09;56,259928;43,978821
5449300;38,2;56,30701898;43,84878948
28404884;79,19;56,311111;44,002892
12064800;52,79;56,26393551;43,86626459
15360000;92,09;56,26167;44,01066
13034020;55,93;56,31535466;44,07307159
5647057;23,59;56,206619;43,899036
19046720;61,84;56,26581118;43,97614632
11649999;48,27;56,30243714;44,10379162
17249293;59,79;56,31646209;44,03935848
7455058;57,13;56,30701898;43,84878948
6946224;28,2;56,27856341;44,04353498
9761950;55;56,27275;44,052807
7404897;27,5;56,267757;44,020746
16019538;89,3;56,31052757;43,93759561
14372235;72,9;56,26859879;44,02192617
29329142;88,59;56,31071876;44,00346057
21220000;123,91;56,30135631;44,08432405
9572500;56;56,248613;44,048243
13053903;51,54;56,30433573;44,0063724
14890000;81,09;56,34688242;43,92365884
9180000;40;56,33084;43,88186
8490000;38,5;56,301947;43,93416
10973273;65,3;56,27856341;44,04353498
9177284;39,4;56,26899033;44,03733246
56670000;123,16;56,321007;44,002772
23790000;83,5;56,28337137;44,03038537
7589254;30,7;56,27275;44,052807
8613410;32,4;56,26879;44,03741
8751976;39,4;56,27275;44,052807
12450000;73,9;56,26167;44,01066
20277617;62,16;56,3130104;43,97606829
11225210;76,69;56,26131336;43,93982472
7044100;34,7;56,24606868;44,04796909
7488000;38,4;56,24606868;44,04796909
36320900;97,9;56,31182985;43,9804979
8709370,73;52,56;56,30947;43,89597
52420095;125,5;56,32262756;43,98838833
12539999;65,31;56,29714;43,95264
5334700;38,2;56,30701898;43,84878948
45365430;108,79;56,312315;43,975068
8994060;52,2;56,23986577;43,83607559
9127801;45,79;56,25397;43,84863
15761220;61,09;56,22432;43,940192
10800000;72,09;56,27825381;44,0972248
10990000;69,9;56,21925;43,8199
8290000;26,5;56,28337137;44,03038537
6938910;38,7;56,34287;43,84371
12836880;44,31;56,31575;44,07297
25805100;79,09;56,31445394;43,98671873
12566400;67,19;56,342399;43,874837
33939000;125,69;56,323163;44,035586
7418100;31,29;56,24626431;44,04936652
10353301;53,34;56,309039;43,895814
16252500;58,5;56,346553;43,929761
11866536;66,09;56,267757;44,020746
36400000;104;56,31182985;43,9804979
15268510;67;56,310445;43,938326
8360028;41,29;56,343269;43,829027
7078800;36;56,248613;44,048243
14850954;83,4;56,26859879;44,02192617
20473130;90,19;56,26581118;43,97614632
7740260;46,59;56,29172;43,85805
11393700;48,9;56,2597542;43,97880318
6942030;36,09;56,213576;44,024286
10103200;58,4;56,24626431;44,04936652
15990880;58,79;56,26581118;43,97614632
9949999;49,74;56,29714;43,95264
17440000;91,3;56,34688242;43,92365884
11096120;65,66;56,305213;43,936778
14820000;45,59;56,320026;43,977679
6453662;48,81;56,218299;44,026776
11207040;53,81;56,284208;44,083939
9260000;41,09;56,34688242;43,92365884
9835000;56,2;56,24626431;44,04936652
7294760;33,4;56,34263292;43,82861794
9705960;59,4;56,34287;43,84371
14820000;45,59;56,320289;43,978008
8069586;34,4;56,27948;44,04396
23950000;58,38;56,321079;44,002594
40996836;120,8;56,31203;43,98025
8148280;34,79;56,27948;44,04396
34800000;91,98;56,321079;44,002594
15357341;79,9;56,25397;43,84863
11790000;65;56,362352;43,855645
12235268;47,5;56,31052757;43,93759561
12332800;75,19;56,34288029;43,84374421
6942030;36,09;56,213576;44,024286
8400000;50;56,24606868;44,04796909
11900000;64,44;56,30117;44,08461
14770000;81,69;56,34738;43,923997
9614268;54;56,27841;44,04228
7590000;35,29;56,326305;43,910941
32463264;98,09;56,31122697;44,00286966
14651520;76,58;56,284208;44,083939
6254636;32,59;56,213576;44,024286
10685961;53,81;56,28473917;44,08328368
12147837;72,9;56,26862407;44,03502438
7436800;44,79;56,3655588;43,81770045
10240641;37,47;56,30433573;44,0063724
10331200;59,9;56,248613;44,048243
7360000;35,22;56,226179;43,852308
8218875;35;56,28021069;44,0435779
21687918;61,79;56,311111;44,002892
28925000;89;56,31055055;43,98939101
14490000;57,7;56,28337137;44,03038537
10866050;47,45;56,31535466;44,07307159
7257000;36,11;56,30322;43,92668
7910400;41,2;56,34248922;43,87483452
15669984;77,44;56,28461981;44,08324076
16669934;80,59;56,28585154;43,92193684
7482400;37,59;56,2455639;44,04924046
25134000;70,8;56,31182985;43,9804979
15402000;68;56,259928;43,978821
5255368;38,58;56,30701898;43,84878948
44100000;126;56,32212221;44,00585602
8199999;39,95;56,29714;43,95264
13191798;71,59;56,26859879;44,02192617
6386940;33,29;56,206879;43,878404
12011760;59,75;56,284208;44,083939
16309390;69,91;56,31575;44,07297
7869200;41,2;56,34249;43,8757
11921437;72,15;56,305213;43,936778
11790000;67,59;56,36230958;43,85553498
10752940;45,86;56,20553;43,89783
16063160;67,93;56,303911;44,000426
8990000;50,29;56,21925;43,8199
8836872;48,4;56,213576;44,024286
9544860;40,79;56,284208;44,083939
28721156;79,5;56,31122697;44,00286966
21159999;89,3;56,31772789;43,9715093
7612500;37,5;56,2455639;44,04924046
7589254;30,7;56,27275;44,052807
12160000;64,09;56,34738;43,923997
19207074;59,7;56,31071876;44,00346057
8992480;43,4;56,29794576;43,99971638
6025523;23,39;56,27275;44,052807
8890000;51,7;56,21925;43,8199
10067760;42,65;56,26386;43,86687
12190000;64;56,362352;43,855645
21930000;53,47;56,321079;44,002594
11488500;62,09;56,34249;43,8757
10034250;39,34;56,284208;44,083939
6572970;36,7;56,31279053;43,88630085
5933640;20,07;56,264368;43,865569
11272080;67;56,26862407;44,03502438
12087319;67,09;56,31052757;43,93759561
12590000;37,5;56,3138159;43,98840316
7790000;50,4;56,21896442;43,8191828
8151587;37,79;56,34267441;43,83190266
11990000;69,8;56,36230958;43,85553498
24437400;77;56,31445394;43,98671873
11205400;62,59;56,342399;43,874837
8170213;41,29;56,34263292;43,82861794
8510000;41,09;56,34688242;43,92365884
8152655;35;56,27948;44,04396
15630000;81,09;56,34688242;43,92365884
11156180;76,69;56,326729;44,00697
8601600;51,2;56,20586328;43,81749283
8588342;31,6;56,269185;44,03513
10161600;58,4;56,24626431;44,04936652
5255640;38,2;56,30701898;43,84878948
5563680;20,1;56,206879;43,878404
6907520;34,4;56,2414005;44,08051777
9827048;75,68;56,30714;43,84627
5141175;21,01;56,206619;43,899036
9610758;54;56,27839032;44,04282151
6517920;36,7;56,31279053;43,88630085
28282000;79;56,312315;43,975068
14270259;74,5;56,25423;43,848433
36207112;101,19;56,31203;43,98025
9168467;38,4;56,26386;43,86687
6638720;36,79;56,23986577;43,83607559
12690000;60;56,28337137;44,03038537
11268000;62,59;56,34248922;43,87483452
11790000;67,59;56,362352;43,855645
13680000;76,22;56,30135631;44,08432405
27094000;71,3;56,31182985;43,9804979
12278914;44,41;56,31772789;43,9715093
12803492;54,47;56,303911;44,000426
8720000;41,5;56,301983;43,933465
25093709;99,8;56,31646209;44,03935848
18069999;60,66;56,317662;43,971453
5650000;22,2;56,301983;43,933465
20747051;55,24;56,3130104;43,97606829
16159500;47,15;56,31575;44,07297
21639999;84,87;56,30243714;44,10379162
6381200;34,4;56,206879;43,878404
12950300;67,09;56,34249;43,8757
11992000;59,95;56,284208;44,083939
8180000;38,7;56,301983;43,933465
10979185;54,65;56,26386;43,86687
14481873;39,81;56,31772789;43,9715093
10148991;40,2;56,31076451;43,93833547
11808500;56,5;56,29766;43,99764
5392000;38,2;56,30701898;43,84878948
8562549;34,29;56,26859879;44,02192617
8900030;46,4;56,34341392;43,82983371
11486849;67,09;56,2689;44,03516
7819999;34,45;56,29714;43,95264
8350000;44,4;56,301947;43,93416
10238400;64,8;56,20586328;43,81749283
10190000;59,4;56,30221;43,92663
9565400;57,7;56,248613;44,048243
21547500;66,3;56,320289;43,978008
30707000;172,19;56,34738;43,923997
8330000;40,29;56,301983;43,933465
8970780;43,4;56,29794576;43,99971638
12869527;71,59;56,267757;44,020746
11614073;50,29;56,28585154;43,92193684
14150000;75,63;56,301196;44,084741
9330000;39,7;56,26183;44,010568
9722600;56,2;56,2455639;44,04924046
29990000;112,09;56,33205902;43,94818418
8910000;39;56,26167;44,01066
27368783;66,59;56,32262756;43,98838833
6433936;32,59;56,213576;44,024286
7078800;36;56,248613;44,048243
7404897;27,5;56,26859879;44,02192617
35131875;109,69;56,311111;44,002892
7165000;34,81;56,30322;43,92668
15628294;76,8;56,310445;43,938326
10664000;61,86;56,30322;43,92668
12257470;66;56,34267441;43,83190266
7902090;30;56,2689;44,03516
12033870;59,95;56,284208;44,083939
9761700;75,08;56,30639313;43,84588019
12420000;63,91;56,30135631;44,08432405
7459999;35,72;56,203071;43,896904
8060000;40,29;56,34248922;43,87483452
20196000;91;56,114343;43,494987
9571155;39,04;56,28473917;44,08328368
21229999;86,33;56,303802;44,100032
5362898;38,2;56,30701898;43,84878948
9968200;39,4;56,284208;44,083939
5247057;21,01;56,206619;43,899036
8874757;38,13;56,28473917;44,08328368
11182550;67,09;56,26862407;44,03502438
20801200;78,19;56,26581118;43,97614632
7115500;42,79;56,326729;44,00697
11245500;49;56,2597542;43,97880318
9103290;57,7;56,26131336;43,93982472
40672000;131,19;56,31055055;43,98939101
10358920;57,2;56,24189638;44,0811615
6590000;30,29;56,21896442;43,8191828
26208000;67,19;56,31182985;43,9804979
9196050;60,7;56,24104802;44,08181596
15056220;67,37;56,31575;44,07297
11339999;43,22;56,30219;44,10283
5082351;20,75;56,206619;43,899036
6090000;35;56,3655588;43,81770045
7180290;44,2;56,26131336;43,93982472
9611100;55,59;56,248613;44,048243
11126400;60,79;56,34248922;43,87483452
16800000;60,59;56,31270023;43,98472395
15680000;93,09;56,26185201;44,01021655
10835292;44,63;56,20553;43,89783
7412400;34,79;56,2455639;44,04924046
11195098;67,09;56,26848;44,03505
12100000;64,09;56,34738;43,923997
5152940;20,85;56,206619;43,899036
6550400;36,79;56,23986577;43,83607559
18681100;54,59;56,31445394;43,98671873
35804262;109,69;56,31071876;44,00346057
9666400;56,2;56,2455639;44,04924046
10062060;75,08;56,30714;43,84627
16710050;69,75;56,31575;44,07297
13630265;62;56,31076451;43,93833547
8002116;34,2;56,27275;44,052807
11699100;61,9;56,34249;43,8757
33512000;94,4;56,31182985;43,9804979
12189900;68,09;56,342399;43,874837
13620000;69,69;56,34688242;43,92365884
8990000;51,5;56,219673;43,817821
14355011;65,19;56,31076451;43,93833547
11480000;55,9;56,34688242;43,92365884
14900000;81,8;56,34738;43,923997
7100000;34,72;56,226179;43,852308
42540800;122,4;56,31203;43,98025
8759182;34,7;56,26899033;44,03733246
6145100;32,59;56,23986577;43,83607559
9627618;54,59;56,27948;44,04396
21960267;89,69;56,316144;44,04004
11520760;58,59;56,29794576;43,99971638
8908574;44,7;56,25397;43,84863
12351000;53,7;56,2597542;43,97880318
10170144;42,65;56,26393551;43,86626459
16317508;61,59;56,3155383;43,97024169
9024740;52,9;56,288639;43,813403
12410000;64,11;56,30135631;44,08432405
7782200;46,59;56,29202546;43,85822885
8897130;36,29;56,264368;43,865569
12044832;72,8;56,26848;44,03505
10287102;37,63;56,30433573;44,0063724
18152800;79,69;56,31575;44,07297
6916450;39,5;56,288639;43,813403
7115500;42,79;56,326729;44,00697
9430707;39;56,267757;44,020746
10054800;58,79;56,24626431;44,04936652
11690000;67,69;56,36230958;43,85553498
8983391;27,04;56,30422;44,00771
10575000;45;56,259928;43,978821
15060000;81,8;56,34688242;43,92365884
8020000;37,59;56,301983;43,933465
7360000;35,22;56,225364;43,853181
6690000;32;56,21925;43,8199
33301800;123,3;56,313696;43,986405
41860000;106,26;56,32262756;43,98838833
9707760;58,2;56,23986577;43,83607559
10822400;60,79;56,34248922;43,87483452
10724076;64,9;56,27839032;44,04282151
16658440;69,77;56,30422;44,00771
7990000;53,09;56,21896442;43,8191828
12631000;70,5;56,34688242;43,92365884
9938662;53,65;56,28473917;44,08328368
10468225;58,09;56,27275;44,052807
5449300;38,2;56,30701898;43,84878948
6908660;29,15;56,30925114;43,8959115
5392000;38,2;56,30701898;43,84878948
11572441;67;56,2689;44,03516
12480000;75,69;56,301983;43,933465
26160800;124,83;56,323163;44,035586
9448400;59,79;56,24606868;44,04796909
9611100;55,59;56,248613;44,048243
22862500;66,5;56,313696;43,986405
7666058;30,79;56,28021069;44,0435779
35028694;94,4;56,31203;43,98025
9534800;60,5;56,206879;43,878404
14009999;62,22;56,30219;44,10283
10125555;54,5;56,2689;44,03516
8190000;54,59;56,21896442;43,8191828
18435698;53,5;56,311111;44,002892
18368513;76,3;56,314057;43,969599
9010925;37,75;56,26393551;43,86626459
11774749,97;65,23;56,30902;43,89671
6049020;36,2;56,29172;43,85805
9552000;61;56,248613;44,048243
16904700;49,2;56,313696;43,986405
9501800;61,7;56,24532346;44,05083637
9350033;40,66;56,28461981;44,08324076
9297400;32,06;56,26581118;43,97614632
8232978;39;56,27857;44,04323
6160000;23,79;56,301947;43,93416
15290000;68,4;56,28337137;44,03038537
18360653;89,9;56,310445;43,938326
9418695;46,29;56,25403985;43,84835189
12670000;69,69;56,34688242;43,92365884
11912591;66,69;56,27275;44,052807
12462905;68,75;56,34267441;43,83190266
17369792;71,59;56,31668;44,04003
12225205;54,65;56,264368;43,865569
25799100;79;56,31445394;43,98671873
8100000;40,63;56,31397;43,87803
7306000;34,81;56,30292088;43,92679077
15999999;39,83;56,317662;43,971453
10206340;52,61;56,32791928;43,9515188
18582000;69,25;56,31575;44,07297
8139930;35,9;56,27275;44,052807
32180882;91,69;56,31122697;44,00286966
7565341;48,81;56,218299;44,026776
10762560;60,59;56,34288029;43,84374421
18717280;61,56;56,31535466;44,07307159
12554505;72,8;56,2689;44,03516
16742549;80,8;56,31076451;43,93833547
5486000;21,1;56,24606868;44,04796909
12490000;65,23;56,30117;44,08461
6260400;33,29;56,241339;44,079145
7964700;41,7;56,34249;43,8757
15170000;84,5;56,34688242;43,92365884
8388798;33,65;56,309039;43,895814
7373000;37,79;56,248613;44,048243
10388932;58,2;56,27275;44,052807
10059800;57,29;56,248613;44,048243
9828300;55,59;56,248613;44,048243
7654400;36,79;56,2455639;44,04924046
13066500;84,3;56,248613;44,048243
6638970;37,7;56,23986577;43,83607559
10423200;68,8;56,29202546;43,85822885
7290000;38,4;56,36230958;43,85553498
7279000;36,11;56,30322;43,92668
14266000;70;56,316434;43,897105
11950297;65,86;56,28473917;44,08328368
12356232;66,36;56,28461;44,08362
12990000;37,2;56,33161;43,94897
10180000;59,09;56,301947;43,93416
29990000;133,89;56,33161;43,94897
10062060;75,08;56,30714;43,84627
43757900;93,69;56,32212221;44,00585602
5707620;33,29;56,24178286;44,08224511
8230500;31;56,259928;43,978821
11501240;42,43;56,26581118;43,97614632
9565751;55,4;56,27275;44,052807
6025523;23,39;56,26848;44,03505
9079999;44,63;56,203071;43,896904
9597027;56,09;56,27275;44,052807
13100000;75,8;56,30135631;44,08432405
6766000;39,79;56,24104802;44,08181596
13034020;55,93;56,31535466;44,07307159
7987365;34,79;56,27275;44,052807
13720000;74,93;56,301196;44,084741
15030000;84,9;56,26183;44,010568
9168467;38,4;56,26386;43,86687
7150000;34,47;56,225364;43,853181
21291963;66;56,31071876;44,00346057
7086300;39;56,34287;43,84371
14841840;55,13;56,284208;44,083939
9006030;36,29;56,26386;43,86687
8568000;42;56,34249;43,8757
11722392;37,61;56,28447;44,0845
6947200;41,59;56,288639;43,813403
11227265;68,8;56,27841;44,04228
11020415;64,69;56,27275;44,052807
7768600;37;56,248613;44,048243
12659337;72,8;56,2689;44,03516
10300000;72,3;56,27825381;44,0972248
7090200;36,4;56,248613;44,048243
34267200;94,4;56,31182985;43,9804979
40857600;121,59;56,31182985;43,9804979
11059520;40,65;56,22432;43,940192
15890000;61,79;56,33161;43,94897
7613190;30;56,26848;44,03505
10922300;47,79;56,2597542;43,97880318
9579843;55,7;56,27856341;44,04353498
13820000;76,8;56,301947;43,93416
8060725;37,59;56,27275;44,052807
23800900;77,59;56,313696;43,986405
8990000;53,5;56,219673;43,817821
21390000;53,47;56,32122862;44,00254607
7672064;30,79;56,27275;44,052807
11767938;67,09;56,31076451;43,93833547
8690000;40,79;56,34634;43,92332
15988500;56;56,317093;44,064431
33666000;108,59;56,31055055;43,98939101
9010925;37,75;56,26393551;43,86626459
20343015;103,94;56,28473917;44,08328368
9833120;59,2;56,34287;43,84371
8260023;36,5;56,343269;43,829027
27140000;70,8;56,31203;43,98025
6443536;34,09;56,213576;44,024286
8300000;37,86;56,30531709;43,93552226
23490000;91,5;56,33165908;43,94786475
11091289;69,8;56,26848;44,03505
6025523;23,39;56,26848;44,03505
17180000;88,69;56,34634;43,92332
8864140;52,7;56,206879;43,878404
37620232;102,8;56,31203;43,98025
11116050;47,45;56,31575;44,07297
13339999;59,31;56,30243714;44,10379162
7758273;30,79;56,26879511;44,03422363
10351970;40,2;56,310445;43,938326
11419200;48,79;56,259928;43,978821
8764010;52,7;56,206879;43,878404
9013100;46,7;56,34248922;43,87483452
9110000;43,29;56,34634;43,92332
15544373;39,83;56,31772789;43,9715093
12570000;63,72;56,30135631;44,08432405
8152655;35;56,27948;44,04396
23562500;72,5;56,31055055;43,98939101
7218558;29,15;56,30925114;43,8959115
16438962;64;56,3155383;43,97024169
9650000;56,86;56,30322;43,92668
16193520;68,84;56,30422;44,00771
20558000;115,09;56,34634;43,92332
9809200;54,79;56,2460166;44,05111255
5305881;21,01;56,206619;43,899036
10070000;46,81;56,30135631;44,08432405
5536427,92;34,09;56,192049;43,891147
6539999;35,24;56,203071;43,896904
8060000;37,5;56,301983;43,933465
22362105;94;56,31646209;44,03935848
10700000;72,09;56,27825381;44,0972248
6334400;29,6;56,2455639;44,04924046
19857500;84,5;56,26581118;43,97614632
11020453;65,09;56,27857;44,04323
11978948;75,4;56,27275;44,052807
10708246;40,86;56,303911;44,000426
11790000;44,5;56,33161;43,94897
11018200;61,9;56,342399;43,874837
9820954;54,5;56,26879511;44,03422363
7590000;38,4;56,362352;43,855645
7959000;40,97;56,30292088;43,92679077
14138635;83,4;56,267757;44,020746
12884400;59,65;56,26581118;43,97614632
11906300;73;56,288639;43,813403
23130000;48,54;56,321079;44,002594
16499999;39,09;56,317662;43,971453
16197635;56,79;56,316144;44,04004
13335306;71,4;56,267757;44,020746
5631000;30;56,241339;44,079145
9168467;38,4;56,26393551;43,86626459
18607680;73,83;56,26581118;43,97614632
9608879;50,09;56,28021069;44,0435779
9793000;57,15;56,30322;43,92668
34459488;109,69;56,31071876;44,00346057
11080200;62,59;56,342399;43,874837
9905000;57,7;56,248613;44,048243
8190000;53,7;56,219673;43,817821
8779200;47,2;56,2455639;44,04924046
7490000;48,9;56,219673;43,817821
6952860;42,79;56,326729;44,00697
7690000;40,2;56,21896442;43,8191828
14380000;86,09;56,26183;44,010568
12475000;77,22;56,302004;43,925036
22070000;88,27;56,22432;43,940192
9600000;42,59;56,33084;43,88186
11794753;66,69;56,27275;44,052807
8880000;40,5;56,33086108;43,88152355
8534400;50,79;56,24606868;44,04796909
29105659;79;56,3130104;43,97606829
24239209;66,3;56,31122697;44,00286966
8694000;42;56,342399;43,874837
12593846;64,9;56,25403985;43,84835189
10421665;49,9;56,30512043;43,93979741
8929410;34,84;56,20553;43,89783
9572500;54,7;56,2455639;44,04924046
27415500;78,33;56,312848;43,97616
8232990;38,9;56,27857;44,04323
8112167;38,9;56,27839032;44,04282151
19604000;84,5;56,26581118;43,97614632
9531200;59,2;56,248613;44,048243
8030760;31,6;56,26879511;44,03422363
12919155;53,95;56,303911;44,000426
6290000;30,5;56,21925;43,8199
7590016;33,4;56,34341392;43,82983371
27200000;103,19;56,312649;43,984924
7870201;31,6;56,26862407;44,03502438
11830000;59,7;56,33086108;43,88152355
11195098;67,09;56,26848;44,03505
7102057;52,81;56,30701898;43,84878948
10288400;57,79;56,2460166;44,05111255
17890000;71,4;56,331721;43,947855
11501240;42,43;56,26581118;43,97614632
5801250;32,5;56,24104802;44,08181596
23787000;82,09;56,346631;43,929751
14670022;78,84;56,34293;43,832222
8450000;38,2;56,301947;43,93416
7632800;42,09;56,248613;44,048243
10798920;60,59;56,34288029;43,84374421
9791300;56;56,248613;44,048243
5264920;35,59;56,218299;44,026776
14523200;62,59;56,2597542;43,97880318
16885719;88;56,3102;44,09525
10071579;29,89;56,31646209;44,03935848
17357540;77,66;56,31575;44,07297
11674800;62,09;56,34248922;43,87483452
20240000;92;56,317093;44,064431
7745660;40,29;56,34288029;43,84374421
7840000;36,79;56,362352;43,855645
32583300;93,9;56,31182985;43,9804979
15009154;68,41;56,264368;43,865569
7613197;29,89;56,27275;44,052807
11382984;69,8;56,26879511;44,03422363
13369560;51,81;56,284208;44,083939
10981212;45,06;56,28585154;43,92193684
16271136;69,18;56,30422;44,00771
17160000;66,19;56,30443425;43,99120957
5466280;38,31;56,30701898;43,84878948
14162400;84,3;56,2460166;44,05111255
14985000;40,5;56,31182985;43,9804979
11259200;49,59;56,2597542;43,97880318
9579862;55,9;56,27856341;44,04353498
28282000;79;56,312848;43,97616
8078400;39,59;56,34249;43,8757
32480000;88,38;56,32122862;44,00254607
17752895;59,7;56,31643526;44,04015241
7790000;31;56,34738;43,923997
9409050;51,5;56,206879;43,878404
9672204;46,59;56,25423;43,848433
100561219;312,5;56,3155383;43,97024169
16920000;88,19;56,33086108;43,88152355
15775000;63;56,114343;43,494987
11867550;53,09;56,259928;43,978821
14066327;83,4;56,267757;44,020746
6095100;33;56,24104802;44,08181596
7982792;31,6;56,26848;44,03505
10661018;37,15;56,30433573;44,0063724
10242096;57,7;56,27275;44,052807
7600571;56,54;56,30701898;43,84878948
11241200;62,79;56,342399;43,874837
12190000;38,09;56,331721;43,947855
5419185;38,81;56,30701898;43,84878948
5922180;19,79;56,264368;43,865569
10590000;69,59;56,21896442;43,8191828
13312500;47,5;56,346631;43,929751
12613220;54,65;56,26386;43,86687
9160184;48,4;56,213576;44,024286
21678086;57,4;56,31122697;44,00286966
15318000;40,5;56,31203;43,98025
5362898;38,2;56,30701898;43,84878948
10530000;58,59;56,301983;43,933465
19030649;50,66;56,3130104;43,97606829
22890000;49,11;56,321007;44,002772
9031900;49,9;56,24529975;44,05240001
7147072;56,54;56,30701898;43,84878948
25361800;71,5;56,3138159;43,98840316
7990000;51,79;56,219673;43,817821
13150158;65;56,25403985;43,84835189
9378300;51,59;56,213576;44,024286
8060737;37,5;56,27275;44,052807
12490000;60,29;56,28337137;44,03038537
9666400;57,29;56,248613;44,048243
11142800;62,59;56,34249;43,8757
7376469;32,99;56,206619;43,899036
6990000;36,29;56,21896442;43,8191828
13990000;37,2;56,33165908;43,94786475
7687500;37,5;56,24626431;44,04936652
12734700;56,09;56,31535466;44,07307159
11390000;78,69;56,219673;43,817821
5958783;20,06;56,264368;43,865569
19396243;55,24;56,3130104;43,97606829
6651360;37,2;56,288639;43,813403
7818600;47,09;56,29172;43,85805
11620248;59,95;56,28461;44,08362
14970000;84,9;56,26183;44,010568
35045190;126,19;56,3144;43,976444
8570000;38,4;56,301947;43,93416
9517800;56;56,248613;44,048243
13389999;50,36;56,30219;44,10283
7897440;30;56,26879511;44,03422363
7820738;31,7;56,26862407;44,03502438
10020000;43,18;56,30135631;44,08432405
16822410;80,48;56,31535466;44,07307159
23858414;70,09;56,31071876;44,00346057
18938358;87,59;56,3102;44,09525
17342200;51,2;56,313696;43,986405
27200000;102,58;56,312251;43,982531
25872000;67,19;56,31182985;43,9804979
41328000;131,19;56,31055055;43,98939101
12044147;66,09;56,26859879;44,02192617
9349200;47,7;56,2460166;44,05111255
17286873;51,75;56,31772789;43,9715093
9417642;39;56,267757;44,020746
9968400;63,9;56,24606868;44,04796909
15230000;90,8;56,26183;44,010568
9740049;75,01;56,307363;43,849182
18495153;57,4;56,31071876;44,00346057
6230250;32,5;56,206879;43,878404
14078123;61,97;56,30243714;44,10379162
14620036;64,9;56,310445;43,938326
7078800;34,7;56,24606868;44,04796909
7990000;53,09;56,21925;43,8199
9122375;38,4;56,26386;43,86687
9005788;48,4;56,213576;44,024286
13584714;56,16;56,28585154;43,92193684
11624193;68,09;56,27856341;44,04353498
9469790;39,4;56,28388;44,08354
7180000;34,27;56,226179;43,852308
12962713;65,4;56,25397;43,84863
10900000;72,09;56,27825381;44,0972248
29193352;78,69;56,31122697;44,00286966
12652925;54,59;56,28585154;43,92193684
24923053;90,9;56,316144;44,04004
5158124;33,34;56,218299;44,026776
9652500;59,4;56,34288029;43,84374421
9416000;42,79;56,2597542;43,97880318
19973684;81,69;56,31643526;44,04015241
5207000;25,39;56,29172;43,85805
16790000;74,9;56,33165908;43,94786475
11080100;61,9;56,342399;43,874837
9460746;54;56,27857;44,04323
10731832;40,95;56,303911;44,000426
7912500;38,79;56,248613;44,048243
8633833;46,4;56,34263292;43,82861794
8871005;53,34;56,309039;43,895814
6090000;30,5;56,21896442;43,8191828
17100000;88,69;56,34738;43,923997
9811035;54,5;56,26862407;44,03502438
10590000;60;56,362352;43,855645
10113600;60;56,248613;44,048243
10800000;72,02;56,27825381;44,0972248
11717500;54,5;56,2597542;43,97880318
6241809;23,39;56,26879511;44,03422363
12044832;72,8;56,27275;44,052807
8369999;33,68;56,29791554;43,95222999
21049999;75,48;56,317662;43,971453
24627378;63,4;56,31203;43,98025
19205500;54,09;56,31067;43,98946
24794000;89,69;56,316144;44,04004
6869050;39,5;56,288639;43,813403
19205500;54,09;56,31055055;43,98939101
8540000;41,5;56,301983;43,933465
8871004,92;53,34;56,30947;43,89597
11808500;56,5;56,297828;43,998842
9565757;55,59;56,27275;44,052807
10659000;62,36;56,302004;43,925036
21416593;61;56,31071876;44,00346057
7510000;29,61;56,30135631;44,08432405
9179280;54,9;56,288639;43,813403
8260028;36,29;56,343269;43,829027
9627618;54,59;56,27275;44,052807
11488500;62,09;56,34248922;43,87483452
9614891;50,09;56,27275;44,052807
12690000;67,69;56,362352;43,855645
9890000;35,4;56,28337137;44,03038537
7981345;34,79;56,28021069;44,0435779
10488700;53;56,24189638;44,0811615
10375672;58,09;56,26862407;44,03502438
13368037;65,19;56,31076451;43,93833547
11005800;52,5;56,31052757;43,93759561
6960800;38,5;56,34288029;43,84374421
5449300;38,2;56,30701898;43,84878948
8360015;41,2;56,343269;43,829027
19039999;83,94;56,30243714;44,10379162
9431602;46,59;56,25403985;43,84835189
11195098;67,09;56,27275;44,052807
7878978;29,89;56,2689;44,03516
12230000;65,19;56,34688242;43,92365884
19749430;60,97;56,31575;44,07297
11153160;53,65;56,284208;44,083939
13790000;60,29;56,28337137;44,03038537
9180900;37,79;56,31076451;43,93833547
12962713;65,4;56,25423;43,848433
11884500;71;56,248613;44,048243
13500000;76,04;56,30117;44,08461
20702500;84,5;56,26581118;43,97614632
8020490;40,9;56,2414005;44,08051777
9690000;46;56,28337137;44,03038537
10200800;62,2;56,34248922;43,87483452
9226360;57,2;56,3655588;43,81770045
5188234;20,85;56,206619;43,899036
11116050;47,45;56,31575;44,07297
19632170;85,73;56,31535466;44,07307159
12190000;69,8;56,326305;43,910941
11598502;45,41;56,30433573;44,0063724
7840000;36,9;56,301983;43,933465
7890000;31;56,34738;43,923997
13780000;74,93;56,301196;44,084741
8070000;28,8;56,30117;44,08461
10560000;58,59;56,301983;43,933465
9585712,63;59,9;56,30947;43,89597
8381238;36,93;56,30531709;43,93552226
30493784;120,55;56,303911;44,000426
9385030;61,29;56,206879;43,878404
9622000;56,59;56,20607;43,81747
6318060;34,29;56,206879;43,878404
12572500;64,8;56,25403985;43,84835189
12839999;59,9;56,297006;43,953365
14730000;81,09;56,34738;43,923997
13028400;65,8;56,284208;44,083939
6199200;36,9;56,20586328;43,81749283
12007380;75,9;56,34287;43,84371
11113749;43,7;56,30219;44,10283
10266400;62,59;56,34249;43,8757
8218875;35;56,28021069;44,0435779
5991100;36,2;56,29202546;43,85822885
12229800;52,9;56,31052757;43,93759561
10000000;72,3;56,27825381;44,0972248
9929410;46,5;56,206619;43,899036
9791300;56;56,248613;44,048243
8170000;39,5;56,301947;43,93416
5573000;22,1;56,302004;43,925036
6701720;30,21;56,309039;43,895814
7106000;29,92;56,28461;44,08362
6496000;29;56,248613;44,048243
35714808;95,19;56,31203;43,98025
9101525;37,75;56,26393551;43,86626459
8102415;34,7;56,26848;44,03505
9828300;55,59;56,248613;44,048243
9634680;59,4;56,34288029;43,84374421
11031198;65,9;56,27841;44,04228
8844000;53,59;56,20586328;43,81749283
35926000;101,19;56,322604;43,98837
12190000;64;56,36230958;43,85553498
8660000;41,5;56,301983;43,933465
6880072;53,34;56,30701898;43,84878948
11115600;62,79;56,34248922;43,87483452
10233550;37,61;56,30433573;44,0063724
7487000;36,65;56,302004;43,925036
25989999;89,3;56,317662;43,971453
6279000;29,89;56,2455639;44,04924046
12153398;67;56,26943641;44,03506993
11599999;43,7;56,30243714;44,10379162
11059947;53,65;56,28461;44,08362
6567033;29,15;56,309039;43,895814
8811430;41;56,34267441;43,83190266
16182720;56,18;56,26581118;43,97614632
13700000;76,56;56,31397;43,87803
9250000;44;56,26167;44,01066
9460746;54;56,27275;44,052807
12568568;55,9;56,26393551;43,86626459
7959600;39,59;56,34248922;43,87483452
7335000;36,11;56,30292088;43,92679077
11080100;61,9;56,34248922;43,87483452
38497684;90,59;56,32262756;43,98838833
13949040;55,2;56,2847511;44,08343388
11178400;62,79;56,34248922;43,87483452
12404700;53,7;56,2597542;43,97880318
7290000;38,4;56,362352;43,855645
13898909;83,5;56,26859879;44,02192617
32958900;93,9;56,31182985;43,9804979
9828347;75,69;56,307363;43,849182
8849364;42,04;56,305213;43,936778
16610700;49,2;56,313696;43,986405
11887730;65,86;56,28461981;44,08324076
6096520;34,59;56,3655588;43,81770045
12340256;61;56,25423;43,848433
12834900;65,81;56,284208;44,083939
13790000;38,09;56,331721;43,947855
16219999;39,81;56,317538;43,972031
18375156;82,69;56,3102;44,09525
11049760;67,59;56,27856341;44,04353498
7446608;30,79;56,26848;44,03505
7732800;37;56,248613;44,048243
11874600;66,09;56,267757;44,020746
11837950;73,3;56,23986577;43,83607559
8152655;35;56,27275;44,052807
5590000;30,29;56,21925;43,8199
5449300;38,2;56,30701898;43,84878948
11125000;62,5;56,34248922;43,87483452
11687498;44,45;56,30243714;44,10379162
6352360;34,29;56,206879;43,878404
6590000;34,29;56,219673;43,817821
14527822;37,4;56,31203;43,98025
25351120;123,18;56,323163;44,035586
8891290;36,65;56,26386;43,86687
7034180;42,79;56,26131336;43,93982472
8660000;40,9;56,34634;43,92332
8200000;39,11;56,33208495;43,86430596
11950297;65,86;56,28461981;44,08324076
10726538;58,09;56,27275;44,052807
13367000;74,98;56,353144;43,825892
8445600;40,79;56,34248922;43,87483452
13417126;62;56,31076451;43,93833547
23390000;83,5;56,28337137;44,03038537
6330682;23,39;56,26943641;44,03506993
8160800;41,59;56,248613;44,048243
18113900;50;56,3138159;43,98840316
15380000;92,09;56,26167;44,01066
8945855;44,2;56,25403985;43,84835189
14795782;74,5;56,25403985;43,84835189
8910000;35,2;56,34688242;43,92365884
12568568;55,9;56,26386;43,86687
9513000;45,29;56,248613;44,048243
9720000;55,13;56,302004;43,925036
9248000;54,4;56,24606868;44,04796909
10033068;54,5;56,26848;44,03505
5990000;22,29;56,36230958;43,85553498
8520000;41,5;56,301983;43,933465
7449999;37,52;56,203071;43,896904
12225205;54,65;56,26393551;43,86626459
11590000;61;56,34249;43,8757
21825980;90,19;56,22432;43,940192
9779004;75,3;56,307641;43,850388
27754421;105,09;56,31646209;44,03935848
19701000;99,5;56,30986147;44,07436398
7221000;34,81;56,30322;43,92668
37056240;96,19;56,322604;43,98837
7800000;46,33;56,27825381;44,0972248
16252500;58,9;56,346691;43,929648
16144317;68,77;56,30433573;44,0063724
15187953;53;56,314057;43,969599
9820000;59,7;56,301983;43,933465
13785498;56,79;56,31052757;43,93759561
10290000;71,09;56,219673;43,817821
9156000;55,79;56,248613;44,048243
8307900;45,9;56,24606868;44,04796909
9688140;59,4;56,34287;43,84371
8342100;40,29;56,34248922;43,87483452
7707000;39,36;56,302004;43,925036
9156000;55,79;56,248613;44,048243
11884500;71;56,248613;44,048243
10254821;40,2;56,31076451;43,93833547
11790000;67,59;56,362352;43,855645
6351000;36,5;56,288639;43,813403
8194000;24,1;56,317233;44,068464
16200000;93,15;56,30117;44,08461
5790000;35,59;56,21925;43,8199
11105881;49,22;56,20553;43,89783
45800590;108,79;56,312315;43,975068
8480006;42,79;56,34272274;43,82913634
9090000;53,29;56,21925;43,8199
6458400;29,89;56,248613;44,048243
40857600;121,59;56,31182985;43,9804979
18406683;50,66;56,3130104;43,97606829
14955302;52,09;56,3132544;43,96930895
10864005;56,29;56,309039;43,895814
15009154;68,41;56,264368;43,865569
16017000;56;56,114343;43,494987
8890000;50,09;56,21925;43,8199
11863603;69,44;56,34267441;43,83190266
7390000;35,29;56,36230958;43,85553498
30209999;119,55;56,31772789;43,9715093
6025523;23,39;56,26848;44,03505
16257584;63,4;56,3132544;43,96930895
15849011;68,34;56,303911;44,000426
7258822;32,99;56,206619;43,899036
11851538;76,19;56,26862407;44,03502438
6990000;35,7;56,21999;43,81982
12190000;69,8;56,36230958;43,85553498
11624208;67,9;56,27856341;44,04353498
18200000;65,5;56,31270023;43,98472395
13670000;77;56,301947;43,93416
18578700;47,09;56,3138159;43,98840316
15843138;69,2;56,30433573;44,0063724
9101500;54,5;56,24606868;44,04796909
6539360;36,79;56,23986577;43,83607559
16450126;62;56,3132544;43,96930895
33011640;85,69;56,322604;43,98837
17290000;88,9;56,33084;43,88186
7303650;27,6;56,267757;44,020746
9450000;47,79;56,24655326;43,82747589
12983749;39,22;56,30219;44,10283
7841405;32,5;56,26862407;44,03502438
7023800;34,59;56,24606868;44,04796909
10846573;45,06;56,28585154;43,92193684
9093200;50,79;56,24529975;44,05240001
7790000;37,09;56,326305;43,910941
21987991;86,09;56,31643526;44,04015241
24239209;68,3;56,311111;44,002892
8620480;49,59;56,288639;43,813403
11211584;43,7;56,30433573;44,0063724
8410000;40,2;56,301983;43,933465
11588505;67,09;56,27275;44,052807
14890000;81,09;56,34738;43,923997
10033068;54,5;56,27275;44,052807
7600571;56,54;56,30701898;43,84878948
30907000;99,69;56,31067;43,98946
36530150;89,5;56,32262756;43,98838833
16025059;85,9;56,34293;43,832222
11666892;68,09;56,27839032;44,04282151
8307900;47,2;56,248613;44,048243
15414106;76,8;56,31052757;43,93759561
6804090;41,4;56,26131336;43,93982472
15906447;67,93;56,303911;44,000426
11223825;68,8;56,27839032;44,04282151
9593000;36,2;56,259928;43,978821
9192125;37,75;56,264368;43,865569
11808500;56,5;56,29794576;43,99971638
6170560;35,2;56,3655588;43,81770045
9354800;36,4;56,2597542;43,97880318
28650700;112,3;56,313696;43,986405
12620000;75,59;56,26183;44,010568
4734442;34,84;56,218299;44,026776
15009154;68,41;56,26393551;43,86626459
12200000;63,5;56,33086108;43,88152355
9581852;40,66;56,28461981;44,08324076
13740000;76,22;56,30135631;44,08432405
15295321;71,79;56,33208495;43,86430596
12270000;63,77;56,30135631;44,08432405
26465000;67;56,31182985;43,9804979
6180480;33,29;56,206879;43,878404
9720511;54,5;56,26862407;44,03502438
9759420;59,4;56,34287;43,84371
21181374;78,09;56,3144;43,976444
10025830;51,2;56,34267441;43,83190266
7128000;37,29;56,248613;44,048243
10973249;64,69;56,27856341;44,04353498
16545500;49,59;56,313696;43,986405
17390000;74,9;56,33161;43,94897
11390000;78,69;56,21925;43,8199
5300000;29,07;56,282062;44,083669
6790000;35,5;56,21925;43,8199
11053712;42,49;56,30433573;44,0063724
17515791;73,9;56,3155383;43,97024169
46273706;108,9;56,32262756;43,98838833
14074917;83,4;56,26859879;44,02192617
14675000;82;56,34688242;43,92365884
11129410;49,22;56,20553;43,89783
8190000;32;56,326305;43,910941
9622000;56,59;56,20586328;43,81749283
10002500;51,2;56,34267441;43,83190266
24200000;46,43;56,32122862;44,00254607
23404645;72,69;56,314057;43,969599
7786611;29,79;56,3102;44,09525
6170000;23,79;56,301947;43,93416
11580000;55,29;56,34738;43,923997
5449300;38,2;56,30701898;43,84878948
7870000;29,03;56,301196;44,084741
9160184;48,4;56,213576;44,024286
18306000;61,59;56,346691;43,929648
10421665;49,9;56,30546;43,94094
13262892;73,65;56,28585154;43,92193684
8053411;35,9;56,27275;44,052807
11670343;68,69;56,27275;44,052807
16589999;39,11;56,317662;43,971453
13601280;46,2;56,31041608;44,0737578
28721156;81,9;56,311111;44,002892
16316659;70,43;56,30422;44,00771
15157670;65,3;56,310445;43,938326
10170144;42,65;56,26386;43,86687
8392416;36,59;56,27275;44,052807
35289705;112,4;56,311111;44,002892
27816000;146,39;56,302203;43,94123
11294650;56,9;56,297828;43,998842
35022870;126,19;56,3144;43,976444
16463600;49,2;56,313696;43,986405
11244240;55,2;56,29766;43,99764
11470000;62;56,34248922;43,87483452
6705881;27,65;56,206619;43,899036
9157320;55,59;56,288639;43,813403
7277000;36,84;56,30292088;43,92679077
11884500;69,5;56,2455639;44,04924046
11227887;43,11;56,28585154;43,92193684
9273868;38,4;56,267757;44,020746
5669400;33;56,29172;43,85805
19260105;79,9;56,316144;44,04004
11297140;47,2;56,31575;44,07297
5240115;34,84;56,218299;44,026776
12718124;42,81;56,30219;44,10283
9032998;55,59;56,28021069;44,0435779
5694000;21,89;56,24606868;44,04796909
22009999;89,3;56,31772789;43,9715093
7102057;52,81;56,30701898;43,84878948
10067760;42,65;56,264368;43,865569
15697800;90;56,310445;43,938326
9388620;51,59;56,213576;44,024286
4750749;34,95;56,218299;44,026776
8221500;40,5;56,34248922;43,87483452
6262200;29,39;56,2455639;44,04924046
11599999;43,7;56,303802;44,100032
15170000;84,5;56,34738;43,923997
15990000;68,4;56,28337137;44,03038537
8035374;31,6;56,2689;44,03516
9565750;55,7;56,27841;44,04228
9273868;38,4;56,26859879;44,02192617
9920300;59,9;56,248613;44,048243
8170213;41,29;56,34263292;43,82861794
34123295;109,69;56,311111;44,002892
9627618;54,59;56,27275;44,052807
9460747;54,7;56,27857;44,04323
12850000;63,81;56,31397;43,87803
12212600;53,79;56,2597542;43,97880318
7190000;34,47;56,226179;43,852308
11147551;64,69;56,27841;44,04228
7920000;37,59;56,301983;43,933465
9127801;45,79;56,25403985;43,84835189
6082642;23,39;56,26848;44,03505
6482400;29,6;56,24626431;44,04936652
17193520;74,11;56,26581118;43,97614632
7791000;38,29;56,248613;44,048243
19945315;80,19;56,316144;44,04004
6488300;29,89;56,248613;44,048243
5973000;33;56,23986577;43,83607559
8546781;32,2;56,26899033;44,03733246
10347747;45,84;56,285791;43,92192
5585000;22,1;56,30322;43,92668
21534000;58,2;56,31182985;43,9804979
10656360;53,81;56,28473917;44,08328368
10784627;37,4;56,30422;44,00771
7600571;56,54;56,30701898;43,84878948
9330000;46,72;56,226179;43,852308
15009154;68,41;56,26386;43,86687
9340910;40,79;56,284208;44,083939
8708700;37,7;56,248613;44,048243
6428500;29,89;56,24626431;44,04936652
12985778;64,19;56,25403985;43,84835189
8910000;35,2;56,34634;43,92332
7199000;34,81;56,30292088;43,92679077
10278840;57,2;56,206879;43,878404
11827200;61,59;56,35170283;43,86971319
35804262;109,69;56,311111;44,002892
33512000;94,4;56,31182985;43,9804979
11149474;33,09;56,316144;44,04004
7790000;31;56,34634;43,92332
9039300;43,5;56,29766;43,99764
5882940;32,2;56,3655588;43,81770045
12480000;64,01;56,301196;44,084741
8451300;42,9;56,34248922;43,87483452
7887949;36,61;56,285791;43,92192
11050628;59,95;56,28461981;44,08324076
12454937;51,81;56,2847511;44,08343388
15239999;69,12;56,303802;44,100032
8410000;41,09;56,34738;43,923997
14199999;54,47;56,30243714;44,10379162
8260032;37,7;56,34341392;43,82983371
10106204;58,09;56,250091;44,080568
8204428;31,15;56,26393551;43,86626459
8224895;35;56,27275;44,052807
17995800;48,2;56,31445394;43,98671873
11943360;52,79;56,264368;43,865569
11157330;57,9;56,297828;43,998842
18368513;76,3;56,3155383;43,97024169
8704000;51,2;56,20607;43,81747
15390000;60,09;56,28337137;44,03038537
8850000;43,5;56,34738;43,923997
12839238;50,86;56,30422;44,00771
9986970;75,08;56,30714;43,84627
10439999;43,97;56,29786;43,953771
9990000;54,79;56,36230958;43,85553498
7125200;37,59;56,34288029;43,84374421
7999200;39,59;56,34248922;43,87483452
16450126;62;56,3155383;43,97024169
13680000;75,63;56,30117;44,08461
12390000;70,8;56,21925;43,8199
11831353;68,09;56,27275;44,052807
9828300;55,59;56,248613;44,048243
8800000;44,09;56,34738;43,923997
6963376;28,1;56,27857;44,04323
9385400;57,29;56,248613;44,048243
6097680;32,4;56,23986577;43,83607559
31896000;88,59;56,32358424;44,01900592
12075400;71,3;56,248613;44,048243
12507067;55,9;56,26386;43,86687
11147500;49;56,259928;43,978821
5419185;38,81;56,30701898;43,84878948
5514600;27,29;56,23986577;43,83607559
12036016;66,09;56,267757;44,020746
35015200;101,19;56,31182985;43,9804979
16803155;76,5;56,310445;43,938326
17110000;88,19;56,33086108;43,88152355
8163920;31,15;56,26386;43,86687
9749860;61,79;56,326729;44,00697
8089800;41,7;56,342399;43,874837
8515695;36,84;56,30531709;43,93552226
8420000;40,9;56,301983;43,933465
15790000;65,59;56,33165908;43,94786475
7949999;35,2;56,29714;43,95264
21429999;77,87;56,317538;43,972031
8660000;40,79;56,33086108;43,88152355
19945315;80,19;56,31668;44,04003
9433500;33,09;56,22432;43,940192
5443800;21,1;56,248613;44,048243
13573500;55,11;56,303911;44,000426
13335306;71,4;56,26859879;44,02192617
15806907;77,38;56,28461981;44,08324076
44100000;126;56,322037;44,005573
25547378;70,4;56,31203;43,98025
22766551;91,3;56,31646209;44,03935848
8460000;41,79;56,34738;43,923997
10100000;72,3;56,27825381;44,0972248
10206080;59,2;56,241339;44,079145
8221200;40,29;56,34248922;43,87483452
7488000;38,4;56,24606868;44,04796909
7050330;43,4;56,26131336;43,93982472
40375000;95;56,32212221;44,00585602
7990000;38,4;56,362352;43,855645
5416527;38,2;56,30701898;43,84878948
9621557;54,59;56,28021069;44,0435779
10032300;63,9;56,24606868;44,04796909
10190000;53,4;56,326305;43,910941
14427981;60,09;56,310445;43,938326
9645000;54,84;56,302004;43,925036
57716190;126,8;56,32262756;43,98838833
11240000;60,59;56,301947;43,93416
11000000;82,88;56,27825381;44,0972248
13033009;55,29;56,3102;44,09525
9826810;55,29;56,31695711;43,89662701
10250000;57,29;56,301983;43,933465
6117645;25,67;56,206619;43,899036
12714919;71,65;56,309039;43,895814
12087319;67,09;56,310445;43,938326
7753900;38,29;56,248613;44,048243
5650000;28,53;56,27825381;44,0972248
6809999;39,27;56,203071;43,896904
8020000;40,97;56,302004;43,925036
11519820;49,22;56,31535466;44,07307159
9683000;56,86;56,302004;43,925036
7480700;32,59;56,248613;44,048243
8689860;41,4;56,24189638;44,0811615
17664960;84,59;56,31076451;43,93833547
6048000;25,43;56,30292088;43,92679077
15419999;60,66;56,317538;43,972031
8518251;40,45;56,305213;43,936778
27710000;66,41;56,321007;44,002772
12109900;55,79;56,31076451;43,93833547
6168600;34,5;56,3655588;43,81770045
9460746;54;56,27857;44,04323
6029640;32,4;56,23986577;43,83607559
6299092;23,39;56,27275;44,052807
7102057;52,81;56,30701898;43,84878948
5610000;22,2;56,301983;43,933465
17873345;74,5;56,3155383;43,97024169
7020000;31,37;56,225364;43,853181
8631000;41,09;56,30243141;43,94134696
6124800;35,2;56,3655588;43,81770045
14709999;55,29;56,31772789;43,9715093
24813600;89,69;56,31646209;44,03935848
12454819;72,9;56,26879511;44,03422363
16088448;67,87;56,30433573;44,0063724
11390000;73,69;56,219673;43,817821
9749860;61,79;56,26131336;43,93982472
10143425;37,61;56,30433573;44,0063724
10271010;60,13;56,309039;43,895814
8224895;35;56,27948;44,04396
8701251;39,47;56,305213;43,936778
13775972;68;56,3102;44,09525
11731100;73;56,31279053;43,88630085
8900030;46,4;56,343269;43,829027
9565752;56;56,27275;44,052807
6082642;23,39;56,27275;44,052807
16019999;57,34;56,31772789;43,9715093
34721400;110,9;56,313696;43,986405
11147528;65,09;56,27841;44,04228
26557453;62,5;56,32262756;43,98838833
8163920;31,15;56,26386;43,86687
11572441;67;56,27275;44,052807
5951880;19,79;56,26393551;43,86626459
9835000;56,2;56,24626431;44,04936652
5473650;27,29;56,23986577;43,83607559
18629999;74,25;56,317538;43,972031
13231324;44,41;56,31772789;43,9715093
12959999;59,9;56,29786;43,953771
7854000;46,2;56,24532346;44,05083637
7373767;27,5;56,267757;44,020746
9579878;56,4;56,27856341;44,04353498
7215250;43,4;56,326729;44,00697
16723879;86,3;56,25403985;43,84835189
8990000;53,5;56,21925;43,8199
7759999;34,45;56,29714;43,95264
10389999;53,25;56,29714;43,95264
7008570;38,7;56,34288029;43,84374421
7090000;38,4;56,36230958;43,85553498
7732800;37;56,248613;44,048243
10238400;64,8;56,20586328;43,81749283
15009154;68,41;56,264368;43,865569
11740000;64,65;56,301196;44,084741
4963749,84;33,7;56,192049;43,891147
10778000;62,36;56,302004;43,925036
8486400;40,79;56,342399;43,874837
9908427;54,5;56,26879511;44,03422363
9020422;34,99;56,264368;43,865569
19068400;50,18;56,312848;43,97616
18819999;72,19;56,30243714;44,10379162
12530000;64,11;56,30135631;44,08432405
9680160;51,59;56,213576;44,024286
6572480;36,79;56,23986577;43,83607559
24029999;89,3;56,317538;43,972031
36415579;85,69;56,32262756;43,98838833
9524911;50,09;56,27948;44,04396
9070440;52,4;56,288639;43,813403
5196000;30;56,24178286;44,08224511
7836782;36,4;56,34267441;43,83190266
6877411;36,09;56,213576;44,024286
9969999;41,77;56,29786;43,953771
5500000;28,53;56,27825381;44,0972248
15290000;65,59;56,331721;43,947855
11718000;43,79;56,346631;43,929751
13132585;71,59;56,267757;44,020746
11883000;71,4;56,248613;44,048243
11569999;50,09;56,30243714;44,10379162
37208888;104;56,31203;43,98025
16440627;80,59;56,28585154;43,92193684
7790000;37,09;56,36230958;43,85553498
9460747;54,7;56,27275;44,052807
12420623;38,95;56,31772789;43,9715093
9580000;54,84;56,302004;43,925036
5617000;21,97;56,302004;43,925036
9203980;45,7;56,27275;44,052807
9020422;34,99;56,26393551;43,86626459
8139930;35,9;56,27275;44,052807
8614751;34,09;56,267757;44,020746
14867288;79,69;56,25423;43,848433
8806380;36,29;56,264368;43,865569
8060747;37,4;56,27857;44,04323
11182550;67,09;56,26862407;44,03502438
8985600;43,2;56,30243141;43,94134696
16085387;68,05;56,30422;44,00771
17889870;83,98;56,284208;44,083939
10695033;36,63;56,30422;44,00771
11425700;61,09;56,34249;43,8757
11201540;47,7;56,31076451;43,93833547
18417400;47,09;56,313696;43,986405
12028426;58,9;56,27275;44,052807
5631000;30;56,206879;43,878404
6696930;37,9;56,23986577;43,83607559
8198800;41,2;56,34249;43,8757
12285320;54,65;56,26386;43,86687
9031900;50,09;56,248613;44,048243
9610774;54,29;56,27839032;44,04282151
9365000;55;56,30292088;43,92679077
15015000;91;56,34249;43,8757
9169187;50,29;56,213576;44,024286
9597023;55,9;56,27275;44,052807
10450000;58,79;56,301983;43,933465
11286000;69,8;56,248613;44,048243
12939999;65,31;56,29714;43,95264
9240987;49,79;56,26848;44,03505
7074840;42,79;56,26131336;43,93982472
9060000;37,75;56,26393551;43,86626459
18398947;75,3;56,31657;44,03943
10016568;42,65;56,26386;43,86687
8260032;36,7;56,34272274;43,82913634
9985672;52,56;56,30973766;43,89619555
9952580;47,61;56,31535466;44,07307159
15230000;84,5;56,34738;43,923997
7838400;38;56,248613;44,048243
12780000;63;56,34688242;43,92365884
14014341;76,5;56,28021069;44,0435779
15650000;85;56,34738;43,923997
10020000;43,18;56,30117;44,08461
18152800;79,69;56,31575;44,07297
22765050;103,94;56,284208;44,083939
7243000;34,81;56,30322;43,92668
11234000;68,5;56,24606868;44,04796909
27368783;66,59;56,32262756;43,98838833
11650000;62,9;56,301947;43,93416
11590000;67,69;56,326305;43,910941
8759817;44,75;56,34267441;43,83190266
11070540;59,75;56,28461981;44,08324076
9565752;56;56,27841;44,04228
8232990;38,9;56,27857;44,04323
5176469;21,01;56,206619;43,899036
22903158;94,59;56,31657;44,03943
9890000;54,79;56,36230958;43,85553498
6623528;27,65;56,206619;43,899036
13784082;55,38;56,2847511;44,08343388
9480515;41,59;56,26899033;44,03733246
16930640;80,23;56,31535466;44,07307159
14433158;48,29;56,31643526;44,04015241
11411172;59,75;56,28388;44,08354
5988888;20,06;56,264368;43,865569
6126250;32,5;56,23986577;43,83607559
12147837;72,9;56,26862407;44,03502438
13500000;69,69;56,34688242;43,92365884
8843645;36,65;56,264368;43,865569
14730000;81,09;56,34688242;43,92365884
8090000;38,4;56,36230958;43,85553498
9621557;54,59;56,28021069;44,0435779
8140300;41,29;56,248613;44,048243
9290000;46;56,28337137;44,03038537
13329990;52,88;56,30433573;44,0063724
5465460;27,29;56,23986577;43,83607559
19188000;53,29;56,31067;43,98946
7090000;38,4;56,362352;43,855645
29190000;97,3;56,323163;44,035586
8940690;36,29;56,264368;43,865569
10190000;61,9;56,21896442;43,8191828
7290595;27,6;56,267757;44,020746
9883530;57,9;56,2414005;44,08051777
11086040;40,45;56,22432;43,940192
15160433;79,3;56,25403985;43,84835189
13029247;65,4;56,25403985;43,84835189
7915200;40,79;56,34248922;43,87483452
18096134;52,79;56,31071876;44,00346057
17339999;70,27;56,303802;44,100032
7838400;38;56,248613;44,048243
18599658;53,5;56,311111;44,002892
13739999;62,22;56,30243714;44,10379162
17471500;64;56,346691;43,929648
8086800;37,7;56,34263292;43,82861794
15009154;68,41;56,26393551;43,86626459
7729410;29,8;56,20553;43,89783
14570000;81,09;56,34738;43,923997
5646000;22,1;56,30292088;43,92679077
9495800;60,09;56,23986577;43,83607559
11640000;55,29;56,34688242;43,92365884
18439000;68,59;56,346691;43,929648
7890000;41,09;56,30292088;43,92679077
18258500;68,9;56,30443425;43,99120957
10274944;57,4;56,27275;44,052807
43430000;96,5;56,321079;44,002594
6086140;34,59;56,3655588;43,81770045
14729999;64,01;56,303802;44,100032
11244240;55,2;56,297828;43,998842
7670784;33;56,26848;44,03505
18017200;52,79;56,313696;43,986405
20127000;72,4;56,346631;43,929751
15509999;69,01;56,30243714;44,10379162
10959999;43,93;56,30219;44,10283
28243025;88,59;56,311111;44,002892
7690000;47;56,21925;43,8199
8400000;51,59;56,248613;44,048243
9610769;54,79;56,27839032;44,04282151
16393452;70,06;56,303911;44,000426
15832597;79,8;56,25403985;43,84835189
39602474;93,19;56,32262756;43,98838833
11831388;68;56,27275;44,052807
9311396;40,66;56,28388;44,08354
31655000;80,36;56,32262756;43,98838833
6398600;29,89;56,24626431;44,04936652
8232978;39;56,27275;44,052807
20941800;100,19;56,302203;43,94123
8422700;40,29;56,342399;43,874837
13777272;56,2;56,303911;44,000426
9145118;40,79;56,28388;44,08354
11990000;78,9;56,219673;43,817821
9465720;56,79;56,27841;44,04228
13350000;71,4;56,34738;43,923997
8843645;36,65;56,26393551;43,86626459
7391862;27,5;56,267757;44,020746
7189000;36,11;56,30292088;43,92679077
8365500;42,9;56,34248922;43,87483452
12190000;64;56,362352;43,855645
10763550;60,29;56,34287;43,84371
9467700;45,29;56,248613;44,048243
7830000;37,7;56,301983;43,933465
12190000;71;56,21896442;43,8191828
16337662;69,94;56,30433573;44,0063724
20520500;53,29;56,31055055;43,98939101
12300000;63,91;56,30135631;44,08432405
8504301;37,86;56,30531709;43,93552226
20190200;46,4;56,313696;43,986405
15160433;79,3;56,25423;43,848433
9552000;59,7;56,24606868;44,04796909
21163000;82,4;56,346553;43,929761
12753071;55,9;56,264368;43,865569
12225205;54,65;56,26393551;43,86626459
10461800;57,79;56,248613;44,048243
12990000;38,09;56,331721;43,947855
6570400;38,2;56,288639;43,813403
21655500;81,09;56,346553;43,929761
8504120;49,09;56,241339;44,079145
11149474;33,09;56,31646209;44,03935848
8680000;41,29;56,301983;43,933465
13790000;38,09;56,33161;43,94897
7246053;36,9;56,213576;44,024286
9030800;42,79;56,2597542;43,97880318
11115000;57;56,297828;43,998842
8139930;35,9;56,27275;44,052807
8618550;40,7;56,27275;44,052807
6890000;35,4;56,21925;43,8199
8549480;34,29;56,267757;44,020746
11790000;67,59;56,326305;43,910941
8800000;44,09;56,34688242;43,92365884
10062060;75,08;56,30714;43,84627
13651691;57,5;56,31052757;43,93759561
16409110;80,5;56,310445;43,938326
7790000;37,09;56,362352;43,855645
11169999;54,77;56,29791554;43,95222999
24214400;65,8;56,31203;43,98025
11020423;65,4;56,27857;44,04323
11408000;62;56,34248922;43,87483452
13027815;63,09;56,30546;43,94094
11420000;58;56,34634;43,92332
6279000;29,89;56,2455639;44,04924046
11774750;65,23;56,309039;43,895814
10274962;57,5;56,27857;44,04323
32785000;79;56,312848;43,97616
14429520;59,9;56,31052757;43,93759561
6241809;23,39;56,26879511;44,03422363
7090200;36,4;56,248613;44,048243
9900000;72,44;56,27825381;44,0972248
40105600;120,8;56,31182985;43,9804979
9330000;44,59;56,34634;43,92332
35900640;93,19;56,322604;43,98837
9579862;55,9;56,27856341;44,04353498
12447189;65,4;56,26859879;44,02192617
16298748;39,83;56,31772789;43,9715093
7602025;30,79;56,27948;44,04396
6654050;37,7;56,31279053;43,88630085
9614268;54;56,27841;44,04228
8065112;34,2;56,27275;44,052807
9666400;57,29;56,248613;44,048243
16114498;61,2;56,314057;43,969599
6338800;29,89;56,2455639;44,04924046
9505000;55;56,302004;43,925036
17359999;60,66;56,31772789;43,9715093
5979600;19,79;56,264368;43,865569
13390000;74,97;56,30117;44,08461
14020308;76,5;56,27948;44,04396
6443536;34,09;56,213576;44,024286
16629999;39,83;56,317662;43,971453
11195098;67,09;56,27275;44,052807
8694116;35,72;56,20553;43,89783
8890000;53,5;56,21896442;43,8191828
8090000;39,29;56,301983;43,933465
6409000;29;56,248613;44,048243
7007000;38,5;56,34287;43,84371
12319999;54,11;56,297006;43,953365
19017280;61,56;56,31575;44,07297
11718000;62;56,342399;43,874837
22640000;48,54;56,32122862;44,00254607
6380000;29;56,24626431;44,04936652
16165414;68,05;56,30422;44,00771
16558901;83,8;56,3102;44,09525
21125000;84,5;56,22432;43,940192
7797698,66;36,11;56,30947;43,89597
7221000;34,81;56,302004;43,925036
9565719;55,9;56,27841;44,04228
7950000;28,98;56,30117;44,08461
10973249;64,69;56,27856341;44,04353498
7385400;37,29;56,248613;44,048243
11301910;76,69;56,326729;44,00697
15509999;55,29;56,317662;43,971453
8065112;34,2;56,27948;44,04396
9007812;46,4;56,25403985;43,84835189
12507000;77,22;56,302004;43,925036
6541200;36;56,288639;43,813403
9169187;50,29;56,213576;44,024286
43044320;101,3;56,32262756;43,98838833
10990000;69,9;56,219673;43,817821
19762498;67,29;56,31772789;43,9715093
11700000;55,29;56,34634;43,92332
8019900;39,9;56,342399;43,874837
9040610;52,9;56,31279053;43,88630085
9812400;48,09;56,31535466;44,07307159
8725243;39,09;56,27948;44,04396
9168467;38,4;56,264368;43,865569
30707000;172,19;56,34688242;43,92365884
11354400;69,8;56,248613;44,048243
8148280;34,79;56,27275;44,052807
11330000;42,74;56,2375;43,95912
13290000;71,4;56,34634;43,92332
12499200;67,19;56,34248922;43,87483452
14764000;82,5;56,34688242;43,92365884
19740600;99,69;56,30986147;44,07436398
14944354;72,5;56,31052757;43,93759561
8095762;37,5;56,27275;44,052807
16309999;60,66;56,31772789;43,9715093
8992480;43,4;56,29794576;43,99971638
7222916;57,13;56,30701898;43,84878948
7390000;32;56,362352;43,855645
8854000;46,25;56,34293;43,832222
14892000;40,79;56,31182985;43,9804979
11426400;62,09;56,34249;43,8757
11455800;62,59;56,34248922;43,87483452
11690000;44;56,28337137;44,03038537
33352659;115,9;56,3132544;43,96930895
11490500;48,79;56,259928;43,978821
8605600;49,59;56,288639;43,813403
14290000;57,79;56,28337137;44,03038537
23199000;62,7;56,31182985;43,9804979
11049790;67,69;56,27856341;44,04353498
9610758;54;56,27839032;44,04282151
10646720;47,52;56,31535466;44,07307159
8627777;34,09;56,267757;44,020746
10600000;60,79;56,301983;43,933465
13020000;72,3;56,34738;43,923997
34945237;112,4;56,311111;44,002892
12488700;65,73;56,28461;44,08362
9607520;59,59;56,34287;43,84371
6241809;23,39;56,26879511;44,03422363
7160400;35,09;56,24606868;44,04796909
6501600;37,79;56,31279053;43,88630085
23418750;62,45;56,323163;44,035586
19746500;54,09;56,31067;43,98946
9971200;60,79;56,34248922;43,87483452
6949421;52,81;56,30701898;43,84878948
5780000;24,2;56,301983;43,933465
7717645;37,02;56,206619;43,899036
13400000;66,37;56,225364;43,853181
8142225;34,79;56,28021069;44,0435779
18681100;54,59;56,313696;43,986405
24325979;70;56,311111;44,002892
8247615;40,38;56,30973766;43,89619555
10647810;57,9;56,241339;44,079145
6338800;29,89;56,2455639;44,04924046
7806334;30,7;56,27275;44,052807
15599999;64,01;56,30219;44,10283
7377600;34,79;56,2455639;44,04924046
11334480;45,66;56,284208;44,083939
55430000;123,16;56,32122862;44,00254607
10518749;39,54;56,30219;44,10283
9103290;57,7;56,326729;44,00697
14851811;68,41;56,26393551;43,86626459
12718123;42,81;56,30243714;44,10379162
7589254;30,7;56,26848;44,03505
17620537;91;56,31076451;43,93833547
8011710;47,09;56,3655588;43,81770045
11496000;60;56,297828;43,998842
5990000;25;56,36230958;43,85553498
27118000;96,84;56,323163;44,035586
10129999;53,36;56,29714;43,95264
20520500;53,29;56,31067;43,98946
5600000;28;56,20607;43,81747
11513280;42,95;56,26581118;43,97614632
8704000;51,2;56,20607;43,81747
6756720;37,59;56,288639;43,813403
13230000;71,4;56,34688242;43,92365884
7583000;39,49;56,30292088;43,92679077
15946398;76,5;56,31052757;43,93759561
5392000;38,2;56,30701898;43,84878948
7933338;31,6;56,26848;44,03505
12750000;73,9;56,26183;44,010568
16393452;68,66;56,30422;44,00771
8446860;50,09;56,24178286;44,08224511
5629000;22,1;56,302004;43,925036
33592009;117,09;56,314057;43,969599
14969128;67;56,31076451;43,93833547
21229999;86,33;56,30219;44,10283
13512180;64,9;56,28376;43,93786
7690000;47;56,219673;43,817821
9508200;61,09;56,248613;44,048243
23300000;166,1;56,279563;43,955856
18398947;75,3;56,31643526;44,04015241
5670587;23,98;56,206619;43,899036
7147072;56,54;56,30701898;43,84878948
30336000;79;56,312315;43,975068
12990000;67,69;56,326305;43,910941
5570400;21,1;56,24606868;44,04796909
6130000;23,79;56,301947;43,93416
6423371;31,7;56,213576;44,024286
37128032;97,9;56,31203;43,98025
9790000;54,79;56,36230958;43,85553498
9460764;54,5;56,27275;44,052807
14980000;81,8;56,34634;43,92332
8232990;38,9;56,27275;44,052807
6379999;32,5;56,203071;43,896904
23199000;62,7;56,31182985;43,9804979
9813600;58;56,2414005;44,08051777
13620000;75,63;56,30117;44,08461
10169640;68,9;56,206879;43,878404
10535000;60,2;56,2460166;44,05111255
5550000;22,2;56,301983;43,933465
8480006;42,79;56,34272274;43,82913634
10126900;59,5;56,34288029;43,84374421
8993000;52,9;56,31279053;43,88630085
10032178;26,7;56,31052757;43,93759561
9614273;54,09;56,27275;44,052807
10790000;74,09;56,21925;43,8199
13581176;62,22;56,30219;44,10283
17472000;70,59;56,31646209;44,03935848
26936000;72,8;56,31182985;43,9804979
12229880;75,4;56,34287;43,84371
10426590;47,61;56,31535466;44,07307159
10388932;58,2;56,27275;44,052807
8273514;38,4;56,264368;43,865569
8515695;38,7;56,305213;43,936778
6351000;36,5;56,31279053;43,88630085
8112000;41,59;56,342399;43,874837
16669999;60,66;56,317538;43,972031
9203150;57,7;56,29172;43,85805
17536160;70,63;56,31575;44,07297
5362898;38,2;56,30701898;43,84878948
22457263;94,4;56,31668;44,04003
14654000;43,09;56,3044;43,99143
11109000;69;56,24606868;44,04796909
9156000;55,79;56,248613;44,048243
19068400;50,18;56,312315;43,975068
13849999;68,66;56,203071;43,896904
9071820;60,59;56,241339;44,079145
8400000;35,2;56,26185201;44,01021655
7654400;36,79;56,2455639;44,04924046
9312160;57,2;56,3655588;43,81770045
9059999;33,68;56,297006;43,953365
11039999;53,43;56,29791554;43,95222999
16352492;69,18;56,30422;44,00771
10642500;49,5;56,259928;43,978821
9279342;35;56,3102;44,09525
10625600;66,41;56,35337169;43,82571338
9720000;43,2;56,259928;43,978821
15601465;63,81;56,303911;44,000426
12682000;77,22;56,302004;43,925036
21005623;77,87;56,31772789;43,9715093
12332412;65,4;56,267757;44,020746
10454000;61,86;56,30292088;43,92679077
6990000;35;56,21925;43,8199
17798142;86,55;56,338475;43,866509
11963315;61;56,25403985;43,84835189
10110000;62,5;56,301983;43,933465
13028000;65,45;56,305213;43,936778
6963376;28;56,27275;44,052807
10628549;37,72;56,30422;44,00771
14933100;76,58;56,284208;44,083939
29990000;133,89;56,33161;43,94897
11468000;48,79;56,2597542;43,97880318
7517645;34,61;56,206619;43,899036
12044832;72,8;56,26848;44,03505
14899828;54,27;56,2847511;44,08343388
14929999;39,81;56,317538;43,972031
6036048;20,07;56,26393551;43,86626459
10279999;50,65;56,203071;43,896904
12439700;72,8;56,26879511;44,03422363
7390000;28,79;56,36230958;43,85553498
7613190;30;56,27275;44,052807
8036237;35,59;56,27856341;44,04353498
8655800;38,29;56,206879;43,878404
13390755;73;56,267757;44,020746
12044829;72,9;56,27275;44,052807
11724340;45,61;56,2847511;44,08343388
10125555;54,5;56,27275;44,052807
5416527;38,2;56,30701898;43,84878948
24361700;85,59;56,31445394;43,98671873
24121960;62,16;56,312315;43,975068
12990000;71,4;56,34688242;43,92365884
19569999;75,48;56,31772789;43,9715093
15850000;95,09;56,26167;44,01066
12729410;49,29;56,20553;43,89783
8079907;31,5;56,27275;44,052807
7644600;42,59;56,248613;44,048243
10450000;44,09;56,301196;44,084741
9438000;58,5;56,248613;44,048243
9969999;41,77;56,297006;43,953365
8110000;37,5;56,301983;43,933465
7672747;29,29;56,3102;44,09525
8290000;56;56,21896442;43,8191828
5356075;38,93;56,30701898;43,84878948
19193701;66,09;56,316144;44,04004
62465000;158,57;56,32262756;43,98838833
7838400;38;56,248613;44,048243
5528427;34,84;56,218299;44,026776
10625000;62,5;56,34249;43,8757
8526000;42;56,34248922;43,87483452
10500000;72,02;56,282062;44,083669
62465000;96,09;56,322604;43,98837
20127000;68,4;56,346691;43,929648
8236800;41,59;56,34248922;43,87483452
13421380;51,81;56,284208;44,083939
6501600;37,79;56,288639;43,813403
6590000;30,39;56,21925;43,8199
10190000;35,5;56,28337137;44,03038537
8363600;41,2;56,342399;43,874837
14026664;83,5;56,26859879;44,02192617
9590000;54,79;56,362352;43,855645
9101500;54,5;56,24606868;44,04796909
6016560;34,4;56,24104802;44,08181596
11490000;37,79;56,33161;43,94897
14594870;80,59;56,285791;43,92192
11327690;58,29;56,297828;43,998842
10604072;40,95;56,30433573;44,0063724
9089999;32,88;56,297006;43,953365
6443536;34,09;56,213576;44,024286
12225205;54,65;56,26386;43,86687
11594000;62;56,34248922;43,87483452
23790000;46,65;56,321007;44,002772
13862935;62;56,31052757;43,93759561
7690000;32;56,36230958;43,85553498
9443572;54,7;56,27856341;44,04353498
9565751;55,4;56,27841;44,04228
22990000;91,5;56,33165908;43,94786475
9748810;40,79;56,284208;44,083939
11466988;67,59;56,27275;44,052807
15649314;80,5;56,31076451;43,93833547
11172000;57;56,29794576;43,99971638
7621000;39,36;56,30322;43,92668
18224000;54,4;56,31055055;43,98939101
7608200;36,2;56,248613;44,048243
9890000;54,79;56,36230958;43,85553498
8476920;50,09;56,206879;43,878404
9380800;57,2;56,24606868;44,04796909
11434500;60,5;56,34249;43,8757
15060000;81,8;56,34738;43,923997
8532130;52,7;56,206879;43,878404
23768123;78,22;56,303802;44,100032
8119200;40,79;56,34248922;43,87483452
9032182;44,4;56,25403985;43,84835189
8710000;41,09;56,34738;43,923997
11354400;66,4;56,353144;43,825892
8388797,95;33,65;56,30902;43,89671
8307900;45,9;56,24606868;44,04796909
10390000;54,79;56,362352;43,855645
15525000;40,5;56,31203;43,98025
10900000;72,02;56,27825381;44,0972248
9090488;48,4;56,213576;44,024286
11731631;65,19;56,27275;44,052807
6487200;36;56,31279053;43,88630085
15868984;43,4;56,3132544;43,96930895
7480700;32,59;56,248613;44,048243
6548490;37,7;56,31279053;43,88630085
10123593;54,5;56,26848;44,03505
9755978;35,09;56,3102;44,09525
21655500;81,09;56,346691;43,929648
9614275;54,4;56,27275;44,052807
15360000;92,09;56,26185201;44,01021655
9942544;54,5;56,26848;44,03505
14943426;52,29;56,314057;43,969599
8120000;40,59;56,342399;43,874837
8891290;36,65;56,264368;43,865569
9229174;39,4;56,26879;44,03741
11195098;67,09;56,26848;44,03505
7192000;31;56,2455639;44,04924046
10423200;68,8;56,29172;43,85805
11047140;47,2;56,31535466;44,07307159
17605500;60,5;56,22432;43,940192
11990000;45,9;56,28337137;44,03038537
11400960;53,36;56,31575;44,07297
7820747;31,6;56,26862407;44,03502438
18280000;90,69;56,33086108;43,88152355
13479999;42,88;56,317538;43,972031
6294459;23,39;56,26879511;44,03422363
10855000;62,09;56,301947;43,93416
9787529;60,13;56,309039;43,895814
14484873;65,59;56,3102;44,09525
9620175;39,25;56,28461981;44,08324076
6590000;35,7;56,219673;43,817821
9644001;47,97;56,34293;43,832222
7690000;47,29;56,21896442;43,8191828
15009154;68,41;56,264368;43,865569
9038700;49,79;56,24104802;44,08181596
18069999;74,25;56,31772789;43,9715093
8854570;44,2;56,25423;43,848433
8035374;31,6;56,27275;44,052807
5590000;30,2;56,21925;43,8199
16282284;67,87;56,30422;44,00771
6690000;32;56,219673;43,817821
6082910;34,7;56,3655588;43,81770045
9790000;46;56,28337137;44,03038537
12637800;63,7;56,31052757;43,93759561
7776210;47,09;56,29172;43,85805
24090000;66;56,31182985;43,9804979
7020000;31,37;56,226179;43,852308
37056600;107,09;56,31182985;43,9804979
8826300;47,9;56,248613;44,048243
11466988;67,59;56,27857;44,04323
9889200;60,29;56,34248922;43,87483452
19109999;74,55;56,317538;43,972031
14186445;76,58;56,28388;44,08354
5570400;21,1;56,248613;44,048243
6343339;26,39;56,26848;44,03505
9680160;51,59;56,213576;44,024286
23370000;89,87;56,2375;43,95912
6963495;53,34;56,30701898;43,84878948
10414776;58,29;56,31076451;43,93833547
9128891;34,99;56,26393551;43,86626459
29990000;133,89;56,33161;43,94897
8310000;40,29;56,301983;43,933465
24893558;90,9;56,31668;44,04003
6189159;23,39;56,26879511;44,03422363
8010000;28,98;56,301196;44,084741
18786027;77,9;56,3132544;43,96930895
10775600;68,19;56,206879;43,878404
7730000;38,16;56,226179;43,852308
6929999;35,7;56,203071;43,896904
12510000;63,72;56,30135631;44,08432405
9090000;62,29;56,219673;43,817821
9823167;53,2;56,28021069;44,0435779
9666400;56,2;56,2455639;44,04924046
17390000;74,59;56,331721;43,947855
24259268;84,3;56,314057;43,969599
9912439;41,59;56,3102;44,09525
20159999;67,29;56,317538;43,972031
9571226;46,66;56,34267441;43,83190266
9072360;52,2;56,23986577;43,83607559
14690000;62,59;56,331721;43,947855
15986534;40,09;56,31203;43,98025
9448400;59,79;56,24606868;44,04796909
35900640;93,19;56,322604;43,98837
9168467;38,4;56,264368;43,865569
10890000;70,69;56,21925;43,8199
10788234;45,86;56,20553;43,89783
6560739;49,63;56,218299;44,026776
10151632;60,13;56,30925114;43,8959115
7147072;56,54;56,30701898;43,84878948
21168000;58,79;56,31182985;43,9804979
10617750;67,5;56,3655588;43,81770045
11470861;66,09;56,267757;44,020746
13110300;56,09;56,31575;44,07297
9632700;45,86;56,32791928;43,9515188
17334746;71,59;56,31646209;44,03935848
9168467;38,4;56,26393551;43,86626459
6754060;39,79;56,24104802;44,08181596
7904787;33;56,2689;44,03516
9443568;54,4;56,27856341;44,04353498
11490000;67,69;56,362352;43,855645
11666908;68,69;56,27839032;44,04282151
15538000;68;56,2597542;43,97880318
8136447;35,9;56,27839032;44,04282151
14284428;83,5;56,267757;44,020746
10200000;72,02;56,282062;44,083669
34075266;93,9;56,31203;43,98025
25686600;55,24;56,312848;43,97616
12465665;54,65;56,264368;43,865569
11569999;54,72;56,297006;43,953365
8250000;38,79;56,301947;43,93416
8230000;39,9;56,301947;43,93416
15190000;90,8;56,26167;44,01066
27800000;99,09;56,31270023;43,98472395
12813600;84,3;56,24532346;44,05083637
12589999;53,43;56,297006;43,953365
7847057;29,8;56,20553;43,89783
9811035;54,5;56,26862407;44,03502438
12001920;65,8;56,28473917;44,08328368
7816635;30,2;56,27275;44,052807
13080000;73,9;56,26185201;44,01021655
16049704;88,19;56,25397;43,84863
8467800;38,49;56,32791928;43,9515188
11642400;64,76;56,305213;43,936778
9568112;53,9;56,28021069;44,0435779
6817740;39,79;56,24104802;44,08181596
9667000;54,84;56,30322;43,92668
10094116;48,11;56,206619;43,899036
8684960;52,7;56,241339;44,079145
9557868;51,59;56,213576;44,024286
10710000;59,5;56,342399;43,874837
10300000;40,9;56,34738;43,923997
26540000;73,72;56,32122862;44,00254607
9620460;58,2;56,23986577;43,83607559
15837843;76,5;56,31076451;43,93833547
14992000;93,69;56,24606868;44,04796909
9460746;54;56,27275;44,052807
8617203;28,97;56,2847511;44,08343388
36400000;104;56,31182985;43,9804979
9533160;58,2;56,23986577;43,83607559
11033759;63,29;56,241444;44,078166
9508200;61,2;56,248613;44,048243
9159800;55,5;56,248613;44,048243
15055799;61,18;56,28447;44,0845
11943360;52,79;56,26393551;43,86626459
11703830;48,97;56,31535466;44,07307159
12432000;67,19;56,34249;43,8757
14675700;55,13;56,284208;44,083939
7850000;40,25;56,31397;43,87803
9430707;39;56,26859879;44,02192617
17472000;70,59;56,31668;44,04003
9612000;54,84;56,30322;43,92668
6254636;32,59;56,213576;44,024286
42131250;113,94;56,323163;44,035586
11408000;62;56,34249;43,8757
11670365;68,09;56,27275;44,052807
8147280;40,9;56,2414005;44,08051777
5458822;22,47;56,206619;43,899036
9620175;39,25;56,28447;44,0845
10726538;58,09;56,2689;44,03516
8307900;47,2;56,248613;44,048243
41760000;139,19;56,31041608;44,0737578
11250079;67,9;56,27841;44,04228
12540000;65,87;56,33260146;43,88200635
13745079;55,84;56,303911;44,000426
14785455;53,7;56,314057;43,969599
11286000;57;56,29794576;43,99971638
9280000;44,59;56,34688242;43,92365884
21681000;81,19;56,346691;43,929648
9986970;75,08;56,30714;43,84627
5449300;38,2;56,30701898;43,84878948
7859561;30,1;56,27275;44,052807
9122375;38,4;56,26393551;43,86626459
16790000;78,09;56,331721;43,947855
35980000;102,8;56,31182985;43,9804979
8249998;34,22;56,20553;43,89783
7807800;46,2;56,24532346;44,05083637
33412121;99,59;56,311111;44,002892
12861340;60,5;56,3102;44,09525
11411172;59,75;56,28388;44,08354
12690000;73,9;56,26183;44,010568
9023280;52,4;56,31279053;43,88630085
15990000;61,79;56,33161;43,94897
13590612;84;56,26859879;44,02192617
7222916;57,13;56,30701898;43,84878948
9129519;36,54;56,28461981;44,08324076
7890000;26,6;56,28337137;44,03038537
9168467;38,4;56,26386;43,86687
10549000;38,36;56,26581118;43,97614632
7289167;54,2;56,30701898;43,84878948
5309800;38,2;56,30701898;43,84878948
7102057;52,81;56,30701898;43,84878948
50911500;165,8;56,3138159;43,98840316
17100000;60,4;56,31270023;43,98472395
11970000;63,77;56,30117;44,08461
5587615,13;37,5;56,192049;43,891147
8432000;49,59;56,20586328;43,81749283
12991579;45,2;56,31668;44,04003
8966400;47,9;56,248613;44,048243
10869999;49,29;56,203071;43,896904
11434500;60,5;56,34248922;43,87483452
16330990;59,7;56,316144;44,04004
11760000;66;56,33260146;43,88200635
6563700;33;56,241339;44,079145
8120208;31,7;56,26879511;44,03422363
11246589;68,19;56,27839032;44,04282151
15438500;40,09;56,31182985;43,9804979
35289705;112,4;56,31071876;44,00346057
10400000;72,02;56,282062;44,083669
12218748;60,58;56,29791554;43,95222999
6311500;32,5;56,206879;43,878404
8400000;50;56,24606868;44,04796909
7600590;30;56,26862407;44,03502438
8460000;41,79;56,34634;43,92332
15871932;66,62;56,30433573;44,0063724
19984000;62,45;56,323163;44,035586
11270000;60,59;56,301947;43,93416
8433100;49,9;56,24606868;44,04796909
11831388;68;56,27275;44,052807
12990000;46,09;56,331721;43,947855
11171490;69,8;56,26879511;44,03422363
9071820;60,59;56,24104802;44,08181596
10945000;62,09;56,301947;43,93416
11770000;63,93;56,30135631;44,08432405
16527000;78,69;56,2597542;43,97880318
10500000;72,02;56,27825381;44,0972248
11301777;42;56,31052757;43,93759561
6186889;31,7;56,213576;44,024286
11809954;66,09;56,267757;44,020746
9890000;46,29;56,28337137;44,03038537
8059800;39,9;56,34249;43,8757
6170760;36,59;56,213576;44,024286
17009999;70,12;56,303802;44,100032
7980000;28,98;56,30117;44,08461
14047137;55,38;56,28447;44,0845
7690000;31;56,34688242;43,92365884
10944000;60,79;56,342399;43,874837
27800000;98,23;56,312251;43,982531
7015770;41,09;56,31279053;43,88630085
24017000;65,8;56,31182985;43,9804979
33150000;72,76;56,32122862;44,00254607
11176096;69,8;56,2689;44,03516
14755000;45,4;56,320026;43,977679
7869200;41,2;56,342399;43,874837
5419185;38,81;56,30701898;43,84878948
22172428;89,8;56,31668;44,04003
9407220;49,79;56,206879;43,878404
16690000;74,9;56,331721;43,947855
16790000;70,5;56,331721;43,947855
10059800;57,29;56,248613;44,048243
9496555;46,25;56,34267441;43,83190266
8898760;43,59;56,29794576;43,99971638
11718000;43,4;56,346553;43,929761
7378000;43,4;56,210993;43,830581
14719999;67,09;56,30243714;44,10379162
8036240;35,79;56,27856341;44,04353498
4671701;33,34;56,218299;44,026776
33832500;104,09;56,31055055;43,98939101
12629999;60,97;56,29714;43,95264
10854000;60,29;56,34288029;43,84374421
13990000;37,2;56,331721;43,947855
15650000;85;56,34634;43,92332
7722216;33,9;56,27275;44,052807
11466988;67,59;56,27857;44,04323
7600609;29,89;56,26862407;44,03502438
23418750;63,79;56,323163;44,035586
6423200;29,6;56,24626431;44,04936652
5176469;20,75;56,206619;43,899036
19443748;57,11;56,30243714;44,10379162
9572000;48,75;56,24655326;43,82747589
51328000;80,19;56,323563;44,01929
11726400;71,19;56,248613;44,048243
24695500;79,09;56,31445394;43,98671873
36690000;77,38;56,321079;44,002594
13372560;56,02;56,31575;44,07297
18921500;53,29;56,31067;43,98946
6254636;32,59;56,213576;44,024286
6038160;36,2;56,29172;43,85805
16645800;49;56,31445394;43,98671873
11566902;61,09;56,27275;44,052807
8843645;36,65;56,26386;43,86687
16849999;70,55;56,303802;44,100032
7135500;36,79;56,248613;44,048243
7063840;39,2;56,34287;43,84371
11740000;64,69;56,34688242;43,92365884
12729733;50,79;56,30433573;44,0063724
6018993;20,06;56,26386;43,86687
12869999;54,95;56,303802;44,100032
8105855;39,95;56,30925114;43,8959115
13490000;38,09;56,331721;43,947855
10595200;60,2;56,2460166;44,05111255
16269906;70,36;56,30433573;44,0063724
11666908;68,69;56,27839032;44,04282151
15430000;81,69;56,34634;43,92332
6409000;29;56,248613;44,048243
41490774;120,8;56,31203;43,98025
6982261;29,15;56,309039;43,895814
6561960;36,7;56,31279053;43,88630085
23200000;72,5;56,31055055;43,98939101
11890000;60,29;56,28337137;44,03038537
11961600;62,29;56,35168;43,87031
13265670;66;56,30546;43,94094
8627777;34,09;56,26859879;44,02192617
9443574;54;56,27856341;44,04353498
10541749;45,29;56,3102;44,09525
8458778;45,29;56,34263292;43,82861794
16465110;70,58;56,31575;44,07297
16524000;92,4;56,34688242;43,92365884
11253000;60,5;56,34248922;43,87483452
8085000;46,2;56,248613;44,048243
11990000;46,09;56,33165908;43,94786475
13230000;71,4;56,34634;43,92332
11375000;62,5;56,34248922;43,87483452
11125000;62,5;56,342399;43,874837
8799982;36,61;56,28585154;43,92193684
11455777;64,19;56,30531709;43,93552226
13903844;55,75;56,303911;44,000426
16307100;69,9;56,31575;44,07297
8759182;34,7;56,26899033;44,03733246
9090000;62,29;56,21925;43,8199
43952000;131,19;56,31055055;43,98939101
10710000;60,79;56,301983;43,933465
20558000;115,09;56,34634;43,92332
12813600;84,3;56,24532346;44,05083637
16233563;72,15;56,303911;44,000426
10213027;54,5;56,2689;44,03516
7789224;34,06;56,309039;43,895814
7912970;32,5;56,2689;44,03516
15038900;84,19;56,31076451;43,93833547
11532000;62;56,342399;43,874837
19355920;61,84;56,22432;43,940192
6856960;35,2;56,2414005;44,08051777
11990000;36,09;56,33165908;43,94786475
8342100;40,29;56,34249;43,8757
11831353;68,09;56,27857;44,04323
7672848;29,89;56,26862407;44,03502438
16390000;63,59;56,28337137;44,03038537
24421680;63,4;56,322604;43,98837
7592850;35,9;56,241339;44,079145
12377850;53,7;56,2597542;43,97880318
8051000;41,5;56,34248922;43,87483452
6416700;29,29;56,248613;44,048243
5449300;38,2;56,30701898;43,84878948
11560853;61,09;56,28021069;44,0435779
8759182;34,7;56,26899033;44,03733246
26899999;75,48;56,317538;43,972031
6027300;36,2;56,29202546;43,85822885
9194972;56,29;56,30973766;43,89619555
12685890;65,73;56,28473917;44,08328368
29990000;133,89;56,33165908;43,94786475
22009999;71,3;56,317662;43,971453
9614276;54,79;56,27275;44,052807
9160000;43,29;56,34738;43,923997
12430000;73,9;56,26167;44,01066
13890000;60,2;56,28337137;44,03038537
8090000;54,2;56,219673;43,817821
8115668;38,9;56,27275;44,052807
16096873;39,81;56,31772789;43,9715093
10123593;54,5;56,27275;44,052807
8060737;37,5;56,27857;44,04323
19990000;95,4;56,33165908;43,94786475
15879999;64,05;56,30219;44,10283
8644999;68,38;56,30701898;43,84878948
9749860;61,79;56,326729;44,00697
10062060;75,08;56,30714;43,84627
11790000;65;56,326305;43,910941
16962566;64;56,3132544;43,96930895
8060000;40,29;56,34249;43,8757
18282000;69,25;56,31535466;44,07307159
24185000;69,09;56,31182985;43,9804979
11390000;73,9;56,21896442;43,8191828
7303650;27,6;56,267757;44,020746
23903644;63,2;56,31203;43,98025
11172000;57;56,29794576;43,99971638
17303000;60,5;56,26581118;43,97614632
6180960;32,59;56,206879;43,878404
13340000;64,9;56,33084;43,88186
6608524;30,44;56,30973766;43,89619555
7784269;31,89;56,27948;44,04396
14500000;76,08;56,31397;43,87803
10300000;72,02;56,27825381;44,0972248
10189274;37,77;56,30433573;44,0063724
26700000;103,3;56,312251;43,982531
15450000;71,79;56,33208495;43,86430596
11628560;42,43;56,26581118;43,97614632
23989213;68,19;56,311111;44,002892
24700000;53,31;56,32122862;44,00254607
23200000;82,4;56,31270023;43,98472395
12839238;50,86;56,30422;44,00771
10189274;37,77;56,30433573;44,0063724
13028400;65,8;56,284208;44,083939
5449300;38,2;56,30701898;43,84878948
14681838;74;56,25403985;43,84835189
15497199;54;56,3155383;43,97024169
24923053;90,9;56,31668;44,04003
7290000;47,4;56,21896442;43,8191828
17280000;90,8;56,237502;43,959121
16806300;63,41;56,26581118;43,97614632
9779000;38,5;56,2597542;43,97880318
12160376;72,9;56,26848;44,03505
4750749;34,95;56,218299;44,026776
8152655;35;56,27948;44,04396
8779200;48,4;56,248613;44,048243
12364800;67,19;56,34248922;43,87483452
14051487;62;56,31052757;43,93759561
8480006;42,79;56,343269;43,829027
10973249;64,69;56,27856341;44,04353498
13634020;55,93;56,31575;44,07297
16139999;39,81;56,317662;43,971453
15464250;59,25;56,22432;43,940192
12834900;65,81;56,284208;44,083939
8048100;41,7;56,34249;43,8757
9274885;40,2;56,3102;44,09525
5860000;23,6;56,301983;43,933465
30819999;119,55;56,317538;43,972031
18569200;71,25;56,284208;44,083939
9833080;58,59;56,31279053;43,88630085
16175600;76,3;56,2597542;43,97880318
8204428;31,15;56,264368;43,865569
12974420;65,81;56,284208;44,083939
10675808;40,2;56,310445;43,938326
5950000;35;56,20586328;43,81749283
7345000;34,65;56,30292088;43,92679077
5896800;36,4;56,29202546;43,85822885
8983417;41,7;56,30531709;43,93552226
8806380;36,29;56,26386;43,86687
10283700;58,09;56,24189638;44,0811615
16930970;97,08;56,33208495;43,86430596
20209999;84,9;56,30219;44,10283
8150000;38,2;56,301983;43,933465
10110000;43,18;56,30117;44,08461
13690000;74,97;56,301196;44,084741
9350000;44;56,26183;44,010568
11739000;60,2;56,35170283;43,86971319
8891290;36,65;56,26393551;43,86626459
12162500;71;56,248613;44,048243
21482500;66,09;56,320253;43,977752
77008516;193,3;56,3132544;43,96930895
5922180;19,79;56,26393551;43,86626459
8660000;41,09;56,34634;43,92332
7806334;30,7;56,2689;44,03516
6539940;36,7;56,288639;43,813403
23200000;72,5;56,31067;43,98946
12070457;63,9;56,25397;43,84863
15368000;68;56,2597542;43,97880318
50270000;91,4;56,323563;44,01929
8974935;34,99;56,26386;43,86687
14990000;78,9;56,326305;43,910941
8291676;31,15;56,26393551;43,86626459
8232978;39;56,27275;44,052807
7878978;29,89;56,27275;44,052807
8938935;36,65;56,26386;43,86687
36140455;109,69;56,31071876;44,00346057
6397200;36;56,31279053;43,88630085
10248535;53,34;56,30973766;43,89619555
8365500;42,9;56,34249;43,8757
9320625;45,2;56,25403985;43,84835189
7813796;29,89;56,27275;44,052807
5449300;38,2;56,30701898;43,84878948
12071540;75,4;56,34287;43,84371
5835314;28,21;56,309039;43,895814
7900000;28,76;56,301196;44,084741
11588250;66,06;56,305213;43,936778
12000000;63,97;56,30135631;44,08432405
11828500;38,29;56,346553;43,929761
9751500;59,09;56,20607;43,81747
13265670;66;56,30512043;43,93979741
11739000;61,59;56,35168;43,87031
7643000;39,36;56,30322;43,92668
20741400;65,09;56,31575;44,07297
15070000;84,9;56,26183;44,010568
6869050;39,5;56,31279053;43,88630085
18103779;50,66;56,3130104;43,97606829
9610758;54;56,27839032;44,04282151
7668323;40,09;56,213576;44,024286
14991550;61,18;56,2847511;44,08343388
19587618;94,19;56,31052757;43,93759561
8758740;52,7;56,24178286;44,08224511
8460000;41,09;56,34688242;43,92365884
17375700;51,29;56,313696;43,986405
10952000;59,2;56,34249;43,8757
11987631;66,09;56,26859879;44,02192617
8806380;36,29;56,264368;43,865569
4522950;20,7;56,24104802;44,08181596
12109900;65,09;56,31076451;43,93833547
4326000;20,6;56,24178286;44,08224511
7022122;28,26;56,33208495;43,86430596
39000000;308,39;56,279978;43,955476
11390000;65;56,36230958;43,85553498
8010000;37,5;56,301983;43,933465
9576469;45,61;56,206619;43,899036
6983900;38,5;56,34288029;43,84374421
20880000;58;56,31182985;43,9804979
34082100;126,8;56,3144;43,976444
6479200;36,4;56,288639;43,813403
9177591;38,5;56,267757;44,020746
7754678;36,95;56,34293;43,832222
5778500;32,5;56,24104802;44,08181596
19746240;60,95;56,31575;44,07297
9610793;54,4;56,27839032;44,04282151
38914300;125,52;56,314297;43,976513
9106367;40,79;56,28461981;44,08324076
10130000;46,31;56,30117;44,08461
9067617;40,79;56,28473917;44,08328368
7575000;37,5;56,2455639;44,04924046
8173200;41,7;56,342399;43,874837
8059800;39,9;56,342399;43,874837
14360000;86,09;56,26167;44,01066
20262000;92;56,114343;43,494987
11649999;43,06;56,30243714;44,10379162
16204624;50;56,31071876;44,00346057
12286089;57,09;56,31076451;43,93833547
10096400;58,7;56,24626431;44,04936652
34362000;99,59;56,31067;43,98946
9720000;43,2;56,2597542;43,97880318
8290000;56;56,219673;43,817821
10062060;75,08;56,307641;43,850388
6339060;38,7;56,29172;43,85805
16638850;77,44;56,284208;44,083939
16469999;39,11;56,317538;43,972031
9443574;54;56,27856341;44,04353498
25999000;72,69;56,31445394;43,98671873
12329999;54,77;56,297006;43,953365
11827200;61,59;56,35168;43,87031
8759182;34,7;56,26899033;44,03733246
10898400;47,79;56,259928;43,978821
29193352;81,8;56,311111;44,002892
7990000;53,09;56,21925;43,8199
11070400;59,2;56,34249;43,8757
8580000;43,7;56,301947;43,93416
22306000;58,7;56,31182985;43,9804979
7290000;36,09;56,21925;43,8199
16588965;76,5;56,31052757;43,93759561
8290000;41,95;56,30236615;43,92655474
14929999;39,81;56,317662;43,971453
12265120;75,19;56,34288029;43,84374421
5356075;38,93;56,30701898;43,84878948
10596040;57,4;56,24189638;44,0811615
6790000;34,09;56,21896442;43,8191828
5851811;39,15;56,218299;44,026776
9908427;54,5;56,26879511;44,03422363
24794000;89,69;56,31668;44,04003
13710000;76,22;56,30135631;44,08432405
9749860;61,79;56,326729;44,00697
22801688;58,7;56,31203;43,98025
9223320;60,59;56,24104802;44,08181596
15829999;39,81;56,317538;43,972031
16469845;68,98;56,30422;44,00771
8721850;52,7;56,206879;43,878404
32785000;79;56,312315;43,975068
15870000;95,19;56,26183;44,010568
7829113;30,79;56,27275;44,052807
5650200;21,89;56,248613;44,048243
11622360;57,5;56,30512043;43,93979741
24794185;94,59;56,31643526;44,04015241
11033100;53,81;56,284208;44,083939
17872560;80,23;56,31575;44,07297
11147548;64,9;56,27275;44,052807
24803800;89,69;56,31668;44,04003
17760507;63,9;56,3155383;43,97024169
12681900;67,09;56,34249;43,8757
7034180;42,79;56,326729;44,00697
38111254;102,4;56,31203;43,98025
18495153;57,4;56,31071876;44,00346057
8139917;35,79;56,27275;44,052807
13690000;60,29;56,28337137;44,03038537
8860000;35,2;56,34688242;43,92365884
11612700;62,09;56,34248922;43,87483452
11138123;45,61;56,28447;44,0845
15869999;55,29;56,317538;43,972031
7159174;48,81;56,218299;44,026776
7694116;34,63;56,206619;43,899036
17977790;79,98;56,31575;44,07297
11375000;62,5;56,342399;43,874837
14864373;39,81;56,31772789;43,9715093
7762893;30,79;56,27275;44,052807
6241809;23,39;56,26879511;44,03422363
16249999;69,01;56,30243714;44,10379162
9299000;54,7;56,211443;43,831695
12600000;37,9;56,346691;43,929648
7682000;39,36;56,30292088;43,92679077
8474400;49,5;56,241339;44,079145
15480623;39,83;56,31772789;43,9715093
7762893;30,79;56,27275;44,052807
8139932;36,2;56,27841;44,04228
8283854;42,79;56,34263292;43,82861794
5977000;25,54;56,30322;43,92668
6060610;33,09;56,24104802;44,08181596
8115668;38,9;56,27841;44,04228
7670000;32,4;56,34688242;43,92365884
7115500;42,79;56,26131336;43,93982472
10743079;58,2;56,2689;44,03516
16166545;56,79;56,31646209;44,03935848
9587700;47,7;56,248613;44,048243
6952860;42,79;56,26131336;43,93982472
7215250;43,4;56,26131336;43,93982472
7290000;38,4;56,326305;43,910941
42460000;96,5;56,32122862;44,00254607
6990000;42;56,21925;43,8199
20019924;59,2;56,31071876;44,00346057
14902495;83,4;56,267757;44,020746
7100000;35,5;56,24606868;44,04796909
29977000;97,44;56,323163;44,035586
16338827;70,18;56,303911;44,000426
11029999;43,83;56,29786;43,953771
11666865;69;56,27839032;44,04282151
10468225;58,09;56,26848;44,03505
24782611;66,5;56,3155383;43,97024169
6428500;29,89;56,248613;44,048243
9162810;54,9;56,288639;43,813403
11946700;61,9;56,342399;43,874837
8450000;39,09;56,301947;43,93416
35500000;91,22;56,321079;44,002594
11055095;75,09;56,26862407;44,03502438
14057727;64,9;56,31076451;43,93833547
8460000;41,79;56,34688242;43,92365884
16840000;88,9;56,33086108;43,88152355
10676590;47,61;56,31575;44,07297
18150000;91,59;56,33086108;43,88152355
8069586;34,4;56,27948;44,04396
5998000;25,77;56,302004;43,925036
9290000;53,9;56,301983;43,933465
8762420;26,79;56,30433573;44,0063724
19416842;76,9;56,31646209;44,03935848
9754400;54,79;56,2460166;44,05111255
10769500;59,5;56,342399;43,874837
9597054;55,7;56,27275;44,052807
16399485;71,79;56,303911;44,000426
15310000;90,8;56,26185201;44,01021655
29990000;133,89;56,331721;43,947855
47596875;73,45;56,312848;43,97616
11000000;82,88;56,282062;44,083669
20449120;66,27;56,31575;44,07297
12064800;52,79;56,26393551;43,86626459
32049200;168,67;56,338475;43,866509
12565255;55,29;56,3102;44,09525
8075277;31,5;56,26879511;44,03422363
26009999;75,48;56,317662;43,971453
12668000;38,29;56,346631;43,929751
12390000;64,19;56,301196;44,084741
53000000;132,5;56,32212221;44,00585602
9188234;37,13;56,20553;43,89783
8204428;31,15;56,26393551;43,86626459
10724089;64,69;56,27839032;44,04282151
9608879;50,09;56,28021069;44,0435779
8950500;39;56,241339;44,079145
12363813;65,73;56,28388;44,08354
16140000;93,15;56,30117;44,08461
10190000;54,79;56,326305;43,910941
17090000;74,9;56,33161;43,94897
16264530;61,4;56,3132544;43,96930895
33997300;94,69;56,31182985;43,9804979
8590000;47,29;56,21925;43,8199
9928000;59,59;56,248613;44,048243
12631000;70,5;56,34738;43,923997
12659999;50,34;56,30243714;44,10379162
35609999;100,13;56,317662;43,971453
10254821;40,2;56,31076451;43,93833547
11351550;56,9;56,29794576;43,99971638
7517645;34,63;56,206619;43,899036
13749120;55,43;56,31535466;44,07307159
8224895;35;56,27275;44,052807
6423371;31,7;56,213576;44,024286
9548289;46,7;56,25423;43,848433
6952940;32,81;56,206619;43,899036
12440000;64,11;56,30135631;44,08432405
6116850;34,5;56,3655588;43,81770045
10162750;37,52;56,30433573;44,0063724
8112156;39;56,27839032;44,04282151
7570000;32,4;56,34688242;43,92365884
12444000;77,38;56,302004;43,925036
5528200;21,1;56,248613;44,048243
12280991;71,69;56,34263292;43,82861794
16589999;39,81;56,317538;43,972031
12509676;57,09;56,31076451;43,93833547
18282000;69,25;56,31535466;44,07307159
7999200;39,59;56,34249;43,8757
6843420;41,4;56,26131336;43,93982472
6233500;32,5;56,206879;43,878404
9741600;43,2;56,259928;43,978821
29990000;133,89;56,331721;43,947855
10467236;52;56,34263292;43,82861794
8580645;28;56,3102;44,09525
9597023;55,9;56,27275;44,052807
6350670;38,7;56,29172;43,85805
11831388;68;56,27857;44,04323
17440000;91,3;56,34634;43,92332
13962870;83,5;56,267757;44,020746
8099700;39,9;56,34248922;43,87483452
12503400;59,54;56,32789;43,95142
11088744;67,09;56,26848;44,03505
9205945;45,7;56,28021069;44,0435779
17514550;66,4;56,304802;43,998363
6474360;32,59;56,213576;44,024286
5968404;23,39;56,26848;44,03505
8290000;40,29;56,301983;43,933465
7852410;38,09;56,241339;44,079145
98630444;306,5;56,3155383;43,97024169
14851811;68,41;56,26393551;43,86626459
10784627;38,79;56,303911;44,000426
7810000;36,9;56,301983;43,933465
9131400;54,59;56,248613;44,048243
9380000;39,7;56,26185201;44,01021655
8376708;34,7;56,27275;44,052807
40739233;96,3;56,32262756;43,98838833
16077432;69,18;56,30433573;44,0063724
17797000;48,09;56,322604;43,98837
9391200;54,59;56,24626431;44,04936652
9060000;37,75;56,26393551;43,86626459
12656233;67;56,27275;44,052807
33832500;104,09;56,31067;43,98946
25778568;79;56,3130104;43,97606829
7685430;30;56,27275;44,052807
10800000;55,9;56,34634;43,92332
10400000;72,02;56,27825381;44,0972248
10296000;57,2;56,24529975;44,05240001
15190000;90,8;56,26185201;44,01021655
19584500;85,15;56,26581118;43,97614632
15085700;93,69;56,24606868;44,04796909
12139400;75,4;56,34288029;43,84374421
7122501;29,87;56,28461;44,08362
9945093;42,34;56,28585154;43,92193684
9195750;54,9;56,31279053;43,88630085
5362898;38,2;56,30701898;43,84878948
35993466;97;56,31203;43,98025
13630265;62;56,31076451;43,93833547
9214000;55,5;56,248613;44,048243
14170491;57,29;56,31076451;43,93833547
7874344;29,89;56,26879511;44,03422363
16274488;70,25;56,303911;44,000426
6558250;35,45;56,210993;43,830581
24806880;64,4;56,322604;43,98837
32170000;66,43;56,321007;44,002772
12813600;84,3;56,24532346;44,05083637
13100000;75,55;56,30117;44,08461
33871500;96,5;56,31182985;43,9804979
16790000;75,3;56,28337137;44,03038537
7355500;31,29;56,24626431;44,04936652
7784269;31,89;56,27275;44,052807
10080400;65,3;56,248613;44,048243
10389999;53,25;56,29714;43,95264
9620175;39,25;56,28388;44,08354
11728000;73,3;56,23986577;43,83607559
55944000;133,19;56,32358424;44,01900592
48018000;90,59;56,32262756;43,98838833
31788750;86,5;56,32262756;43,98838833
12883200;67,09;56,342399;43,874837
9273868;38,4;56,26859879;44,02192617
20343015;103,94;56,28461981;44,08324076
7009400;36;56,248613;44,048243
24627000;80,9;56,346553;43,929761
9690000;46,29;56,28337137;44,03038537
9103290;57,7;56,26131336;43,93982472
10761600;60,79;56,34249;43,8757
7132790;43,4;56,326729;44,00697
6189159;23,39;56,26879511;44,03422363
12447189;65,4;56,26859879;44,02192617
5993880;20,07;56,264368;43,865569
16356353;59,4;56,31657;44,03943
19353600;100,8;56,35170283;43,86971319
17754373;73,48;56,30243714;44,10379162
14795782;74,5;56,25423;43,848433
12750000;73,9;56,26167;44,01066
8053404;36,09;56,27857;44,04323
16658440;69,77;56,30422;44,00771
10388932;58,2;56,26848;44,03505
6459152;28,28;56,30973766;43,89619555
8974935;34,99;56,26386;43,86687
8892285;38,04;56,28473917;44,08328368
16765619;85,66;56,28388;44,08354
12169999;54,77;56,29786;43,953771
9755900;55;56,28021069;44,0435779
27053112;67;56,31203;43,98025
15525699;60,29;56,3132544;43,96930895
10805110;53,65;56,28473917;44,08328368
6465600;36;56,31279053;43,88630085
14850000;81,69;56,34738;43,923997
5176469;21,01;56,206619;43,899036
16009390;69,91;56,31535466;44,07307159
12568568;55,9;56,26386;43,86687
11652939;57,29;56,3102;44,09525
8807700;56,09;56,24532346;44,05083637
7591041;30,2;56,27275;44,052807
9752940;46,45;56,206619;43,899036
9513000;45,29;56,2460166;44,05111255
10982400;57,2;56,35168;43,87031
9700000;43,5;56,34634;43,92332
15547662;57,7;56,3132544;43,96930895
9613725;55;56,28021069;44,0435779
15781950;61,88;56,22432;43,940192
9847057;45,61;56,206619;43,899036
35609999;100,13;56,317538;43,972031
7390000;32;56,36230958;43,85553498
37102884;98,9;56,31203;43,98025
5339565;38,81;56,30701898;43,84878948
6660800;36,79;56,23986577;43,83607559
5853960;32,2;56,3655588;43,81770045
9749860;61,79;56,26131336;43,93982472
20169999;75,48;56,317662;43,971453
18935000;54,09;56,31055055;43,98939101
10881000;55,79;56,35170283;43,86971319
6488300;29,89;56,248613;44,048243
7591039;30,1;56,26848;44,03505
7377238;56,54;56,30701898;43,84878948
8363600;40,59;56,342399;43,874837
7664000;39,36;56,302004;43,925036
15187953;53;56,3155383;43,97024169
17694864;55,24;56,3130104;43,97606829
10402090;40,16;56,30433573;44,0063724
6490000;32,09;56,21896442;43,8191828
11327700;61,9;56,34249;43,8757
8214430;49,09;56,24178286;44,08224511
9454000;54,84;56,30292088;43,92679077
13826278;80,59;56,285791;43,92192
10070000;46,81;56,301196;44,084741
11374000;60,5;56,34248922;43,87483452
8281200;41,2;56,34248922;43,87483452
11253000;60,5;56,342399;43,874837
12160000;64,09;56,34688242;43,92365884
5796400;34,4;56,29172;43,85805
15705430;89,3;56,31076451;43,93833547
16790000;74,9;56,33161;43,94897
8498713;35,77;56,285791;43,92192
8590000;48,7;56,21896442;43,8191828
12231840;59,61;56,284208;44,083939
8533240;38,29;56,206879;43,878404
7074700;48,81;56,218299;44,026776
19990000;97,3;56,31439871;43,99775783
8610000;45,59;56,301947;43,93416
8779200;47,2;56,2455639;44,04924046
9600000;52,04;56,24655326;43,82747589
11831371;67,9;56,27857;44,04323
7632000;36;56,24626431;44,04936652
16000000;93,59;56,302203;43,94123
8901244;48,4;56,213576;44,024286
9060000;37,75;56,264368;43,865569
24269999;89,3;56,317538;43,972031
10190000;59,4;56,302004;43,925036
9388363,11;56,29;56,30947;43,89597
16307100;69,9;56,31575;44,07297
15929132;68,41;56,30422;44,00771
14543278;83,5;56,267757;44,020746
10288386;53,88;56,28473917;44,08328368
8793148;41;56,34267441;43,83190266
24074500;74,3;56,313696;43,986405
15790000;65,59;56,33161;43,94897
16087363;80,5;56,31076451;43,93833547
13699999;48,79;56,317538;43,972031
15561000;61,75;56,22432;43,940192
10708316;41,04;56,30422;44,00771
9945000;59,7;56,248613;44,048243
17923126;66,8;56,31657;44,03943
11356110;68,69;56,2414005;44,08051777
7363000;37;56,24606868;44,04796909
7894116;30,04;56,20553;43,89783
9723780;59,4;56,34288029;43,84374421
7103053;27,6;56,267757;44,020746
8836872;48,4;56,213576;44,024286
9553000;57,15;56,30292088;43,92679077
11674293;45,59;56,30422;44,00771
6334400;29,6;56,2455639;44,04924046
14150000;75,63;56,30135631;44,08432405
5968404;23,39;56,27275;44,052807
21190000;123,91;56,30135631;44,08432405
12890000;46,09;56,331721;43,947855
7590000;48,7;56,219673;43,817821
11884500;69,5;56,2455639;44,04924046
5978720;34,4;56,24104802;44,08181596
11643880;60,02;56,32789;43,95142
8120000;40,79;56,302004;43,925036
8291676;31,15;56,264368;43,865569
9190000;52,9;56,21896442;43,8191828
8036237;35,59;56,27856341;44,04353498
8908000;52,4;56,211443;43,831695
20337300;61,7;56,3138159;43,98840316
18830000;90,69;56,33084;43,88186
8112167;38,9;56,27839032;44,04282151
10466479;40,2;56,31076451;43,93833547
11078200;57,4;56,29794576;43,99971638
12290000;65,19;56,34688242;43,92365884
43580000;106,33;56,32122862;44,00254607
8404800;40,79;56,34248922;43,87483452
9380800;58,5;56,248613;44,048243
11564434;60,13;56,309039;43,895814
8560000;38,7;56,301947;43,93416
9513000;45,29;56,248613;44,048243
9562261;55,5;56,27839032;44,04282151
8730000;45,59;56,301947;43,93416
16290000;75,69;56,33165908;43,94786475
25901700;79,4;56,313696;43,986405
16000740;68,84;56,30433573;44,0063724
10890000;59,79;56,36230958;43,85553498
13749939;76,58;56,28461981;44,08324076
9330000;39,7;56,26185201;44,01021655
11020415;64,69;56,27857;44,04323
12638249;66,69;56,26899033;44,03733246
8534400;50,79;56,24606868;44,04796909
5797000;34,09;56,20586328;43,81749283
7192080;49,63;56,218299;44,026776
7373767;27,5;56,26859879;44,02192617
9515020;61,79;56,26131336;43,93982472
8918951;34,99;56,264368;43,865569
38802499;122,15;56,30219;44,10283
25361800;71,5;56,313696;43,986405
5979600;19,79;56,264368;43,865569
10395200;59,59;56,248613;44,048243
21016000;59,2;56,31182985;43,9804979
5255640;38,2;56,30701898;43,84878948
8086800;37,7;56,34263292;43,82861794
8363600;40,59;56,34249;43,8757
9810300;61,7;56,248613;44,048243
9279407;56,29;56,30973766;43,89619555
9250000;44;56,26183;44,010568
7690800;36,09;56,248613;44,048243
16049999;70,27;56,30243714;44,10379162
7074600;39;56,34287;43,84371
26446934;67,19;56,31203;43,98025
10800000;72,3;56,27825381;44,0972248
7940000;36,79;56,36230958;43,85553498
12310240;75,19;56,34287;43,84371
9749860;61,79;56,26131336;43,93982472
9156000;32;56,317093;44,064431
39026700;124,8;56,313696;43,986405
6193792;23,39;56,2689;44,03516
13830000;76,04;56,30135631;44,08432405
26267400;78,4;56,31445394;43,98671873
8363600;41,2;56,34249;43,8757
11165500;68,5;56,24606868;44,04796909
7062900;39;56,34288029;43,84374421
15009680;76,58;56,284208;44,083939
7455058;57,13;56,30701898;43,84878948
7690000;31;56,34738;43,923997
10080400;63,79;56,24606868;44,04796909
10454710;65,23;56,30925114;43,8959115
8779200;47,2;56,2455639;44,04924046
9235200;59,2;56,24532346;44,05083637
11761000;61,9;56,342399;43,874837
23111120;85,08;56,31575;44,07297
8260032;37,7;56,34272274;43,82913634
12686390;50,86;56,30433573;44,0063724
58435000;148,33;56,32262756;43,98838833
10619600;38,2;56,346553;43,929761
11670365;68,09;56,27841;44,04228
8190000;50,2;56,219673;43,817821
15259999;64,05;56,30243714;44,10379162
8214900;41,7;56,34248922;43,87483452
8221195;42,79;56,34263292;43,82861794
6950520;38,7;56,34287;43,84371
11302200;54,59;56,29794576;43,99971638
12697161;55,9;56,26386;43,86687
16548480;70,72;56,31535466;44,07307159
10003600;57,29;56,248613;44,048243
6660800;36,79;56,23986577;43,83607559
7890000;49,9;56,21896442;43,8191828
17139999;60,66;56,31772789;43,9715093
4836507,14;34;56,192049;43,891147
26423615;64,3;56,32262756;43,98838833
11890000;60,4;56,28337137;44,03038537
13132585;71,59;56,26859879;44,02192617
7174020;43,4;56,26131336;43,93982472
22172428;89,8;56,316144;44,04004
7517941;30,79;56,27275;44,052807
7612500;37,5;56,2455639;44,04924046
9150600;37,75;56,26386;43,86687
20337300;61,7;56,313696;43,986405
8160800;41,59;56,248613;44,048243
8261492;30,7;56,26943641;44,03506993
10150000;40,9;56,34738;43,923997
8891290;36,65;56,264368;43,865569
9349200;47,7;56,2460166;44,05111255
8290000;52,79;56,219673;43,817821
6990000;34,2;56,225364;43,853181
13017400;67,09;56,342399;43,874837
6882750;41,4;56,26131336;43,93982472
8726601;46,29;56,25403985;43,84835189
9579855;55,79;56,27856341;44,04353498
37442160;107,09;56,31203;43,98025
38802498;122,15;56,30243714;44,10379162
9820954;54,5;56,26879511;44,03422363
6186889;31,7;56,213576;44,024286
7577150,48;33,13;56,30947;43,89597
24305600;55,24;56,312848;43,97616
19193701;66,09;56,316144;44,04004
11670408;68,4;56,27841;44,04228
8098228,27;38,68;56,30902;43,89671
12447400;59,5;56,28376;43,93786
7090200;35,09;56,24606868;44,04796909
11105220;40,52;56,22432;43,940192
8059093;34,2;56,28021069;44,0435779
13549999;48,79;56,317662;43,971453
7377238;56,54;56,30701898;43,84878948
22564040;71,86;56,31535466;44,07307159
9565757;55,59;56,27841;44,04228
14899828;54,27;56,28447;44,0845
8585200;50,79;56,24606868;44,04796909
11990000;37,2;56,33165908;43,94786475
22862500;66,5;56,31445394;43,98671873
7940000;36,79;56,326305;43,910941
35224000;125,8;56,323163;44,035586
12229880;75,4;56,34288029;43,84374421
13093401;34,59;56,3132544;43,96930895
9741600;59,4;56,34288029;43,84374421
9113400;56,2;56,248613;44,048243
9235200;59,2;56,24532346;44,05083637
6433936;32,59;56,213576;44,024286
15290000;90,8;56,26183;44,010568
18152800;79,69;56,31575;44,07297
25091900;77;56,31445394;43,98671873
8570000;41,29;56,301983;43,933465
21678086;57,4;56,31122697;44,00286966
11930000;65,8;56,34738;43,923997
24813600;89,69;56,31668;44,04003
5449300;38,2;56,30701898;43,84878948
8060747;37,4;56,27275;44,052807
14622000;81,69;56,34634;43,92332
7116108;27,6;56,26859879;44,02192617
9169999;45,86;56,203071;43,896904
11799650;57,7;56,28376;43,93786
8400000;51,59;56,248613;44,048243
20832000;99,19;56,288071;43,986008
8220000;38,7;56,301983;43,933465
9749860;61,79;56,26131336;43,93982472
6962130;38,7;56,34288029;43,84374421
10213027;54,5;56,27275;44,052807
44931900;109,58;56,312315;43,975068
14880610;54,9;56,26581118;43,97614632
12465665;54,65;56,264368;43,865569
77008516;193,3;56,3155383;43,97024169
8560960;49,59;56,31279053;43,88630085
8983391;28,98;56,303911;44,000426
13177176;64,9;56,31076451;43,93833547
9020422;34,99;56,26393551;43,86626459
9470565;39;56,267757;44,020746
9549600;62,79;56,26131336;43,93982472
14973200;91,3;56,342399;43,874837
9890000;54,79;56,362352;43,855645
8100000;38,75;56,31397;43,87803
25118095;99,9;56,31646209;44,03935848
15170000;90,8;56,26183;44,010568
8086800;37,7;56,34263292;43,82861794
16588965;76,5;56,310445;43,938326
7199999;23,3;56,297006;43,953365
8908574;44,7;56,25423;43,848433
12962713;65,4;56,25403985;43,84835189
8598688;32,2;56,26879;44,03741
25031901;91,4;56,31041608;44,0737578
6880860;38,7;56,34287;43,84371
11250067;68,19;56,27275;44,052807
16009390;69,91;56,31535466;44,07307159
12729300;84,3;56,24532346;44,05083637
8097752;31,6;56,26879511;44,03422363
14120000;75,63;56,30135631;44,08432405
11020409;64,9;56,27275;44,052807
7271600;38,4;56,248613;44,048243
23490000;91,5;56,331721;43,947855
8102366;31,6;56,2689;44,03516
15890000;65,59;56,331721;43,947855
8900030;46,4;56,343269;43,829027
5923680;34,4;56,24104802;44,08181596
19814400;64,9;56,313696;43,986405
12330000;63,91;56,30135631;44,08432405
5968404;23,39;56,27275;44,052807
23858414;70,09;56,311111;44,002892
8160000;39,5;56,301947;43,93416
16377022;43,29;56,31203;43,98025
6924150;41,4;56,326729;44,00697
8888888;26,6;56,28337137;44,03038537
10080000;43,18;56,301196;44,084741
8938935;36,65;56,26393551;43,86626459
7230600;30,89;56,24626431;44,04936652
14205623;61,47;56,30243714;44,10379162
9749860;61,79;56,26131336;43,93982472
21294000;84,5;56,22432;43,940192
11828500;38,29;56,346691;43,929648
13440721;66,19;56,31052757;43,93759561
6016103;45,5;56,218299;44,026776
9101500;55,79;56,248613;44,048243
11294650;56,9;56,29794576;43,99971638
11250056;68;56,27841;44,04228
12287680;75,19;56,34287;43,84371
22356000;87,4;56,31643526;44,04015241
16204253;70,43;56,30433573;44,0063724
11874600;66,09;56,26859879;44,02192617
8483600;50,79;56,24606868;44,04796909
21053688;54,2;56,31203;43,98025
12590000;60,4;56,28337137;44,03038537
16114498;61,2;56,3132544;43,96930895
7592850;35,9;56,206879;43,878404
6646200;28,5;56,27856341;44,04353498
9800000;73,3;56,282062;44,083669
24655500;77;56,313696;43,986405
21626797;103,94;56,28447;44,0845
10652287;58,2;56,2689;44,03516
17889500;69,25;56,31575;44,07297
6720000;24,29;56,26185201;44,01021655
12697161;55,9;56,264368;43,865569
9645000;54,84;56,30322;43,92668
6040000;23,6;56,362352;43,855645
14969128;70,3;56,31076451;43,93833547
16469845;68,98;56,30422;44,00771
21960267;89,69;56,31646209;44,03935848
11000000;62,5;56,34248922;43,87483452
9611100;54,29;56,24626431;44,04936652
6478208;25,6;56,2689;44,03516
9990000;54,79;56,362352;43,855645
8230200;31,89;56,2597542;43,97880318
8090000;41,4;56,301947;43,93416
7078800;34,7;56,24606868;44,04796909
9470000;47,99;56,225364;43,853181
18709579;75,69;56,31643526;44,04015241
10200000;72,3;56,27825381;44,0972248
17494337;62,09;56,3132544;43,96930895
12190000;69,8;56,362352;43,855645
11669999;59,9;56,29791554;43,95222999
7790000;52;56,21925;43,8199
12225205;54,65;56,264368;43,865569
10274962;57,5;56,27275;44,052807
5419185;38,81;56,30701898;43,84878948
10443840;68,8;56,29202546;43,85822885
8260032;37,7;56,343269;43,829027
16170000;93,15;56,30117;44,08461
11482723;60,79;56,25397;43,84863
5170269;34,95;56,218299;44,026776
9789999;49,56;56,203071;43,896904
10439999;43,97;56,29786;43,953771
7676250;28,75;56,284208;44,083939
7497668;56,54;56,30701898;43,84878948
11049774;67,9;56,27856341;44,04353498
5550000;28,62;56,27825381;44,0972248
7912500;38,79;56,248613;44,048243
8979281;41,66;56,305213;43,936778
5796400;34,4;56,29202546;43,85822885
12390000;60,29;56,28337137;44,03038537
17009999;70,12;56,30219;44,10283
15682498;39,83;56,31772789;43,9715093
6190470;33,29;56,206879;43,878404
9199008;52,65;56,24678207;43,82688929
17568700;56,2;56,3138159;43,98840316
17686273;71,33;56,28447;44,0845
11990000;36,09;56,331721;43,947855
7336500;36,5;56,24606868;44,04796909
8954730,81;53,34;56,30947;43,89597
7296033;29,15;56,309039;43,895814
7236000;34,95;56,30292088;43,92679077
5949000;25,77;56,30292088;43,92679077
8333044;40,38;56,309039;43,895814
8144810;38,7;56,305213;43,936778
13217139;71,4;56,267757;44,020746
8640000;36,79;56,362352;43,855645
8790000;51,9;56,21896442;43,8191828
13477000;76,56;56,31397;43,87803
46273706;108,9;56,32262756;43,98838833
8860000;35,2;56,34688242;43,92365884
12092687;55,2;56,31076451;43,93833547
12218748;60,58;56,29791554;43,95222999
19082498;79,93;56,30243714;44,10379162
11856960;67,86;56,353144;43,825892
9606195;40,09;56,3102;44,09525
7336500;36,5;56,24606868;44,04796909
6972924;54,06;56,30701898;43,84878948
12760000;64,9;56,33086108;43,88152355
9672204;46,59;56,25397;43,84863
8392416;36,59;56,27275;44,052807
8771331;41,66;56,305213;43,936778
15867000;61,5;56,22432;43,940192
18599658;53,5;56,31071876;44,00346057
69465000;126,3;56,32262756;43,98838833
9505881;46,77;56,206619;43,899036
17510000;88,19;56,33084;43,88186
11790000;67,59;56,326305;43,910941
8749337;26,75;56,30433573;44,0063724
8897130;36,29;56,26386;43,86687
16529724;62,29;56,3155383;43,97024169
11876553;55,2;56,31076451;43,93833547
11856960;66,23;56,353144;43,825892
11408000;62;56,342399;43,874837
10296336;58,2;56,26862407;44,03502438
10170144;42,65;56,264368;43,865569
15775500;56,79;56,346631;43,929751
20028124;82,29;56,30219;44,10283
13590612;84;56,267757;44,020746
11340000;58,2;56,362352;43,855645
13080000;72,3;56,34738;43,923997
9864000;54,79;56,2460166;44,05111255
36323109;112,4;56,31071876;44,00346057
9139999;45,86;56,203071;43,896904
15990000;78,9;56,326305;43,910941
14199999;54,47;56,30219;44,10283
10892800;59,2;56,342399;43,874837
17090000;74,9;56,33165908;43,94786475
16193520;70,25;56,303911;44,000426
9509999;47,86;56,203071;43,896904
11760000;62,79;56,301947;43,93416
9077432;48,09;56,24678207;43,82688929
11990000;45,9;56,28337137;44,03038537
12100000;65,23;56,30117;44,08461
12490000;73,9;56,26167;44,01066
6012934;23,39;56,26862407;44,03502438
26790400;67,19;56,31203;43,98025
17197504;59,79;56,316144;44,04004
19853819;62,2;56,311111;44,002892
26208000;72,8;56,31182985;43,9804979
13040000;72,59;56,34634;43,92332
8115668;38,9;56,27841;44,04228
12064800;52,79;56,26393551;43,86626459
12079999;53,43;56,297006;43,953365
18026138;55,24;56,3130104;43,97606829
7910000;37,59;56,301983;43,933465
13964550;55,75;56,303911;44,000426
7672064;30,79;56,27948;44,04396
11822900;61,9;56,342399;43,874837
9763200;43,2;56,259928;43,978821
13029247;65,4;56,25397;43,84863
10600000;72,09;56,27825381;44,0972248
17745000;61,79;56,346691;43,929648
14190000;49,09;56,331721;43,947855
11660000;63;56,34688242;43,92365884
8232990;38,9;56,27857;44,04323
10088614;57,7;56,27839032;44,04282151
10859999;41,47;56,29786;43,953771
16035505;60,9;56,3155383;43,97024169
21265288;58,59;56,31203;43,98025
12370050;53,7;56,2597542;43,97880318
9505000;55;56,30322;43,92668
17125666;73,4;56,3155383;43,97024169
17568700;56,2;56,313696;43,986405
35157600;102,8;56,31182985;43,9804979
8947950;43,5;56,29794576;43,99971638
8945846;27,86;56,2847511;44,08343388
6038500;32,5;56,23986577;43,83607559
8560000;41,09;56,34634;43,92332
8011763;39,27;56,20553;43,89783
9475362;50,09;56,2689;44,03516
23490000;91,5;56,33165908;43,94786475
11590000;61;56,342399;43,874837
42812154;101,19;56,32262756;43,98838833
6640200;37,2;56,31279053;43,88630085
36802400;102,8;56,31182985;43,9804979
10296000;57,2;56,24529975;44,05240001
14390000;57,79;56,28337137;44,03038537
10488000;45,59;56,259928;43,978821
8115668;38,9;56,27841;44,04228
13910000;71,4;56,34634;43,92332
21170000;58;56,31182985;43,9804979
12364800;67,19;56,34249;43,8757
5817040;34,4;56,29172;43,85805
10790000;58,2;56,36230958;43,85553498
7300000;46,33;56,27825381;44,0972248
41860000;64,4;56,322604;43,98837
14881189;56,2;56,314057;43,969599
7950000;37,09;56,301983;43,933465
11470000;62;56,342399;43,874837
11979567;66,09;56,267757;44,020746
12270000;63,91;56,30135631;44,08432405
12959999;59,9;56,297006;43,953365
14675000;82;56,34738;43,923997
7920000;28,98;56,30135631;44,08432405
5376469;21,01;56,206619;43,899036
6423528;24,17;56,20553;43,89783
8940690;36,29;56,26386;43,86687
20985497;66,09;56,31071876;44,00346057
9460772;54,2;56,27857;44,04323
9301100;33,09;56,26581118;43,97614632
9418695;46,29;56,25403985;43,84835189
7206500;36,79;56,248613;44,048243
33312000;104,09;56,31055055;43,98939101
17249293;59,79;56,316144;44,04004
22679999;89,3;56,31772789;43,9715093
6996960;38,7;56,34288029;43,84374421
36140455;109,69;56,311111;44,002892
10708246;40,86;56,30422;44,00771
6233920;35,2;56,3655588;43,81770045
17789999;60,66;56,317662;43,971453
8708700;37,7;56,2460166;44,05111255
14750000;84,9;56,26167;44,01066
7356600;37,9;56,248613;44,048243
5157420;25,79;56,3655588;43,81770045
13110000;71,4;56,34738;43,923997
8115668;38,9;56,27841;44,04228
7801698;30,7;56,26879511;44,03422363
8036240;35,79;56,27856341;44,04353498
25801400;63,9;56,31203;43,98025
7348100;37,29;56,248613;44,048243
8910000;43,29;56,34688242;43,92365884
9749860;61,79;56,326729;44,00697
11330550;34,65;56,26581118;43,97614632
18785280;70,01;56,31575;44,07297
11157330;57,9;56,29794576;43,99971638
10296336;58,2;56,26862407;44,03502438
9430000;44,59;56,34738;43,923997
7222916;57,13;56,30701898;43,84878948
7412845;33,9;56,27275;44,052807
13340000;71,4;56,34634;43,92332
9010925;37,75;56,26393551;43,86626459
9160184;48,4;56,213576;44,024286
11670408;68,4;56,27275;44,052807
11227265;68,8;56,27275;44,052807
11304000;62,79;56,34249;43,8757
18640620;71,41;56,2847511;44,08343388
9621557;54,59;56,28021069;44,0435779
8053389;35,79;56,27275;44,052807
15700000;93,09;56,26185201;44,01021655
9330000;44,59;56,34738;43,923997
26325000;58,5;56,32358424;44,01900592
6990978;54,2;56,30701898;43,84878948
8966400;47,9;56,248613;44,048243
9767159;53;56,309039;43,895814
8610000;41,09;56,34738;43,923997
10577400;57,79;56,248613;44,048243
55012800;209,5;56,313696;43,986405
8690000;47,09;56,219673;43,817821
8053004;31,7;56,26879511;44,03422363
13395000;47;56,346553;43,929761
53372476;137,69;56,3155383;43,97024169
16559999;39,09;56,317662;43,971453
15027100;71,9;56,31535466;44,07307159
12048920;75,4;56,34287;43,84371
8190000;38,4;56,36230958;43,85553498
7100000;34,72;56,225364;43,853181
40588800;120,8;56,31182985;43,9804979
12909999;48,79;56,31772789;43,9715093
9749860;61,79;56,26131336;43,93982472
7510000;29,61;56,30117;44,08461
10003600;57,29;56,248613;44,048243
8562549;34,29;56,26859879;44,02192617
13903844;55,75;56,303911;44,000426
6990000;35,7;56,219673;43,817821
7488000;36;56,2455639;44,04924046
12090000;63,97;56,301196;44,084741
8392416;36,59;56,27275;44,052807
11182550;67,09;56,26862407;44,03502438
7970000;28,76;56,30117;44,08461
15770000;85;56,34738;43,923997
24960000;64;56,31182985;43,9804979
23790000;73,19;56,31055055;43,98939101
8580800;49,59;56,20607;43,81747
9790000;54,79;56,36230958;43,85553498
6949421;52,81;56,30701898;43,84878948
9699200;43,29;56,259928;43,978821
37869000;126,12;56,314297;43,976513
17077400;80,8;56,310445;43,938326
9761700;75,08;56,30639313;43,84588019
8844000;53,59;56,20586328;43,81749283
5416527;38,2;56,30701898;43,84878948
16069999;67,05;56,303802;44,100032
34909999;100,13;56,31772789;43,9715093
9942544;54,5;56,27275;44,052807
8556250;46,25;56,34293;43,832222
10600000;72,09;56,282062;44,083669
12009400;59,59;56,28376;43,93786
18740000;90,69;56,33084;43,88186
8280000;38,79;56,301947;43,93416
9458680;58,09;56,34288029;43,84374421
9690000;45,7;56,28337137;44,03038537
8906273;27,04;56,30433573;44,0063724
21101850;103,94;56,284208;44,083939
12350000;65,19;56,34634;43,92332
7590000;35,29;56,362352;43,855645
5392000;38,2;56,30701898;43,84878948
7051200;39;56,34287;43,84371
10450000;44,09;56,30135631;44,08432405
14241350;67,69;56,30531709;43,93552226
8510000;41,09;56,34738;43,923997
28020000;73,72;56,321079;44,002594
15799373;39,11;56,31772789;43,9715093
14650000;84,9;56,26167;44,01066
7640000;36,79;56,36230958;43,85553498
5837680;34,4;56,29172;43,85805
7330400;37,4;56,248613;44,048243
12972457;71,65;56,309039;43,895814
15590000;65,59;56,331721;43,947855
7152940;32,97;56,206619;43,899036
16011207;77,69;56,3102;44,09525
12064800;52,79;56,26386;43,86687
7440000;32;56,36230958;43,85553498
11943360;52,79;56,26393551;43,86626459
6926150;38,5;56,34287;43,84371
10290000;54,79;56,326305;43,910941
7882351;36,33;56,206619;43,899036
32679999;104,04;56,303802;44,100032
14169999;44,43;56,317538;43,972031
11670343;68,69;56,27841;44,04228
11465350;56,9;56,29794576;43,99971638
9622000;56,59;56,20586328;43,81749283
7970000;28,76;56,30135631;44,08432405
11608400;49,59;56,31575;44,07297
11490000;79,4;56,21925;43,8199
5127000;30;56,24178286;44,08224511
12465665;54,65;56,26386;43,86687
18156950;74,11;56,26581118;43,97614632
13104000;41;56,114343;43,494987
9051400;55,4;56,248613;44,048243
10190000;53,4;56,362352;43,855645
8241779;41;56,34263292;43,82861794
8019700;40,29;56,34249;43,8757
16588965;76,5;56,310445;43,938326
5354423;35,59;56,218299;44,026776
14550155;54,4;56,314057;43,969599
8826300;46,7;56,2455639;44,04924046
7215250;43,4;56,326729;44,00697
7661573;28,2;56,3102;44,09525
10594745;37,61;56,30422;44,00771
8322400;41,2;56,342399;43,874837
9190000;52,9;56,219673;43,817821
8209999;34;56,29714;43,95264
7074600;39;56,34288029;43,84374421
28966800;60,59;56,322037;44,005573
17677790;79,98;56,31535466;44,07307159
8480030;41;56,34272274;43,82913634
5806720;34,4;56,29202546;43,85822885
13913900;51,81;56,284208;44,083939
13836693;55,38;56,2847511;44,08343388
15170000;90,8;56,26185201;44,01021655
6340000;23,6;56,326305;43,910941
16439999;60,66;56,317662;43,971453
8189200;34,7;56,206879;43,878404
7110000;35,34;56,225364;43,853181
7690862;49,63;56,218299;44,026776
26572000;72,8;56,31182985;43,9804979
12900000;63,5;56,33084;43,88186
16139999;39,81;56,317538;43,972031
8806380;36,29;56,26393551;43,86626459
13072500;41;56,317093;44,064431
20787000;84,5;56,26581118;43,97614632
7028140;28;56,27839032;44,04282151
16859999;39,09;56,317662;43,971453
5449300;38,2;56,30701898;43,84878948
13200000;72,3;56,34688242;43,92365884
14820000;81,8;56,34738;43,923997
11246619;68,3;56,27839032;44,04282151
7877772;36,11;56,30973766;43,89619555
14835868;52;56,314057;43,969599
11706010;73,3;56,23986577;43,83607559
6624920;37,9;56,23986577;43,83607559
11047140;47,2;56,31535466;44,07307159
8992480;43,4;56,29766;43,99764
11666908;68,69;56,27839032;44,04282151
11390000;65;56,36230958;43,85553498
9647652;51,59;56,213576;44,024286
8983600;60,7;56,206879;43,878404
9749860;61,79;56,26131336;43,93982472
31750500;104,09;56,31067;43,98946
6357000;32,5;56,206879;43,878404
12670000;69,69;56,34738;43,923997
6550950;36,7;56,288639;43,813403
9682447;39,04;56,28461981;44,08324076
6944500;33,59;56,248613;44,048243
8542730;59,24;56,218299;44,026776
7644031,55;34,11;56,30947;43,89597
7791000;38,29;56,248613;44,048243
9438000;57,2;56,24606868;44,04796909
15113225;61,02;56,30433573;44,0063724
8534660;38,9;56,24189638;44,0811615
9780473;75,08;56,30808817;43,85052507
7020180;38,7;56,34288029;43,84374421
10388932;58,2;56,26848;44,03505
14779999;62,86;56,30219;44,10283
10176469;48,43;56,206619;43,899036
9269999;45,86;56,203071;43,896904
12570000;73,9;56,26167;44,01066
9572500;54,7;56,2455639;44,04924046
9711000;58,5;56,24626431;44,04936652
8949930;36,65;56,26393551;43,86626459
9309999;47,86;56,203071;43,896904
12609999;48,29;56,303802;44,100032
11876553;55,2;56,31076451;43,93833547
15590000;49,7;56,31445394;43,98671873
15650000;85;56,34688242;43,92365884
10577239,2;65,23;56,30902;43,89671
9268640;43,72;56,353144;43,825892
9707410;59,29;56,23986577;43,83607559
21961000;77,8;56,31445394;43,98671873
9565745;56,2;56,27841;44,04228
10283940;55,79;56,206879;43,878404
30252600;88,19;56,31182985;43,9804979
12983748;39,22;56,303802;44,100032
7300000;42,25;56,27825381;44,0972248
11390000;65,09;56,326305;43,910941
17536160;70,38;56,31575;44,07297
8090000;53,59;56,21896442;43,8191828
19295300;61,45;56,31535466;44,07307159
11624192;68;56,27856341;44,04353498
8647057;33,08;56,20553;43,89783
15905730;61,88;56,22432;43,940192
32616000;90,59;56,322604;43,98837
8053389;35,79;56,27857;44,04323
9363345;46,5;56,25423;43,848433
8838900;41,4;56,206879;43,878404
6288320;34,4;56,206879;43,878404
8247945;42,79;56,34263292;43,82861794
8433100;51,5;56,248613;44,048243
7208000;36,11;56,30292088;43,92679077
8139921;35,7;56,27275;44,052807
22310000;58,2;56,31203;43,98025
15330000;90,8;56,26183;44,010568
7098000;39;56,34288029;43,84374421
11408450;56,9;56,29794576;43,99971638
12510000;73,9;56,26183;44,010568
7243000;34,81;56,302004;43,925036
10016568;42,65;56,264368;43,865569
7449600;38,4;56,24606868;44,04796909
7818200;40,29;56,342399;43,874837
15085700;95;56,248613;44,048243
8733050;38,9;56,24189638;44,0811615
6106500;34,5;56,3655588;43,81770045
10973249;64,69;56,27856341;44,04353498
13205984;68,75;56,34293;43,832222
10157777;57,5;56,27856341;44,04353498
8221195;42,79;56,34263292;43,82861794
6264000;29;56,2455639;44,04924046
11358400;49,59;56,31535466;44,07307159
7200000;35,18;56,226179;43,852308
17708589;71,41;56,2847511;44,08343388
13529999;50,9;56,303802;44,100032
7692053;30,79;56,26879511;44,03422363
10978371;53;56,30925114;43,8959115
12904028;55,9;56,26386;43,86687
8897130;36,29;56,26386;43,86687
11740000;64,69;56,34634;43,92332
7836690;30;56,27275;44,052807
7811985;30,2;56,26879511;44,03422363
23787000;77,9;56,346553;43,929761
12350000;65,19;56,34738;43,923997
19030000;69,19;56,3044;43,99143
5176469;21,01;56,206619;43,899036
9425613;46,09;56,25403985;43,84835189
10170000;59,25;56,30221;43,92663
10658250;67,5;56,3655588;43,81770045
10134828;53,88;56,28461981;44,08324076
6020000;25,77;56,302004;43,925036
13720000;75,18;56,30135631;44,08432405
17472000;70,59;56,316144;44,04004
23896350;78,33;56,3130104;43,97606829
9006970;57,7;56,29172;43,85805
12160376;72,9;56,27275;44,052807
16407700;69,81;56,31535466;44,07307159
11953830;48,97;56,31575;44,07297
12566200;37,84;56,22432;43,940192
12027080;59,54;56,32789;43,95142
8322400;41,2;56,34248922;43,87483452
8826300;46,7;56,2455639;44,04924046
5968404;23,39;56,26848;44,03505
6990000;35,29;56,36230958;43,85553498
6855390;42,2;56,326729;44,00697
12040000;58,2;56,36230958;43,85553498
5309800;38,2;56,30701898;43,84878948
19584080;85,51;56,31535466;44,07307159
6380000;29;56,248613;44,048243
19353600;100,8;56,35168;43,87031
7010000;34,43;56,226179;43,852308
12370000;65,05;56,30117;44,08461
7116108;27,6;56,267757;44,020746
12985778;64,19;56,25423;43,848433
7009400;34,7;56,24606868;44,04796909
29853000;97,69;56,323163;44,035586
14437500;82,5;56,2460166;44,05111255
8350000;40,29;56,301983;43,933465
7292931;56,54;56,30701898;43,84878948
19746500;54,09;56,31055055;43,98939101
9768574;41,43;56,309039;43,895814
11670343;68,69;56,27841;44,04228
10292476;54,7;56,27275;44,052807
10110000;43,18;56,30135631;44,08432405
23140000;66,09;56,32122862;44,00254607
9565751;55,4;56,27275;44,052807
10080400;65,3;56,248613;44,048243
8322600;42,9;56,34249;43,8757
8148280;34,79;56,27948;44,04396
11115000;57;56,29794576;43,99971638
8440000;38,2;56,301947;43,93416
12447189;65,4;56,267757;44,020746
9622000;56,59;56,20607;43,81747
18096134;52,79;56,31071876;44,00346057
5416527;38,2;56,30701898;43,84878948
6519600;36;56,31279053;43,88630085
12365586;39,2;56,3102;44,09525
18727000;61,4;56,22432;43,940192
11929410;57,29;56,206619;43,899036
16079999;57,34;56,317662;43,971453
5993880;20,07;56,26393551;43,86626459
15022168;61,22;56,30433573;44,0063724
9463100;56;56,248613;44,048243
9229174;39,4;56,26879;44,03741
8993000;52,9;56,288639;43,813403
10979280;53,81;56,284208;44,083939
10388932;58,2;56,27275;44,052807
8924230;52,9;56,31279053;43,88630085
9103290;57,7;56,326729;44,00697
20343015;103,94;56,28461;44,08362
7329410;32,99;56,206619;43,899036
7190000;36,09;56,21896442;43,8191828
11771980;73,3;56,23986577;43,83607559
9749860;61,79;56,326729;44,00697
9221153;45,09;56,25403985;43,84835189
10571876;58,09;56,26879511;44,03422363
17090000;70,5;56,331721;43,947855
8307900;45,9;56,24606868;44,04796909
7790000;38,4;56,36230958;43,85553498
5362898;38,2;56,30701898;43,84878948
24974090;91,3;56,31646209;44,03935848
10684990;37,61;56,30422;44,00771
20362349;62;56,31071876;44,00346057
6949250;38,5;56,34287;43,84371
7709605;33,9;56,26862407;44,03502438
7801600;38;56,248613;44,048243
12232500;43,5;56,346691;43,929648
11900000;72,15;56,305213;43,936778
7331160;39,79;56,241339;44,079145
10348400;63,09;56,34248922;43,87483452
23769999;89,3;56,317662;43,971453
12780000;63;56,34738;43,923997
6474360;32,59;56,213576;44,024286
10586306;45,66;56,28388;44,08354
10231200;69,59;56,29172;43,85805
6380000;29;56,248613;44,048243
9751500;59,09;56,20586328;43,81749283
10083200;54,79;56,248613;44,048243
9060000;37,75;56,264368;43,865569
6572970;36,7;56,288639;43,813403
10617690;57,29;56,206879;43,878404
18519000;68,8;56,346691;43,929648
20343015;103,94;56,28388;44,08354
9634560;57,9;56,2414005;44,08051777
20757244;57,2;56,31203;43,98025
13246800;78,84;56,34293;43,832222
6963369;28,2;56,27275;44,052807
6990000;36,2;56,21896442;43,8191828
7900000;37,2;56,26185201;44,01021655
15520000;93,09;56,26183;44,010568
10550960;58,09;56,241339;44,079244
11291029,41;60,13;56,30902;43,89671
15116961;57;56,3155383;43,97024169
9614891;50,09;56,27275;44,052807
23990000;112,69;56,33165908;43,94786475
7691200;36,79;56,24626431;44,04936652
12780000;75,5;56,301983;43,933465
14543278;83,5;56,26859879;44,02192617
39020760;101,3;56,322604;43,98837
32344900;94,3;56,31182985;43,9804979
8269500;44,7;56,23986577;43,83607559
11105220;40,52;56,26581118;43,97614632
8342100;40,29;56,206879;43,878404
6860000;31,38;56,225364;43,853181
8444800;40,59;56,34248922;43,87483452
9260812;38,4;56,267757;44,020746
8232990;38,9;56,27275;44,052807
9518899;50,09;56,28021069;44,0435779
12853867;65,19;56,25403985;43,84835189
8140500;40,5;56,34248922;43,87483452
15097500;82,5;56,248613;44,048243
8091041;38,95;56,33208495;43,86430596
29165665;54,65;56,312848;43,97616
6048250;32,5;56,23986577;43,83607559
7939100;40,29;56,342399;43,874837
7466000;36,84;56,30322;43,92668
6990000;32;56,36230958;43,85553498
6201440;34,29;56,206879;43,878404
24969999;84,23;56,30219;44,10283
19448600;59,79;56,313696;43,986405
7854926;30,1;56,26879511;44,03422363
5990000;25;56,326305;43,910941
14980000;81,8;56,34738;43,923997
16150638;76,5;56,31076451;43,93833547
8650000;45,59;56,301947;43,93416
16069999;39,81;56,317662;43,971453
18310353;55,7;56,311111;44,002892
8623528;35,72;56,20553;43,89783
8964580;38,04;56,28461;44,08362
11790000;67,59;56,36230958;43,85553498
15951700;45,59;56,313696;43,986405
6343650;33,29;56,206879;43,878404
50650000;101,3;56,32262756;43,98838833
22212600;61,9;56,31575;44,07297
17990000;75,3;56,28337137;44,03038537
12162600;71,4;56,248613;44,048243
17390000;68,3;56,33161;43,94897
24821600;68,4;56,31203;43,98025
21192200;78,19;56,22432;43,940192
20428400;85,44;56,31575;44,07297
10630000;60,79;56,301983;43,933465
7612500;37,5;56,2455639;44,04924046
11950297;65,86;56,28473917;44,08328368
26557453;62,5;56,32262756;43,98838833
11164000;62;56,301947;43,93416
8891290;36,65;56,26386;43,86687
7576469;34,63;56,206619;43,899036
10500000;72,09;56,282062;44,083669
12409999;38,95;56,317538;43,972031
7025250;43,5;56,26131336;43,93982472
18199999;60,66;56,317662;43,971453
8139921;35,7;56,27841;44,04228
9431602;46,59;56,25397;43,84863
9759750;38,5;56,259928;43,978821
12600000;37,9;56,346553;43,929761
10249458;52,31;56,309039;43,895814
9159800;55,5;56,248613;44,048243
12064430;65,8;56,28473917;44,08328368
7553800;35,79;56,2455639;44,04924046
12579227;65,73;56,285791;43,92192
12432000;67,19;56,342399;43,874837
16944632;59,4;56,31657;44,03943
6880072;53,34;56,30701898;43,84878948
12578000;77,68;56,30322;43,92668
16990000;74,5;56,33165908;43,94786475
7206500;35,5;56,24606868;44,04796909
7850000;38,75;56,31397;43,87803
9798250;38,5;56,259928;43,978821
21579840;60,95;56,31535466;44,07307159
7990000;37,09;56,326305;43,910941
6330682;23,39;56,26943641;44,03506993
7215250;43,4;56,26131336;43,93982472
10110000;57,5;56,301983;43,933465
9168467;38,4;56,26386;43,86687
11465350;56,9;56,297828;43,998842
23769999;89,3;56,317538;43,972031
7801600;38;56,248613;44,048243
15509999;69,01;56,303802;44,100032
12285437;66;56,34267441;43,83190266
8065112;34,2;56,27275;44,052807
13990000;60,9;56,331721;43,947855
20292750;90,19;56,26581118;43,97614632
14851811;68,41;56,264368;43,865569
9780473;75,08;56,30639313;43,84588019
9515020;61,79;56,26131336;43,93982472
23990000;112,69;56,33165908;43,94786475
12218748;60,58;56,29791554;43,95222999
11884500;69,5;56,24626431;44,04936652
8188050;51;56,326729;44,00697
24016900;76,9;56,313696;43,986405
5486000;21,1;56,248613;44,048243
7171000;36,79;56,248613;44,048243
12274991;65,4;56,267757;44,020746
10333000;61,86;56,30292088;43,92679077
5416527;38,2;56,30701898;43,84878948
9828347;75,69;56,307641;43,850388
21716800;78,4;56,288071;43,986008
7809162;29,89;56,26879511;44,03422363
13335306;71,4;56,26859879;44,02192617
12669999;38,95;56,317662;43,971453
7215250;43,4;56,26131336;43,93982472
16337662;69,94;56,30433573;44,0063724
9580000;44,59;56,34634;43,92332
11078200;57,4;56,29766;43,99764
6549300;38,29;56,23986577;43,83607559
10272528;42,65;56,26393551;43,86626459
13890000;35,79;56,3138159;43,98840316
33939000;125,69;56,323163;44,035586
5801000;22,1;56,30292088;43,92679077
15050240;58,79;56,26581118;43,97614632
7031612;28;56,27841;44,04228
16328200;76,3;56,2597542;43,97880318
16590000;74,9;56,331721;43,947855
5562600;21,89;56,24606868;44,04796909
6822000;37,9;56,23986577;43,83607559
10577239;65,23;56,309039;43,895814
9311396;40,66;56,28461981;44,08324076
8390000;19,6;56,33165908;43,94786475
16360850;75,5;56,34173716;43,84456563
9590400;59,2;56,248613;44,048243
9216020;51,4;56,241339;44,079145
8788234;37,52;56,20553;43,89783
8897130;36,29;56,26393551;43,86626459
14127700;41,54;56,31575;44,07297
11187500;62,5;56,34248922;43,87483452
12609999;48,29;56,30219;44,10283
17259500;62,7;56,346691;43,929648
5969000;25,77;56,30292088;43,92679077
12900000;63;56,34634;43,92332
9568000;59,79;56,24606868;44,04796909
7256000;34,81;56,30292088;43,92679077
38843000;125,94;56,323163;44,035586
11884500;71;56,248613;44,048243
14169999;44,43;56,317662;43,971453
9090000;54,09;56,21925;43,8199
13938000;67,91;56,30531709;43,93552226
14530252;83,5;56,267757;44,020746
18244900;55,09;56,31445394;43,98671873
12210000;63,97;56,30135631;44,08432405
6107400;32,4;56,23986577;43,83607559
7174020;43,4;56,326729;44,00697
6690000;32;56,21896442;43,8191828
21976244;58,9;56,31203;43,98025
50094000;108,9;56,32262756;43,98838833
9652500;59,4;56,34287;43,84371
16494720;77,38;56,284208;44,083939
17494337;62,09;56,314057;43,969599
11590000;43,5;56,28337137;44,03038537
9806400;43,2;56,2597542;43,97880318
10540000;60,79;56,301983;43,933465
5847057;23,59;56,206619;43,899036
20143158;81,9;56,316144;44,04004
11703830;48,97;56,31535466;44,07307159
8065112;34,2;56,27948;44,04396
7505344;30,79;56,26862407;44,03502438
13483977;76,3;56,28461981;44,08324076
8960000;43,29;56,34738;43,923997
6482400;29,6;56,248613;44,048243
6006000;32,5;56,23986577;43,83607559
8148280;34,79;56,27948;44,04396
17889500;69,25;56,31575;44,07297
10630064;54,59;56,285791;43,92192
10390000;58,79;56,301983;43,933465
29765400;78,33;56,312848;43,97616
11268000;62,59;56,342399;43,874837
9443574;54,79;56,27856341;44,04353498
15699600;93,44;56,34293;43,832222
6401000;37;56,288639;43,813403
15019999;68,94;56,30243714;44,10379162
7505881;32,52;56,20553;43,89783
11330550;34,65;56,26581118;43,97614632
9523260;57,29;56,206879;43,878404
9610746;54,59;56,27839032;44,04282151
12720000;64,09;56,34634;43,92332
28721156;79,5;56,31122697;44,00286966
8140500;40,5;56,34249;43,8757
8568000;42;56,342399;43,874837
10281636;37,61;56,30433573;44,0063724
13630265;62;56,31076451;43,93833547
8560000;41,09;56,34688242;43,92365884
7595988;30,79;56,28021069;44,0435779
11332398;66;56,26859879;44,02192617
12990000;46,09;56,33161;43,94897
6857200;39,5;56,31279053;43,88630085
9803355;59,84;56,309039;43,895814
11482723;60,79;56,25403985;43,84835189
24759999;89,3;56,317662;43,971453
11188800;59,2;56,342399;43,874837
8685557;68,01;56,30701898;43,84878948
11966357;75,4;56,26862407;44,03502438
9823167;53,2;56,28021069;44,0435779
12044829;72,9;56,26848;44,03505
7125200;37,59;56,34287;43,84371
5594438;34,84;56,218299;44,026776
13134381;59,29;56,3102;44,09525
7733000;40,7;56,24606868;44,04796909
12600000;38,29;56,346631;43,929751
15009154;68,41;56,264368;43,865569
11550600;62,09;56,34248922;43,87483452
10708020;60,59;56,34287;43,84371
5550000;28,53;56,27825381;44,0972248
13412846;79,55;56,34267441;43,83190266
8629880;41,43;56,30925114;43,8959115
44552500;125,5;56,322604;43,98837
16490000;78,9;56,36230958;43,85553498
8053390;36,4;56,27275;44,052807
30168451;94,8;56,311111;44,002892
8180900;40,29;56,34248922;43,87483452
7890296;36,2;56,34263292;43,82861794
16676435;55,59;56,31646209;44,03935848
9160184;48,4;56,213576;44,024286
8130013;37,7;56,343269;43,829027
8270000;38,59;56,301983;43,933465
15157670;65,3;56,31052757;43,93759561
9751500;59,09;56,20607;43,81747
6077500;32,5;56,23986577;43,83607559
8973600;37,38;56,284208;44,083939
8036239;36,29;56,27856341;44,04353498
14672703;83,5;56,26859879;44,02192617
24132112;66,5;56,31203;43,98025
10162600;59,5;56,34287;43,84371
5837680;34,4;56,29172;43,85805
6880961;53,34;56,30701898;43,84878948
27650000;79;56,312315;43,975068
21678086;59,5;56,311111;44,002892
5294116;20,9;56,206619;43,899036
9968400;65,4;56,248613;44,048243
9329789;38,4;56,26393551;43,86626459
7875200;38;56,248613;44,048243
11670343;68,69;56,27275;44,052807
6409200;29,39;56,248613;44,048243
9436990;38;56,27275;44,052807
17543242;65,8;56,3155383;43,97024169
12064800;52,79;56,26386;43,86687
6195000;35;56,24104802;44,08181596
8100000;36,79;56,26167;44,01066
7132780;37,9;56,34287;43,84371
11378685;57,66;56,34293;43,832222
9100000;43,5;56,34688242;43,92365884
15015000;82,5;56,248613;44,048243
7818200;40,29;56,34248922;43,87483452
12904028;55,9;56,26393551;43,86626459
9945000;58,5;56,21162;43,83161
25111726;93,8;56,31643526;44,04015241
9614268;54;56,27841;44,04228
12094879;65,4;56,267757;44,020746
8660000;38,4;56,301947;43,93416
8669900;49,09;56,248613;44,048243
5388234;22,5;56,206619;43,899036
8690000;26,6;56,28337137;44,03038537
36569000;126,09;56,323163;44,035586
12609999;62,79;56,29791554;43,95222999
6246442;23,39;56,2689;44,03516
19089875;73,59;56,3102;44,09525
17679200;51,29;56,313696;43,986405
14241350;72,15;56,305213;43,936778
12697161;55,9;56,26393551;43,86626459
12825820;40,45;56,26581118;43,97614632
5351320;38,2;56,30701898;43,84878948
8342100;40,29;56,342399;43,874837
8392416;36,59;56,27948;44,04396
9640000;42,09;56,33084;43,88186
5449300;38,2;56,30701898;43,84878948
16740000;93;56,26185201;44,01021655
8470000;38,79;56,301947;43,93416
7283400;36,59;56,24606868;44,04796909
11972774;69;56,31076451;43,93833547
5650000;22,2;56,301983;43,933465
7830000;41,34;56,30292088;43,92679077
11559999;46,15;56,30219;44,10283
12548977;51,08;56,28585154;43,92193684
14484830;67,87;56,31575;44,07297
11130000;60,59;56,301947;43,93416
13994640;66,95;56,31535466;44,07307159
16189780;70,66;56,303911;44,000426
9109999;33,38;56,29786;43,953771
8562090;50,09;56,24178286;44,08224511
9627618;54,59;56,27275;44,052807
12729300;84,3;56,24532346;44,05083637
6423200;29,6;56,24626431;44,04936652
9610793;54,4;56,27839032;44,04282151
7870000;29,03;56,30135631;44,08432405
9169187;50,29;56,213576;44,024286
8115823;38,9;56,27856341;44,04353498
11943600;53,79;56,2597542;43,97880318
21687918;61,79;56,31071876;44,00346057
11043760;57,4;56,29794576;43,99971638
6246442;23,39;56,2689;44,03516
10537488;56,29;56,30973766;43,89619555
9435750;54,7;56,210993;43,830581
11020453;65,09;56,27857;44,04323
17290000;74,9;56,331721;43,947855
10544316;53,88;56,28473917;44,08328368
9547669;46;56,25403985;43,84835189
9819600;58,79;56,2455639;44,04924046
16690000;74,5;56,331721;43,947855
10024591;43,13;56,285791;43,92192
10956300;61,9;56,34249;43,8757
36391200;102,8;56,31182985;43,9804979
16400000;61,2;56,31270023;43,98472395
7907769;31,79;56,26848;44,03505
35303262;96,19;56,31203;43,98025
20484000;56,9;56,31182985;43,9804979
9460743;54,29;56,27857;44,04323
9122375;38,4;56,26393551;43,86626459
11572280;59,95;56,28461981;44,08324076
8165000;39,11;56,30531709;43,93552226
10050000;43,18;56,30135631;44,08432405
11018200;61,9;56,34248922;43,87483452
13329999;62,83;56,297006;43,953365
13731471;55,38;56,2847511;44,08343388
8990000;62,09;56,21896442;43,8191828
6640000;23,6;56,36230958;43,85553498
18398947;75,3;56,31643526;44,04015241
10095351;37,61;56,30433573;44,0063724
11830312;59,86;56,28461;44,08362
9156000;32;56,114343;43,494987
10384500;69;56,206879;43,878404
42872000;93,19;56,32262756;43,98838833
8860000;35,2;56,34738;43,923997
9689715;59,84;56,30973766;43,89619555
15893894;68,05;56,30433573;44,0063724
6518200;29,89;56,248613;44,048243
6855390;42,2;56,326729;44,00697
8822840;35,72;56,28461;44,08362
35211000;97;56,31182985;43,9804979
8029899;31,89;56,26879511;44,03422363
14269800;76,09;56,31052757;43,93759561
9622000;56,59;56,20586328;43,81749283
17708589;71,41;56,28447;44,0845
12510000;64,01;56,301196;44,084741
12674466;72,9;56,27275;44,052807
11884800;61,9;56,34248922;43,87483452
31484300;87,69;56,31182985;43,9804979
9810300;61,7;56,248613;44,048243
33913700;119,59;56,31445394;43,98671873
12840000;63;56,34634;43,92332
5449300;38,2;56,30701898;43,84878948
7266000;36,24;56,30292088;43,92679077
5619456,72;34,2;56,192049;43,891147
5807520;33,29;56,24178286;44,08224511
17709999;51,81;56,317662;43,971453
26054400;70,8;56,31203;43,98025
31232800;114,59;56,313696;43,986405
5669400;33;56,29202546;43,85822885
8300000;38,83;56,305213;43,936778
10675808;40,2;56,31052757;43,93759561
11825000;68,75;56,34293;43,832222
11190000;41,4;56,33165908;43,94786475
24624000;68,4;56,31182985;43,9804979
10693620;57,4;56,206879;43,878404
7382900;37,09;56,248613;44,048243
12475000;77,22;56,30322;43,92668
8510000;41,09;56,34688242;43,92365884
35914500;104,09;56,31067;43,98946
11642400;63,18;56,30531709;43,93552226
8295030;30;56,27275;44,052807
7043400;38,7;56,34288029;43,84374421
11884500;71;56,248613;44,048243
27009999;75,48;56,317538;43,972031
27160000;67,9;56,32358424;44,01900592
11290000;65,09;56,36230958;43,85553498
8860000;35,2;56,34634;43,92332
14795782;74,5;56,25397;43,84863
6550400;36,79;56,23986577;43,83607559
17589500;69,25;56,31535466;44,07307159
12411015;54,65;56,264368;43,865569
23534860;77,93;56,314297;43,976513
6631430;37,7;56,31279053;43,88630085
9622000;56,59;56,20607;43,81747
15525048;76,5;56,31076451;43,93833547
11943600;53,79;56,259928;43,978821
24969999;84,23;56,303802;44,100032
10726560;57,29;56,206879;43,878404
11284676;67;56,26848;44,03505
7806334;30,7;56,27275;44,052807
8901000;41,4;56,206879;43,878404
11659999;46,15;56,303802;44,100032
8644733;59,24;56,218299;44,026776
10579999;54,72;56,29791554;43,95222999
14490000;78,9;56,36230958;43,85553498
7308700;37,09;56,24606868;44,04796909
9060000;37,75;56,264368;43,865569
6673781;45,5;56,218299;44,026776
7341175;30,92;56,20553;43,89783
10430316;53,81;56,28461981;44,08324076
10650488;34,18;56,28447;44,0845
7933337;31,7;56,27275;44,052807
7300000,14;47,2;56,192049;43,891147
7813796;29,89;56,2689;44,03516
9610756;54,09;56,27839032;44,04282151
50911500;165,8;56,313696;43,986405
16469845;68,98;56,30422;44,00771
30611600;112;56,313696;43,986405
11723040;68;56,30531709;43,93552226
14939538;61,18;56,28447;44,0845
21619999;66,11;56,317538;43,972031
7726280;46,59;56,29172;43,85805
9156000;54,5;56,24606868;44,04796909
6952000;39,5;56,288639;43,813403
9137800;42,79;56,2597542;43,97880318
5590000;30,29;56,21896442;43,8191828
6327450;38,7;56,29202546;43,85822885
11250056;68;56,27275;44,052807
7430500;40;56,248613;44,048243
17157000;81;56,317093;44,064431
16236110;69,58;56,31575;44,07297
6145750;32,5;56,23986577;43,83607559
20558000;115,09;56,34738;43,923997
8048100;41,7;56,34248922;43,87483452
8221195;42,79;56,34263292;43,82861794
14790000;59,9;56,33161;43,94897
9290000;53,4;56,21925;43,8199
6018993;20,06;56,26393551;43,86626459
10209136;33,09;56,310445;43,938326
6641176;29,6;56,34293;43,832222
26809999;75,48;56,31772789;43,9715093
12285320;54,65;56,26386;43,86687
17830900;51,29;56,31445394;43,98671873
9039999;33,38;56,297006;43,953365
10490000;59,79;56,326305;43,910941
5800000;29,7;56,27825381;44,0972248
9565757;55,59;56,27841;44,04228
20425000;95;56,114343;43,494987
8060725;37,59;56,27857;44,04323
11540000;63,59;56,34738;43,923997
10062400;48,09;56,31575;44,07297
6458400;29,89;56,248613;44,048243
29200662;100,9;56,3132544;43,96930895
11358400;49,59;56,31535466;44,07307159
11624208;67,9;56,27856341;44,04353498
7345000;36,97;56,30292088;43,92679077
9424000;55;56,30292088;43,92679077
32155000;109;56,31055055;43,98939101
13822690;76,58;56,28461;44,08362
9335361;46,59;56,25423;43,848433
13679174;72,9;56,267757;44,020746
7518097;30,26;56,30925114;43,8959115
8095762;37,5;56,27841;44,04228
10090000;44;56,28337137;44,03038537
9565751;55,4;56,27275;44,052807
7941175;36,33;56,206619;43,899036
8340000;41,9;56,301983;43,933465
11049774;67,9;56,27856341;44,04353498
11020453;65,09;56,27275;44,052807
13380000;64,9;56,33084;43,88186
15269112;68,41;56,264368;43,865569
9181424;47,79;56,24678207;43,82688929
11598502;45,41;56,30433573;44,0063724
15459999;67,09;56,30219;44,10283
12211500;72,15;56,305213;43,936778
17233000;62,2;56,346553;43,929761
10170144;42,65;56,26393551;43,86626459
9532537;39,34;56,28388;44,08354
7040320;39,2;56,34287;43,84371
8770000;40,2;56,33086108;43,88152355
9436400;38,04;56,284208;44,083939
8307900;45,9;56,24606868;44,04796909
8260032;37,7;56,34341392;43,82983371
7373000;36,5;56,24606868;44,04796909
8204428;31,15;56,264368;43,865569
9060000;37,75;56,26386;43,86687
12390000;70,8;56,219673;43,817821
10770000;60,4;56,301983;43,933465
9574095;53,9;56,27275;44,052807
8100000;38,45;56,33208495;43,86430596
7590000;35,29;56,326305;43,910941
16017114;77,33;56,28461;44,08362
16282284;67,87;56,30422;44,00771
10726560;57,29;56,241339;44,079145
11135600;57,4;56,297828;43,998842
5944190;34,29;56,24178286;44,08224511
10399998;47,83;56,206619;43,899036
12376980;65,8;56,28461;44,08362
7349999;33,08;56,203071;43,896904
7690000;32;56,362352;43,855645
8918951;34,99;56,264368;43,865569
6629040;37,2;56,31279053;43,88630085
9323600;58,5;56,248613;44,048243
7790000;50,4;56,21925;43,8199
10336200;69;56,206879;43,878404
9443574;54,79;56,27856341;44,04353498
5268900;27,29;56,23986577;43,83607559
7672064;30,79;56,27948;44,04396
10213027;54,5;56,2689;44,03516
11490000;79,4;56,21896442;43,8191828
9690000;56,59;56,21925;43,8199
7188000;34,81;56,30322;43,92668
20992500;78,5;56,346691;43,929648
11606500;69,5;56,2455639;44,04924046
15230000;90,8;56,26167;44,01066
16499999;39,09;56,317538;43,972031
6590000;32;56,22052462;43,82012158
38802498;122,15;56,303802;44,100032
11172000;57;56,29766;43,99764
9749860;61,79;56,326729;44,00697
16470000;93,15;56,301196;44,084741
9882810;40,66;56,284208;44,083939
10973273;65,3;56,27856341;44,04353498
11284676;67;56,26848;44,03505
10192050;40,66;56,284208;44,083939
9562261;55,4;56,27839032;44,04282151
9160184;48,4;56,213576;44,024286
14338310;74,19;56,25403985;43,84835189
18198600;61,9;56,31535466;44,07307159
15710000;85;56,34634;43,92332
56918097;87,34;56,312848;43,97616
7718070;59,83;56,30701898;43,84878948
11624208;67,9;56,27856341;44,04353498
15116961;57;56,3132544;43,96930895
7517941;30,79;56,26848;44,03505
7638180;42,59;56,206879;43,878404
16272683;61,7;56,3155383;43,97024169
8382400;40,29;56,34248922;43,87483452
20231006;78;56,316144;44,04004
30078720;78,33;56,312848;43,97616
11020415;64,69;56,27275;44,052807
23790000;73,19;56,31067;43,98946
22256000;104;56,284208;44,083939
17180000;88,69;56,34738;43,923997
8218875;35;56,28021069;44,0435779
8480006;42,79;56,34272274;43,82913634
11211040;34,18;56,284208;44,083939
11922985;66,09;56,267757;44,020746
16080744;68,84;56,30433573;44,0063724
10652287;58,2;56,27275;44,052807
8120400;41,59;56,248613;44,048243
7590016;33,4;56,343269;43,829027
43469239;102,3;56,32262756;43,98838833
8429764;42,04;56,305213;43,936778
9779000;38,5;56,259928;43,978821
7102057;52,81;56,30701898;43,84878948
17712362;59,7;56,316144;44,04004
6417707;23,39;56,269185;44,03513
9612000;54,84;56,302004;43,925036
8997575;36,65;56,26386;43,86687
6690000;34,29;56,219673;43,817821
7363000;37;56,248613;44,048243
57980000;89,19;56,32262756;43,98838833
11666919;68,4;56,27839032;44,04282151
17589500;69,25;56,31535466;44,07307159
10144080;57,9;56,24189638;44,0811615
18417400;47,09;56,3138159;43,98840316
11020419;65,3;56,27275;44,052807
12490000;73,8;56,21925;43,8199
9443587;54,09;56,27856341;44,04353498
7137000;40,58;56,30292088;43,92679077
8788200;58,2;56,29172;43,85805
16059999;55,29;56,317538;43,972031
7729819;31;56,27948;44,04396
8160000;40,79;56,342399;43,874837
9207519;46,2;56,25397;43,84863
13790000;60;56,28337137;44,03038537
35467300;108,09;56,3138159;43,98840316
8510000;41,09;56,34738;43,923997
8890020;60,59;56,206879;43,878404
9721250;38,5;56,2597542;43,97880318
17190000;74,9;56,33165908;43,94786475
12521418;61,88;56,28473917;44,08328368
16822410;80,48;56,31535466;44,07307159
7447057;32,99;56,206619;43,899036
8875922;27,11;56,30422;44,00771
14654000;43,09;56,30443425;43,99120957
16446800;49,29;56,31445394;43,98671873
9793000;57,15;56,302004;43,925036
13072269;71,4;56,267757;44,020746
9080000;45,29;56,34634;43,92332
23840000;56,75;56,321079;44,002594
13388800;64;56,28376;43,93786
11608400;49,59;56,31575;44,07297
19885000;46,7;56,313696;43,986405
8382400;40,29;56,34249;43,8757
11156200;46,09;56,2597542;43,97880318
12853867;65,19;56,25397;43,84863
23055800;86,3;56,313696;43,986405
15780000;104,9;56,298507;44,089398
5339565;38,81;56,30701898;43,84878948
11690000;65;56,326305;43,910941
6592500;37,5;56,23986577;43,83607559
8242980;42,79;56,34263292;43,82861794
11486849;67,09;56,2689;44,03516
6233500;32,5;56,206879;43,878404
5600000;32;56,20586328;43,81749283
12884279;62,2;56,31076451;43,93833547
9568112;53,9;56,28021069;44,0435779
14212000;37,4;56,31182985;43,9804979
16165414;69,38;56,303911;44,000426
17390000;74,9;56,331721;43,947855
16185789;57,7;56,31657;44,03943
10465571;50,7;56,34293;43,832222
14174408;45;56,3132544;43,96930895
34267200;94,4;56,31182985;43,9804979
12092598;66,09;56,267757;44,020746
16922464;85,63;56,28461981;44,08324076
9095000;54,7;56,248613;44,048243
5993880;20,07;56,26386;43,86687
9610793;54,4;56,27839032;44,04282151
9192125;37,75;56,26386;43,86687
14737450;72,55;56,31575;44,07297
10000000;72,3;56,282062;44,083669
5235000;30;56,24178286;44,08224511
30408500;99,69;56,31055055;43,98939101
17309999;51,75;56,317538;43,972031
16399485;70,43;56,30422;44,00771
17649519;59,7;56,316144;44,04004
8257823;52,79;56,310445;43,938326
13784082;55,38;56,2847511;44,08343388
8214900;41,7;56,34249;43,8757
98630444;306,5;56,3132544;43,96930895
20933640;64,61;56,31535466;44,07307159
10463366;53;56,34263292;43,82861794
15720000;81,8;56,34738;43,923997
8570000;45,59;56,301947;43,93416
9500000;52,65;56,24655326;43,82747589
12430000;59,7;56,33084;43,88186
8854570;44,2;56,25397;43,84863
6973740;38,7;56,34287;43,84371
9189999;50,66;56,203071;43,896904
10890477;53,81;56,28461;44,08362
26793464;65,19;56,32262756;43,98838833
13239999;59,31;56,30219;44,10283
16494720;77,33;56,284208;44,083939
14180000;71,5;56,298573;44,089524
7600571;56,54;56,30701898;43,84878948
8120000;39,5;56,301947;43,93416
8060725;37,59;56,27857;44,04323
7728500;39;56,248613;44,048243
10936332;45,06;56,28585154;43,92193684
8827250;52,7;56,24178286;44,08224511
7471000;32,29;56,248613;44,048243
10083200;54,79;56,248613;44,048243
6259500;32,5;56,206879;43,878404
8078400;39,59;56,34248922;43,87483452
17480320;84,04;56,2847511;44,08343388
6628699;34,09;56,213576;44,024286
9190000;51,9;56,22052462;43,82012158
12260000;63,5;56,33086108;43,88152355
21610320;85,08;56,31535466;44,07307159
13104000;41;56,317093;44,064431
11990000;60,29;56,28337137;44,03038537
11750045;61,29;56,34341392;43,82983371
8652987;28,89;56,3102;44,09525
13421245;56,79;56,31076451;43,93833547
17375700;51,29;56,31445394;43,98671873
11040480;40,59;56,26581118;43,97614632
12720000;64,09;56,34688242;43,92365884
13028400;65,8;56,284208;44,083939
9616400;58;56,34288029;43,84374421
7305000;36,84;56,30292088;43,92679077
8690000;47,09;56,21925;43,8199
8139600;39,9;56,342399;43,874837
15079080;74,12;56,338475;43,866509
5543200;33,79;56,29202546;43,85822885
8480006;42,79;56,34272274;43,82913634
8897130;36,29;56,26386;43,86687
7246053;36,9;56,213576;44,024286
8584964;47,09;56,34263292;43,82861794
7910400;41,2;56,342399;43,874837
7050330;43,4;56,326729;44,00697
9547669;46;56,25397;43,84863
14887423;76,56;56,33208495;43,86430596
16489999;79,58;56,29714;43,95264
24533032;91,3;56,3132544;43,96930895
20063960;76,58;56,26581118;43,97614632
38930000;90,29;56,321079;44,002594
7697000;37;56,248613;44,048243
11490000;67,69;56,36230958;43,85553498
12105000;53,79;56,259928;43,978821
11182550;67,09;56,26862407;44,03502438
11943360;52,79;56,264368;43,865569
10738782;37,63;56,30422;44,00771
11378685;57,66;56,34293;43,832222
7023800;35,9;56,248613;44,048243
13159999;48,79;56,31772789;43,9715093
15526973;74,12;56,338475;43,866509
14298260;76,4;56,28388;44,08354
12319999;54,11;56,29786;43,953771
21469999;62,2;56,303802;44,100032
35150000;77,38;56,32122862;44,00254607
12229800;52,9;56,310445;43,938326
10629670;40,86;56,30433573;44,0063724
42354000;108,59;56,323563;44,01929
6748173;36,09;56,213576;44,024286
8810000;35,2;56,34688242;43,92365884
13940000;72,3;56,34688242;43,92365884
16446800;49,29;56,313696;43,986405
9572500;56;56,248613;44,048243
10990430,78;53;56,30902;43,89671
7206500;36,79;56,248613;44,048243
16440000;93,15;56,301196;44,084741
11304000;62,79;56,34248922;43,87483452
10755004;52;56,343269;43,829027
8230500;31;56,2597542;43,97880318
15230000;84,5;56,34634;43,92332
9856000;56,7;56,302004;43,925036
8195200;41,59;56,34249;43,8757
8037600;40,79;56,34248922;43,87483452
11284676;67;56,26848;44,03505
8860000;43,29;56,34634;43,92332
7830000;37,2;56,301983;43,933465
10761600;60,79;56,342399;43,874837
6517920;36,7;56,288639;43,813403
12389768;65,4;56,26859879;44,02192617
5539000;22,19;56,30322;43,92668
30392040;78,33;56,312315;43,975068
9010925;37,75;56,26386;43,86687
21170000;58;56,31182985;43,9804979
8204428;31,15;56,264368;43,865569
8990000;53,5;56,219673;43,817821
16979999;60,66;56,317662;43,971453
22457263;94,4;56,316144;44,04004
12550000;69,69;56,34738;43,923997
9583000;54,84;56,30292088;43,92679077
9562261;55,4;56,27839032;44,04282151
9430707;39;56,26859879;44,02192617
9443574;54;56,27856341;44,04353498
16049704;88,19;56,25423;43,848433
6193792;23,39;56,2689;44,03516
23990000;112,69;56,331721;43,947855
8080000;39,5;56,301947;43,93416
11490000;37,79;56,331721;43,947855
12590000;60,29;56,28337137;44,03038537
15640000;93,09;56,26185201;44,01021655
16376739;59,7;56,31646209;44,03935848
16264530;61,4;56,3155383;43,97024169
24074500;74,3;56,3138159;43,98840316
12100662;66,09;56,267757;44,020746
8891290;36,65;56,264368;43,865569
9371850;43,59;56,353144;43,825892
12044832;72,8;56,26848;44,03505
23607500;66,5;56,31182985;43,9804979
15228811;72,19;56,31076451;43,93833547
13690000;57,79;56,28337137;44,03038537
23810000;66,09;56,321007;44,002772
7858500;40,29;56,342399;43,874837
10885000;62,09;56,301947;43,93416
8510000;38,2;56,301947;43,93416
16840000;93;56,26183;44,010568
8898760;43,59;56,29794576;43,99971638
11738243;45,41;56,30422;44,00771
12381855;65,4;56,267757;44,020746
10400000;72,3;56,27825381;44,0972248
12690000;67,69;56,326305;43,910941
9738780;57,9;56,206879;43,878404
9443596;54,5;56,27856341;44,04353498
19679220;66,26;56,22432;43,940192
15660332;67,05;56,30433573;44,0063724
9418156;48,4;56,213576;44,024286
8860000;43,29;56,34738;43,923997
14770000;84,9;56,26167;44,01066
18017200;52,79;56,3138159;43,98840316
8323000;40,59;56,342399;43,874837
8190000;32;56,362352;43,855645
12225205;54,65;56,26386;43,86687
6837670;34,11;56,309039;43,895814
11116050;47,45;56,31575;44,07297
7860000;41,09;56,30292088;43,92679077
9135830;52,9;56,288639;43,813403
7795165;31,79;56,26862407;44,03502438
6067750;32,5;56,23986577;43,83607559
34920000;87,27;56,321079;44,002594
13990000;49,09;56,33205902;43,94818418
9160184;48,4;56,213576;44,024286
13600000;77;56,301947;43,93416
10290000;35,4;56,28337137;44,03038537
35420000;101,19;56,31182985;43,9804979
12287680;75,19;56,34288029;43,84374421
10904500;56,5;56,31041608;44,0737578
7729819;31;56,27275;44,052807
10013970;52,9;56,241339;44,079145
5501920;20,07;56,264368;43,865569
7548000;39,36;56,30292088;43,92679077
5223528;20,9;56,206619;43,899036
9193600;55,7;56,248613;44,048243
16359999;55,29;56,317538;43,972031
42316800;121,59;56,31182985;43,9804979
30707000;172,19;56,34738;43,923997
10400000;72,09;56,27825381;44,0972248
14810000;81,09;56,34738;43,923997
10979185;54,65;56,264368;43,865569
7009400;34,7;56,24606868;44,04796909
6294459;23,39;56,26879511;44,03422363
8236800;41,59;56,342399;43,874837
8210000;40;56,301947;43,93416
12426256;65,73;56,28461;44,08362
7326000;37,2;56,30292088;43,92679077
10973256;65,09;56,27856341;44,04353498
11656000;62;56,342399;43,874837
16676435;55,5;56,316144;44,04004
13720850;55,54;56,28447;44,0845
8759323;29,29;56,3102;44,09525
7784269;31,89;56,27275;44,052807
7115500;42,79;56,326729;44,00697
6868800;32,4;56,24606868;44,04796909
11990000;78,9;56,21896442;43,8191828
11541200;48,79;56,2597542;43,97880318
18837000;81;56,114343;43,494987
6533900;29,29;56,248613;44,048243
14851811;68,41;56,26386;43,86687
17919999;60,66;56,317662;43,971453
33101000;79;56,312315;43,975068
7292931;56,54;56,30701898;43,84878948
34795681;109,69;56,31071876;44,00346057
13030000;73,9;56,26167;44,01066
8390000;47,29;56,21896442;43,8191828
15720000;81,8;56,34634;43,92332
9470753;50,09;56,26879511;44,03422363
17471500;63,09;56,346553;43,929761
12147837;72,9;56,26862407;44,03502438
8664162;34,09;56,267757;44,020746
7115500;42,79;56,326729;44,00697
6428500;29,89;56,248613;44,048243
13028062;51,75;56,28447;44,0845
5782763;39,15;56,218299;44,026776
10348400;63,09;56,34249;43,8757
13440000;76,22;56,30117;44,08461
11572441;67;56,2689;44,03516
24803800;89,69;56,31646209;44,03935848
12153398;67;56,26943641;44,03506993
9562241;55,7;56,27839032;44,04282151
11965800;64,76;56,305213;43,936778
6839999;25,36;56,29791554;43,95222999
15333590;61,09;56,26581118;43,97614632
6578000;29,89;56,248613;44,048243
10336000;60,79;56,34249;43,8757
23990000;112,69;56,331721;43,947855
7434005;30,7;56,26862407;44,03502438
14944354;72,5;56,310445;43,938326
8736000;42;56,34248922;43,87483452
6020000;25,77;56,30322;43,92668
12656233;67;56,27275;44,052807
7954678;36,95;56,34267441;43,83190266
11690000;67,69;56,362352;43,855645
9335361;46,59;56,25403985;43,84835189
12501000;77,83;56,302004;43,925036
11203900;61,9;56,34248922;43,87483452
13822690;76,58;56,28461981;44,08324076
15624000;74;56,114343;43,494987
12209999;54,77;56,297006;43,953365
12631000;70,5;56,34634;43,92332
9742990;59,29;56,23986577;43,83607559
9248000;54,4;56,24606868;44,04796909
12190000;69,8;56,36230958;43,85553498
9999206;53,2;56,27275;44,052807
24558200;80,09;56,313696;43,986405
14820400;95,09;56,248613;44,048243
9814063;75,58;56,30639313;43,84588019
13570000;75,55;56,30135631;44,08432405
9101500;55,79;56,248613;44,048243
8019700;40,29;56,34248922;43,87483452
13150800;84,3;56,248613;44,048243
8990000;52;56,21925;43,8199
8875231;27,04;56,30433573;44,0063724
13232520;75,08;56,353144;43,825892
9996000;58,79;56,24626431;44,04936652
6145370;34,7;56,3655588;43,81770045
12622000;77,68;56,302004;43,925036
7732800;37;56,248613;44,048243
16930970;97,08;56,33208495;43,86430596
7912500;38,79;56,248613;44,048243
16530000;93,34;56,30135631;44,08432405
7059708;36,9;56,213576;44,024286
10450000;38;56,346553;43,929761
15277895;49,2;56,316144;44,04004
6658822;27,65;56,206619;43,899036
9690000;56,59;56,21896442;43,8191828
13453000;62,5;56,33208495;43,86430596
9113996;45,7;56,27948;44,04396
6757466;34,11;56,30973766;43,89619555
6186889;31,7;56,213576;44,024286
25986934;66,9;56,31203;43,98025
10980000;58,5;56,301947;43,93416
11049790;67,69;56,27856341;44,04353498
10011763;48,06;56,206619;43,899036
8741220;40,7;56,28021069;44,0435779
8153600;41,59;56,342399;43,874837
73206000;174,3;56,323563;44,01929
10138000;54,79;56,248613;44,048243
9039300;43,5;56,297828;43,998842
7100000;36,79;56,248613;44,048243
20519999;89,3;56,31772789;43,9715093
16198292;68,66;56,30433573;44,0063724
9597054;55,7;56,27275;44,052807
14914200;95,09;56,248613;44,048243
11290000;43,5;56,28337137;44,03038537
8216100;45,9;56,24606868;44,04796909
11703830;48,97;56,31535466;44,07307159
11910000;63,97;56,301196;44,084741
15997045;69,18;56,30433573;44,0063724
10689840;60,59;56,34288029;43,84374421
16958000;69,5;56,31535466;44,07307159
23192227;83,9;56,3102;44,09525
7823528;36,33;56,206619;43,899036
9247204;59,24;56,218299;44,026776
9588240;57,9;56,206879;43,878404
9565738;55,79;56,27841;44,04228
16840000;93;56,26185201;44,01021655
9093200;51;56,248613;44,048243
22303302;70,4;56,311111;44,002892
22390000;49,11;56,32122862;44,00254607
6561440;36,79;56,23986577;43,83607559
20827840;85,12;56,31535466;44,07307159
10289999;55,08;56,29714;43,95264
8490000;19,6;56,33165908;43,94786475
12064800;52,79;56,264368;43,865569
5951880;19,79;56,26393551;43,86626459
8260032;37,7;56,34341392;43,82983371
9914617;42,33;56,28585154;43,92193684
6804090;41,4;56,26131336;43,93982472
13140000;72,3;56,34634;43,92332
7468600;34,9;56,24626431;44,04936652
23490000;91,5;56,33165908;43,94786475
6780000;31,37;56,226179;43,852308
6334400;29,6;56,2455639;44,04924046
7450000;56,54;56,30701898;43,84878948
23360000;58,38;56,32122862;44,00254607
37290000;86,38;56,321079;44,002594
6299092;23,39;56,2689;44,03516
13698220;49,29;56,3155383;43,97024169
11360000;58;56,34738;43,923997
32079999;122,62;56,317538;43,972031
12810000;71,5;56,26185201;44,01021655
6294459;23,39;56,26879511;44,03422363
9117600;52,4;56,288639;43,813403
9690000;46,29;56,28337137;44,03038537
8534400;52,09;56,248613;44,048243
9878400;60;56,248613;44,048243
8408400;42,9;56,34249;43,8757
9500066;46,7;56,25403985;43,84835189
9009400;42,79;56,2597542;43,97880318
6859360;34,4;56,2414005;44,08051777
9281900;31,39;56,31076451;43,93833547
11700000;55,29;56,34688242;43,92365884
22012500;58,7;56,31182985;43,9804979
7130000;34,27;56,225364;43,853181
9150000;43,5;56,34634;43,92332
5590000;31,89;56,21896442;43,8191828
10142635,25;53,34;56,30947;43,89597
5449300;38,2;56,30701898;43,84878948
8480006;42,79;56,34341392;43,82983371
9128891;34,99;56,26386;43,86687
14851811;68,41;56,26393551;43,86626459
8690000;48,7;56,21925;43,8199
12209656;65,4;56,267757;44,020746
7897440;30;56,26879511;44,03422363
6845300;38,5;56,34287;43,84371
11670365;68,09;56,27275;44,052807
13417126;62;56,31076451;43,93833547
7265000;34,81;56,302004;43,925036
12099999;59,79;56,29791554;43,95222999
15905730;61,88;56,22432;43,940192
48219600;109,58;56,312848;43,97616
12162500;69,5;56,24626431;44,04936652
16840000;93;56,26167;44,01066
8836787;39,38;56,30531709;43,93552226
14311144;72,9;56,267757;44,020746
46263750;127,84;56,323163;44,035586
8563381;40;56,30531709;43,93552226
8613410;32,4;56,26879;44,03741
9565745;56,2;56,27841;44,04228
22816390;62,16;56,312848;43,97616
9702000;38,5;56,259928;43,978821
7990000;40,2;56,21896442;43,8191828
13590000;57,79;56,28337137;44,03038537
11931116;66,09;56,26859879;44,02192617
14836800;84,3;56,248613;44,048243
11020415;64,69;56,27857;44,04323
9989999;49,29;56,203071;43,896904
7685430;30;56,27275;44,052807
6878537;52,81;56,30701898;43,84878948
8990000;51,5;56,21925;43,8199
20399390;73,3;56,30986147;44,07436398
8120000;39,09;56,301983;43,933465
22172428;89,8;56,31646209;44,03935848
11470852;61,09;56,28021069;44,0435779
21719000;58,7;56,31182985;43,9804979
8079907;31,5;56,27275;44,052807
14101320;65,73;56,28585154;43,92193684
10956300;61,9;56,342399;43,874837
10810000;42,74;56,237502;43,959121
7644032;34,11;56,309039;43,895814
11569999;54,72;56,297006;43,953365
7880000;40;56,34249;43,8757
11244240;55,2;56,29794576;43,99971638
7263500;37,79;56,248613;44,048243
14828460;66,33;56,31575;44,07297
12157178;66,09;56,26859879;44,02192617
8190000;56;56,21896442;43,8191828
8910000;39;56,26185201;44,01021655
12790000;63,2;56,28337137;44,03038537
5166395;34,75;56,218299;44,026776
18379999;60,66;56,317538;43,972031
8131500;41,7;56,34249;43,8757
9815500;58,59;56,31279053;43,88630085
9330000;46,72;56,225364;43,853181
13919999;44,41;56,317662;43,971453
6210000;34,5;56,3655588;43,81770045
7064400;36,2;56,248613;44,048243
8081760;44,7;56,23986577;43,83607559
8897130;36,29;56,26393551;43,86626459
9345630;57,29;56,24104802;44,08181596
8036250;35,9;56,27856341;44,04353498
11884500;69,5;56,2455639;44,04924046
15560000;93,09;56,26167;44,01066
10380000;59,2;56,301983;43,933465
12951300;51,84;56,30433573;44,0063724
6090000;35,29;56,21925;43,8199
11302200;54,59;56,29766;43,99764
14605948;74,69;56,25403985;43,84835189
20803000;58,59;56,31182985;43,9804979
9614273;54,09;56,27841;44,04228
9819600;58,79;56,2455639;44,04924046
8620000;43,7;56,301947;43,93416
8747244;40,7;56,27275;44,052807
5791500;32,5;56,24104802;44,08181596
7591041;30,2;56,27275;44,052807
7772400;39,4;56,248613;44,048243
23950000;58,38;56,321007;44,002772
10574526;54,5;56,26943641;44,03506993
8139930;35,9;56,27841;44,04228
10200000;72,09;56,282062;44,083669
20262000;92;56,317093;44,064431
8142225;34,79;56,28021069;44,0435779
12075400;71,3;56,248613;44,048243
7602543;30,89;56,30546;43,94094
9067617;40,79;56,28461981;44,08324076
6756720;37,59;56,31279053;43,88630085
9568000;59,79;56,24606868;44,04796909
7632800;37,59;56,24626431;44,04936652
8979281;40;56,30531709;43,93552226
8291676;31,15;56,26386;43,86687
14764000;82,5;56,34634;43,92332
12190000;64;56,36230958;43,85553498
8600000;35;56,26183;44,010568
17390000;74,59;56,33161;43,94897
17334746;71,59;56,31668;44,04003
5581592;34,75;56,218299;44,026776
13698220;49,29;56,3132544;43,96930895
11373800;53,65;56,284208;44,083939
8504120;49,09;56,206879;43,878404
10755004;52;56,343269;43,829027
6963495;53,34;56,30701898;43,84878948
7776210;47,09;56,29202546;43,85822885
10897440;49,75;56,31535466;44,07307159
9167000;51,5;56,2414005;44,08051777
15941263;73,62;56,338475;43,866509
10944000;60,79;56,34248922;43,87483452
9680160;51,59;56,213576;44,024286
15247500;64,19;56,30243141;43,94134696
22041450;50,66;56,312315;43,975068
5544400;33,2;56,29202546;43,85822885
7600571;56,54;56,30701898;43,84878948
8990000;54,2;56,219673;43,817821
18902900;53,5;56,313696;43,986405
8102366;31,6;56,27275;44,052807
6299092;23,39;56,27275;44,052807
15985890;66,45;56,30433573;44,0063724
12158800;53,79;56,2597542;43,97880318
33880000;72,76;56,321079;44,002594
11690000;60,4;56,28337137;44,03038537
9156000;54,5;56,24606868;44,04796909
16991112;79,4;56,310445;43,938326
9864000;54,79;56,2460166;44,05111255
8261492;30,7;56,26943641;44,03506993
9928000;58,4;56,2455639;44,04924046
14184830;67,87;56,31535466;44,07307159
10717645;45,86;56,20553;43,89783
8160800;41,59;56,248613;44,048243
11060000;58;56,34634;43,92332
15829999;39,81;56,317662;43,971453
37432500;108,5;56,31055055;43,98939101
13910000;71,4;56,34738;43,923997
21547500;66,3;56,320253;43,977752
10018200;57,7;56,248613;44,048243
18696000;76,19;56,316144;44,04004
6070053;23,39;56,26862407;44,03502438
10440000;60,9;56,301983;43,933465
8053390;36,4;56,27857;44,04323
8920800;48,4;56,248613;44,048243
13700000;71,79;56,31397;43,87803
9688000;54,72;56,302004;43,925036
9190000;52,9;56,21896442;43,8191828
10755004;52;56,34272274;43,82913634
9791000;56,7;56,302004;43,925036
7115500;42,79;56,26131336;43,93982472
7854000;46,2;56,24532346;44,05083637
12270450;53,7;56,259928;43,978821
5958783;20,06;56,26393551;43,86626459
9248000;55,7;56,248613;44,048243
39753165;107,3;56,314057;43,969599
8530000;38,4;56,301947;43,93416
7113500;34,7;56,24606868;44,04796909
13310000;64,9;56,33084;43,88186
12630000;65,8;56,33086108;43,88152355
8053390;36,4;56,27275;44,052807
12064800;52,79;56,26393551;43,86626459
12638249;66,69;56,26899033;44,03733246
9691150;61,79;56,326729;44,00697
9434100;48,75;56,24678207;43,82688929
10388932;58,2;56,27275;44,052807
19260105;79,9;56,31668;44,04003
14675000;82;56,34634;43,92332
11550000;64,55;56,30135631;44,08432405
10231200;60;56,248613;44,048243
14576469;70,58;56,206619;43,899036
17801812;71,25;56,28447;44,0845
9937200;58,79;56,24626431;44,04936652
11687498;44,45;56,303802;44,100032
10399999;55,08;56,29714;43,95264
14985000;40,5;56,31182985;43,9804979
11286000;57;56,297828;43,998842
12300000;63,77;56,301196;44,084741
6490000;32,09;56,21925;43,8199
9517800;54,7;56,24626431;44,04936652
8854570;44,2;56,25403985;43,84835189
15097500;82,5;56,248613;44,048243
38930000;90,29;56,321007;44,002772
18085080;70,01;56,31575;44,07297
7645000;39,72;56,30322;43,92668
7494000;39,72;56,30292088;43,92679077
6976984,35;36,11;56,30947;43,89597
17490000;66;56,30443425;43,99120957
16514156;51;56,31071876;44,00346057
8901244;48,4;56,213576;44,024286
9261369;40,79;56,28473917;44,08328368
15009154;68,41;56,26386;43,86687
11990000;45,9;56,28337137;44,03038537
9060000;43,29;56,34634;43,92332
5255640;38,2;56,30701898;43,84878948
23139400;91,09;56,288071;43,986008
12190000;63,7;56,326305;43,910941
16860000;91,3;56,34738;43,923997
11860000;76,8;56,301983;43,933465
7690000;32;56,362352;43,855645
68488000;122,3;56,32358424;44,01900592
24282000;68,4;56,31182985;43,9804979
11572441;67;56,2689;44,03516
35787000;79;56,312848;43,97616
11250079;67,9;56,27841;44,04228
13395000;47,29;56,346631;43,929751
12207260;75,4;56,34288029;43,84374421
9749860;61,79;56,326729;44,00697
10380145;39,79;56,3102;44,09525
8756000;39,79;56,34173716;43,84456563
9678600;57,7;56,248613;44,048243
22298500;73,3;56,346631;43,929751
11147440;49,75;56,31575;44,07297
6969760;39,2;56,34287;43,84371
12790000;46,09;56,331721;43,947855
5501946;34,29;56,192049;43,891147
8240000;41,2;56,34248922;43,87483452
12064800;52,79;56,26386;43,86687
11481600;73,59;56,31279053;43,88630085
10851432;53,88;56,28461;44,08362
5811000;21,97;56,30292088;43,92679077
17751965;83,4;56,3102;44,09525
11225210;76,69;56,26131336;43,93982472
5844150;33,29;56,24178286;44,08224511
16680000;94,5;56,301196;44,084741
16758000;84;56,28447;44,0845
6416700;29,29;56,24626431;44,04936652
15058600;51,5;56,31041608;44,0737578
9627618;54,59;56,27948;44,04396
10240000;46,59;56,29863728;44,08843568
11865175;73,65;56,285791;43,92192
11923800;55,59;56,310445;43,938326
7690800;37,7;56,24626431;44,04936652
7990000;52;56,22052462;43,82012158
7858500;40,29;56,34248922;43,87483452
8732000;47,2;56,24626431;44,04936652
9691150;61,79;56,326729;44,00697
12806400;64;56,28376;43,93786
10642634;37,77;56,30422;44,00771
6924150;41,4;56,326729;44,00697
16990000;75,3;56,28337137;44,03038537
9168467;38,4;56,26393551;43,86626459
18585760;68,33;56,26581118;43,97614632
12180000;63,97;56,301196;44,084741
12116780;75,4;56,34287;43,84371
11147544;64,8;56,27275;44,052807
6299092;23,39;56,2689;44,03516
13212250;64,76;56,305213;43,936778
6952000;39,5;56,31279053;43,88630085
11250400;57,4;56,297828;43,998842
18823528;83,94;56,30219;44,10283
9565751;55,4;56,27275;44,052807
36323109;112,4;56,31071876;44,00346057
8065112;34,2;56,27948;44,04396
10238400;64,8;56,20586328;43,81749283
15269112;68,41;56,26393551;43,86626459
16326100;70,25;56,30433573;44,0063724
19632170;85,73;56,31535466;44,07307159
39723925;93,9;56,32262756;43,98838833
7940000;36,79;56,362352;43,855645
6299092;23,39;56,27275;44,052807
19021230;86,09;56,310445;43,938326
9335361;46,59;56,25403985;43,84835189
39686717;108,79;56,3130104;43,97606829
12590000;60;56,28337137;44,03038537
35587500;94,9;56,31182985;43,9804979
8942752;48,09;56,24678207;43,82688929
9790000;48,09;56,31076451;43,93833547
11532000;62;56,34248922;43,87483452
15015000;91;56,34249;43,8757
6696000;37,2;56,31279053;43,88630085
25692534;70,8;56,31203;43,98025
12318933;72,09;56,34263292;43,82861794
13740000;77;56,301947;43,93416
5449300;38,2;56,30701898;43,84878948
8633833;46,4;56,34263292;43,82861794
26100000;98,9;56,31270023;43,98472395
6170000;25,79;56,33086108;43,88152355
8920800;48,4;56,248613;44,048243
8130000;43,4;56,301947;43,93416
8974935;34,99;56,26386;43,86687
8012487;31,79;56,27275;44,052807
23437000;83,9;56,313696;43,986405
16128157;64,3;56,31668;44,04003
6882750;41,4;56,26131336;43,93982472
12750000;73,9;56,26185201;44,01021655
10846818;37,15;56,30422;44,00771
36882990;86,8;56,32262756;43,98838833
6036048;20,07;56,26393551;43,86626459
7589254;30,7;56,26848;44,03505
8836872;48,4;56,213576;44,024286
9672840;58,2;56,23986577;43,83607559
16282284;67,87;56,30422;44,00771
6517280;36,79;56,23986577;43,83607559
26828123;84,13;56,303802;44,100032
8675530;40,7;56,28021069;44,0435779
41072000;120,8;56,31182985;43,9804979
8470000;39,09;56,301947;43,93416
15015000;91;56,342399;43,874837
15540000;93,09;56,26167;44,01066
17640740;71,41;56,2847511;44,08343388
9618000;32,06;56,22432;43,940192
8710000;41,09;56,34634;43,92332
7663761;30,1;56,27275;44,052807
16234998;39,09;56,31772789;43,9715093
9353159;39,2;56,267757;44,020746
8181000;40,5;56,34248922;43,87483452
7902090;30;56,27275;44,052807
13241100;67,91;56,30531709;43,93552226
14074917;83,4;56,26859879;44,02192617
11590000;65,09;56,362352;43,855645
11532000;62;56,34249;43,8757
8191919;41,2;56,34263292;43,82861794
10800000;55,9;56,34688242;43,92365884
31793600;109,9;56,31445394;43,98671873
26800751;78,33;56,3130104;43,97606829
19277830;87,23;56,26581118;43,97614632
10577239,2;65,23;56,30902;43,89671
11930000;64,73;56,30135631;44,08432405
6949421;52,81;56,30701898;43,84878948
11203900;61,9;56,34249;43,8757
12040000;64,09;56,34688242;43,92365884
10595502;53,88;56,28461;44,08362
9986400;58,4;56,2455639;44,04924046
11393200;62,59;56,34249;43,8757
7517941;30,79;56,27275;44,052807
16470000;102,9;56,29863728;44,08843568
44650000;106,33;56,321079;44,002594
6433936;32,59;56,213576;44,024286
10976000;61,2;56,301947;43,93416
16213900;76,3;56,2597542;43,97880318
19789999;84,9;56,303802;44,100032
10144750;59,5;56,34287;43,84371
14933100;76,58;56,284208;44,083939
8140600;40,29;56,342399;43,874837
6590000;30,39;56,21896442;43,8191828
8811093;34,7;56,26879;44,03741
19789999;84,9;56,30243714;44,10379162
8053390;36,4;56,27857;44,04323
6569999;29,8;56,203071;43,896904
6416700;29,29;56,24626431;44,04936652
12057470;66;56,34293;43,832222
11760000;63,97;56,30117;44,08461
7840000;31;56,34634;43,92332
15669984;77,44;56,28461;44,08362
8250000;35,2;56,26183;44,010568
11135600;57,4;56,29794576;43,99971638
22089999;71,3;56,317662;43,971453
12612600;63,18;56,30531709;43,93552226
16962566;64;56,3155383;43,97024169
24361700;85,59;56,313696;43,986405
6136560;32,4;56,23986577;43,83607559
10730000;61,86;56,30322;43,92668
6697000;37;56,210993;43,830581
9920300;59,9;56,248613;44,048243
16267683;76,5;56,31052757;43,93759561
7247000;36,11;56,30322;43,92668
8534400;50,79;56,24606868;44,04796909
9236462;42,34;56,285791;43,92192
6790000;34,09;56,21925;43,8199
9622000;56,59;56,20607;43,81747
9920300;59,9;56,248613;44,048243
11319000;64,76;56,305213;43,936778
10926000;61,2;56,301947;43,93416
9610793;54,4;56,27839032;44,04282151
7729819;31;56,27275;44,052807
10754142;53,65;56,28473917;44,08328368
11113748;43,7;56,303802;44,100032
8004150;36,29;56,26386;43,86687
7404897;27,5;56,26859879;44,02192617
14811763;70,58;56,206619;43,899036
9201567;46,27;56,305213;43,936778
9705960;59,4;56,34288029;43,84374421
8053389;35,79;56,27275;44,052807
17449999;70,65;56,30219;44,10283
11294650;56,9;56,29766;43,99764
16470000;102,9;56,298507;44,089398
8908000;52,4;56,211443;43,831695
14800000;76,08;56,31397;43,87803
8510000;41,09;56,34634;43,92332
10213027;54,5;56,27275;44,052807
6916450;39,5;56,31279053;43,88630085
11486849;67,09;56,27275;44,052807
11420000;58;56,34738;43,923997
10952000;59,2;56,342399;43,874837
5497293;33,34;56,218299;44,026776
16469999;39,11;56,317662;43,971453
7685436;29,89;56,27275;44,052807
6350670;38,7;56,29202546;43,85822885
40637014;121,19;56,31203;43,98025
8163920;31,15;56,26386;43,86687
10041118;45,4;56,30546;43,94094
8224895;35;56,27948;44,04396
6334400;29,6;56,2455639;44,04924046
8806380;36,29;56,26386;43,86687
6223360;35,2;56,3655588;43,81770045
9256500;37,4;56,28376;43,93786
9388080;46,02;56,31535466;44,07307159
36779556;102,8;56,31203;43,98025
11773000;61;56,34248922;43,87483452
5305881;20,85;56,206619;43,899036
11496000;60;56,29794576;43,99971638
10172800;57,79;56,2460166;44,05111255
11929999;59,79;56,29791554;43,95222999
13017400;67,09;56,34248922;43,87483452
20209999;84,9;56,303802;44,100032
33472000;104,59;56,320253;43,977752
7828100;38,29;56,248613;44,048243
8060100;40,09;56,24626431;44,04936652
36219999;104,88;56,31772789;43,9715093
11291029;60,13;56,309039;43,895814
13290000;71,4;56,34738;43,923997
9211977;45,7;56,27948;44,04396
13660000;75,3;56,301196;44,084741
8160000;38,2;56,301983;43,933465
9277740;49,79;56,241339;44,079145
8053384;35,7;56,27275;44,052807
7500000;29,54;56,30135631;44,08432405
11250102;68,3;56,27275;44,052807
6202240;35,2;56,3655588;43,81770045
10594343;39,13;56,303911;44,000426
19943123;67,29;56,31772789;43,9715093
5951880;19,79;56,26386;43,86687
12205500;43,9;56,346631;43,929751
11287076;55,5;56,25403985;43,84835189
11864187;76,19;56,26848;44,03505
8149171;34,99;56,264368;43,865569
7300000;36,5;56,24606868;44,04796909
13339999;59,31;56,30219;44,10283
15253668;59,7;56,314057;43,969599
16522800;71,61;56,303911;44,000426
11529999;53,25;56,29714;43,95264
8346000;37,18;56,30531709;43,93552226
8533240;38,29;56,241339;44,079145
16394373;39,09;56,31772789;43,9715093
8660000;41,09;56,34738;43,923997
18736200;65,19;56,3138159;43,98840316
12848010;40,52;56,26581118;43,97614632
11185686;40,79;56,31052757;43,93759561
9749860;61,79;56,26131336;43,93982472
8019700;40,29;56,342399;43,874837
5993880;20,07;56,26386;43,86687
12800000;63,81;56,31397;43,87803
9305305,82;53;56,30902;43,89671
10490000;60;56,36230958;43,85553498
6590000;30,29;56,219673;43,817821
11466988;67,59;56,27275;44,052807
6748173;36,09;56,213576;44,024286
8328343;42,9;56,25403985;43,84835189
8139930;35,9;56,27841;44,04228
14835868;52;56,3132544;43,96930895
16723879;86,3;56,25403985;43,84835189
26869000;97;56,323163;44,035586
9797920;58,59;56,31279053;43,88630085
8360028;42,79;56,34341392;43,82983371
16758000;84;56,28461981;44,08324076
10881000;55,79;56,35170283;43,86971319
8610000;42;56,34248922;43,87483452
21469999;62,2;56,30219;44,10283
12125190;59,61;56,284208;44,083939
21498500;58,9;56,31182985;43,9804979
8775200;38,75;56,31397;43,87803
11535313;45,59;56,30433573;44,0063724
7874344;29,89;56,26879511;44,03422363
12275922;72,9;56,26848;44,03505
8655431;38,61;56,30531709;43,93552226
10396800;68,4;56,3655588;43,81770045
29990000;112,09;56,33151;43,947614
8260028;36,29;56,34272274;43,82913634
7790000;48,7;56,219673;43,817821
8630000;45,59;56,301947;43,93416
12150000;64,4;56,33086108;43,88152355
7025250;43,5;56,326729;44,00697
11588000;66,06;56,305213;43,936778
11559999;46,15;56,30243714;44,10379162
8053396;35,59;56,27857;44,04323
11086040;40,45;56,26581118;43,97614632
14276600;54,9;56,26581118;43,97614632
6990000;35,4;56,21896442;43,8191828
26939880;63,4;56,32262756;43,98838833
9495090;45,86;56,32789;43,95142
20715000;55,24;56,312848;43,97616
9367200;61,59;56,26131336;43,93982472
12892650;72,15;56,305213;43,936778
7890000;51,9;56,219673;43,817821
9460743;54,29;56,27857;44,04323
11020419;65,3;56,27857;44,04323
5390000;30,5;56,21896442;43,8191828
6246442;23,39;56,2689;44,03516
10388932;58,2;56,27275;44,052807
9614276;54,79;56,27841;44,04228
22012500;58,7;56,31182985;43,9804979
37560000;62,59;56,323563;44,01929
8070000;28,8;56,301196;44,084741
10518471;42,7;56,31076451;43,93833547
13990000;76,56;56,33208495;43,86430596
11324246;69,09;56,27856341;44,04353498
11769999;48,27;56,303802;44,100032
9999000;30;56,317093;44,064431
11910000;63,97;56,30117;44,08461
19475640;59,2;56,31071876;44,00346057
7404897;27,5;56,267757;44,020746
11590000;65,09;56,326305;43,910941
11161300;46,7;56,259928;43,978821
7791000;38,29;56,248613;44,048243
16021000;43,29;56,31182985;43,9804979
6452900;37,29;56,288639;43,813403
8092275;37,5;56,27839032;44,04282151
11932040;59,95;56,284208;44,083939
7028140;28;56,27839032;44,04282151
15009154;68,41;56,26393551;43,86626459
9326008;45,9;56,30546;43,94094
11550600;62,09;56,34249;43,8757
23989213;66,19;56,31122697;44,00286966
10199998;47,41;56,206619;43,899036
11690000;60,29;56,28337137;44,03038537
7356600;36,59;56,24606868;44,04796909
12697161;55,9;56,264368;43,865569
7560000;33,81;56,225364;43,853181
8090000;38,4;56,362352;43,855645
10700800;60,79;56,342399;43,874837
9999206;53,2;56,27948;44,04396
5968404;23,39;56,27275;44,052807
8260032;37,7;56,343269;43,829027
6443536;34,09;56,213576;44,024286
13964014;56,2;56,30986147;44,07436398
6901200;33,7;56,248613;44,048243
8301800;40,29;56,34249;43,8757
48018000;90,59;56,32262756;43,98838833
11670408;68,4;56,27275;44,052807
7900000;36,9;56,301983;43,933465
35224000;125,73;56,323163;44,035586
14002609;83,4;56,267757;44,020746
8920800;48,4;56,248613;44,048243
8090000;38,2;56,301983;43,933465
8683902;37,31;56,28473917;44,08328368
15187020;68,41;56,26393551;43,86626459
6946212;28;56,27856341;44,04353498
9193600;55,7;56,248613;44,048243
7050330;43,4;56,26131336;43,93982472
7990000;26,6;56,28337137;44,03038537
8562549;34,29;56,267757;44,020746
10209136;33,09;56,31052757;43,93759561
11205270;43,13;56,28585154;43,92193684
7132780;37,9;56,34288029;43,84374421
8053834;36,5;56,34263292;43,82861794
7078800;34,7;56,24606868;44,04796909
8526000;42;56,342399;43,874837
14400000;49,29;56,31270023;43,98472395
17168908;64,5;56,3155383;43,97024169
13169999;58,49;56,30219;44,10283
9856000;56,7;56,30322;43,92668
13990000;37,2;56,33161;43,94897
8523931;31,5;56,26943641;44,03506993
11244240;55,2;56,29794576;43,99971638
15649314;80,5;56,31076451;43,93833547
8036240;35,79;56,27856341;44,04353498
9380800;58,5;56,248613;44,048243
6452900;37,29;56,31279053;43,88630085
5959634,95;41;56,192049;43,891147
12190000;38,09;56,33165908;43,94786475
8608338;52,56;56,30973766;43,89619555
11529000;61;56,34249;43,8757
10375000;62,09;56,30292088;43,92679077
9443561;54,59;56,27856341;44,04353498
6356890;23,39;56,26943641;44,03506993
15465000;103,09;56,298507;44,089398
11426400;62,09;56,342399;43,874837
7890000;37,09;56,36230958;43,85553498
12324000;77,38;56,302004;43,925036
14099748;55,38;56,28447;44,0845
6539360;36,79;56,23986577;43,83607559
8142225;34,79;56,28021069;44,0435779
15990000;71,5;56,33161;43,94897
9090000;54,09;56,21896442;43,8191828
10595200;60,2;56,2460166;44,05111255
11738243;47,31;56,303911;44,000426
11115000;57;56,29766;43,99764
9847057;48,11;56,206619;43,899036
13353700;63,86;56,30531709;43,93552226
7335000;36,97;56,30292088;43,92679077
10600000;72,09;56,27825381;44,0972248
5951880;19,79;56,264368;43,865569
13549999;48,79;56,317538;43,972031
8059093;34,2;56,28021069;44,0435779
7664000;39,36;56,30322;43,92668
11011763;50,66;56,20553;43,89783
7115500;42,79;56,26131336;43,93982472
8198800;41,2;56,34248922;43,87483452
12178500;43,5;56,346631;43,929751
8000000;38,45;56,33208495;43,86430596
9690000;45,59;56,28337137;44,03038537
9572000;48,75;56,246863;43,827557
13341287;84,09;56,26859879;44,02192617
15210000;90,8;56,26183;44,010568
10411000;58;56,213576;44,024286
12192011;61,2;56,25423;43,848433
13290334;85,8;56,27948;44,04396
9548000;54,84;56,302004;43,925036
10148991;40,2;56,31076451;43,93833547
5987000;25,43;56,30322;43,92668
12160000;64,09;56,34634;43,92332
12568568;55,9;56,264368;43,865569
9562254;55,59;56,27839032;44,04282151
274155000;78,33;56,312315;43,975068
10060000;57;56,301983;43,933465
11374000;60,5;56,34249;43,8757
6265600;35,2;56,3655588;43,81770045
8591180;38,2;56,206879;43,878404
11572441;67;56,2689;44,03516
10478000;62,09;56,302004;43,925036
9571226;46,66;56,34267441;43,83190266
17339999;70,27;56,30219;44,10283
12390000;70,8;56,21896442;43,8191828
5796400;34,4;56,29202546;43,85822885
9260000;41,09;56,34738;43,923997
7575000;37,5;56,2455639;44,04924046
6829680;39,79;56,24104802;44,08181596
11465350;56,9;56,29766;43,99764
23270000;56,75;56,32122862;44,00254607
16421100;76,19;56,2597542;43,97880318
8215860;44,7;56,23986577;43,83607559
25111726;93,8;56,31657;44,03943
12162600;69,9;56,24626431;44,04936652
7690000;32;56,362352;43,855645
11809954;66,09;56,267757;44,020746
13004000;72,59;56,34688242;43,92365884
7028121;27,89;56,27839032;44,04282151
7363000;37;56,248613;44,048243
6880900;39,5;56,288639;43,813403
12839238;50,86;56,30422;44,00771
17258000;69,5;56,31575;44,07297
8897130;36,29;56,264368;43,865569
20231006;78;56,31668;44,04003
13383030;91,5;56,31076451;43,93833547
17479509;50,66;56,3130104;43,97606829
8116572;36,7;56,30512043;43,93979741
7523010;32,77;56,30973766;43,89619555
12147772;72,8;56,26862407;44,03502438
10210000;59;56,301983;43,933465
14851811;68,41;56,26386;43,86687
13063830;53,27;56,30433573;44,0063724
14338310;74,19;56,25403985;43,84835189
10290000;60;56,248613;44,048243
13212250;62,95;56,30531709;43,93552226
7820000;37,7;56,301983;43,933465
8860000;39;56,26167;44,01066
11132000;60,5;56,342399;43,874837
7199700;30,89;56,24626431;44,04936652
11700731;56,2;56,3102;44,09525
13260000;72,3;56,34634;43,92332
16690000;74,5;56,33161;43,94897
20880000;58;56,31182985;43,9804979
10458330;52,9;56,206879;43,878404
9354800;36,4;56,259928;43,978821
11147551;64,69;56,27275;44,052807
6720000;24,29;56,26167;44,01066
9031900;49,9;56,24529975;44,05240001
7996800;40,79;56,34248922;43,87483452
9590000;45,7;56,28337137;44,03038537
20019200;78,19;56,26581118;43,97614632
17536160;70,63;56,31575;44,07297
8560000;41,5;56,301983;43,933465
26099999;75,48;56,31772789;43,9715093
15890000;61,79;56,331721;43,947855
9814063;75,58;56,30639313;43,84588019
12810000;64,4;56,33084;43,88186
6082642;23,39;56,27275;44,052807
32155000;109;56,31067;43,98946
13153748;56,04;56,30243714;44,10379162
11348800;69,19;56,34248922;43,87483452
8232978;39;56,27857;44,04323
8140300;41,29;56,248613;44,048243
7720750;34,7;56,24189638;44,0811615
8960000;43,29;56,34688242;43,92365884
20306000;57,2;56,31182985;43,9804979
22510000;47,08;56,321079;44,002594
9228690;54,9;56,31279053;43,88630085
9761950;55;56,27275;44,052807
10571876;58,09;56,26879511;44,03422363
10690000;59,79;56,362352;43,855645
12919155;50,7;56,30422;44,00771
12186000;77,38;56,30292088;43,92679077
4860180;20,1;56,206879;43,878404
31825356;87,69;56,31203;43,98025
7890000;51,9;56,21896442;43,8191828
8202184;39,95;56,309039;43,895814
15160433;79,3;56,25403985;43,84835189
17007158;59,4;56,31643526;44,04015241
16342266;43,79;56,31203;43,98025
9758000;56,7;56,30322;43,92668
14970000;81,09;56,34634;43,92332
16209999;39,11;56,317662;43,971453
11270000;49;56,2597542;43,97880318
7733000;40,7;56,24606868;44,04796909
10762560;60,59;56,34287;43,84371
33804000;93,9;56,322604;43,98837
6025523;23,39;56,27275;44,052807
21114000;82,8;56,346691;43,929648
13890000;76,8;56,301947;43,93416
12559795;72,9;56,26879511;44,03422363
8069586;34,4;56,27275;44,052807
12680000;64,9;56,33086108;43,88152355
15639999;39,09;56,317662;43,971453
7136618;45,5;56,218299;44,026776
10724089;64,69;56,27839032;44,04282151
11670365;68,09;56,27275;44,052807
16077500;54,5;56,30443425;43,99120957
11599999;43,7;56,30219;44,10283
14490000;65,59;56,33165908;43,94786475
9583000;57,15;56,30292088;43,92679077
15441082;71,79;56,33208495;43,86430596
10375672;58,09;56,26862407;44,03502438
9025380;36,54;56,28473917;44,08328368
13909999;39,68;56,317538;43,972031
15051800;64,59;56,2597542;43,97880318
7106000;29,92;56,28473917;44,08328368
8115822;39;56,27856341;44,04353498
10063110;53;56,27948;44,04396
8260032;37,7;56,34272274;43,82913634
10790000;58,2;56,362352;43,855645
12944577;44,41;56,31772789;43,9715093
20143158;81,9;56,31668;44,04003
9501800;61,7;56,24532346;44,05083637
13990000;78,9;56,36230958;43,85553498
4613420;21,7;56,24178286;44,08224511
9388620;51,59;56,213576;44,024286
24794000;89,69;56,31646209;44,03935848
14412080;76,66;56,284208;44,083939
12544532;72,8;56,26879511;44,03422363
5600000;28,62;56,27825381;44,0972248
16584000;56,59;56,313696;43,986405
7446608;30,79;56,26848;44,03505
11242400;61,09;56,34248922;43,87483452
24291700;74,3;56,313696;43,986405
7841600;39;56,248613;44,048243
7257000;36,11;56,302004;43,925036
21725000;55;56,31182985;43,9804979
23990000;112,69;56,33165908;43,94786475
24499999;89,3;56,317662;43,971453
11392400;59,95;56,28388;44,08354
36949999;104,88;56,317662;43,971453
5880000;23,79;56,33086108;43,88152355
9936917;50,7;56,34267441;43,83190266
14851811;68,41;56,264368;43,865569
7933338;31,6;56,27275;44,052807
24813600;89,69;56,316144;44,04004
22457263;94,4;56,31646209;44,03935848
8142225;34,79;56,28021069;44,0435779
9574095;53,9;56,27948;44,04396
8119200;40,79;56,34249;43,8757
12192011;61,2;56,25397;43,84863
11351550;56,9;56,29794576;43,99971638
11461230;50,49;56,284208;44,083939
9943915;35,09;56,3102;44,09525
14706946;54,9;56,314057;43,969599
9742680;58,2;56,23986577;43,83607559
7613190;30;56,27275;44,052807
6588400;36,4;56,288639;43,813403
8350000;35,2;56,26183;44,010568
17010000;65,4;56,2375;43,95912
7719250;40,09;56,34287;43,84371
7115500;42,79;56,326729;44,00697
8148280;34,79;56,27275;44,052807
16537500;44,09;56,31182985;43,9804979
9153700;38,29;56,2460166;44,05111255
14294640;66,95;56,31575;44,07297
21490150;95,3;56,2597542;43,97880318
39602474;93,19;56,32262756;43,98838833
9323600;58,5;56,248613;44,048243
11271000;57,79;56,29794576;43,99971638
16822410;80,41;56,31535466;44,07307159
5419185;38,81;56,30701898;43,84878948
9277740;49,79;56,206879;43,878404
18790000;75,3;56,28337137;44,03038537
9777240;59,4;56,34288029;43,84374421
9246300;75,48;56,30701898;43,84878948
30194300;111,5;56,3138159;43,98840316
15150000;90,8;56,26183;44,010568
7292931;56,54;56,30701898;43,84878948
10390000;54,79;56,326305;43,910941
9260000;40,5;56,33084;43,88186
26896000;134,47;56,338475;43,866509
7776000;37,2;56,248613;44,048243
7920874;33,5;56,26862407;44,03502438
9547669;46;56,25403985;43,84835189
9929999;41,47;56,29791554;43,95222999
12232500;43,5;56,346553;43,929761
5427335;33,5;56,192049;43,891147
8335760;34,9;56,27948;44,04396
15360000;92,09;56,26183;44,010568
15951700;45,59;56,3138159;43,98840316
18282000;69,25;56,31535466;44,07307159
5619600;22,29;56,24606868;44,04796909
9547669;46;56,25403985;43,84835189
9796360;59,29;56,23986577;43,83607559
28290000;66,15;56,32122862;44,00254607
10016568;42,65;56,264368;43,865569
21610320;85,08;56,31535466;44,07307159
16460000;91,3;56,34738;43,923997
9527843;46,59;56,25403985;43,84835189
12686390;50,86;56,30433573;44,0063724
22899999;89,3;56,31772789;43,9715093
14606040;61,88;56,26581118;43,97614632
13990000;49,09;56,331721;43,947855
17536160;70,38;56,31575;44,07297
14710000;84,9;56,26167;44,01066
15533408;77,26;56,34267441;43,83190266
6697000;37;56,210993;43,830581
5796000;32,2;56,3655588;43,81770045
18017200;52,79;56,313696;43,986405
9690000;45,7;56,28337137;44,03038537
6476490;28,21;56,30973766;43,89619555
26959999;68,51;56,317662;43,971453
11490000;37,79;56,33165908;43,94786475
10123593;54,5;56,27275;44,052807
14820400;93,8;56,24606868;44,04796909
16465929;71,72;56,303911;44,000426
9725200;59,29;56,23986577;43,83607559
11368680;53,81;56,284208;44,083939
14973200;91,3;56,342399;43,874837
7050330;43,4;56,26131336;43,93982472
11101160;57,4;56,29794576;43,99971638
12625506;50,86;56,30433573;44,0063724
13230000;69,8;56,26167;44,01066
11567818;67;56,26879511;44,03422363
17572560;80,23;56,31535466;44,07307159
16337880;69,81;56,31535466;44,07307159
8705300;52,59;56,3655588;43,81770045
6240420;33,29;56,206879;43,878404
9260812;38,4;56,267757;44,020746
9168467;38,4;56,26386;43,86687
5775250;32,5;56,24104802;44,08181596
8526000;42;56,34249;43,8757
15380000;92,09;56,26183;44,010568
7790000;36,9;56,301983;43,933465
9386250;75,08;56,30701898;43,84878948
17852800;79,69;56,31535466;44,07307159
10080000;43,18;56,30135631;44,08432405
9109999;45,86;56,203071;43,896904
12032238;72,8;56,26862407;44,03502438
15926400;63,2;56,346553;43,929761
12101149;67,09;56,26943641;44,03506993
7098000;39;56,34288029;43,84374421
27728820;78,33;56,312848;43,97616
7455058;57,13;56,30701898;43,84878948
8100300;40,29;56,34248922;43,87483452
6963369;28,2;56,27857;44,04323
11246616;67,9;56,27839032;44,04282151
7430500;40;56,248613;44,048243
9539999;43,97;56,29791554;43,95222999
12240000;63,77;56,30135631;44,08432405
5829113,89;37,2;56,192049;43,891147
17990000;71,4;56,33161;43,94897
16249999;69,01;56,30219;44,10283
18149500;50,09;56,3138159;43,98840316
12332800;75,19;56,34288029;43,84374421
7666058;30,79;56,28021069;44,0435779
10295301;37,66;56,30433573;44,0063724
7590000;38,4;56,326305;43,910941
10443840;68,8;56,29172;43,85805
8679000;55;56,241339;44,079145
12366127;68,75;56,34267441;43,83190266
11884400;73;56,31279053;43,88630085
8761500;53,09;56,288639;43,813403
21177840;85,12;56,31575;44,07297
9614273;54,09;56,27275;44,052807
4510660;20,2;56,24104802;44,08181596
10763000;61,86;56,30322;43,92668
18890000;67,5;56,313696;43,986405
12090000;69,8;56,362352;43,855645
14530252;83,5;56,267757;44,020746
5700000;28,5;56,20607;43,81747
9329789;38,4;56,264368;43,865569
8795250;39,09;56,32791928;43,9515188
9565757;55,59;56,27275;44,052807
15079850;52,7;56,3132544;43,96930895
7525000;35;56,24626431;44,04936652
6837669,5;34,11;56,30947;43,89597
10090000;35,5;56,28337137;44,03038537
8070000;38,2;56,301983;43,933465
5968404;23,39;56,26848;44,03505
17519420;58,79;56,26581118;43,97614632
7563000;39,49;56,30292088;43,92679077
27162488;72,8;56,31203;43,98025
10510000;55,81;56,33260146;43,88200635
7667000;39,72;56,302004;43,925036
14470480;53,54;56,31772789;43,9715093
12389999;59,79;56,297006;43,953365
17649519;59,7;56,31643526;44,04015241
11550600;62,09;56,342399;43,874837
11242400;61,09;56,34249;43,8757
11496000;60;56,29766;43,99764
9198525;75,08;56,30701898;43,84878948
18497780;71,25;56,284208;44,083939
10079999;43,83;56,29791554;43,95222999
27906666;72,8;56,31203;43,98025
11840600;73;56,31279053;43,88630085
11890000;60;56,28337137;44,03038537
11330600;62,59;56,342399;43,874837
8340000;39,7;56,301947;43,93416
9409875;54,54;56,210993;43,830581
8240000;31;56,34634;43,92332
9058822;37,15;56,20553;43,89783
11088744;67,09;56,26848;44,03505
8863800;56,09;56,24532346;44,05083637
12259254;66;56,34267441;43,83190266
8891290;36,65;56,26386;43,86687
8991840;52,4;56,31279053;43,88630085
8097752;31,6;56,26879511;44,03422363
16360850;75,5;56,341317;43,844814
8089800;41,7;56,34248922;43,87483452
5990895;20,06;56,26393551;43,86626459
19721833;81,5;56,3132544;43,96930895
11229045;76,69;56,326729;44,00697
9676700;55;56,28021069;44,0435779
18696000;76,19;56,31668;44,04003
11658100;73;56,31279053;43,88630085
8940690;36,29;56,26386;43,86687
15708000;62,7;56,31657;44,03943
6821650;39,5;56,288639;43,813403
8089800;41,7;56,34249;43,8757
9890000;54,79;56,326305;43,910941
10340000;59,4;56,30236615;43,92655474
8153600;41,59;56,34249;43,8757
10990000;70,69;56,21925;43,8199
10375672;58,09;56,26862407;44,03502438
16606304;84,04;56,2847511;44,08343388
8089147;38,54;56,34293;43,832222
10680250;59,5;56,24189638;44,0811615
12999042;70;56,25403985;43,84835189
8069586;34,4;56,27275;44,052807
13110300;56,09;56,31575;44,07297
9593000;56,7;56,30292088;43,92679077
7600571;56,54;56,30701898;43,84878948
6573240;37,2;56,288639;43,813403
9418695;46,29;56,25403985;43,84835189
5585000;22,1;56,302004;43,925036
6488300;29,89;56,248613;44,048243
17030000;52,4;56,320253;43,977752
8688532;41,08;56,305213;43,936778
14196043;53,79;56,3155383;43,97024169
9749860;61,79;56,26131336;43,93982472
8768420;52,59;56,3655588;43,81770045
8600000;41,5;56,301983;43,933465
10399840;49,75;56,31535466;44,07307159
9341500;54,95;56,210993;43,830581
33370000;88,38;56,321007;44,002772
7658822;34,63;56,206619;43,899036
32201600;92,8;56,31182985;43,9804979
6139999;32,52;56,203071;43,896904
6973740;38,7;56,34288029;43,84374421
13335306;71,4;56,267757;44,020746
5947380;33,29;56,24178286;44,08224511
9190000;53,4;56,219673;43,817821
12638500;37,79;56,346691;43,929648
7213560;38,36;56,353144;43,825892
16267683;76,5;56,310445;43,938326
9416680;28,97;56,284208;44,083939
29251732;50,66;56,312315;43,975068
11510600;42,95;56,26581118;43,97614632
8149171;34,99;56,26386;43,86687
6193792;23,39;56,27275;44,052807
17189473;69,9;56,31668;44,04003
5988888;20,06;56,26393551;43,86626459
11572441;67;56,2689;44,03516
13380000;76,22;56,30117;44,08461
8408970;38,79;56,29794576;43,99971638
8700000;38,75;56,31397;43,87803
13805889;52,97;56,30422;44,00771
10080400;65,3;56,248613;44,048243
9014433;27,04;56,30422;44,00771
6070740;36,2;56,29172;43,85805
13700000;77;56,301947;43,93416
15427498;39,81;56,31772789;43,9715093
13393500;47,79;56,346631;43,929751
12465665;54,65;56,26393551;43,86626459
18696000;76,19;56,31646209;44,03935848
11120000;63;56,301947;43,93416
23990000;112,69;56,33161;43,94897
31577000;121,44;56,323163;44,035586
6232800;29,39;56,2455639;44,04924046
15085700;93,69;56,24606868;44,04796909
16178491;66,45;56,30422;44,00771
5416527;38,2;56,30701898;43,84878948
16798123;51,75;56,31772789;43,9715093
12990000;38,09;56,33165908;43,94786475
7983450;47,09;56,3655588;43,81770045
7470000;32,4;56,34688242;43,92365884
11242100;60,06;56,28461;44,08362
7540000;32;56,36230958;43,85553498
10276000;62,09;56,30292088;43,92679077
16267683;76,5;56,310445;43,938326
7980000;28,98;56,301196;44,084741
13126387;51,75;56,28447;44,0845
6694116;28,19;56,206619;43,899036
12390000;63,7;56,31076451;43,93833547
11092408,76;53;56,30902;43,89671
7008070;36,11;56,309039;43,895814
12690000;73,9;56,26167;44,01066
8190000;56;56,21925;43,8199
8480006;42,79;56,343269;43,829027
7712300;46,59;56,29202546;43,85822885
7300000;36,5;56,24606868;44,04796909
11790000;67,59;56,36230958;43,85553498
7764390;44,7;56,3655588;43,81770045
12275972;72,8;56,27275;44,052807
39753600;121,19;56,31182985;43,9804979
17258000;69,5;56,31575;44,07297
24023244;66,19;56,31203;43,98025
9117457;42,31;56,305213;43,936778
6386940;33,29;56,241339;44,079145
16150638;76,5;56,31076451;43,93833547
12910000;69,69;56,34688242;43,92365884
11327690;58,29;56,29794576;43,99971638
8076000;40,97;56,302004;43,925036
7690000;36,79;56,36230958;43,85553498
12225205;54,65;56,26393551;43,86626459
6299092;23,39;56,27275;44,052807
12980000;72,09;56,29863728;44,08843568
11569999;54,72;56,29786;43,953771
21789999;79,3;56,317662;43,971453
13110000;71,4;56,34634;43,92332
7733000;42,2;56,248613;44,048243
12225205;54,65;56,264368;43,865569
7385400;37,29;56,24606868;44,04796909
9444000;55;56,30292088;43,92679077
20046757;103,94;56,28473917;44,08328368
43757900;93,69;56,322037;44,005573
21292498;83,3;56,30243714;44,10379162
9778300;32,06;56,22432;43,940192
11465350;56,9;56,29794576;43,99971638
8341409;29,29;56,3102;44,09525
19773000;84,5;56,26581118;43,97614632
15717084;66,62;56,30433573;44,0063724
10866000;61,2;56,301947;43,93416
14934147;56,4;56,314057;43,969599
11874600;66,09;56,26859879;44,02192617
5750000;29,7;56,282062;44,083669
10400000;72,3;56,282062;44,083669
9790400;58;56,206879;43,878404
8539994;38,83;56,305213;43,936778
9388669;40,66;56,28461;44,08362
10454710;65,23;56,30925114;43,8959115
9848400;58;56,2414005;44,08051777
7106190;41,09;56,31279053;43,88630085
12507067;55,9;56,26393551;43,86626459
21413700;103,94;56,284208;44,083939
12162600;71,4;56,248613;44,048243
7913276;43,72;56,35337169;43,82571338
6855390;42,2;56,26131336;43,93982472
12579999;60,58;56,29786;43,953771
17089999;60,66;56,31772789;43,9715093
10952940;47,86;56,20553;43,89783
10580836;41,04;56,30433573;44,0063724
6946214;28,39;56,27856341;44,04353498
8142225;34,79;56,28021069;44,0435779
8136456;36,2;56,27839032;44,04282151
13258190;47,29;56,346553;43,929761
7288200;40,49;56,353144;43,825892
6506240;36,79;56,23986577;43,83607559
19853819;62,2;56,31071876;44,00346057
13450000;77,4;56,301947;43,93416
8885220;52,7;56,24178286;44,08224511
6417707;23,39;56,27275;44,052807
7382900;37,09;56,24606868;44,04796909
6949421;52,81;56,30701898;43,84878948
10288960;59,2;56,24189638;44,0811615
19298500;72,09;56,346553;43,929761
14026664;83,5;56,267757;44,020746
8350000;35,2;56,26167;44,01066
15459999;67,09;56,303802;44,100032
6207177;31,7;56,213576;44,024286
14209431;49,79;56,3155383;43,97024169
14837944;83,4;56,267757;44,020746
9300000;44;56,26183;44,010568
5486000;21,1;56,248613;44,048243
9568000;61,2;56,248613;44,048243
43221600;121,5;56,31203;43,98025
9990000;43,5;56,28337137;44,03038537
13169999;48,79;56,317662;43,971453
5990895;20,06;56,26386;43,86687
33366000;99,59;56,31067;43,98946
7263500;36,5;56,24606868;44,04796909
6025523;23,39;56,27275;44,052807
12289200;64,76;56,305213;43,936778
9127801;45,79;56,25403985;43,84835189
11284980;55,4;56,29794576;43,99971638
6082642;23,39;56,26848;44,03505
14790000;65,59;56,33165908;43,94786475
17989500;53,7;56,31067;43,98946
16237500;43,29;56,31182985;43,9804979
9230000;44,59;56,34738;43,923997
14973200;91,3;56,34249;43,8757
6533800;36,4;56,31279053;43,88630085
8430000;38,59;56,301947;43,93416
7890000;36,79;56,362352;43,855645
5097261;33,34;56,218299;44,026776
15382404;53,59;56,3155383;43,97024169
24642000;66,59;56,322604;43,98837
11655132;60,13;56,30925114;43,8959115
16213200;70,8;56,31535466;44,07307159
8690000;35,4;56,28337137;44,03038537
11640000;55,29;56,34634;43,92332
8460000;41,79;56,34738;43,923997
37199894;102,8;56,31203;43,98025
10569291;37,29;56,30433573;44,0063724
14455000;70;56,316434;43,897105
10590000;69,59;56,219673;43,817821
7490000;47;56,21925;43,8199
12190000;69,8;56,36230958;43,85553498
6627680;36,79;56,23986577;43,83607559
11270000;63,7;56,301947;43,93416
12904028;55,9;56,264368;43,865569
9779004;75,3;56,30808817;43,85052507
10757738;40,86;56,30422;44,00771
16638850;77,33;56,284208;44,083939
11900000;72,15;56,305213;43,936778
27800000;99,09;56,31270023;43,98472395
14292550;66,94;56,31575;44,07297
8602320;49,09;56,241339;44,079145
13749939;76,58;56,28461981;44,08324076
20573800;50,18;56,312315;43,975068
14377500;63,9;56,2597542;43,97880318
10080400;63,79;56,24606868;44,04796909
10291971;58,2;56,27275;44,052807
9174065;44,2;56,25403985;43,84835189
15789999;57,34;56,31772789;43,9715093
10942680;77,8;56,26131336;43,93982472
8075200;41,2;56,34249;43,8757
15512008;61,22;56,30422;44,00771
16187593;71;56,303911;44,000426
21143200;104;56,28447;44,0845
7551600;34,79;56,24626431;44,04936652
24290000;83,5;56,28337137;44,03038537
9170000;40,2;56,33084;43,88186
8136445;35,79;56,27839032;44,04282151
8301800;40,29;56,342399;43,874837
5700000;28,62;56,27825381;44,0972248
25199999;92,91;56,303802;44,100032
5890000;35,9;56,21896442;43,8191828
8873864;40,79;56,28461;44,08362
11950100;73;56,31279053;43,88630085
8990000;51,9;56,21925;43,8199
6072500;34,7;56,3655588;43,81770045
12409999;38,95;56,317662;43,971453
9144300;56,09;56,248613;44,048243
7207000;36,24;56,30292088;43,92679077
6962130;38,7;56,34287;43,84371
12190000;69,8;56,219673;43,817821
9371850;43,59;56,353144;43,825892
10029999;53,36;56,29714;43,95264
18144000;74,59;56,316144;44,04004
11157330;57,9;56,29766;43,99764
14660970;54,9;56,22432;43,940192
9622000;56,59;56,20586328;43,81749283
9482351;45,9;56,206619;43,899036
6845490;41,4;56,326729;44,00697
8683902;37,31;56,28461;44,08362
25422000;66,9;56,31182985;43,9804979
6573600;33;56,206879;43,878404
15639999;39,09;56,317538;43,972031
9504579;40,66;56,28473917;44,08328368
8173200;41,7;56,342399;43,874837
7880000;36,9;56,301983;43,933465
8877000;55;56,206879;43,878404
10180450;59,5;56,34288029;43,84374421
13329999;50,9;56,30243714;44,10379162
12162600;69,9;56,24626431;44,04936652
10220000;57,29;56,301983;43,933465
13703190;56,15;56,303911;44,000426
11159999;54,18;56,29791554;43,95222999
28151412;79;56,3130104;43,97606829
16729999;39,09;56,317662;43,971453
7590000;34,5;56,362352;43,855645
9193600;54,4;56,24606868;44,04796909
19977066;70,69;56,31643526;44,04015241
9090488;48,4;56,213576;44,024286
7820738;31,7;56,26862407;44,03502438
6049080;32,4;56,23986577;43,83607559
10123593;54,5;56,27275;44,052807
10274962;57,5;56,27857;44,04323
9380800;57,2;56,24606868;44,04796909
55802800;175,69;56,313696;43,986405
8652000;42;56,34249;43,8757
9579880;55,59;56,27856341;44,04353498
8890000;19,6;56,331721;43,947855
18368513;76,3;56,3132544;43,96930895
12764169;72,8;56,2689;44,03516
7009400;34,7;56,24606868;44,04796909
16859999;39,09;56,317538;43,972031
11989999;59,79;56,29791554;43,95222999
5855010;34,29;56,24178286;44,08224511
11567818;67;56,26879511;44,03422363
25521600;84,09;56,31445394;43,98671873
11540000;63,59;56,34634;43,92332
7505344;30,79;56,26862407;44,03502438
8480030;41;56,343269;43,829027
27869999;75,48;56,317538;43,972031
9158078;23,39;56,310445;43,938326
9103290;57,7;56,26131336;43,93982472
13903844;55,75;56,303911;44,000426
7047170;35,9;56,2414005;44,08051777
7600000;46,33;56,27825381;44,0972248
15848210;61,18;56,284208;44,083939
7195500;36,4;56,248613;44,048243
7538400;34,9;56,24189638;44,0811615
10045139;43,11;56,285791;43,92192
9597027;56,09;56,27857;44,04323
11020430;65,19;56,27275;44,052807
17258000;69,5;56,31575;44,07297
10150000;59,09;56,301947;43,93416
24550712;65,8;56,31203;43,98025
17299999;70,98;56,30219;44,10283
12169999;54,77;56,297006;43,953365
11020423;65,4;56,27275;44,052807
23647094;85,5;56,31643526;44,04015241
13744809;61,83;56,2847511;44,08343388
16137450;76,3;56,2597542;43,97880318
11195098;67,09;56,26848;44,03505
10331200;59,9;56,248613;44,048243
13890000;76,04;56,30135631;44,08432405
11700000;82,44;56,27825381;44,0972248
16849999;39,31;56,317538;43,972031
8003027;38,68;56,30925114;43,8959115
15932600;66,55;56,30433573;44,0063724
9440000;56,7;56,30292088;43,92679077
26449999;75,48;56,31772789;43,9715093
23518400;77,4;56,3138159;43,98840316
28346900;60,7;56,32212221;44,00585602
5650200;21,89;56,24606868;44,04796909
13028000;63,86;56,30531709;43,93552226
7391862;27,5;56,267757;44,020746
23125000;62,5;56,322604;43,98837
10000000;72,3;56,282062;44,083669
7696673;30,79;56,27275;44,052807
12285320;54,65;56,264368;43,865569
9614249;54,29;56,27841;44,04228
9508200;59,79;56,24606868;44,04796909
15749999;70,12;56,30243714;44,10379162
8243100;38,7;56,30512043;43,93979741
9183868;40,79;56,28461;44,08362
17119999;70,98;56,30243714;44,10379162
14259196;76,58;56,28388;44,08354
10377500;59,29;56,34288029;43,84374421
8490000;38,79;56,301947;43,93416
11128320;49,75;56,31535466;44,07307159
11649601;47,7;56,31052757;43,93759561
9500400;36,54;56,284208;44,083939
56070000;133,5;56,32358424;44,01900592
22617600;67,19;56,31445394;43,98671873
7030000;34,2;56,226179;43,852308
9006030;36,29;56,26393551;43,86626459
11711683;62;56,25403985;43,84835189
10724076;64,9;56,27839032;44,04282151
11569999;54,72;56,29786;43,953771
8310124;38,59;56,30531709;43,93552226
7836690;30;56,2689;44,03516
11920000;64,09;56,34634;43,92332
14328916;51,59;56,3132544;43,96930895
17407477;71,59;56,31646209;44,03935848
8053384;35,7;56,27275;44,052807
7732800;37;56,248613;44,048243
10467236;52;56,34263292;43,82861794
10088614;57,7;56,27839032;44,04282151
7600590;30;56,26862407;44,03502438
20046757;103,94;56,28461981;44,08324076
17290000;74,9;56,33165908;43,94786475
7136480;37,59;56,34288029;43,84374421
14867288;79,69;56,25403985;43,84835189
18224000;54,4;56,31067;43,98946
12184640;75,4;56,34288029;43,84374421
31621100;94,8;56,311111;44,002892
5258164;34,95;56,218299;44,026776
7790000;31;56,34688242;43,92365884
16458123;39,81;56,31772789;43,9715093
5166395;34,75;56,218299;44,026776
10390340;45,06;56,28585154;43,92193684
9212220;54,9;56,31279053;43,88630085
9574095;53,9;56,27948;44,04396
15725830;61,83;56,284208;44,083939
11990000;67,69;56,36230958;43,85553498
38262596;103,4;56,31203;43,98025
16770000;55,9;56,3044;43,99143
25971578;63,2;56,32262756;43,98838833
7159040;37,59;56,34287;43,84371
6944500;33,59;56,248613;44,048243
11246616;67,9;56,27839032;44,04282151
7964292;36,29;56,34263292;43,82861794
8580000;38,7;56,301947;43,93416
5892600;32,2;56,3655588;43,81770045
24230800;76,9;56,313696;43,986405
5308196;38,2;56,30701898;43,84878948
10125555;54,5;56,27275;44,052807
17772500;61,9;56,346691;43,929648
6166190;34,7;56,3655588;43,81770045
11177620;60,13;56,30925114;43,8959115
7996096;34,2;56,28021069;44,0435779
16079999;60,66;56,31772789;43,9715093
7190880;42,59;56,24178286;44,08224511
9572500;54,7;56,24626431;44,04936652
7113500;36;56,248613;44,048243
7784269;31,89;56,27948;44,04396
16527000;78,69;56,259928;43,978821
32180882;93,59;56,311111;44,002892
5490540;19,79;56,264368;43,865569
8116400;41,2;56,342399;43,874837
8480000;43,2;56,301947;43,93416
7389000;36,84;56,302004;43,925036
8120000;40,9;56,301983;43,933465
12507067;55,9;56,264368;43,865569
15268510;70,3;56,31052757;43,93759561
7446592;30,7;56,26848;44,03505
12638500;37,79;56,346553;43,929761
8700000;51,22;56,27825381;44,0972248
20871500;84,5;56,26581118;43,97614632
12749000;67,09;56,342399;43,874837
37290000;86,38;56,321007;44,002772
9690300;58,2;56,23986577;43,83607559
47051889;133,6;56,314057;43,969599
9941175;48,11;56,206619;43,899036
11565600;48,79;56,259928;43,978821
6843420;41,4;56,26131336;43,93982472
15972968;68,05;56,30433573;44,0063724
21416593;61;56,31071876;44,00346057
11796200;71,19;56,248613;44,048243
23182280;70,47;56,31575;44,07297
5890000;36,2;56,21925;43,8199
6431880;36,4;56,31279053;43,88630085
11774509,9;60,13;56,30902;43,89671
12568568;55,9;56,26386;43,86687
6845327;36,11;56,309039;43,895814
19545000;78,18;56,26581118;43,97614632
9611100;55,59;56,248613;44,048243
8890000;53,5;56,219673;43,817821
11860000;59,7;56,33086108;43,88152355
10274944;57,4;56,27857;44,04323
17852800;79,69;56,31535466;44,07307159
22040000;58;56,31182985;43,9804979
9104879;46,9;56,25397;43,84863
19980000;54;56,31182985;43,9804979
6106900;34,59;56,3655588;43,81770045
7226720;37,59;56,34288029;43,84374421
5291244;35,59;56,218299;44,026776
7490000;47;56,219673;43,817821
9330404;46,09;56,25403985;43,84835189
10354400;68,8;56,29172;43,85805
10265476;52;56,34263292;43,82861794
10213027;54,5;56,2689;44,03516
8919700;47,9;56,248613;44,048243
8500000;38,75;56,33208495;43,86430596
15490000;69,3;56,28337137;44,03038537
26370000;58,59;56,32358424;44,01900592
11366800;62,79;56,342399;43,874837
12160214;65,4;56,26859879;44,02192617
11734172;59,95;56,28461;44,08362
10230600;57,79;56,2460166;44,05111255
9670320;59,4;56,34288029;43,84374421
15509999;69,01;56,30219;44,10283
17589500;69,25;56,31535466;44,07307159
11304000;62,79;56,34249;43,8757
12157000;77,83;56,30292088;43,92679077
9627618;54,59;56,27275;44,052807
33484728;94,4;56,31203;43,98025
16035505;60,9;56,314057;43,969599
15279999;60,66;56,317538;43,972031
16848480;70,72;56,31575;44,07297
10726538;58,09;56,27275;44,052807
15369999;39,11;56,317662;43,971453
5419185;38,81;56,30701898;43,84878948
30336000;79;56,312848;43,97616
11961750;61,5;56,317233;44,068464
7679700;37,09;56,24626431;44,04936652
10464000;63,9;56,301947;43,93416
9212220;54,9;56,288639;43,813403
7683930;44,7;56,3655588;43,81770045
10249458,19;52,31;56,30947;43,89597
9778800;56,2;56,24626431;44,04936652
10450000;44,09;56,30117;44,08461
6665360;37,7;56,31279053;43,88630085
21529080;85,56;56,31575;44,07297
9607520;59,59;56,34288029;43,84374421
19193701;66,09;56,31643526;44,04015241
8891290;36,65;56,264368;43,865569
10719000;67,5;56,3655588;43,81770045
16165414;68,05;56,30422;44,00771
10190000;53,4;56,36230958;43,85553498
12765356;50,7;56,30433573;44,0063724
17589500;69,25;56,31535466;44,07307159
12008600;61,9;56,34249;43,8757
18200000;64,19;56,312251;43,982531
11221050;46,95;56,31535466;44,07307159
5993880;20,07;56,264368;43,865569
24390000;84,09;56,31445394;43,98671873
10531500;59,5;56,342399;43,874837
12340256;61;56,25397;43,84863
12349289,49;71,65;56,30902;43,89671
17889870;84,04;56,284208;44,083939
5911000;25,54;56,30322;43,92668
9672204;46,59;56,25403985;43,84835189
14839999;53,54;56,317538;43,972031
11883000;69,9;56,2455639;44,04924046
9881600;38,29;56,2597542;43,97880318
10642634;39,13;56,303911;44,000426
11769820;49,22;56,31575;44,07297
7192500;41,09;56,288639;43,813403
9999206;53,2;56,27275;44,052807
9390000;43,5;56,28337137;44,03038537
10157791;57,4;56,27856341;44,04353498
19077996;122,8;56,310445;43,938326
11120700;57;56,29794576;43,99971638
10600000;72,3;56,27825381;44,0972248
6380000;29;56,24626431;44,04936652
9979000;58,7;56,2455639;44,04924046
6482400;29,6;56,24626431;44,04936652
10605035;36,22;56,30433573;44,0063724
10653480;60,59;56,34288029;43,84374421
8562549;34,29;56,267757;44,020746
11831371;67,9;56,27857;44,04323
15113225;61,02;56,30433573;44,0063724
11660000;63;56,34634;43,92332
8990000;62,09;56,219673;43,817821
16413800;49,2;56,313696;43,986405
19462000;52,59;56,32358424;44,01900592
7266000;36,11;56,30292088;43,92679077
10231200;60;56,248613;44,048243
8307900;47,2;56,248613;44,048243
21362000;97,09;56,3044;43,99143
8139930;35,9;56,27275;44,052807
8201200;40,59;56,34249;43,8757
9168467;38,4;56,264368;43,865569
8204428;31,15;56,26386;43,86687
31655000;48,7;56,322604;43,98837
12729300;84,3;56,24532346;44,05083637
9740049;75,01;56,30651799;43,84720161
7813796;29,89;56,2689;44,03516
11480000;55,29;56,34634;43,92332
10174671;53,81;56,28473917;44,08328368
9513000;45,29;56,248613;44,048243
7982792;31,6;56,26848;44,03505
15775500;57,29;56,346691;43,929648
7956000;40,79;56,34249;43,8757
13527360;55,43;56,31535466;44,07307159
8789000;55;56,24178286;44,08224511
16325059;85,9;56,34267441;43,83190266
12589999;54,63;56,30219;44,10283
10032300;65,4;56,248613;44,048243
10242096;57,7;56,27841;44,04228
10614464;37,68;56,30422;44,00771
11133150;46,09;56,259928;43,978821
9158078;23,39;56,31052757;43,93759561
11090000;37,2;56,33205902;43,94818418
10100000;72,02;56,27825381;44,0972248
7705000;39,18;56,30322;43,92668
25620000;73,19;56,31182985;43,9804979
16522800;70,25;56,30422;44,00771
9990000;54,79;56,326305;43,910941
10785568;60,06;56,28461981;44,08324076
24885000;71,09;56,31182985;43,9804979
10640000;58,2;56,36230958;43,85553498
9611100;54,29;56,24626431;44,04936652
18398947;75,3;56,31657;44,03943
8816710;52,7;56,241339;44,079145
9688000;54,72;56,30322;43,92668
6579999;37,09;56,203071;43,896904
21987991;86,09;56,31657;44,03943
26280000;70,08;56,314297;43,976513
20558000;115,09;56,34688242;43,92365884
11225210;76,69;56,26131336;43,93982472
10270000;44,09;56,30135631;44,08432405
8826300;47,9;56,248613;44,048243
9026550;46,29;56,32789;43,95142
11113320;75,08;56,35337169;43,82571338
21312394;62;56,31071876;44,00346057
8221195;42,79;56,34263292;43,82861794
5890000;25;56,36230958;43,85553498
11099280;53,65;56,284208;44,083939
11805800;64,04;56,30531709;43,93552226
11884500;69,5;56,2455639;44,04924046
39000000;311,1;56,279563;43,955856
14212000;37,4;56,31182985;43,9804979
7783200;38,9;56,248613;44,048243
15421082;61,7;56,30422;44,00771
7690000;47;56,21896442;43,8191828
7132790;43,4;56,26131336;43,93982472
7336500;37,79;56,248613;44,048243
7762500;37,5;56,24626431;44,04936652
9594897;69;56,310445;43,938326
8322945;38,7;56,305213;43,936778
11540000;63,59;56,34688242;43,92365884
12919155;50,7;56,30422;44,00771
42812154;101,19;56,32262756;43,98838833
8386414;36,59;56,28021069;44,0435779
5680276,88;33,7;56,192049;43,891147
8034525;31,89;56,27275;44,052807
9720000;55,13;56,302004;43,925036
15519000;73;56,317093;44,064431
7910000;37,09;56,301983;43,933465
6940150;39,5;56,31279053;43,88630085
10638024;45,52;56,28461;44,08362
8779200;48,4;56,248613;44,048243
8108324;38,59;56,30531709;43,93552226
22453200;104;56,284208;44,083939
4383680;20,6;56,24178286;44,08224511
9460746;54;56,27275;44,052807
6736740,73;32,77;56,30947;43,89597
17783232;55,09;56,31071876;44,00346057
19853819;62,2;56,31071876;44,00346057
19892400;82,19;56,346553;43,929761
25620000;73,19;56,31182985;43,9804979
39020760;101,3;56,322604;43,98837
8422700;40,29;56,34249;43,8757
13880925;76,5;56,28461981;44,08324076
8163920;31,15;56,26393551;43,86626459
9828300;55,59;56,248613;44,048243
10349999;55,08;56,29714;43,95264
30705000;89;56,31067;43,98946
7672064;30,79;56,27275;44,052807
7356600;36,59;56,24606868;44,04796909
14543278;83,5;56,267757;44,020746
12165623;38,95;56,31772789;43,9715093
9007812;46,4;56,25397;43,84863
8400000;35,2;56,26167;44,01066
10067760;42,65;56,264368;43,865569
6616640;36,79;56,23986577;43,83607559
6995450;38,5;56,34287;43,84371
14590000;59,9;56,33161;43,94897
9073311;46,66;56,34293;43,832222
10290000;60;56,248613;44,048243
9164540;38,5;56,267757;44,020746
12006250;56,5;56,28376;43,93786
9968200;39,4;56,28461981;44,08324076
9439999;49,22;56,203071;43,896904
8114400;50,4;56,3655588;43,81770045
9562261;55,4;56,27839032;44,04282151
8947950;43,5;56,29794576;43,99971638
12258000;68,09;56,34249;43,8757
12478000;77,68;56,302004;43,925036
15269999;55,29;56,317662;43,971453
12267078;65,4;56,267757;44,020746
8089800;41,7;56,34248922;43,87483452
8190000;54,59;56,219673;43,817821
7192000;31;56,2455639;44,04924046
11726400;69,8;56,2455639;44,04924046
13093401;34,59;56,3155383;43,97024169
10074900;39,04;56,284208;44,083939
8458800;53,2;56,3655588;43,81770045
15414106;76,8;56,310445;43,938326
13230745;66;56,34267441;43,83190266
6550950;36,7;56,31279053;43,88630085
7449600;38,4;56,24606868;44,04796909
10151600;61,9;56,34249;43,8757
5176520;25,39;56,29172;43,85805
9723780;59,4;56,34287;43,84371
9666400;56,2;56,2455639;44,04924046
10801720;54,27;56,284208;44,083939
5203604;38,2;56,30701898;43,84878948
32344900;94,3;56,31182985;43,9804979
20019924;59,2;56,31071876;44,00346057
23045623;72,91;56,30243714;44,10379162
11516800;48,79;56,259928;43,978821
19992960;85,44;56,31535466;44,07307159
8037600;40,79;56,342399;43,874837
15069999;60,66;56,31772789;43,9715093
15353123;39,81;56,31772789;43,9715093
9474960;58,2;56,23986577;43,83607559
32542546;87,69;56,31203;43,98025
7850000;40,25;56,31397;43,87803
10577239;65,23;56,309039;43,895814
17471500;63,09;56,346691;43,929648
10675808;40,2;56,310445;43,938326
9020422;34,99;56,26386;43,86687
9565757;55,59;56,27275;44,052807
11188234;47,86;56,20553;43,89783
8964580;38,04;56,28473917;44,08328368
12086800;73,69;56,34249;43,8757
11040000;58,5;56,301947;43,93416
16707700;69,73;56,31575;44,07297
5730261;20,89;56,34267441;43,83190266
10109999;41,84;56,29786;43,953771
6260800;34,4;56,206879;43,878404
5449300;38,2;56,30701898;43,84878948
8974935;34,99;56,26393551;43,86626459
14290000;60;56,28337137;44,03038537
8760000;39;56,26167;44,01066
14802128;83,5;56,267757;44,020746
60580000;153,77;56,32262756;43,98838833
12162500;71;56,248613;44,048243
7466000;36,84;56,302004;43,925036
16407700;69,73;56,31535466;44,07307159
8549480;34,29;56,267757;44,020746
14241972;61,18;56,2847511;44,08343388
15414106;76,8;56,310445;43,938326
36530150;89,5;56,32262756;43,98838833
15199999;55,29;56,31772789;43,9715093
11881930;73,3;56,23986577;43,83607559
9000701;44,75;56,34293;43,832222
11221000;49;56,259928;43,978821
13750000;74,93;56,301196;44,084741
7227000;36,24;56,30292088;43,92679077
8897130;36,29;56,264368;43,865569
15970000;94,59;56,26185201;44,01021655
11070540;59,75;56,28461981;44,08324076
15806907;77,38;56,28388;44,08354
33305300;97,09;56,31182985;43,9804979
12003680;75,4;56,34287;43,84371
9203150;57,7;56,29202546;43,85822885
9156000;55,79;56,248613;44,048243
5967000;32,5;56,24104802;44,08181596
12118000;77,22;56,30292088;43,92679077
12190000;67,69;56,326305;43,910941
17929999;70,41;56,30219;44,10283
11129600;59,2;56,342399;43,874837
49096320;109,58;56,312315;43,975068
8221195;42,79;56,34263292;43,82861794
12190000;64;56,326305;43,910941
14991550;61,18;56,2847511;44,08343388
5392000;38,2;56,30701898;43,84878948
5993880;20,07;56,26393551;43,86626459
13535100;55,7;56,31535466;44,07307159
6390000;30,2;56,22052462;43,82012158
14517031;74,3;56,25403985;43,84835189
10647810;57,9;56,250091;44,080568
15390000;65,59;56,331721;43,947855
12330000;63,77;56,30135631;44,08432405
7106000;29,92;56,28461;44,08362
9547669;46;56,25397;43,84863
9806400;43,2;56,259928;43,978821
17125666;73,4;56,314057;43,969599
8562789;41,79;56,30531709;43,93552226
13397943;65,73;56,28585154;43,92193684
7591041;30,2;56,26848;44,03505
8640000;41,5;56,301983;43,933465
14550155;54,4;56,3155383;43,97024169
16257584;63,4;56,314057;43,969599
13190000;64;56,36230958;43,85553498
9362000;54,84;56,30292088;43,92679077
47175000;127,84;56,323163;44,035586
22219999;89,3;56,31772789;43,9715093
13799999;62,79;56,297006;43,953365
15781578;40,09;56,31203;43,98025
22099999;79,63;56,317538;43,972031
20181096;71,69;56,3144;43,976444
10265476;52;56,34263292;43,82861794
8900030;46,4;56,34341392;43,82983371
9820954;54,5;56,26879511;44,03422363
10354400;68,8;56,29202546;43,85822885
10661394;45,61;56,28388;44,08354
7696673;30,79;56,27275;44,052807
12090000;69,8;56,362352;43,855645
15606100;54,29;56,3132544;43,96930895
7132790;43,4;56,26131336;43,93982472
8690000;56,59;56,22052462;43,82012158
16271136;69,18;56,30422;44,00771
10897440;49,75;56,31535466;44,07307159
11790000;44;56,28337137;44,03038537
17190000;67,8;56,33165908;43,94786475
7392000;40;56,248613;44,048243
7875000;38,79;56,248613;44,048243
6597500;37,7;56,31279053;43,88630085
19793053;81,4;56,31643526;44,04015241
10355000;62,36;56,30292088;43,92679077
9198525;75,08;56,30701898;43,84878948
15806907;77,38;56,28447;44,0845
9203980;45,7;56,27275;44,052807
12651070;51,22;56,30433573;44,0063724
15039999;62,22;56,303802;44,100032
10957604;53,09;56,27275;44,052807
8249999;34;56,29714;43,95264
27936000;58,2;56,32212221;44,00585602
11511500;65;56,241339;44,079244
5595000;22,1;56,30322;43,92668
16153439;56,79;56,3102;44,09525
14579999;62,22;56,30243714;44,10379162
8150000;38,75;56,31397;43,87803
11097558;55,7;56,25423;43,848433
8559405;68,38;56,30701898;43,84878948
8360000;41,09;56,301947;43,93416
9039300;43,5;56,29794576;43,99971638
19416842;76,9;56,316144;44,04004
8050000;37,7;56,301983;43,933465
12240000;63,77;56,301196;44,084741
13314690;55,7;56,26581118;43,97614632
10790000;59,79;56,362352;43,855645
7743310;40,09;56,34288029;43,84374421
10395200;59,59;56,248613;44,048243
23753200;55,24;56,312315;43,975068
15264980;54,9;56,22432;43,940192
9159999;38,65;56,29791554;43,95222999
8146635;35;56,28021069;44,0435779
8897130;36,29;56,26386;43,86687
13039520;48,79;56,316144;44,04004
10675808;40,2;56,31052757;43,93759561
9218400;38,4;56,26393551;43,86626459
8139921;35,7;56,27841;44,04228
12182040;65,76;56,28388;44,08354
23440000;58,59;56,32358424;44,01900592
7140000;34,72;56,226179;43,852308
44047112;79;56,312848;43,97616
6761597;30,26;56,30925114;43,8959115
14590000;65,59;56,33165908;43,94786475
10667250;49,5;56,259928;43,978821
8897130;36,29;56,26386;43,86687
6944500;32,29;56,24606868;44,04796909
7589254;30,7;56,26848;44,03505
24741137;66,5;56,31122697;44,00286966
6036048;20,07;56,264368;43,865569
7483625;28,75;56,28461981;44,08324076
15490000;65,59;56,33161;43,94897
10490000;54,7;56,362352;43,855645
8974935;34,99;56,26386;43,86687
9093200;50,79;56,24529975;44,05240001
12255684;65,81;56,28461;44,08362
10580322;39,13;56,303911;44,000426
8532130;52,7;56,241339;44,079145
8990000;62,09;56,219673;43,817821
23490000;91,5;56,33161;43,94897
7100000;46,88;56,27825381;44,0972248
18400731;135,3;56,310445;43,938326
6963376;28,5;56,27857;44,04323
9568000;61,2;56,248613;44,048243
9532537;39,34;56,28447;44,0845
9885820;58,59;56,288639;43,813403
13590000;76,04;56,30117;44,08461
8130000;38,2;56,301983;43,933465
8323200;40,79;56,342399;43,874837
8790000;56;56,22052462;43,82012158
12051200;53,79;56,259928;43,978821
10070000;46,81;56,30117;44,08461
7303650;27,6;56,267757;44,020746
5392000;38,2;56,30701898;43,84878948
11006000;61,2;56,301947;43,93416
4811180;20,89;56,24104802;44,08181596
16282284;69,2;56,303911;44,000426
7672848;29,89;56,26862407;44,03502438
10184400;62,09;56,34249;43,8757
9168467;38,4;56,26386;43,86687
14650600;35,79;56,313696;43,986405
11090000;58,2;56,36230958;43,85553498
9562254;55,59;56,27839032;44,04282151
5807750;32,5;56,24104802;44,08181596
11380562;67,09;56,26879511;44,03422363
11790000;67,59;56,362352;43,855645
21609999;71,3;56,317538;43,972031
14850000;81,69;56,34634;43,92332
13040280;65,81;56,284208;44,083939
5550000;28,62;56,27825381;44,0972248
7910400;41,2;56,34249;43,8757
5351320;38,2;56,30701898;43,84878948
20425000;95;56,317093;44,064431
7170000;34,81;56,30292088;43,92679077
8897130;36,29;56,264368;43,865569
11432176;59,86;56,28473917;44,08328368
8168345;37,7;56,34263292;43,82861794
17286500;89,8;56,28376;43,93786
8560000;41,09;56,34738;43,923997
6594990;36,7;56,31279053;43,88630085
9621557;54,59;56,28021069;44,0435779
29990000;133,89;56,33165908;43,94786475
11883000;69,9;56,2455639;44,04924046
12962713;65,4;56,25403985;43,84835189
6962130;38,7;56,34287;43,84371
21763622;55,29;56,31203;43,98025
16393452;68,66;56,30422;44,00771
10063110;53;56,27948;44,04396
8690000;51,7;56,21896442;43,8191828
23990000;112,69;56,331721;43,947855
10291971;58,2;56,26848;44,03505
8100000;40,63;56,31397;43,87803
17259500;62,29;56,346691;43,929648
15790000;65,59;56,331721;43,947855
5890000;35,59;56,219673;43,817821
46665000;103,69;56,323563;44,01929
15230000;84,5;56,34688242;43,92365884
11330600;62,59;56,34248922;43,87483452
20500000;82,9;56,31270023;43,98472395
16137450;76,3;56,2597542;43,97880318
9430000;44,59;56,34688242;43,92365884
13990000;79,19;56,219673;43,817821
8157600;41,2;56,34248922;43,87483452
8112184;39,4;56,27839032;44,04282151
9060000;37,75;56,26386;43,86687
11097558;55,7;56,25397;43,84863
9431602;46,59;56,25403985;43,84835189
8221195;42,79;56,34263292;43,82861794
5991100;33,09;56,23986577;43,83607559
24259268;84,3;56,3155383;43,97024169
19193701;66,09;56,31657;44,03943
16440000;93,34;56,30135631;44,08432405
11632240;59,95;56,28461981;44,08324076
9218400;38,4;56,26386;43,86687
6288750;38,7;56,29202546;43,85822885
8092275;37,5;56,27839032;44,04282151
16522800;70,25;56,30422;44,00771
7670784;33;56,26848;44,03505
7755340;40,09;56,34288029;43,84374421
14496661;54,2;56,3132544;43,96930895
13014540;65,73;56,284208;44,083939
13678860;55,38;56,2847511;44,08343388
23294000;61,29;56,32358424;44,01900592
6642740;37,7;56,288639;43,813403
16185789;57,7;56,31643526;44,04015241
8043580;37,59;56,27856341;44,04353498
11640040;73,3;56,23986577;43,83607559
17510316;70,59;56,316144;44,04004
10230600;57,79;56,2460166;44,05111255
16204253;70,43;56,30433573;44,0063724
21247400;68,25;56,314297;43,976513
25819200;124,51;56,323163;44,035586
8908574;44,7;56,25403985;43,84835189
8307900;47,2;56,248613;44,048243
9200934;39,95;56,309039;43,895814
9520000;56;56,20607;43,81747
9500400;36,54;56,28473917;44,08328368
16740000;93;56,26183;44,010568
11880094;54,59;56,28585154;43,92193684
22862500;66,5;56,31445394;43,98671873
13132800;93;56,35168;43,87031
11492400;62,79;56,34249;43,8757
19283095;88,9;56,31076451;43,93833547
9565751;55,4;56,27841;44,04228
7078800;34,7;56,24606868;44,04796909
11090917;59,86;56,28461981;44,08324076
34580000;91,22;56,32122862;44,00254607
12351000;53,7;56,259928;43,978821
7690000;40,2;56,219673;43,817821
9230000;39,7;56,26167;44,01066
16393452;70,06;56,303911;44,000426
5730261;20,89;56,34267441;43,83190266
9579880;55,59;56,27856341;44,04353498
10375672;58,09;56,26862407;44,03502438
9548000;54,84;56,30322;43,92668
9741600;43,2;56,2597542;43,97880318
9680160;51,59;56,213576;44,024286
7632800;40,59;56,24606868;44,04796909
20325000;54,2;56,31182985;43,9804979
16107498;39,09;56,31772789;43,9715093
11335438;59,95;56,28388;44,08354
15116961;57;56,314057;43,969599
8577120;50,09;56,206879;43,878404
7390000;32;56,36230958;43,85553498
10595502;53,88;56,28388;44,08354
8260032;36,7;56,343269;43,829027
89340000;148,89;56,323563;44,01929
8089800;41,7;56,34249;43,8757
15590000;59,2;56,33165908;43,94786475
8589672;28,97;56,2847511;44,08343388
8728500;55;56,24178286;44,08224511
7010000;34,43;56,225364;43,853181
12151500;43,79;56,346691;43,929648
17122410;80,48;56,31575;44,07297
9986400;59,59;56,248613;44,048243
8075200;41,2;56,34248922;43,87483452
5501920;20,07;56,26386;43,86687
24969999;84,23;56,30243714;44,10379162
8990000;51,9;56,219673;43,817821
8390000;40,2;56,301983;43,933465
4341600;20,1;56,24104802;44,08181596
9565757;55,59;56,27275;44,052807
13210792;72,9;56,26943641;44,03506993
6009300;19,79;56,26393551;43,86626459
33666000;108,59;56,31067;43,98946
11990000;45,59;56,28337137;44,03038537
15015672;72,19;56,31076451;43,93833547
11624193;68,09;56,27856341;44,04353498
8622210;50,09;56,206879;43,878404
12040000;58,2;56,326305;43,910941
8040280;59,83;56,30701898;43,84878948
5211763;21,01;56,206619;43,899036
10820000;60,7;56,301983;43,933465
8139921;35,7;56,27275;44,052807
8826300;47,9;56,248613;44,048243
31904000;99,69;56,31067;43,98946
8136447;35,9;56,27839032;44,04282151
11890000;46,09;56,33165908;43,94786475
6012934;23,39;56,26862407;44,03502438
10571876;58,09;56,26879511;44,03422363
6082642;23,39;56,26848;44,03505
8180400;41,29;56,248613;44,048243
11590000;46,09;56,33165908;43,94786475
6082642;23,39;56,27275;44,052807
12105000;53,79;56,2597542;43,97880318
16519999;39,11;56,317662;43,971453
7853982;32,5;56,26848;44,03505
7022122;28,26;56,31397;43,87803
7790000;37,2;56,301983;43,933465
9672204;46,59;56,25403985;43,84835189
8232990;38,9;56,27857;44,04323
15680000;93,09;56,26183;44,010568
20231006;78;56,31646209;44,03935848
27900000;99;56,312649;43,984924
10640000;61,7;56,301947;43,93416
19279000;59,79;56,313696;43,986405
13386184;76,58;56,28473917;44,08328368
8335760;34,9;56,27948;44,04396
9340111;45;56,25403985;43,84835189
15079850;52,7;56,3155383;43,97024169
10375672;58,09;56,26862407;44,03502438
16273775;68,98;56,30433573;44,0063724
8790000;51,9;56,219673;43,817821
10905881;45,86;56,20553;43,89783
7841600;39;56,248613;44,048243
7768600;37;56,248613;44,048243
12274991;65,4;56,26859879;44,02192617
16085387;68,05;56,30422;44,00771
5499180;20,06;56,26386;43,86687
6081600;36,2;56,29202546;43,85822885
9144300;56,09;56,248613;44,048243
9480515;41,59;56,26899033;44,03733246
7336500;37,79;56,248613;44,048243
10272500;59,9;56,248613;44,048243
10520386;36,36;56,30433573;44,0063724
8640000;41,29;56,301983;43,933465
16404500;76,3;56,2597542;43,97880318
14482822;72,5;56,31076451;43,93833547
10685961;53,81;56,28388;44,08354
6949421;52,81;56,30701898;43,84878948
20014650;50,66;56,312315;43,975068
5539000;22,19;56,302004;43,925036
10982400;57,2;56,35170283;43,86971319
11961600;62,29;56,35170283;43,86971319
6508800;36;56,288639;43,813403
14789102;83,5;56,267757;44,020746
9828300;55,59;56,248613;44,048243
10290000;70,09;56,219673;43,817821
10888168;50,49;56,28388;44,08354
14663203;57,2;56,31668;44,04003
6990000;35,4;56,219673;43,817821
13713750;51,81;56,284208;44,083939
5590000;30,2;56,219673;43,817821
12059254;66;56,34293;43,832222
12360000;63,77;56,30135631;44,08432405
26735050;75,3;56,312848;43,97616
7841405;32,5;56,26862407;44,03502438
12438563;65,09;56,31052757;43,93759561
10353301,06;53,34;56,30947;43,89597
7480000;29,97;56,284208;44,083939
10032300;65,4;56,248613;44,048243
9508200;59,79;56,24606868;44,04796909
25999000;72,69;56,313696;43,986405
13400000;66,37;56,226179;43,852308
10990000;36,09;56,331721;43,947855
12769999;59,9;56,297006;43,953365
15444000;42,9;56,30443425;43,99120957
8890000;51,09;56,21925;43,8199
9149130;51,68;56,353144;43,825892
10090000;62,4;56,21896442;43,8191828
8204428;31,15;56,264368;43,865569
5550000;28,53;56,282062;44,083669
12193155;65,81;56,28388;44,08354
13651691;57,5;56,310445;43,938326
5108400;25,79;56,3655588;43,81770045
14135100;55,7;56,31575;44,07297
12408900;64,04;56,30531709;43,93552226
5500000;28,62;56,27825381;44,0972248
31232800;114,59;56,31445394;43,98671873
30796993;87,3;56,314057;43,969599
8611430;41;56,34293;43,832222
10333358;42,34;56,28585154;43,92193684
11190000;65,09;56,326305;43,910941
10090000;45,59;56,28337137;44,03038537
10574526;54,5;56,26943641;44,03506993
8900030;46,4;56,34341392;43,82983371
18507160;83,4;56,3102;44,09525
17590500;50,59;56,31445394;43,98671873
10468225;58,09;56,26848;44,03505
9047584;47,79;56,24678207;43,82688929
16590000;74,9;56,33161;43,94897
10200000;72,3;56,282062;44,083669
7300000,45;47,5;56,192049;43,891147
7894116;36,25;56,206619;43,899036
13239999;59,31;56,30243714;44,10379162
7373767;27,5;56,267757;44,020746
9508000;52,7;56,205395;43,817017
11120700;57;56,29766;43,99764
7333929;40,22;56,30973766;43,89619555
26936000;72,8;56,31182985;43,9804979
12556800;65,4;56,35168;43,87031
8216100;45,9;56,24606868;44,04796909
8069586;34,4;56,27275;44,052807
6736741;32,77;56,309039;43,895814
10200000;72,09;56,27825381;44,0972248
24989999;89,3;56,317662;43,971453
9578000;55,29;56,30322;43,92668
8597425;39,09;56,27275;44,052807
5600000;28,53;56,27825381;44,0972248
7504000;36,65;56,30292088;43,92679077
6590000;30,39;56,219673;43,817821
9419717;41,7;56,30531709;43,93552226
12568568;55,9;56,26393551;43,86626459
15009154;68,41;56,26393551;43,86626459
10016568;42,65;56,26393551;43,86626459
15070500;76,5;56,284208;44,083939
11490000;44;56,28337137;44,03038537
6120190;33,09;56,24104802;44,08181596
8289147;38,54;56,34267441;43,83190266
9261369;40,79;56,28461;44,08362
7933338;31,6;56,26848;44,03505
9203980;45,7;56,27948;44,04396
10175789;37,72;56,30433573;44,0063724
73080000;174;56,32358424;44,01900592
12900720;65,81;56,284208;44,083939
8433100;49,9;56,24606868;44,04796909
11369250;48,9;56,259928;43,978821
12990000;71,4;56,34738;43,923997
8610000;40,9;56,34634;43,92332
7589999;34,84;56,203071;43,896904
7063840;39,2;56,34288029;43,84374421
9101500;54,5;56,24606868;44,04796909
13039999;59,79;56,297006;43,953365
8152655;35;56,27948;44,04396
15735623;39,81;56,31772789;43,9715093
19204869;79,5;56,3155383;43,97024169
15015000;91;56,34248922;43,87483452
10300000;72,3;56,27825381;44,0972248
12686390;50,86;56,30433573;44,0063724
7853982;32,5;56,26848;44,03505
10649840;49,75;56,31575;44,07297
9122375;38,4;56,264368;43,865569
23736000;77,4;56,313696;43,986405
22706172;84;56,3144;43,976444
35691298;103,3;56,31203;43,98025
11284980;55,4;56,29794576;43,99971638
12390000;70,8;56,219673;43,817821
10426590;47,61;56,31535466;44,07307159
7449600;39,9;56,248613;44,048243
9500000;52,65;56,246863;43,827557
5354423;35,59;56,218299;44,026776
7705881;29,8;56,20553;43,89783
11175042;55,79;56,25397;43,84863
9610758;54;56,27839032;44,04282151
9438000;58,5;56,248613;44,048243
9698400;43,2;56,2597542;43,97880318
9162810;54,9;56,31279053;43,88630085
10689840;60,59;56,34287;43,84371
7568400;37,09;56,2455639;44,04924046
11390000;78,69;56,21896442;43,8191828
12184640;75,4;56,34287;43,84371
37290872;101,9;56,31203;43,98025
9508200;59,79;56,24606868;44,04796909
15197000;91;56,34248922;43,87483452
6190000;36,09;56,219673;43,817821
33412121;98,09;56,31122697;44,00286966
9190000;61,79;56,219673;43,817821
5606400;21,89;56,248613;44,048243
9113400;54,9;56,24606868;44,04796909
8053404;36,09;56,27275;44,052807
7870201;31,6;56,26862407;44,03502438
5419185;38,81;56,30701898;43,84878948
7225000;36,11;56,30322;43,92668
11410740;50,49;56,28473917;44,08328368
16905000;44,09;56,31203;43,98025
10459918;40,2;56,31052757;43,93759561
11279999;42,97;56,30243714;44,10379162
10280000;40,79;56,34688242;43,92365884
18640620;71,25;56,284208;44,083939
8036239;36,29;56,27856341;44,04353498
6790000;34,09;56,219673;43,817821
9160000;43,29;56,34634;43,92332
12275922;72,9;56,27275;44,052807
7577150;33,13;56,309039;43,895814
23490000;91,5;56,33165908;43,94786475
18610000;91,59;56,33084;43,88186
30194300;111,5;56,313696;43,986405
12976189;44,9;56,3102;44,09525
16209999;39,11;56,317538;43,972031
11492400;48,79;56,259928;43,978821
11884500;71;56,248613;44,048243
7190504;54,2;56,30701898;43,84878948
16366350;76,3;56,259928;43,978821
6594560;36,79;56,23986577;43,83607559
9501800;61,7;56,24532346;44,05083637
5392000;38,2;56,30701898;43,84878948
16949999;69,73;56,30219;44,10283
16035505;60,9;56,3132544;43,96930895
8610000;41,09;56,34688242;43,92365884
6137550;34,5;56,3655588;43,81770045
15659390;50,02;56,314297;43,976513
8779600;46,7;56,24626431;44,04936652
56835000;126,3;56,322604;43,98837
13235100;84,3;56,248613;44,048243
11049796;68;56,27856341;44,04353498
11980000;64,09;56,34738;43,923997
7292931;56,54;56,30701898;43,84878948
25812000;95,59;56,323163;44,035586
15111720;63,59;56,310445;43,938326
12193155;65,81;56,28388;44,08354
8527020;50,09;56,24178286;44,08224511
13110000;71,4;56,34688242;43,92365884
14987200;64,59;56,259928;43,978821
9735200;56,59;56,24626431;44,04936652
11876553;55,2;56,31076451;43,93833547
10426590;47,61;56,31535466;44,07307159
27259999;75,48;56,317538;43,972031
8098228,27;38,68;56,30902;43,89671
9101500;54,5;56,24606868;44,04796909
7310800;37,29;56,248613;44,048243
6356890;23,39;56,26943641;44,03506993
11659999;46,15;56,30219;44,10283
21220000;123,31;56,301196;44,084741
9755900;55;56,28021069;44,0435779
21013590;61,09;56,31071876;44,00346057
6985350;38,7;56,34287;43,84371
17100947;59,4;56,31643526;44,04015241
8329999;33,38;56,29791554;43,95222999
10018200;57,7;56,248613;44,048243
16114498;61,2;56,3155383;43,97024169
5659500;33;56,29202546;43,85822885
22007477;89,69;56,31668;44,04003
7215250;43,4;56,326729;44,00697
9504000;56,86;56,30292088;43,92679077
8163920;31,15;56,264368;43,865569
7434776;31,15;56,264368;43,865569
15970000;94,59;56,26183;44,010568
12807480;66,36;56,284208;44,083939
13826598;83,5;56,267757;44,020746
9690000;46,29;56,28337137;44,03038537
6841176;29,6;56,34267441;43,83190266
8036248;35,7;56,27856341;44,04353498
9964704;47,41;56,206619;43,899036
5649024;35,59;56,218299;44,026776
6305673;31,89;56,213576;44,024286
8950036;47,09;56,34341392;43,82983371
10570000;60,79;56,301983;43,933465
7505881;35,7;56,20553;43,89783
17514550;66,4;56,30477071;43,99820672
9299000;54,7;56,211443;43,831695
16309390;69,91;56,31575;44,07297
9967573;32,2;56,31052757;43,93759561
6077500;32,5;56,23986577;43,83607559
11190000;71;56,219673;43,817821
13862780;76,4;56,28461981;44,08324076
15987000;43,79;56,31182985;43,9804979
25060000;52,97;56,321007;44,002772
11608400;49,59;56,31575;44,07297
9160184;48,4;56,213576;44,024286
14331300;77,05;56,284208;44,083939
22780593;91,9;56,314057;43,969599
8732000;47,2;56,24626431;44,04936652
21168000;58,79;56,31182985;43,9804979
16063160;66,62;56,30422;44,00771
17572891;71,41;56,2847511;44,08343388
11129999;54,77;56,29791554;43,95222999
9497800;56,2;56,24626431;44,04936652
14450000;60;56,28337137;44,03038537
9752730;56,79;56,26879511;44,03422363
9809200;54,79;56,2460166;44,05111255
9122400;55,59;56,248613;44,048243
9986400;59,59;56,248613;44,048243
11074000;62;56,301947;43,93416
8189200;34,7;56,241339;44,079145
9632440;61,79;56,26131336;43,93982472
10016568;42,65;56,26386;43,86687
21362000;97,09;56,30443425;43,99120957
5796400;34,4;56,29172;43,85805
8188050;51;56,26131336;43,93982472
45370260;109,58;56,312315;43,975068
10296000;57,2;56,24529975;44,05240001
10080400;63,79;56,24606868;44,04796909
17122410;80,48;56,31575;44,07297
31666000;89,19;56,322604;43,98837
8568000;42;56,34248922;43,87483452
12568568;55,9;56,264368;43,865569
7373767;27,5;56,26859879;44,02192617
7349999;23,62;56,297006;43,953365
10004000;61;56,342399;43,874837
12835080;73,01;56,353144;43,825892
13620000;76,33;56,30135631;44,08432405
20429999;59,33;56,317662;43,971453
8990000;56,5;56,219673;43,817821
9826810;55,29;56,316434;43,897105
43430000;96,5;56,321007;44,002772
17852800;79,69;56,31535466;44,07307159
7067340;42,59;56,24178286;44,08224511
12289200;63,18;56,30531709;43,93552226
13034020;55,93;56,31535466;44,07307159
9107964;45,7;56,28021069;44,0435779
15721062;54,7;56,3155383;43,97024169
10711298;37,02;56,30433573;44,0063724
13339500;47,79;56,346631;43,929751
8527200;40,79;56,34249;43,8757
11690000;43,5;56,28337137;44,03038537
14835868;52;56,3155383;43,97024169
17060000;88,19;56,33086108;43,88152355
9160000;43,29;56,34688242;43,92365884
5379745;38,31;56,30701898;43,84878948
9621557;54,59;56,28021069;44,0435779
45278250;124,05;56,323163;44,035586
37560000;62,59;56,32358424;44,01900592
6160000;35,2;56,3655588;43,81770045
12162500;69,5;56,24626431;44,04936652
12566400;67,19;56,34249;43,8757
12008600;61,9;56,342399;43,874837
9101500;55,79;56,248613;44,048243
29660000;72,3;56,321007;44,002772
28464743;98,19;56,314057;43,969599
10054800;58,79;56,24626431;44,04936652
8695000;42,31;56,305213;43,936778
5211763;21,01;56,206619;43,899036
28035000;89;56,31067;43,98946
15190000;90,8;56,26183;44,010568
11419999;53,25;56,29714;43,95264
10575000;45;56,2597542;43,97880318
32482100;94,69;56,31182985;43,9804979
9060000;37,75;56,264368;43,865569
18306000;61,59;56,346553;43,929761
12032238;72,8;56,26862407;44,03502438
11739000;61,59;56,35168;43,87031
8708700;37,7;56,2460166;44,05111255
10079999;53,36;56,29714;43,95264
10217200;62,29;56,34248922;43,87483452
8290000;19,6;56,33165908;43,94786475
11380000;55,72;56,33260146;43,88200635
15466000;40,7;56,31182985;43,9804979
7612500;37,5;56,2455639;44,04924046
5694000;21,89;56,248613;44,048243
7801698;30,7;56,26879511;44,03422363
24893558;90,9;56,31646209;44,03935848
17872560;80,23;56,31575;44,07297
8115822;39;56,27856341;44,04353498
5900000;23,6;56,301983;43,933465
10652287;58,2;56,2689;44,03516
9005160;60,59;56,241339;44,079145
15559500;47,15;56,31535466;44,07307159
8095762;37,5;56,27275;44,052807
7400000;33,61;56,226179;43,852308
10700000;72,09;56,27825381;44,0972248
8850765;53,34;56,30973766;43,89619555
9868640;59,2;56,34287;43,84371
5617000;21,97;56,30322;43,92668
9443584;54,29;56,27856341;44,04353498
9751500;59,09;56,20586328;43,81749283
6135320;32,59;56,23986577;43,83607559
11082820;60,2;56,206879;43,878404
7031612;28;56,27275;44,052807
5145580;20,89;56,206879;43,878404
16365078;63;56,316144;44,04004
6482400;29,6;56,24626431;44,04936652
6023528;25,67;56,206619;43,899036
7900000;40,29;56,301947;43,93416
25871047;110,09;56,3102;44,09525
6428500;29,89;56,248613;44,048243
20078400;85,44;56,31535466;44,07307159
10079999;53,36;56,29714;43,95264
10016568;42,65;56,264368;43,865569
5830000;23,6;56,301983;43,933465
20484000;56,9;56,31182985;43,9804979
17180000;62;56,346691;43,929648
22780593;91,9;56,3132544;43,96930895
10670000;60,4;56,301983;43,933465
6594990;36,7;56,288639;43,813403
16204253;70,43;56,30433573;44,0063724
7292437;28,75;56,28473917;44,08328368
7920000;40;56,342399;43,874837
8260000;38,79;56,301947;43,93416
12550000;64,19;56,30117;44,08461
9114240;60,59;56,24104802;44,08181596
7758273;30,79;56,26879511;44,03422363
12232500;43,5;56,346691;43,929648
9316718;75,48;56,30701898;43,84878948
11390000;67,69;56,326305;43,910941
10468225;58,09;56,27275;44,052807
10200000;40,9;56,34688242;43,92365884
7470000;32,4;56,34738;43,923997
9010925;37,75;56,264368;43,865569
11410590;36,95;56,284208;44,083939
10292476;54,7;56,27275;44,052807
25962800;55,24;56,312848;43,97616
12127800;57,4;56,31052757;43,93759561
11143480;45,66;56,284208;44,083939
14846913;51,79;56,3132544;43,96930895
6211763;25,67;56,206619;43,899036
17190000;74,9;56,331721;43,947855
9479999;30,46;56,303802;44,100032
10275000;61,86;56,30292088;43,92679077
9090000;51,9;56,219673;43,817821
9017780;38;56,26899033;44,03733246
10881000;57,2;56,35168;43,87031
41210000;104,61;56,32262756;43,98838833
6560739;49,63;56,218299;44,026776
13600000;75,3;56,301196;44,084741
7374090;30,44;56,30973766;43,89619555
7113500;36,09;56,248613;44,048243
13210000;75,3;56,30117;44,08461
7850000;37,59;56,301983;43,933465
8035374;31,6;56,27275;44,052807
11246616;67,9;56,27839032;44,04282151
5988234;25,67;56,206619;43,899036
11884400;73;56,288639;43,813403
8202450;44,7;56,23986577;43,83607559
11030000;60,79;56,301947;43,93416
5950000;29,7;56,27825381;44,0972248
15084405;68,41;56,264368;43,865569
19474050;68,33;56,26581118;43,97614632
10130000;46,31;56,30135631;44,08432405
9330405;46,09;56,25423;43,848433
7591039;30,1;56,27275;44,052807
14934147;56,4;56,3132544;43,96930895
14437841;49,59;56,3132544;43,96930895
5308196;38,2;56,30701898;43,84878948
24370050;89,8;56,316144;44,04004
16588965;76,5;56,31052757;43,93759561
10000000;72,3;56,27825381;44,0972248
12078100;53,79;56,2597542;43,97880318
13747500;42,29;56,320026;43,977679
11221050;46,95;56,31535466;44,07307159
11272080;67;56,26862407;44,03502438
7782693;49,63;56,218299;44,026776
11943360;52,79;56,264368;43,865569
25549999;75,48;56,317662;43,971453
7699999;37,15;56,203071;43,896904
9597042;55,79;56,27857;44,04323
7505344;30,79;56,26862407;44,03502438
16199999;55,29;56,317662;43,971453
13217139;71,4;56,26859879;44,02192617
25476150;127,69;56,302203;43,94123
7602025;30,79;56,27275;44,052807
15380000;92,09;56,26185201;44,01021655
26244000;97,19;56,323163;44,035586
7102057;52,81;56,30701898;43,84878948
9579839;56,29;56,27856341;44,04353498
11997400;53,79;56,2597542;43,97880318
12645000;84,3;56,24532346;44,05083637
9574095;53,9;56,27275;44,052807
10254015;60,29;56,27275;44,052807
9353159;39,2;56,267757;44,020746
12120000;63,97;56,301196;44,084741
10490000;36;56,33165908;43,94786475
8990000;51,9;56,21925;43,8199
12300000;64,19;56,301196;44,084741
13749939;76,58;56,28461981;44,08324076
8974935;34,99;56,26386;43,86687
8546781;32,2;56,26899033;44,03733246
7690800;37,7;56,24626431;44,04936652
10073101;53,59;56,27948;44,04396
10218400;53;56,206879;43,878404
7050330;43,4;56,26131336;43,93982472
24716000;66,8;56,31182985;43,9804979
7950000;28,98;56,301196;44,084741
19987500;53,29;56,31055055;43,98939101
11378320;49,68;56,31575;44,07297
11767938;67,09;56,31076451;43,93833547
15233408;77,26;56,34293;43,832222
15802000;56,79;56,346691;43,929648
12190000;69,8;56,326305;43,910941
22755680;84,87;56,31575;44,07297
7590000;34,5;56,36230958;43,85553498
7930000;37,09;56,301983;43,933465
11090000;65,09;56,36230958;43,85553498
12075400;69,8;56,24626431;44,04936652
8299773;33,65;56,30925114;43,8959115
10593000;49,5;56,2597542;43,97880318
16606304;84,04;56,28447;44,0845
29815000;89;56,31067;43,98946
9749860;61,79;56,26131336;43,93982472
6763380;37,7;56,23986577;43,83607559
12589999;53,43;56,29786;43,953771
9827048;75,68;56,30651799;43,84720161
15268510;70,3;56,310445;43,938326
7686000;39,36;56,30322;43,92668
11670343;68,69;56,27275;44,052807
9543215;40,66;56,28473917;44,08328368
9378300;51,59;56,213576;44,024286
12579999;60,58;56,29786;43,953771
10440000;46,59;56,298507;44,089398
9377000;48,09;56,24655326;43,82747589
8939999;41,7;56,29714;43,95264
9908427;54,5;56,26879511;44,03422363
8641400;37,06;56,31397;43,87803
8483600;52,09;56,248613;44,048243
14672703;83,5;56,267757;44,020746
9209200;57,2;56,3655588;43,81770045
9611100;54,29;56,24626431;44,04936652
11178400;62,79;56,34249;43,8757
35900640;93,19;56,322604;43,98837
11320150;53,65;56,28473917;44,08328368
11476901;61,09;56,27275;44,052807
9552000;61;56,248613;44,048243
17100000;88,69;56,34688242;43,92365884
8102366;31,6;56,2689;44,03516
5933640;20,07;56,26386;43,86687
7590000;34,5;56,326305;43,910941
12510300;56,09;56,31535466;44,07307159
21429999;77,87;56,317662;43,971453
12919155;50,7;56,30422;44,00771
11182550;67,09;56,26862407;44,03502438
38200000;86,16;56,321007;44,002772
15859999;39,83;56,317662;43,971453
7351500;37,7;56,248613;44,048243
8140600;40,29;56,34248922;43,87483452
15428644;73,65;56,28585154;43,92193684
35550000;79;56,312848;43,97616
8721080;52,59;56,3655588;43,81770045
11469150;34,65;56,22432;43,940192
12568568;55,9;56,26393551;43,86626459
10586306;45,66;56,28473917;44,08328368
5606400;21,89;56,248613;44,048243
4639040;22,39;56,24178286;44,08224511
9371226;46,66;56,34293;43,832222
6944500;32,29;56,24606868;44,04796909
8585200;52,09;56,248613;44,048243
10202580;47,61;56,31575;44,07297
12501000;77,83;56,30322;43,92668
11340000;60,4;56,301947;43,93416
8020000;37,09;56,301983;43,933465
6340000;23,6;56,362352;43,855645
10300000;72,02;56,282062;44,083669
8000000;38,75;56,31397;43,87803
13235100;84,3;56,248613;44,048243
12900000;63,81;56,31397;43,87803
12079999;60,97;56,29714;43,95264
10619600;38,2;56,346631;43,929751
19902645;70,69;56,316144;44,04004
13191798;71,59;56,267757;44,020746
12410000;76;56,301983;43,933465
10591000;59,5;56,34248922;43,87483452
13232520;75,08;56,353144;43,825892
25234374;77,44;56,30219;44,10283
24325979;70;56,31071876;44,00346057
7363000;37;56,24606868;44,04796909
9068100;54,29;56,24606868;44,04796909
9319999;45,86;56,203071;43,896904
9109999;41,77;56,29791554;43,95222999
14851811;68,41;56,264368;43,865569
8410000;41,4;56,34634;43,92332
10377400;53;56,206879;43,878404
8811093;34,7;56,26879;44,03741
42724800;121,5;56,31203;43,98025
7000000;35;56,24606868;44,04796909
10400000;59,2;56,301983;43,933465
12190000;64;56,36230958;43,85553498
23384000;63,2;56,31182985;43,9804979
7400000;42,25;56,27825381;44,0972248
18736200;65,19;56,313696;43,986405
8006400;41,7;56,342399;43,874837
9200000;40;56,33084;43,88186
9330000;44,59;56,34688242;43,92365884
9103290;57,7;56,26131336;43,93982472
9144000;51;56,248613;44,048243
7007000;38,5;56,34288029;43,84374421
7365860;56,54;56,30701898;43,84878948
9104090;52,9;56,288639;43,813403
37211546;107,69;56,31203;43,98025
9985800;48,09;56,310445;43,938326
8160600;40,59;56,342399;43,874837
8573800;52,59;56,3655588;43,81770045
10490000;60;56,362352;43,855645
10400000;72,02;56,282062;44,083669
11052013;71,65;56,30925114;43,8959115
11421740;42,45;56,26581118;43,97614632
13417126;62;56,31076451;43,93833547
6246442;23,39;56,27275;44,052807
14890000;62;56,28337137;44,03038537
10468225;58,09;56,27275;44,052807
8115668;38,9;56,27275;44,052807
16521873;39,09;56,31772789;43,9715093
6379999;35,7;56,203071;43,896904
9443584;54,29;56,27856341;44,04353498
9579880;55,59;56,27856341;44,04353498
10096400;58,7;56,24626431;44,04936652
7292931;56,54;56,30701898;43,84878948
58608000;133,19;56,32358424;44,01900592
7728000;36,79;56,24626431;44,04936652
8542730;59,24;56,218299;44,026776
23308200;50,66;56,312848;43,97616
16069999;39,81;56,317538;43,972031
9990000;54,79;56,326305;43,910941
47955400;151,89;56,31445394;43,98671873
13838800;59,65;56,26581118;43,97614632
28144500;97,44;56,323163;44,035586
12883200;67,09;56,34248922;43,87483452
8451300;42,9;56,342399;43,874837
9440100;61,7;56,24532346;44,05083637
8261492;30,7;56,26943641;44,03506993
9889000;56,7;56,30322;43,92668
9388669;40,66;56,28461;44,08362
5805660;32,2;56,3655588;43,81770045
11566740;73,3;56,23986577;43,83607559
5694000;21,89;56,24606868;44,04796909
11147528;65,09;56,27275;44,052807
7209000;34,81;56,30322;43,92668
23990000;112,69;56,33161;43,94897
5240115;34,84;56,218299;44,026776
21556980;84,87;56,31535466;44,07307159
73232000;159,19;56,322037;44,005573
16511248;39,31;56,31772789;43,9715093
11101160;57,4;56,29794576;43,99971638
21040000;52,59;56,323563;44,01929
8974935;34,99;56,264368;43,865569
10726538;58,09;56,2689;44,03516
9131400;53,4;56,24606868;44,04796909
11385192;67,09;56,27275;44,052807
17229999;60,66;56,317662;43,971453
9520000;56;56,20586328;43,81749283
15770000;85;56,34688242;43,92365884
11284676;67;56,26848;44,03505
6990000;35,4;56,21925;43,8199
35355466;85,69;56,32262756;43,98838833
14186445;76,58;56,28388;44,08354
13132585;71,59;56,26859879;44,02192617
7733000;40,7;56,24606868;44,04796909
10170144;42,65;56,26386;43,86687
9006030;36,29;56,264368;43,865569
19476000;54,09;56,31067;43,98946
12285320;54,65;56,264368;43,865569
9113996;45,7;56,27275;44,052807
15269999;55,29;56,317538;43,972031
33011640;85,69;56,322604;43,98837
22700000;90,8;56,237519;43,958872
8918951;34,99;56,26386;43,86687
15222934;40,79;56,31203;43,98025
9122375;38,4;56,26386;43,86687
17122410;80,48;56,31575;44,07297
10604072;40,95;56,30433573;44,0063724
11020423;65,4;56,27275;44,052807
8340000;39,59;56,301947;43,93416
10330000;58,79;56,301983;43,933465
8099700;39,9;56,342399;43,874837
11177700;57;56,29794576;43,99971638
25087500;66,9;56,31182985;43,9804979
8190000;32;56,36230958;43,85553498
7490000;36;56,219673;43,817821
12190000;67,69;56,362352;43,855645
13538700;49;56,31041608;44,0737578
9432759;50,29;56,213576;44,024286
23501000;66,19;56,31182985;43,9804979
17447801;93,44;56,34293;43,832222
9041425;46,25;56,34267441;43,83190266
6453662;48,81;56,218299;44,026776
7700000;46,33;56,27825381;44,0972248
6748173;36,09;56,213576;44,024286
14973200;91,3;56,342399;43,874837
5143500;25,39;56,29172;43,85805
8480006;42,79;56,343269;43,829027
7140000;34,72;56,225364;43,853181
19902645;70,69;56,31643526;44,04015241
36391200;102,8;56,31182985;43,9804979
6960800;38,5;56,34287;43,84371
9490000;56,59;56,219673;43,817821
9797600;59,2;56,34288029;43,84374421
14830000;84,9;56,26167;44,01066
12500000;64,11;56,30135631;44,08432405
11008239;59,72;56,28473917;44,08328368
11158560;57,4;56,297828;43,998842
9282800;46,09;56,25423;43,848433
7446608;30,79;56,27275;44,052807
25240000;53,31;56,321007;44,002772
7890000;37,2;56,301983;43,933465
8483600;52,09;56,248613;44,048243
10659000;62,36;56,30322;43,92668
16049704;88,19;56,25403985;43,84835189
8214900;41,7;56,34249;43,8757
11580000;55,29;56,34688242;43,92365884
13279999;48,79;56,31772789;43,9715093
18728000;47,09;56,3138159;43,98840316
8527200;40,79;56,34248922;43,87483452
5071901;33,34;56,218299;44,026776
26700000;103,19;56,31270023;43,98472395
6380000;29;56,24626431;44,04936652
35440000;88,59;56,32358424;44,01900592
16088448;67,87;56,30433573;44,0063724
8224895;35;56,27948;44,04396
8322309;30,7;56,269185;44,03513
8234220;30;56,26943641;44,03506993
10642634;37,77;56,30422;44,00771
8009500;41,5;56,342399;43,874837
7316000;36,11;56,30292088;43,92679077
18085080;70,01;56,31575;44,07297
9402000;54,84;56,30292088;43,92679077
6081600;36,2;56,29172;43,85805
12568568;55,9;56,26393551;43,86626459
38969500;132,1;56,31055055;43,98939101
7960442;36,11;56,309039;43,895814
5990000;25;56,36230958;43,85553498
7920000;28,98;56,301196;44,084741
12779442;72,9;56,2689;44,03516
22965800;78,33;56,3130104;43,97606829
9101500;55,79;56,248613;44,048243
10785000;62,2;56,301947;43,93416
9611100;55,59;56,248613;44,048243
13709999;44,41;56,317538;43,972031
17789999;60,66;56,317538;43,972031
9814063;75,58;56,30651799;43,84720161
7078800;36;56,248613;44,048243
23791000;64,3;56,322604;43,98837
12070457;63,9;56,25403985;43,84835189
11990000;36,09;56,33161;43,94897
8085000;46,2;56,248613;44,048243
7392000;38,5;56,24606868;44,04796909
7174020;43,4;56,326729;44,00697
18289820;55,09;56,31071876;44,00346057
27710000;66,41;56,321079;44,002594
37212000;88,59;56,323563;44,01929
11540000;58;56,34738;43,923997
9007812;46,4;56,25403985;43,84835189
7933337;31,7;56,27275;44,052807
8967240;41,4;56,206879;43,878404
6901200;33,7;56,248613;44,048243
9610758;54;56,27839032;44,04282151
7838400;38;56,248613;44,048243
9513000;45,29;56,248613;44,048243
12390000;60;56,28337137;44,03038537
9460746;54;56,27275;44,052807
15790000;61,79;56,33161;43,94897
11572441;67;56,27275;44,052807
11178469;59,72;56,28473917;44,08328368
10755791;38,65;56,303911;44,000426
8307720;49,09;56,24178286;44,08224511
8500000;39,4;56,29794576;43,99971638
9574095;53,9;56,27948;44,04396
8690000;40,2;56,33086108;43,88152355
18398947;75,3;56,316144;44,04004
12162020;75,4;56,34288029;43,84374421
15084405;68,41;56,26393551;43,86626459
12190000;64;56,326305;43,910941
8115843;39,29;56,27856341;44,04353498
8204428;31,15;56,26393551;43,86626459
9614273;54,09;56,27841;44,04228
6552000;36;56,31279053;43,88630085
10170144;42,65;56,26393551;43,86626459
21990000;83,5;56,28337137;44,03038537
17873345;74,5;56,3132544;43,96930895
10362060;55,79;56,24189638;44,0811615
58032158;144;56,3155383;43,97024169
10242096;57,7;56,27275;44,052807
10260000;58,9;56,301947;43,93416
8163920;31,15;56,26386;43,86687
9741357;36,09;56,3102;44,09525
16338827;68,77;56,30422;44,00771
9920300;58,7;56,2455639;44,04924046
17977790;79,98;56,31575;44,07297
7820738;31,7;56,26862407;44,03502438
17801812;71,25;56,28447;44,0845
19475640;59,2;56,311111;44,002892
12190000;38,09;56,33161;43,94897
11129600;59,2;56,34248922;43,87483452
26046800;78,4;56,313696;43,986405
8767482;27,11;56,30433573;44,0063724
8620000;41,5;56,301983;43,933465
12280000;61,4;56,30512043;43,93979741
16352492;70,66;56,303911;44,000426
9657972;51,59;56,213576;44,024286
11320150;53,65;56,284208;44,083939
17390000;68,3;56,331721;43,947855
9431602;46,59;56,25423;43,848433
10388932;58,2;56,26848;44,03505
36882990;86,8;56,32262756;43,98838833
11950297;65,86;56,28461981;44,08324076
9013100;46,7;56,342399;43,874837
9568000;61,2;56,248613;44,048243
10466479;40,2;56,31076451;43,93833547
6561960;36,7;56,288639;43,813403
9195750;54,9;56,288639;43,813403
9691150;61,79;56,326729;44,00697
11465350;56,9;56,297828;43,998842
15070500;76,5;56,284208;44,083939
8124427;34,09;56,26848;44,03505
11670365;68,09;56,27841;44,04228
7271600;37,09;56,24606868;44,04796909
15520000;93,09;56,26167;44,01066
13350000;71,4;56,34688242;43,92365884
11517645;49,56;56,20553;43,89783
8580800;49,59;56,20607;43,81747
8363600;40,59;56,34248922;43,87483452
14057727;64,9;56,31076451;43,93833547
13869000;77,05;56,28473917;44,08328368
13958100;59,65;56,26581118;43,97614632
9280000;39,7;56,26167;44,01066
12403350;64,09;56,317233;44,068464
14476000;37,59;56,31182985;43,9804979
26100000;98,9;56,31270023;43,98472395
16317508;61,59;56,3132544;43,96930895
11831388;68;56,27857;44,04323
26300000;98,66;56,312251;43,982531
16700000;91,3;56,34634;43,92332
8629914;37,22;56,28461981;44,08324076
6952860;42,79;56,326729;44,00697
16128157;64,3;56,31646209;44,03935848
9931000;57,15;56,30322;43,92668
4792370;20,89;56,24104802;44,08181596
11188800;59,2;56,34248922;43,87483452
7336500;37,79;56,248613;44,048243
8974935;34,99;56,26393551;43,86626459
9611100;55,59;56,248613;44,048243
8290000;26,6;56,28337137;44,03038537
8366400;37,34;56,30531709;43,93552226
13785498;56,79;56,310445;43,938326
7009400;36;56,248613;44,048243
15369411;70,34;56,30219;44,10283
12329999;60,97;56,29714;43,95264
6241809;23,39;56,26879511;44,03422363
14293200;83,09;56,2460166;44,05111255
7147072;56,54;56,30701898;43,84878948
11829972;41,29;56,30986147;44,07436398
13557067;72,9;56,267757;44,020746
12962498;62,83;56,29791554;43,95222999
14851811;68,41;56,26393551;43,86626459
8190000;56;56,219673;43,817821
29660000;72,3;56,321079;44,002594
11906300;73;56,31279053;43,88630085
16459200;76,19;56,2597542;43,97880318
19740000;113,94;56,30135631;44,08432405
12890000;67,69;56,326305;43,910941
6662520;37,2;56,31279053;43,88630085
11466988;67,59;56,27275;44,052807
7654400;36,79;56,2455639;44,04924046
7933337;31,7;56,26848;44,03505
11178400;62,79;56,34249;43,8757
13090000;78,9;56,21925;43,8199
8392416;36,59;56,27275;44,052807
9942544;54,5;56,27275;44,052807
10238400;64,8;56,20586328;43,81749283
9632440;61,79;56,326729;44,00697
7875000;38,79;56,248613;44,048243
10730000;61,86;56,302004;43,925036
14973200;91,3;56,34249;43,8757
15254400;68,09;56,2597542;43,97880318
9395000;55;56,30292088;43,92679077
10953420;58,7;56,24189638;44,0811615
10034250;39,25;56,284208;44,083939
6212300;36,5;56,213576;44,024286
12205500;43,4;56,346553;43,929761
15525048;76,5;56,31076451;43,93833547
36378334;94,9;56,31203;43,98025
11175042;55,79;56,25403985;43,84835189
13895441;76,58;56,28461;44,08362
13725678;62;56,310445;43,938326
10336800;59,59;56,248613;44,048243
9388669;40,66;56,28473917;44,08328368
10790000;74,09;56,21896442;43,8191828
9632700;45,86;56,32789;43,95142
11225210;76,69;56,26131336;43,93982472
9552000;59,7;56,24606868;44,04796909
9610020;36,54;56,284208;44,083939
13028400;65,8;56,284208;44,083939
14186445;76,58;56,28388;44,08354
12190000;64;56,326305;43,910941
11884500;71;56,248613;44,048243
9460764;54,5;56,27857;44,04323
8075200;41,2;56,342399;43,874837
13268480;73;56,267757;44,020746
15497199;54;56,314057;43,969599
15590000;59,2;56,33161;43,94897
40878455;109,58;56,3130104;43,97606829
8511924;40,4;56,305213;43,936778
5392961;38,81;56,30701898;43,84878948
11486849;67,09;56,27275;44,052807
9152000;57,2;56,3655588;43,81770045
10897440;49,75;56,31535466;44,07307159
15658170;61,88;56,22432;43,940192
15735000;104,9;56,29863728;44,08843568
9508200;61,09;56,248613;44,048243
12980000;72,09;56,298507;44,089398
9013800;49,79;56,24104802;44,08181596
17754374;73,48;56,30219;44,10283
8432000;49,59;56,20586328;43,81749283
24360000;58;56,32358424;44,01900592
11466958;67,69;56,27275;44,052807
8974935;34,99;56,26393551;43,86626459
34945237;112,4;56,31071876;44,00346057
11548250;64,72;56,30531709;43,93552226
23990000;112,69;56,33161;43,94897
9440100;61,7;56,24532346;44,05083637
37905000;126,34;56,323163;44,035586
9169187;50,29;56,213576;44,024286
6478208;25,6;56,2689;44,03516
12465250;59,5;56,28376;43,93786
12749000;67,09;56,34248922;43,87483452
7290000;32;56,326305;43,910941
8710000;41,09;56,34738;43,923997
7673400;40,59;56,24606868;44,04796909
70785000;179,69;56,32262756;43,98838833
11004800;60,79;56,34248922;43,87483452
16970000;88,19;56,33086108;43,88152355
73232000;159,19;56,32212221;44,00585602
9568000;61,2;56,248613;44,048243
23902000;62,9;56,31182985;43,9804979
16178491;66,45;56,30422;44,00771
10408544;40;56,30433573;44,0063724
15369410;70,34;56,303802;44,100032
8470000;38,59;56,301947;43,93416
16267683;76,5;56,31052757;43,93759561
7393200;36,59;56,24606868;44,04796909
7241849,83;51,4;56,192049;43,891147
58032158;144;56,3132544;43,96930895
8173200;41,7;56,34249;43,8757
8322309;30,7;56,27275;44,052807
9257820;49,79;56,241339;44,079145
8360028;41,29;56,34272274;43,82913634
10377500;59,29;56,34287;43,84371
15029677;68,41;56,26393551;43,86626459
7102057;52,81;56,30701898;43,84878948
7303650;27,6;56,26859879;44,02192617
58435000;89,9;56,322604;43,98837
10400000;72,3;56,27825381;44,0972248
10490000;60;56,36230958;43,85553498
12360000;63,91;56,30135631;44,08432405
11180000;60,59;56,301947;43,93416
4945538,78;34,5;56,192049;43,891147
8053390;36,4;56,27857;44,04323
17299999;70,98;56,303802;44,100032
9508200;59,79;56,24606868;44,04796909
6176220;39,15;56,218299;44,026776
9574095;53,9;56,27275;44,052807
5449300;38,2;56,30701898;43,84878948
5416527;38,2;56,30701898;43,84878948
9760780;59,29;56,23986577;43,83607559
24533032;91,3;56,3155383;43,97024169
15239999;69,12;56,30219;44,10283
10033068;54,5;56,26848;44,03505
22260320;85,08;56,31575;44,07297
9304200;51,68;56,353144;43,825892
9653121;53;56,30925114;43,8959115
7446608;30,79;56,27275;44,052807
24421680;63,4;56,322604;43,98837
12190000;60,29;56,28337137;44,03038537
27900000;98,23;56,312251;43,982531
5900000;23,39;56,33086108;43,88152355
11018200;61,9;56,342399;43,874837
11817981;65,81;56,28461981;44,08324076
13650000;63,81;56,33208495;43,86430596
9515020;61,79;56,326729;44,00697
10000000;72,3;56,27825381;44,0972248
11279999;42,97;56,303802;44,100032
6186889;31,7;56,213576;44,024286
34752000;108,59;56,31055055;43,98939101
9680160;51,59;56,213576;44,024286
12900720;65,81;56,284208;44,083939
10190000;54,79;56,36230958;43,85553498
9565751;55,4;56,27841;44,04228
10200000;57,29;56,301983;43,933465
9177591;38,5;56,26859879;44,02192617
17773500;61,5;56,26581118;43,97614632
9312921;38,4;56,267757;44,020746
6186889;31,7;56,213576;44,024286
10350000;44,09;56,301196;44,084741
9565752;56;56,27275;44,052807
15640000;93,09;56,26183;44,010568
42770000;108,56;56,32262756;43,98838833
15015000;91;56,342399;43,874837
12332800;75,19;56,34287;43,84371
10690281;37,47;56,30422;44,00771
11124180;51,08;56,285791;43,92192
9320625;45,2;56,25423;43,848433
10724089;64,69;56,27839032;44,04282151
13130000;72,59;56,26185201;44,01021655
22368639;89,8;56,316144;44,04004
12190000;64;56,326305;43,910941
11569999;50,09;56,30219;44,10283
10769500;59,5;56,34248922;43,87483452
34795681;109,69;56,31071876;44,00346057
15601465;63,81;56,303911;44,000426
11308020;68,69;56,206879;43,878404
8689520;52,59;56,3655588;43,81770045
8190000;19,6;56,33165908;43,94786475
9460743;54,29;56,27275;44,052807
12650000;64,9;56,33086108;43,88152355
5650200;21,89;56,248613;44,048243
10144750;59,5;56,34288029;43,84374421
7292931;56,54;56,30701898;43,84878948
6070053;23,39;56,26862407;44,03502438
10767756;45,52;56,28473917;44,08328368
9019999;33,38;56,29786;43,953771
14180000;75,63;56,30135631;44,08432405
14409100;37,5;56,3138159;43,98840316
11390000;67,69;56,36230958;43,85553498
10300000;40,9;56,34688242;43,92365884
29582821;79;56,3130104;43,97606829
14890000;57;56,33165908;43,94786475
12848010;40,52;56,26581118;43,97614632
16944632;59,4;56,316144;44,04004
10143425;37,61;56,30433573;44,0063724
26793464;65,19;56,32262756;43,98838833
10730000;60,7;56,301983;43,933465
28035000;89;56,31055055;43,98939101
11182550;67,09;56,26862407;44,03502438
14293200;83,09;56,2460166;44,05111255
16399485;70,43;56,30422;44,00771
21640444;58;56,31203;43,98025
8453879;37,38;56,28461;44,08362
17490000;66;56,3044;43,99143
7051200;39;56,34288029;43,84374421
10466479;40,2;56,31076451;43,93833547
8260032;37,7;56,343269;43,829027
7102057;52,81;56,30701898;43,84878948
13400000;42;56,317093;44,064431
10600000;72,02;56,27825381;44,0972248
11029999;43,83;56,297006;43,953365
6946224;28,2;56,27856341;44,04353498
10161600;58,4;56,24626431;44,04936652
11518930;59,72;56,28461;44,08362
11738243;45,41;56,30422;44,00771
9472000;59,2;56,248613;44,048243
11970500;53,79;56,2597542;43,97880318
9214000;54,2;56,24606868;44,04796909
21987991;86,09;56,316144;44,04004
16670792;93,44;56,34267441;43,83190266
9364518;37,79;56,310445;43,938326
12390743;41,2;56,31052757;43,93759561
7347000;32,29;56,248613;44,048243
9025380;36,54;56,28461;44,08362
9168467;38,4;56,26393551;43,86626459
12325699;65,86;56,28461;44,08362
20768500;56,9;56,31182985;43,9804979
5979600;19,79;56,26386;43,86687
10467236;52;56,34263292;43,82861794
6254636;32,59;56,213576;44,024286
8209999;34;56,29714;43,95264
11490000;45,59;56,28337137;44,03038537
19599000;109,69;56,34688242;43,92365884
15606100;54,29;56,314057;43,969599
6651360;37,2;56,31279053;43,88630085
8985600;43,2;56,302203;43,94123
8053389;35,79;56,27857;44,04323
8420000;38,2;56,301947;43,93416
7807800;46,2;56,24532346;44,05083637
12593846;64,9;56,25403985;43,84835189
10530820;65,9;56,2414005;44,08051777
15984804;66,62;56,30422;44,00771
7074840;42,79;56,326729;44,00697
7890000;36,79;56,36230958;43,85553498
8860000;35,2;56,34738;43,923997
17197504;59,79;56,31646209;44,03935848
7801698;30,7;56,26879511;44,03422363
14128400;83,59;56,2460166;44,05111255
9571155;39,04;56,28461;44,08362
8090000;53,29;56,21896442;43,8191828
11922985;66,09;56,267757;44,020746
9928000;59,59;56,248613;44,048243
9479999;30,46;56,30219;44,10283
7870000;29,03;56,30117;44,08461
12560400;68;56,30531709;43,93552226
9611100;54,29;56,24626431;44,04936652
9531200;59,2;56,248613;44,048243
9090000;53,29;56,21896442;43,8191828
8640000;40,79;56,34634;43,92332
7743310;40,09;56,34287;43,84371
16251900;76,3;56,2597542;43,97880318
10599998;48,31;56,20553;43,89783
9427306;40,66;56,28388;44,08354
12064800;52,79;56,26393551;43,86626459
14828460;66,33;56,31575;44,07297
9919999;38,65;56,29786;43,953771
18635530;60,59;56,3132544;43,96930895
14432000;70,4;56,31695711;43,89662701
7797699;36,11;56,309039;43,895814
6790000;35,5;56,219673;43,817821
7517941;30,79;56,26848;44,03505
34818900;125,55;56,323163;44,035586
20558000;115,09;56,34738;43,923997
11567818;67;56,26879511;44,03422363
8990000;62,09;56,21925;43,8199
6476400;36;56,288639;43,813403
10484690;65,9;56,206879;43,878404
23308200;50,66;56,312315;43,975068
8651135;34,09;56,267757;44,020746
12450000;64,19;56,301196;44,084741
26300000;99,69;56,312649;43,984924
7090000;36,2;56,219673;43,817821
8527512;31,6;56,26943641;44,03506993
9122375;38,4;56,264368;43,865569
8680000;43,09;56,301947;43,93416
12220000;75,19;56,34288029;43,84374421
39000000;311,1;56,280417;43,955573
8650000;43,7;56,301947;43,93416
11011200;59,2;56,34249;43,8757
9184800;54,59;56,248613;44,048243
9312921;38,4;56,26859879;44,02192617
9418987;75,08;56,30701898;43,84878948
11200000;82,44;56,282062;44,083669
13003700;59,65;56,26581118;43,97614632
10819999;49,29;56,203071;43,896904
10016568;42,65;56,264368;43,865569
11860000;64,09;56,34634;43,92332
6339060;38,7;56,29202546;43,85822885
9460746;54;56,27857;44,04323
15941263;73,62;56,338475;43,866509
30130000;73,45;56,321007;44,002772
7000000;36,29;56,248613;44,048243
9176000;59,2;56,24532346;44,05083637
12568568;55,9;56,26386;43,86687
7685430;30;56,26848;44,03505
17390000;74,59;56,33165908;43,94786475
6126840;32,4;56,23986577;43,83607559
8360015;41,2;56,34272274;43,82913634
21490000;80,19;56,28337137;44,03038537
12332412;65,4;56,267757;44,020746
12075400;69,8;56,24626431;44,04936652
8480006;42,79;56,34272274;43,82913634
13383030;91,5;56,31076451;43,93833547
11250079;67,9;56,27275;44,052807
5449300;38,2;56,30701898;43,84878948
9068100;55,59;56,248613;44,048243
9983740;61,09;56,206879;43,878404
21681000;81,69;56,346631;43,929751
9759999;49,56;56,203071;43,896904
16380000;94,5;56,30117;44,08461
5679300;33;56,29172;43,85805
12190000;65,05;56,30117;44,08461
13630000;77;56,301947;43,93416
6687325,55;30,44;56,30947;43,89597
6409000;29;56,248613;44,048243
25686600;55,24;56,312315;43,975068
8179271;35,5;56,27275;44,052807
13780000;76,8;56,301947;43,93416
8148280;34,79;56,27275;44,052807
15599999;64,01;56,303802;44,100032
7654400;36,79;56,2455639;44,04924046
7840000;40;56,34249;43,8757
9301500;47,7;56,2460166;44,05111255
12409320;66,36;56,28461981;44,08324076
8992480;43,4;56,297828;43,998842
13004000;72,59;56,34738;43,923997
9006030;36,29;56,26393551;43,86626459
11378320;49,59;56,31575;44,07297
7600000;42,25;56,27825381;44,0972248
6473574;25,6;56,26879511;44,03422363
17503646;66,19;56,30477071;43,99820672
13850000;60;56,28337137;44,03038537
14020308;76,5;56,27275;44,052807
10424925;28,89;56,3132544;43,96930895
10231200;69,59;56,29202546;43,85822885
5449300;38,2;56,30701898;43,84878948
26500000;99;56,31270023;43,98472395
6027300;36,2;56,29202546;43,85822885
6326100;33;56,206879;43,878404
14130211;83,4;56,267757;44,020746
11434500;60,5;56,342399;43,874837
11466958;67,69;56,27857;44,04323
18611300;47,29;56,3138159;43,98840316
8095762;37,5;56,27841;44,04228
8060737;37,5;56,27275;44,052807
16193520;68,84;56,30422;44,00771
26869000;97,44;56,323163;44,035586
8092275;37,5;56,27839032;44,04282151
9878400;60;56,248613;44,048243
11492400;48,79;56,2597542;43,97880318
7762893;30,79;56,27275;44,052807
10500000;72,09;56,27825381;44,0972248
8490000;47,09;56,219673;43,817821
20349999;67,29;56,317538;43,972031
7147072;56,54;56,30701898;43,84878948
8256600;41,7;56,34249;43,8757
8660000;41,09;56,34688242;43,92365884
8115666;39;56,27275;44,052807
7840000;40;56,342399;43,874837
9443572;54,7;56,27856341;44,04353498
16578780;58,79;56,26581118;43,97614632
9899999;55,08;56,29714;43,95264
10088614;57,7;56,27839032;44,04282151
4837720;35,59;56,218299;44,026776
11286000;57;56,29766;43,99764
9714180;32,06;56,22432;43,940192
9565757;55,59;56,27841;44,04228
9248000;55,7;56,248613;44,048243
18081000;61,5;56,22432;43,940192
8906307;40,77;56,30531709;43,93552226
11290000;41,4;56,33161;43,94897
7789999;34,45;56,29714;43,95264
5587614,75;37,5;56,192049;43,891147
8011863;34,09;56,26862407;44,03502438
12730000;75,69;56,301983;43,933465
17316560;69,73;56,31575;44,07297
9160000;42,59;56,33086108;43,88152355
12830424;55,79;56,3102;44,09525
17470000;88,19;56,33084;43,88186
11147551;64,69;56,27275;44,052807
7590000;38,4;56,36230958;43,85553498
11150187;59,9;56,309039;43,895814
9122400;55,59;56,248613;44,048243
11978400;57,04;56,32791928;43,9515188
8590000;45,59;56,301947;43,93416
9360300;38,04;56,284208;44,083939
25901700;79,4;56,31445394;43,98671873
7980000;28,98;56,30135631;44,08432405
19595300;61,45;56,31575;44,07297
18860000;76,19;56,316144;44,04004
13150800;84,3;56,248613;44,048243
13420000;64,9;56,33084;43,88186
9579860;56,09;56,27856341;44,04353498
14264250;61,75;56,26581118;43,97614632
10148710;61,09;56,2414005;44,08051777
19885990;85,3;56,31575;44,07297
16337662;69,94;56,30433573;44,0063724
10866050;47,45;56,31535466;44,07307159
12779442;72,9;56,27275;44,052807
10213027;54,5;56,27275;44,052807
14183842;61,18;56,2847511;44,08343388
10904500;56,5;56,30986147;44,07436398
19902550;61,45;56,31575;44,07297
53460000;118,8;56,323563;44,01929
6944500;32,29;56,24606868;44,04796909
8997575;36,65;56,26393551;43,86626459
9698400;43,2;56,259928;43,978821
12313500;43,79;56,346553;43,929761
14453901;57,29;56,310445;43,938326
10040470;53,34;56,30973766;43,89619555
12920000;78,19;56,301947;43,93416
12735450;65,45;56,305213;43,936778
38497684;90,59;56,32262756;43,98838833
12390743;41,2;56,310445;43,938326
5720940;33,29;56,24178286;44,08224511
19858723;61;56,31071876;44,00346057
8289999;34;56,29714;43,95264
6476400;36;56,31279053;43,88630085
13990000;66,3;56,33161;43,94897
7841600;39;56,248613;44,048243
9508200;61,09;56,248613;44,048243
6193792;23,39;56,2689;44,03516
12479999;62,79;56,29791554;43,95222999
6748173;36,09;56,213576;44,024286
16548480;70,63;56,31535466;44,07307159
13964550;52,88;56,30422;44,00771
14209431;49,79;56,3132544;43,96930895
6780000;31,37;56,225364;43,853181
5340994,84;35,29;56,192049;43,891147
11272080;67;56,26862407;44,03502438
20889600;122,9;56,35168;43,87031
21416593;61;56,311111;44,002892
9565752;56;56,27841;44,04228
8990000;51,09;56,219673;43,817821
8598688;32,2;56,26879;44,03741
10550272;53,65;56,28461981;44,08324076
9761950;55;56,27948;44,04396
13260000;72,3;56,34688242;43,92365884
8112148;39,29;56,27839032;44,04282151
9448400;61,2;56,248613;44,048243
7439999;25,36;56,29786;43,953771
9565758;55,5;56,27275;44,052807
8198800;41,2;56,342399;43,874837
24124000;65,19;56,322604;43,98837
9527843;46,59;56,25403985;43,84835189
10126500;39,25;56,28461981;44,08324076
18145132;87,59;56,3102;44,09525
10190000;61,9;56,21925;43,8199
18149500;50,09;56,313696;43,986405
15990000;63,59;56,28337137;44,03038537
17236160;70,63;56,31535466;44,07307159
10500000;72,3;56,27825381;44,0972248
7740000;36,79;56,326305;43,910941
9899999;49,72;56,29714;43,95264
26828124;84,13;56,30219;44,10283
6566000;35;56,241339;44,079145
6147900;34,5;56,3655588;43,81770045
11769820;49,22;56,31575;44,07297
12377850;53,7;56,259928;43,978821
7902090;30;56,27275;44,052807
9720000;55,13;56,302004;43,925036
8891290;36,65;56,264368;43,865569
7874344;29,89;56,26879511;44,03422363
19001250;50,66;56,312315;43,975068
9170000;47,95;56,225364;43,853181
8053384;35,7;56,27857;44,04323
9261630;54,9;56,288639;43,813403
9448400;61,09;56,248613;44,048243
9688140;59,4;56,34288029;43,84374421
12488700;65,73;56,28461;44,08362
7160400;35,09;56,24606868;44,04796909
16949999;69,73;56,303802;44,100032
13330000;75,3;56,30117;44,08461
22890000;49,11;56,321079;44,002594
9597054;55,7;56,27857;44,04323
11158560;57,4;56,29794576;43,99971638
16137450;76,3;56,259928;43,978821
9031900;49,9;56,24529975;44,05240001
11188311;44,02;56,30433573;44,0063724
35131875;109,69;56,31071876;44,00346057
8688531;39,47;56,30531709;43,93552226
9541568;54,59;56,28021069;44,0435779
27697895;105,09;56,31646209;44,03935848
10747341;37,66;56,30422;44,00771
9777600;58,2;56,23986577;43,83607559
5753993;39,15;56,218299;44,026776
6290000;35,9;56,21925;43,8199
10680000;60,2;56,301983;43,933465
86220000;143,69;56,323563;44,01929
9332004;48,4;56,213576;44,024286
7696673;30,79;56,2689;44,03516
18539999;74,55;56,31772789;43,9715093
8520992;24,88;56,30433573;44,0063724
10591000;59,5;56,342399;43,874837
6018993;20,06;56,264368;43,865569
20558000;115,09;56,34688242;43,92365884
16588965;76,5;56,310445;43,938326
12444000;68;56,34249;43,8757
8908000;52,4;56,21162;43,83161
11496000;60;56,29794576;43,99971638
5359999;24,17;56,203071;43,896904
12242560;75,19;56,34288029;43,84374421
5988234;25,42;56,206619;43,899036
9157320;55,59;56,31279053;43,88630085
27049999;75,48;56,317662;43,971453
21515000;66,19;56,320026;43,977679
9470565;39;56,267757;44,020746
8033680;36,65;56,264368;43,865569
9670320;59,4;56,34287;43,84371
27897000;105;56,31445394;43,98671873
25410400;55,24;56,312315;43,975068
10731832;40,95;56,30422;44,00771
7356600;37,9;56,248613;44,048243
10960000;61,5;56,301983;43,933465
5770200;32,59;56,24104802;44,08181596
64740000;132,8;56,32212221;44,00585602
8152655;35;56,27275;44,052807
19740000;113,73;56,301196;44,084741
11268000;62,59;56,34249;43,8757
33334500;93,9;56,31182985;43,9804979
8600000;43,2;56,301947;43,93416
9150600;37,75;56,264368;43,865569
11674800;62,09;56,342399;43,874837
5820750;32,5;56,24104802;44,08181596
10161600;58,4;56,24626431;44,04936652
8978507;23,39;56,31076451;43,93833547
15009154;68,41;56,264368;43,865569
10580836;41,04;56,30433573;44,0063724
22766551;91,3;56,316144;44,04004
7093000;34,59;56,24606868;44,04796909
7034180;42,79;56,326729;44,00697
12974420;65,81;56,284208;44,083939
14622000;81,69;56,34738;43,923997
13749939;76,58;56,28461981;44,08324076
15390000;78,9;56,326305;43,910941
7939100;40,29;56,34248922;43,87483452
8480006;42,79;56,34272274;43,82913634
6944500;33,59;56,248613;44,048243
12035292;56,86;56,206619;43,899036
11943360;52,79;56,26386;43,86687
17539481;85,9;56,31052757;43,93759561
10691570;41,36;56,30422;44,00771
12215700;41,54;56,31535466;44,07307159
6684840;37,2;56,288639;43,813403
14958000;83,09;56,248613;44,048243
7074700;48,81;56,218299;44,026776
5784210;33,29;56,24178286;44,08224511
12970000;69,69;56,34688242;43,92365884
8445600;40,79;56,34249;43,8757
8168345;37,7;56,34263292;43,82861794
9006970;57,7;56,29202546;43,85822885
8115666;39;56,27275;44,052807
9160184;48,4;56,213576;44,024286
10050000;43,18;56,301196;44,084741
7113500;36;56,248613;44,048243
7497668;56,54;56,30701898;43,84878948
8220500;41,29;56,248613;44,048243
6090000;35,29;56,21896442;43,8191828
7790000;37,09;56,326305;43,910941
10190000;59,4;56,30221;43,92663
9117457;40,77;56,30531709;43,93552226
9295470;57,7;56,29202546;43,85822885
21716500;84,5;56,26581118;43,97614632
11272080;67;56,26862407;44,03502438
7589254;30,7;56,27275;44,052807
9620175;39,25;56,2847511;44,08343388
7685430;30;56,26848;44,03505
9184800;53,4;56,24606868;44,04796909
9514000;54,84;56,30322;43,92668
17560000;88,19;56,33084;43,88186
9121350;37,22;56,284208;44,083939
16803155;76,5;56,31052757;43,93759561
9574095;53,9;56,27948;44,04396
7125300;35,09;56,24606868;44,04796909
8180400;41,29;56,248613;44,048243
10172400;60;56,248613;44,048243
15682500;61,5;56,22432;43,940192
7605500;37,09;56,2455639;44,04924046
15669984;77,44;56,28388;44,08354
30782700;87,69;56,31182985;43,9804979
10591000;59,5;56,34249;43,8757
11903920;73,3;56,23986577;43,83607559
7506319;40,09;56,213576;44,024286
6443536;34,09;56,213576;44,024286
7471000;32,29;56,248613;44,048243
11371830;45,66;56,28461981;44,08324076
16090000;69,3;56,28337137;44,03038537
9149000;55;56,30292088;43,92679077
40016000;122;56,31182985;43,9804979
17197504;59,79;56,31668;44,04003
11463660;53,81;56,284208;44,083939
13866698;55,84;56,303911;44,000426
11020415;64,69;56,27275;44,052807
11980000;64,09;56,34634;43,92332
11128320;49,59;56,31535466;44,07307159
5650200;21,89;56,24606868;44,04796909
8262000;40,5;56,34248922;43,87483452
11250090;68,4;56,27275;44,052807
13500000;69,69;56,34738;43,923997
19987500;53,29;56,31067;43,98946
8993660;57,7;56,326729;44,00697
12099798;67;56,26943641;44,03506993
7832040;30;56,26879511;44,03422363
7505881;32,5;56,20553;43,89783
8898820;37,38;56,284208;44,083939
9828347;75,69;56,30714;43,84627
7203000;36,11;56,30322;43,92668
6533900;29,29;56,248613;44,048243
9899999;53,25;56,29714;43,95264
14390000;63,59;56,28337137;44,03038537
11067712;75,09;56,27275;44,052807
6552000;36;56,288639;43,813403
11666905;68,9;56,27839032;44,04282151
11010450;76,69;56,326729;44,00697
10244131;57,9;56,241339;44,079244
15509999;39,11;56,317538;43,972031
22815000;84,5;56,22432;43,940192
9443572;54,7;56,27856341;44,04353498
11138123;45,61;56,2847511;44,08343388
6334400;29,6;56,2455639;44,04924046
6212800;35,2;56,3655588;43,81770045
12454819;72,9;56,26879511;44,03422363
14065800;73,5;56,31052757;43,93759561
9749860;61,79;56,326729;44,00697
8827500;55;56,206879;43,878404
21645600;90,19;56,26581118;43,97614632
11419050;42,45;56,22432;43,940192
11259200;49,59;56,259928;43,978821
12285320;54,65;56,26386;43,86687
14626580;54,59;56,314057;43,969599
7878650;29,89;56,259928;43,978821
16969999;39,81;56,317662;43,971453
10941606;53,81;56,28461;44,08362
12966658;65,09;56,25403985;43,84835189
20789323;105,4;56,31076451;43,93833547
6901200;32,4;56,24606868;44,04796909
8115823;38,9;56,27856341;44,04353498
17551000;63,4;56,346691;43,929648
8030000;37,5;56,301983;43,933465
8433100;51,5;56,248613;44,048243
8690000;35,4;56,28337137;44,03038537
50270000;91,4;56,32358424;44,01900592
10250000;40,9;56,34738;43,923997
12275972;72,8;56,26848;44,03505
7951600;41,2;56,34249;43,8757
10779999;49,29;56,203071;43,896904
16085387;69,38;56,303911;44,000426
5991100;36,2;56,29172;43,85805
15708000;62,7;56,31643526;44,04015241
9432759;50,29;56,213576;44,024286
24125800;74,9;56,3138159;43,98840316
14690000;59,9;56,331721;43,947855
8710000;41,09;56,34688242;43,92365884
10836000;60,2;56,206879;43,878404
6193792;23,39;56,27275;44,052807
12313500;43,79;56,346691;43,929648
7133651;54,2;56,30701898;43,84878948
17002002;100,9;56,310445;43,938326
7806334;30,7;56,2689;44,03516
8173271;35,5;56,28021069;44,0435779
18627858;79,69;56,3155383;43,97024169
20446500;95;56,114343;43,494987
42703229;79;56,312315;43,975068
8115822;39;56,27856341;44,04353498
8214900;41,7;56,34248922;43,87483452
10312500;62,5;56,34249;43,8757
35962500;95,9;56,323163;44,035586
11465350;56,9;56,29794576;43,99971638
8990000;62,09;56,21925;43,8199
9597027;56,09;56,27857;44,04323
6430000;25,1;56,301947;43,93416
18113900;50;56,313696;43,986405
6600800;29,6;56,248613;44,048243
18417400;47,09;56,3138159;43,98840316
16352492;69,18;56,30422;44,00771
11086040;40,45;56,26581118;43,97614632
9330404;46,09;56,25423;43,848433
10290000;71,09;56,21925;43,8199
14850954;83,4;56,26859879;44,02192617
56670000;123,16;56,321079;44,002594
12384900;59,4;56,31695711;43,89662701
7586400;36,09;56,248613;44,048243
11394800;48,79;56,2597542;43,97880318
12238171;61;56,34267441;43,83190266
13395000;47;56,346691;43,929648
16588965;76,5;56,31052757;43,93759561
9169187;50,29;56,213576;44,024286
15660000;93,09;56,26167;44,01066
6787890;37,9;56,23986577;43,83607559
20169999;75,48;56,31772789;43,9715093
13039999;59,79;56,29786;43,953771
24878811;90,9;56,316144;44,04004
7590000;35,29;56,362352;43,855645
7692053;30,79;56,26879511;44,03422363
13669999;39,68;56,317662;43,971453
11535313;45,59;56,30433573;44,0063724
11486849;67,09;56,2689;44,03516
16524000;92,4;56,34738;43,923997
8970780;43,4;56,29794576;43,99971638
5806720;34,4;56,29172;43,85805
13053903;51,54;56,30433573;44,0063724
10973269;65,4;56,27856341;44,04353498
12147787;41,2;56,31076451;43,93833547
11750548;65,4;56,267757;44,020746
29990000;133,89;56,33161;43,94897
11890000;60,5;56,28337137;44,03038537
6522880;36,4;56,288639;43,813403
12765356;50,7;56,30433573;44,0063724
9562254;55,59;56,27839032;44,04282151
15540000;93,09;56,26183;44,010568
10016568;42,65;56,26393551;43,86626459
11190000;37,09;56,33151;43,947614
9921000;56,7;56,30322;43,92668
9417642;39;56,267757;44,020746
8560000;40,9;56,34634;43,92332
12290000;57,79;56,28337137;44,03038537
21798500;73,3;56,346631;43,929751
6674190;37,9;56,23986577;43,83607559
11232319;55,9;56,26386;43,86687
6025523;23,39;56,26848;44,03505
14250127;72,9;56,267757;44,020746
8710000;41,09;56,34688242;43,92365884
31746200;109,09;56,313696;43,986405
15557438;97,8;56,31076451;43,93833547
10689000;62,9;56,301947;43,93416
9257820;49,79;56,206879;43,878404
10290000;70,09;56,21896442;43,8191828
9190000;61,79;56,21896442;43,8191828
11790000;61,5;56,36230958;43,85553498
9206409;50,29;56,213576;44,024286
6107400;35,09;56,3655588;43,81770045
8759182;34,7;56,26899033;44,03733246
11120700;57;56,297828;43,998842
8690000;35,4;56,28337137;44,03038537
7458822;34,61;56,206619;43,899036
14973200;91,3;56,34249;43,8757
9153700;38,29;56,248613;44,048243
17319000;69,75;56,31575;44,07297
11624193;68,09;56,27856341;44,04353498
16236110;69,58;56,31575;44,07297
6970000;34,72;56,225364;43,853181
11997400;53,79;56,259928;43,978821
6990000;36,29;56,21925;43,8199
6254636;32,59;56,213576;44,024286
9460746;54;56,27275;44,052807
7010720;34,4;56,2414005;44,08051777
12779442;72,9;56,2689;44,03516
7102057;52,81;56,30701898;43,84878948
9196970;53;56,30925114;43,8959115
14862250;55,13;56,284208;44,083939
7762500;38,79;56,248613;44,048243
5543200;33,79;56,29172;43,85805
8190000;38,4;56,362352;43,855645
5930000;25,93;56,30292088;43,92679077
10470000;58,79;56,301983;43,933465
8140000;38,9;56,30236615;43,92655474
8630000;41,29;56,301983;43,933465
9597054;55,7;56,27857;44,04323
23800900;77,59;56,31445394;43,98671873
11250400;57,4;56,29766;43,99764
14681838;74;56,25423;43,848433
6662520;37,2;56,288639;43,813403
11930000;65,8;56,34688242;43,92365884
11941508;54,59;56,28585154;43,92193684
7115500;42,79;56,326729;44,00697
10290000;54,79;56,362352;43,855645
6033042;20,06;56,26393551;43,86626459
16005360;69,38;56,303911;44,000426
22766551;91,3;56,31668;44,04003
24433156;62,9;56,31203;43,98025
13866698;52,97;56,30422;44,00771
8590000;26,5;56,28337137;44,03038537
8003027;38,68;56,30925114;43,8959115
8404800;41,2;56,34248922;43,87483452
21117200;85,15;56,22432;43,940192
6288320;34,4;56,241339;44,079145
21290500;55,29;56,31182985;43,9804979
15210000;90,8;56,26185201;44,01021655
11519999;60,97;56,29714;43,95264
8560000;38,79;56,301947;43,93416
10700800;60,79;56,34248922;43,87483452
10990431;53;56,309039;43,895814
6748173;36,09;56,213576;44,024286
7192080;49,63;56,218299;44,026776
10238400;64,8;56,20586328;43,81749283
22388446;90,04;56,22432;43,940192
52465805;92,52;56,312848;43,97616
35355466;85,69;56,32262756;43,98838833
5392000;38,2;56,30701898;43,84878948
8043562;37,5;56,27856341;44,04353498
35340000;58,9;56,32358424;44,01900592
10790000;59,79;56,36230958;43,85553498
9565738;55,79;56,27275;44,052807
9156796;48,4;56,213576;44,024286
14194210;64,9;56,31076451;43,93833547
7030000;34,2;56,225364;43,853181
31133500;87,69;56,31182985;43,9804979
8629776,4;41,43;56,30902;43,89671
9041500;54,7;56,248613;44,048243
11250079;67,9;56,27275;44,052807
5940000;25,62;56,30292088;43,92679077
7591039;30,1;56,26848;44,03505
30707000;174;56,34634;43,92332
14316975;76,5;56,28388;44,08354
7835292;36,25;56,206619;43,899036
8115666;39;56,27841;44,04228
23320000;46,65;56,32122862;44,00254607
14970022;78,84;56,34267441;43,83190266
7921768;59,24;56,218299;44,026776
10854000;60,29;56,34287;43,84371
20992500;82,09;56,346691;43,929648
8653340;52,7;56,206879;43,878404
14990000;38,09;56,33161;43,94897
18810000;71,25;56,284208;44,083939
8356820;49,09;56,24178286;44,08224511
14190000;49,09;56,33165908;43,94786475
10340000;50,7;56,29863728;44,08843568
29990000;133,89;56,33165908;43,94786475
8162220;44,7;56,23986577;43,83607559
8434001;40,63;56,33208495;43,86430596
8690000;48,7;56,219673;43,817821
10016568;42,65;56,26393551;43,86626459
11432176;59,86;56,28388;44,08354
9024740;52,9;56,31279053;43,88630085
23200000;165,6;56,279563;43,955856
11006470;45,66;56,284208;44,083939
17889500;69,25;56,31575;44,07297
12275922;72,9;56,27275;44,052807
8890000;51,09;56,21896442;43,8191828
8605600;49,59;56,31279053;43,88630085
10054800;58,79;56,24626431;44,04936652
25488000;70,8;56,31182985;43,9804979
10190000;62,4;56,219673;43,817821
23308800;85,5;56,3138159;43,98840316
9780473;75,08;56,30639313;43,84588019
5305881;21,01;56,206619;43,899036
11113748;43,7;56,30243714;44,10379162
11190000;73,69;56,21925;43,8199
12681900;67,09;56,34248922;43,87483452
9362589;47,97;56,34267441;43,83190266
7672064;30,79;56,27275;44,052807
6356890;23,39;56,26943641;44,03506993
18768000;78,19;56,26581118;43,97614632
27364799;64,4;56,32262756;43,98838833
8038800;39,59;56,342399;43,874837
12408900;65,45;56,305213;43,936778
33307374;93,9;56,31203;43,98025
7031612;28;56,27841;44,04228
18738750;71,25;56,284208;44,083939
21469471;79,69;56,3155383;43,97024169
7100000;35,5;56,24606868;44,04796909
17342200;51,2;56,31445394;43,98671873
7696673;30,79;56,2689;44,03516
12779442;72,9;56,2689;44,03516
16271136;70,66;56,303911;44,000426
35157600;102,8;56,31182985;43,9804979
6584400;37,2;56,31279053;43,88630085
9790000;35,4;56,28337137;44,03038537
8651135;34,09;56,267757;44,020746
10190000;59,4;56,302004;43,925036
31466760;87,69;56,31203;43,98025
17490000;74,9;56,331721;43,947855
9090488;48,4;56,213576;44,024286
41984000;131,19;56,31067;43,98946
7809999;37,13;56,203071;43,896904
6383700;36,9;56,20607;43,81747
20803000;58,59;56,31182985;43,9804979
5993880;20,07;56,26386;43,86687
7720000;38,2;56,301983;43,933465
9230000;44,59;56,34634;43,92332
8585200;52,09;56,248613;44,048243
8165000;43,97;56,305213;43,936778
5416527;38,2;56,30701898;43,84878948
10755004;52;56,34341392;43,82983371
9549600;62,79;56,26131336;43,93982472
9527843;46,59;56,25397;43,84863
16384479;77,33;56,28473917;44,08328368
8179271;35,5;56,27948;44,04396
15977895;59,2;56,3155383;43,97024169
16150638;76,5;56,31076451;43,93833547
10157777;57,5;56,27856341;44,04353498
18582000;69,25;56,31575;44,07297
11287076;55,5;56,25423;43,848433
8562549;34,29;56,26859879;44,02192617
7964700;41,7;56,34248922;43,87483452
18085080;70,01;56,31575;44,07297
11884800;61,9;56,342399;43,874837
19835895;81,4;56,316144;44,04004
8677870;68,01;56,30701898;43,84878948
10990000;65,09;56,36230958;43,85553498
10580322;37,72;56,30422;44,00771
23607500;66,5;56,31182985;43,9804979
8236800;41,59;56,34249;43,8757
12324433;65,4;56,267757;44,020746
9673950;60,5;56,2414005;44,08051777
7853982;32,5;56,27275;44,052807
27002300;78,69;56,31445394;43,98671873
7058400;35,9;56,248613;44,048243
10490000;60;56,36230958;43,85553498
7890000;53,9;56,21925;43,8199
9748600;61,7;56,248613;44,048243
12186000;77,68;56,30292088;43,92679077
7874400;40,79;56,34248922;43,87483452
9460760;54,59;56,27275;44,052807
9597004;55,59;56,27857;44,04323
11590000;61;56,34248922;43,87483452
10724053;65,09;56,27839032;44,04282151
16300000;97,08;56,31397;43,87803
11020415;64,69;56,27857;44,04323
7912970;32,5;56,27275;44,052807
15630000;81,09;56,34738;43,923997
8565440;39,02;56,30531709;43,93552226
23858414;70,09;56,31071876;44,00346057
22007477;89,69;56,316144;44,04004
6684210;37,7;56,23986577;43,83607559
10896200;60,2;56,248613;44,048243
7199000;31,29;56,2455639;44,04924046
10600375;50,49;56,28461981;44,08324076
8110000;39,29;56,301983;43,933465
5741175;23,59;56,206619;43,899036
7185621;40,38;56,30973766;43,89619555
15329999;64,08;56,30219;44,10283
8287706;38,75;56,33208495;43,86430596
8711310;52,7;56,24178286;44,08224511
7355500;32,59;56,248613;44,048243
8875922;29,05;56,303911;44,000426
8843645;36,65;56,26386;43,86687
16444025;83,09;56,3102;44,09525
9651200;58;56,34287;43,84371
9460772;54,2;56,27275;44,052807
6308900;29,89;56,2455639;44,04924046
17839999;60,66;56,317538;43,972031
10067760;42,65;56,26393551;43,86626459
30924880;88,19;56,31203;43,98025
14517031;74,3;56,25397;43,84863
13405984;68,75;56,34267441;43,83190266
7270394;40,38;56,309039;43,895814
12190000;64;56,362352;43,855645
11100960;53,36;56,31535466;44,07307159
9417000;55;56,302004;43,925036
14229999;57,66;56,303802;44,100032
7982792;31,6;56,26848;44,03505
9340144;39,2;56,267757;44,020746
8991840;52,4;56,288639;43,813403
10690000;60,79;56,301983;43,933465
9890000;44;56,28337137;44,03038537
5965000;25,54;56,30322;43,92668
6577480;36,4;56,288639;43,813403
9897079;53,59;56,28021069;44,0435779
5097261;33,34;56,218299;44,026776
12225205;54,65;56,26393551;43,86626459
13312500;47,5;56,346691;43,929648
9791300;56;56,248613;44,048243
9069688;38;56,26879;44,03741
24695500;79,09;56,313696;43,986405
9499000;56,7;56,30292088;43,92679077
21413700;103,94;56,284208;44,083939
8476920;50,09;56,241339;44,079145
25702000;72,4;56,31055055;43,98939101
9294400;59,2;56,24532346;44,05083637
7982793;31,5;56,27275;44,052807
11919101;65,73;56,285791;43,92192
7336500;36,5;56,24606868;44,04796909
16500000;60,5;56,31270023;43,98472395
18120958;55,09;56,31071876;44,00346057
11694116;57,13;56,206619;43,899036
8290000;48,9;56,21896442;43,8191828
9190000;53,4;56,21896442;43,8191828
7806334;30,7;56,2689;44,03516
12614800;67,09;56,34249;43,8757
6990000;36,29;56,219673;43,817821
6963376;28;56,27857;44,04323
11700000;55,29;56,34738;43,923997
12410000;65,19;56,34738;43,923997
11501240;42,43;56,22432;43,940192
9597054;55,7;56,27275;44,052807
10631366;37,74;56,30422;44,00771
26407771;105,69;56,31041608;44,0737578
33880000;72,76;56,321007;44,002772
7768220;46,59;56,29172;43,85805
6437910;40,49;56,35337169;43,82571338
8918951;34,99;56,26386;43,86687
13903844;52,88;56,30422;44,00771
15970000;94,59;56,26167;44,01066
30225756;55,24;56,312848;43,97616
6087250;32,5;56,23986577;43,83607559
8148280;34,79;56,27275;44,052807
10123218;42,65;56,26386;43,86687
17447801;93,44;56,34293;43,832222
11628560;42,43;56,22432;43,940192
11369250;48,9;56,2597542;43,97880318
14039640;59,49;56,22432;43,940192
9986970;75,08;56,30714;43,84627
15414106;76,8;56,31052757;43,93759561
31108164;87,69;56,31203;43,98025
5440890;27,29;56,23986577;43,83607559
9627618;54,59;56,27948;44,04396
5990000;25;56,326305;43,910941
12364800;67,19;56,342399;43,874837
9388620;51,59;56,213576;44,024286
12507067;55,9;56,26393551;43,86626459
37451666;97,69;56,31203;43,98025
17040000;68,13;56,2375;43,95912
11060000;60,79;56,301947;43,93416
12908560;65,8;56,284208;44,083939
40587525;102,3;56,32262756;43,98838833
9425613;46,09;56,25397;43,84863
15250000;90,8;56,26185201;44,01021655
14770000;81,69;56,34688242;43,92365884
7360732;27,5;56,267757;44,020746
12150000;60;56,28337137;44,03038537
5987000;25,54;56,302004;43,925036
5449300;38,2;56,30701898;43,84878948
8232978;39;56,27857;44,04323
10290000;71,09;56,21896442;43,8191828
7140000;23,6;56,362352;43,855645
8806380;36,29;56,26393551;43,86626459
7700000;46,33;56,27825381;44,0972248
10242096;57,7;56,27275;44,052807
7452948,78;30,44;56,30947;43,89597
9632440;61,79;56,26131336;43,93982472
7982793;31,5;56,26848;44,03505
8270000;39,9;56,301947;43,93416
8039970;47,09;56,3655588;43,81770045
7673400;40,59;56,24606868;44,04796909
15066248;39,11;56,31772789;43,9715093
12690000;73,8;56,219673;43,817821
6027300;36,2;56,29202546;43,85822885
15170000;84,5;56,34634;43,92332
12189900;68,09;56,34249;43,8757
10990000;65,09;56,362352;43,855645
12690000;73,9;56,21925;43,8199
5766757;28,21;56,30973766;43,89619555
6490000;41,9;56,21925;43,8199
21163000;82,8;56,346691;43,929648
14620036;64,9;56,31052757;43,93759561
23518400;77,4;56,313696;43,986405
11190000;71;56,21925;43,8199
8180400;41,29;56,248613;44,048243
11294650;56,9;56,29794576;43,99971638
18738750;71,25;56,284208;44,083939
8779600;47,9;56,248613;44,048243
12919155;50,7;56,30422;44,00771
13290000;78,59;56,219673;43,817821
13110300;56,09;56,31575;44,07297
11920000;64,09;56,34688242;43,92365884
65650000;166,64;56,32262756;43,98838833
7102057;52,81;56,30701898;43,84878948
9754400;54,79;56,2460166;44,05111255
22837500;72,5;56,31055055;43,98939101
11476901;61,09;56,27948;44,04396
6963495;53,34;56,30701898;43,84878948
11165500;69,9;56,248613;44,048243
6640000;23,6;56,362352;43,855645
34209000;108,59;56,31067;43,98946
9565400;56,59;56,2455639;44,04924046
12190000;64;56,36230958;43,85553498
15802000;56,79;56,346553;43,929761
6740000;31;56,34634;43,92332
9612534;45,06;56,285791;43,92192
10866050;47,45;56,31535466;44,07307159
11195098;67,09;56,26848;44,03505
9908427;54,5;56,26879511;44,03422363
9819600;60;56,248613;44,048243
10032300;63,9;56,24606868;44,04796909
16289999;70,65;56,30243714;44,10379162
25476150;127,69;56,302203;43,94123
13311340;40,45;56,22432;43,940192
6963495;53,34;56,30701898;43,84878948
10180000;40,79;56,34688242;43,92365884
12114039;65,73;56,28473917;44,08328368
12044832;72,8;56,27275;44,052807
7215250;43,4;56,326729;44,00697
18885000;62,95;56,323163;44,035586
9686000;58;56,34288029;43,84374421
11392400;59,95;56,28388;44,08354
5817040;34,4;56,29172;43,85805
11101676;79,5;56,310445;43,938326
16157819;69,18;56,30433573;44,0063724
11747500;38;56,346691;43,929648
10790000;46,79;56,28337137;44,03038537
7335000;34,81;56,30292088;43,92679077
10125555;54,5;56,2689;44,03516
6117120;32,4;56,23986577;43,83607559
12570000;64,01;56,301196;44,084741
6578000;29,89;56,248613;44,048243
11941175;56,86;56,206619;43,899036
12232500;43,5;56,346631;43,929751
13894691;73,86;56,285791;43,92192
16707700;69,81;56,31575;44,07297
8585200;50,79;56,24606868;44,04796909
11658240;55,2;56,316434;43,897105
10835910;60,29;56,34287;43,84371
9597004;55,59;56,27275;44,052807
34222700;125,8;56,313696;43,986405
10406858;58,2;56,26879511;44,03422363
8240000;38,59;56,301983;43,933465
13290000;65,8;56,33084;43,88186
43044320;101,3;56,32262756;43,98838833
9168467;38,4;56,264368;43,865569
16657953;79,4;56,31076451;43,93833547
36359218;102,8;56,31203;43,98025
23765000;67,9;56,32358424;44,01900592
12507067;55,9;56,26386;43,86687
10571876;58,09;56,26879511;44,03422363
9060000;37,75;56,264368;43,865569
10933750;76,69;56,26131336;43,93982472
12225205;54,65;56,26386;43,86687
12239999;54,11;56,297006;43,953365
11770000;60,5;56,33086108;43,88152355
5600000;29,7;56,27825381;44,0972248
9791000;56,7;56,30322;43,92668
9699200;43,29;56,2597542;43,97880318
7931389;59,83;56,30701898;43,84878948
13962870;83,5;56,26859879;44,02192617
20028123;82,29;56,30243714;44,10379162
5889000;25,54;56,30292088;43,92679077
7900000;40,97;56,30292088;43,92679077
7139999;23,37;56,297006;43,953365
16469845;70,47;56,303911;44,000426
5284193;39,15;56,218299;44,026776
11234000;68,5;56,24606868;44,04796909
16397500;93,69;56,24529975;44,05240001
10468225;58,09;56,26848;44,03505
8811000;53,4;56,31279053;43,88630085
7215250;43,4;56,26131336;43,93982472
8285444;31,15;56,26393551;43,86626459
13340074;52,91;56,30433573;44,0063724
9077432;48,09;56,24655326;43,82747589
10291971;58,2;56,27275;44,052807
8250000;39,9;56,301947;43,93416
9045220;36,65;56,26393551;43,86626459
6541200;36;56,31279053;43,88630085
10375000;61,86;56,30292088;43,92679077
13279999;62,83;56,297006;43,953365
8214900;41,7;56,34248922;43,87483452
12686390;50,86;56,30433573;44,0063724
8085000;46,2;56,248613;44,048243
8911650;36,29;56,26393551;43,86626459
8216100;45,9;56,24606868;44,04796909
16617203;80,8;56,28585154;43,92193684
14793600;77,05;56,284208;44,083939
57716190;126,8;56,32262756;43,98838833
10200000;72,09;56,27825381;44,0972248
27329999;68,51;56,317538;43,972031
9388620;51,59;56,213576;44,024286
7420574;40,22;56,309039;43,895814
9945000;58,5;56,211443;43,831695
7940100;39,9;56,34248922;43,87483452
9282800;46,09;56,25397;43,84863
8069586;34,4;56,27275;44,052807
9122400;54,29;56,24606868;44,04796909
9562261;55,4;56,27839032;44,04282151
11722392;37,61;56,2847511;44,08343388
12147772;72,8;56,26862407;44,03502438
55802800;175,69;56,3138159;43,98840316
8650000;35;56,26167;44,01066
21122385;62;56,311111;44,002892
9878400;60;56,248613;44,048243
4837720;35,59;56,218299;44,026776
10870000;61,29;56,301983;43,933465
17016560;69,73;56,31535466;44,07307159
9380800;57,2;56,24606868;44,04796909
17790000;71,4;56,33161;43,94897
23700000;79;56,312848;43,97616
17712362;59,7;56,31643526;44,04015241
6216900;39,09;56,29202546;43,85822885
7433700;34,9;56,24626431;44,04936652
5392961;38,81;56,30701898;43,84878948
11738243;45,41;56,30422;44,00771
8610000;41,09;56,34634;43,92332
8090000;53;56,21896442;43,8191828
12376980;65,8;56,28388;44,08354
19590000;80,19;56,28337137;44,03038537
12568568;55,9;56,26393551;43,86626459
11172000;57;56,297828;43,998842
10426590;47,61;56,31535466;44,07307159
12550000;69,69;56,34688242;43,92365884
10185840;60,2;56,34288029;43,84374421
6246442;23,39;56,27275;44,052807
32463264;98,09;56,31122697;44,00286966
7762893;30,79;56,27275;44,052807
8360000;56,5;56,21896442;43,8191828
21681000;81,69;56,346691;43,929648
8499020;40,9;56,241339;44,079145
18810000;71,25;56,2847511;44,08343388
10505760;68,8;56,29172;43,85805
20026895;80,19;56,31668;44,04003
6136000;32,5;56,23986577;43,83607559
9749860;61,79;56,26131336;43,93982472
8139913;36,4;56,27841;44,04228
9574095;53,9;56,27948;44,04396
20240000;92;56,114343;43,494987
15349999;60,66;56,317538;43,972031
8869580;26,79;56,30422;44,00771
7672848;29,89;56,26862407;44,03502438
7733000;40,7;56,24606868;44,04796909
8677870;68,01;56,30701898;43,84878948
27300000;72,8;56,31182985;43,9804979
17449999;70,65;56,303802;44,100032
16402881;59,7;56,316144;44,04004
11883000;71,4;56,248613;44,048243
14724390;83,5;56,267757;44,020746
7430500;38,5;56,24606868;44,04796909
11946700;61,9;56,34249;43,8757
12740000;76,3;56,26183;44,010568
10130000;46,31;56,301196;44,084741
9388669;40,66;56,28461;44,08362
7620000;32,4;56,34634;43,92332
7104955,19;51,59;56,192049;43,891147
7093000;34,59;56,24606868;44,04796909
8216100;47,2;56,248613;44,048243
15215350;76,8;56,31076451;43,93833547
10505760;68,8;56,29202546;43,85822885
6508800;36;56,31279053;43,88630085
27897000;105;56,313696;43,986405
7667000;39,72;56,30322;43,92668
8190000;40;56,301947;43,93416
8640000;43,2;56,301947;43,93416
6148420;34,59;56,3655588;43,81770045
9165700;60,7;56,24104802;44,08181596
12579999;60,58;56,297006;43,953365
9812880;59,4;56,34288029;43,84374421
10439999;43,97;56,297006;43,953365
10350000;59,2;56,301983;43,933465
9572500;54,7;56,24626431;44,04936652
8089147;38,54;56,34293;43,832222
7690000;32;56,362352;43,855645
8099700;39,9;56,34249;43,8757
11370000;60,4;56,301947;43,93416
10029999;41,77;56,297006;43,953365
10597627;37,4;56,30433573;44,0063724
7517941;30,79;56,27275;44,052807
11535507;66,09;56,26859879;44,02192617
16327855;61,79;56,31668;44,04003
7951587;37,79;56,34293;43,832222
17225470;58,79;56,22432;43,940192
10059800;57,29;56,248613;44,048243
9825830;51,2;56,34293;43,832222
10216150;59,5;56,34288029;43,84374421
7622220;38,68;56,30925114;43,8959115
19190000;78,9;56,28337137;44,03038537
16628463;62,31;56,303911;44,000426
12890000;46,09;56,33161;43,94897
9614275;54,4;56,27841;44,04228
9448770;57,29;56,24104802;44,08181596
12664296;59,79;56,3102;44,09525
7753900;38,29;56,248613;44,048243
6207177;31,7;56,213576;44,024286
22780593;91,9;56,3155383;43,97024169
9312921;38,4;56,267757;44,020746
18765481;123,59;56,310445;43,938326
8890000;48,7;56,219673;43,817821
9908427;54,5;56,26879511;44,03422363
7331160;39,79;56,206879;43,878404
6150000;23,79;56,301947;43,93416
14349120;55,43;56,31575;44,07297
16772989;75,09;56,310445;43,938326
16001156;62,4;56,3155383;43,97024169
20428400;85,36;56,31575;44,07297
8247945;42,79;56,34263292;43,82861794
7074840;42,79;56,326729;44,00697
6722880;37,59;56,31279053;43,88630085
7852410;38,09;56,206879;43,878404
8779600;46,7;56,2455639;44,04924046
13700000;46,9;56,31270023;43,98472395
14756220;67,37;56,31535466;44,07307159
19999999;67,29;56,317538;43,972031
8011863;34,09;56,26862407;44,03502438
11987631;66,09;56,26859879;44,02192617
6973740;38,7;56,34288029;43,84374421
12114039;65,73;56,28473917;44,08328368
7680000;38,29;56,301983;43,933465
10296336;58,2;56,26862407;44,03502438
7841405;32,5;56,26862407;44,03502438
36886800;104,19;56,31182985;43,9804979
9160184;48,4;56,213576;44,024286
6924150;41,4;56,326729;44,00697
8598688;32,2;56,26879;44,03741
8664162;34,09;56,26859879;44,02192617
18282000;69,25;56,31535466;44,07307159
6304800;29,6;56,2455639;44,04924046
4919961;35,59;56,218299;44,026776
9692100;60,5;56,206879;43,878404
18498600;61,9;56,31575;44,07297
8590000;48,9;56,21925;43,8199
13455000;51,75;56,2847511;44,08343388
17790000;71,4;56,33165908;43,94786475
34818900;125,69;56,323163;44,035586
7685430;30;56,27275;44,052807
8053384;35,7;56,27857;44,04323
12949999;44,41;56,317662;43,971453
5670000;22,2;56,301983;43,933465
18635530;60,59;56,314057;43,969599
8890000;51,09;56,219673;43,817821
13218205;48,65;56,2847511;44,08343388
9200000;44;56,26185201;44,01021655
9430707;39;56,267757;44,020746
11990000;69,9;56,21896442;43,8191828
9532537;39,34;56,28461981;44,08324076
12660000;75,69;56,301983;43,933465
9735897;44,09;56,3102;44,09525
6118377;45,5;56,218299;44,026776
13990000;66,3;56,331721;43,947855
6033042;20,06;56,264368;43,865569
19858723;61;56,31071876;44,00346057
9060000;37,75;56,264368;43,865569
21292498;83,3;56,303802;44,100032
11718000;62;56,34249;43,8757
9260812;38,4;56,267757;44,020746
11158560;57,4;56,29794576;43,99971638
16506155;80,59;56,28585154;43,92193684
7600571;56,54;56,30701898;43,84878948
11543680;42,43;56,22432;43,940192
5573000;22,1;56,30322;43,92668
8053414;36,2;56,27275;44,052807
9878400;58,79;56,2455639;44,04924046
12160366;72,8;56,27275;44,052807
16007100;69,9;56,31535466;44,07307159
19392736;91;56,31052757;43,93759561
7200000;29,07;56,30531709;43,93552226
14990000;56,2;56,331721;43,947855
8095791;37,4;56,27275;44,052807
30078720;78,33;56,312315;43,975068
8381238;43,97;56,305213;43,936778
14590000;65,59;56,331721;43,947855
7490000;36;56,21925;43,8199
5103000;24,29;56,20607;43,81747
11372610;58,09;56,26943641;44,03506993
11739999;48,7;56,30243714;44,10379162
12374500;38,2;56,346691;43,929648
9207519;46,2;56,25423;43,848433
9949999;49,74;56,29714;43,95264
24346000;65,8;56,322604;43,98837
12751620;65,73;56,28473917;44,08328368
21089500;82,8;56,346691;43,929648
6765150;37,9;56,23986577;43,83607559
16330990;59,7;56,31646209;44,03935848
15049500;59,25;56,26581118;43,97614632
9380800;57,2;56,24606868;44,04796909
9294400;59,2;56,24532346;44,05083637
7908355;32,5;56,26879511;44,03422363
12690000;73,8;56,21925;43,8199
7215250;43,4;56,326729;44,00697
10588442;58,2;56,26879511;44,03422363
10594343;37,77;56,30422;44,00771
23688000;65,8;56,31182985;43,9804979
11724340;45,61;56,284208;44,083939
7215250;43,4;56,26131336;43,93982472
9547669;46;56,25423;43,848433
11010450;76,69;56,326729;44,00697
9146340;54,9;56,288639;43,813403
13254514;76,66;56,28473917;44,08328368
8910000;35,2;56,34738;43,923997
8635360;49,59;56,288639;43,813403
12290000;65,19;56,34634;43,92332
17019000;69,75;56,31535466;44,07307159
12275922;72,9;56,26848;44,03505
8346694;37,18;56,30531709;43,93552226
5951880;19,79;56,26386;43,86687
27497699;86,19;56,31071876;44,00346057
7707000;39,36;56,30322;43,92668
13799999;62,79;56,29786;43,953771
5063025,12;34,09;56,192049;43,891147
22303302;70,4;56,31071876;44,00346057
10148991;40,2;56,31076451;43,93833547
7979400;40,29;56,34248922;43,87483452
15015000;82,5;56,248613;44,048243
6190000;30,39;56,21896442;43,8191828
11287076;55,5;56,25397;43,84863
20130000;91;56,114343;43,494987
8388030;41,29;56,24189638;44,0811615
8190000;39,5;56,301947;43,93416
9101880;52,4;56,288639;43,813403
16460125;69,77;56,30433573;44,0063724
8593148;41;56,34293;43,832222
6926150;38,5;56,34288029;43,84374421
9515020;61,79;56,326729;44,00697
34873500;104,09;56,31055055;43,98939101
18732000;89,19;56,259928;43,978821
12414000;77,22;56,30292088;43,92679077
10803238;45,66;56,28461981;44,08324076
12363813;65,73;56,28388;44,08354
7277956;49,63;56,218299;44,026776
9380000;44,59;56,34688242;43,92365884
7029600;34,79;56,24606868;44,04796909
15154536;85,9;56,34267441;43,83190266
12225205;54,65;56,26386;43,86687
9513000;45,29;56,2460166;44,05111255
6193792;23,39;56,27275;44,052807
36296300;98,9;56,31182985;43,9804979
15204373;39,11;56,31772789;43,9715093
10409200;53;56,24189638;44,0811615
11284676;67;56,27275;44,052807
9751500;59,09;56,20586328;43,81749283
20306000;57,2;56,31182985;43,9804979
9279856;38,4;56,26393551;43,86626459
12853867;65,19;56,25423;43,848433
8918951;34,99;56,26393551;43,86626459
16743079;63;56,31646209;44,03935848
18798500;72,09;56,346553;43,929761
7816635;30,2;56,2689;44,03516
7690800;37,7;56,24626431;44,04936652
13680000;76,22;56,301196;44,084741
8033680;36,65;56,26386;43,86687
16600134;69,87;56,30422;44,00771
10170000;59,25;56,302004;43,925036
20046757;103,94;56,28461;44,08362
7840000;39,59;56,301983;43,933465
6969760;39,2;56,34288029;43,84374421
6155500;32,5;56,23986577;43,83607559
8534400;52,09;56,248613;44,048243
7804470;47,09;56,29172;43,85805
16690000;60,4;56,313696;43,986405
8095762;37,5;56,27841;44,04228
11828500;38,29;56,346691;43,929648
28042140;78,33;56,312315;43,975068
9614275;54,4;56,27275;44,052807
17160524;85,61;56,28461;44,08362
8664162;34,09;56,26859879;44,02192617
26572000;72,8;56,31182985;43,9804979
12297300;53,7;56,259928;43,978821
5993880;20,07;56,26393551;43,86626459
9138092;59,24;56,218299;44,026776
6696000;37,2;56,288639;43,813403
27049999;75,48;56,317538;43,972031
12950300;67,09;56,34248922;43,87483452
5449300;38,2;56,30701898;43,84878948
12538100;66,06;56,305213;43,936778
11065600;60,79;56,34248922;43,87483452
14786460;55,13;56,284208;44,083939
14973200;91,3;56,342399;43,874837
47955400;151,89;56,313696;43,986405
13150158;65;56,25423;43,848433
40239852;94,69;56,32262756;43,98838833
10497650;58,2;56,26879511;44,03422363
7950000;28,98;56,30135631;44,08432405
10468225;58,09;56,26848;44,03505
21344000;58;56,31203;43,98025
23111120;85,08;56,31575;44,07297
11960000;64,7;56,301196;44,084741
9490000;46,79;56,28337137;44,03038537
13164000;66,06;56,305213;43,936778
9544860;40,79;56,284208;44,083939
6401000;37;56,31279053;43,88630085
20789323;105,4;56,31076451;43,93833547
10838880;52,11;56,32791928;43,9515188
13581175;62,22;56,303802;44,100032
7840000;36,79;56,36230958;43,85553498
13230000;71,4;56,34738;43,923997
21018000;78,62;56,346691;43,929648
13164000;64,55;56,30531709;43,93552226
8897130;36,29;56,26393551;43,86626459
5694116;23,59;56,206619;43,899036
5762250;32,5;56,24104802;44,08181596
4896480;20,2;56,206879;43,878404
6576469;27,65;56,206619;43,899036
9403350;45,86;56,32791928;43,9515188
9467700;45,29;56,2460166;44,05111255
11482219;67,09;56,26879511;44,03422363
12071540;75,4;56,34288029;43,84374421
6924150;41,4;56,326729;44,00697
8627777;34,09;56,26859879;44,02192617
5339565;38,81;56,30701898;43,84878948
8790000;51,9;56,21925;43,8199
18728000;47,09;56,313696;43,986405
7290595;27,6;56,267757;44,020746
6790000;42,09;56,21896442;43,8191828
11132000;60,5;56,34248922;43,87483452
8279999;33,68;56,29791554;43,95222999
14509830;50,7;56,314057;43,969599
12276000;52,79;56,264368;43,865569
12000000;63,77;56,30117;44,08461
15330000;90,8;56,26167;44,01066
10577400;57,79;56,248613;44,048243
29190000;97,44;56,323163;44,035586
9562254;55,59;56,27839032;44,04282151
11131124;32,4;56,316144;44,04004
17841610;84,59;56,310445;43,938326
12199999;54,18;56,29786;43,953771
7883124;36,52;56,33208495;43,86430596
16522800;70,25;56,30422;44,00771
11058742;32,5;56,31646209;44,03935848
9290000;54,4;56,21925;43,8199
15080000;84,9;56,26183;44,010568
7992800;41,2;56,34248922;43,87483452
8152655;35;56,27948;44,04396
7350000;48,9;56,21896442;43,8191828
11250000;62,5;56,34248922;43,87483452
7160400;36,4;56,248613;44,048243
31248000;86,8;56,322604;43,98837
34624200;96,5;56,31203;43,98025
10588459;39;56,3102;44,09525
7385400;37,29;56,24606868;44,04796909
9500000;52,65;56,246863;43,827557
12290000;64,44;56,30117;44,08461
11972000;73;56,288639;43,813403
9520000;56;56,20607;43,81747
10363854;28,45;56,31772789;43,9715093
9260000;41,09;56,34634;43,92332
9549600;62,79;56,326729;44,00697
17259500;62,29;56,346631;43,929751
10441010;69,09;56,24104802;44,08181596
8540000;40,79;56,34634;43,92332
9778800;56,2;56,24626431;44,04936652
12390000;70,8;56,21925;43,8199
15837843;76,5;56,31076451;43,93833547
11624242;67,8;56,27856341;44,04353498
7673400;40,59;56,24606868;44,04796909
14202519;83,4;56,267757;44,020746
10715600;60,2;56,34249;43,8757
5988888;20,06;56,26386;43,86687
16410000;93,19;56,30135631;44,08432405
8095791;37,4;56,27841;44,04228
7685436;29,89;56,26848;44,03505
10138000;54,79;56,248613;44,048243
9110000;43,29;56,34738;43,923997
14846913;51,79;56,3155383;43,97024169
8815375;46,2;56,27275;44,052807
10170144;42,65;56,26386;43,86687
12030000;63,77;56,30117;44,08461
9811035;54,5;56,26862407;44,03502438
41796000;121,5;56,31182985;43,9804979
7564404;34,11;56,30973766;43,89619555
8910162;29,05;56,303911;44,000426
9520000;56;56,20586328;43,81749283
46665000;103,69;56,32358424;44,01900592
10490000;60;56,36230958;43,85553498
12160366;72,8;56,27275;44,052807
17785080;70,01;56,31535466;44,07307159
35938880;102,8;56,31203;43,98025
9514000;54,84;56,302004;43,925036
8060100;40,09;56,24626431;44,04936652
16309390;69,91;56,31575;44,07297
9501800;61,7;56,24532346;44,05083637
30180333;50,66;56,312315;43,975068
40371200;121,59;56,31182985;43,9804979
19122660;69;56,3144;43,976444
9508800;56,59;56,2455639;44,04924046
21481893;48,7;56,32262756;43,98838833
8053409;36,29;56,27857;44,04323
16197635;56,79;56,31646209;44,03935848
10500000;72,02;56,27825381;44,0972248
8990000;53,5;56,21896442;43,8191828
25842000;70,8;56,31182985;43,9804979
7044100;36;56,248613;44,048243
6522880;36,4;56,31279053;43,88630085
15848210;61,18;56,284208;44,083939
11572441;67;56,2689;44,03516
6548100;29,89;56,248613;44,048243
10592254;64,5;56,241339;44,079244
12160214;65,4;56,267757;44,020746
9680160;51,59;56,213576;44,024286
7500000;42,25;56,27825381;44,0972248
11567818;67;56,26879511;44,03422363
9961600;57,7;56,248613;44,048243
13200000;72,3;56,34634;43,92332
11284676;67;56,27275;44,052807
16504954;60,84;56,31041608;44,0737578
7685430;30;56,26848;44,03505
23840000;56,75;56,321007;44,002772
6628699;34,09;56,213576;44,024286
31967600;93,19;56,31182985;43,9804979
15331873;39,09;56,31772789;43,9715093
9386250;75,08;56,30701898;43,84878948
10617750;49,5;56,2597542;43,97880318
5176520;25,39;56,29202546;43,85822885
9290000;53,4;56,219673;43,817821
5449300;38,2;56,30701898;43,84878948
6488300;29,89;56,24626431;44,04936652
8764800;52,79;56,23986577;43,83607559
8092275;37,4;56,27839032;44,04282151
7644600;41,09;56,24606868;44,04796909
12460000;65,23;56,30117;44,08461
11429600;62,79;56,342399;43,874837
11294650;56,9;56,29794576;43,99971638
5920000;25,77;56,30292088;43,92679077
11670350;68,9;56,27841;44,04228
8591403;39,09;56,28021069;44,0435779
8779600;46,7;56,2455639;44,04924046
20189059;78;56,31646209;44,03935848
10733076;37,61;56,30422;44,00771
10922300;47,79;56,259928;43,978821
12162500;69,5;56,24626431;44,04936652
10481445;53,81;56,28461;44,08362
7090200;36,4;56,248613;44,048243
8163920;31,15;56,264368;43,865569
7170320;37,59;56,34287;43,84371
6308900;29,89;56,2455639;44,04924046
8053004;31,7;56,26879511;44,03422363
11080200;62,59;56,34249;43,8757
8710000;45,59;56,301947;43,93416
10290000;60;56,248613;44,048243
8974935;34,99;56,26393551;43,86626459
24878811;90,9;56,31668;44,04003
56135929;126,3;56,32262756;43,98838833
8890000;48,7;56,21925;43,8199
14626780;76,86;56,284208;44,083939
15310000;90,8;56,26183;44,010568
22368639;89,8;56,31646209;44,03935848
19193701;66,09;56,316144;44,04004
18200000;65,5;56,312649;43,984924
6038160;36,2;56,29172;43,85805
16658440;71,22;56,303911;44,000426
7497668;56,54;56,30701898;43,84878948
10676590;47,61;56,31575;44,07297
33889600;94,4;56,31182985;43,9804979
12153398;67;56,26943641;44,03506993
7690000;32;56,326305;43,910941
9611100;54,29;56,24626431;44,04936652
8115666;39;56,27841;44,04228
8966400;47,9;56,248613;44,048243
11657573;65,23;56,30925114;43,8959115
7078800;36,09;56,248613;44,048243
11059520;40,65;56,26581118;43,97614632
11134000;62;56,301947;43,93416
11540000;59,9;56,34634;43,92332
42872000;93,19;56,32262756;43,98838833
11486849;67,09;56,2689;44,03516
6588400;36,4;56,31279053;43,88630085
10859999;41,47;56,297006;43,953365
13010130;40,52;56,22432;43,940192
8157775;37,75;56,264368;43,865569
5619600;22,29;56,248613;44,048243
10577400;57,79;56,248613;44,048243
11153160;53,81;56,284208;44,083939
23490000;91,5;56,331721;43,947855
6594560;36,79;56,23986577;43,83607559
16545840;58,25;56,26581118;43,97614632
8918951;34,99;56,264368;43,865569
23990000;112,69;56,331721;43,947855
15080000;84,9;56,26185201;44,01021655
145000000;279,2;56,32358424;44,01900592
11688300;69,19;56,30531709;43,93552226
10351970;40,2;56,310445;43,938326
27585000;61,29;56,32358424;44,01900592
33366000;99,59;56,31055055;43,98939101
11175042;55,79;56,25403985;43,84835189
9990000;35,4;56,28337137;44,03038537
25266177;95;56,3155383;43,97024169
7809162;29,89;56,26879511;44,03422363
11482219;67,09;56,26879511;44,03422363
16137450;76,3;56,259928;43,978821
6882750;41,4;56,26131336;43,93982472
7140000;23,6;56,36230958;43,85553498
10161600;58,4;56,24626431;44,04936652
12325699;65,86;56,28388;44,08354
5955814;23,39;56,26862407;44,03502438
8983417;46,27;56,305213;43,936778
9508200;59,79;56,24606868;44,04796909
13597500;73,5;56,338475;43,866509
9552000;59,7;56,24606868;44,04796909
11670343;68,69;56,27275;44,052807
11190000;65,09;56,362352;43,855645
15890000;61,79;56,33165908;43,94786475
23322000;84,5;56,22432;43,940192
8466608;39,65;56,30531709;43,93552226
8220000;38,59;56,301983;43,933465
23055800;86,3;56,3138159;43,98840316
10090000;54,79;56,362352;43,855645
13895441;76,58;56,28461;44,08362
9348000;57;56,34248922;43,87483452
16500000;93,15;56,301196;44,084741
10984801;43,79;56,3102;44,09525
6725430;41,4;56,26131336;43,93982472
15984804;67,93;56,303911;44,000426
35568800;102,8;56,31182985;43,9804979
14642872;73,65;56,28585154;43,92193684
6562223;45,5;56,218299;44,026776
9122400;54,29;56,24606868;44,04796909
25844000;72,8;56,31182985;43,9804979
10703175;53,65;56,28473917;44,08328368
27629999;75,48;56,317662;43,971453
10390000;58,2;56,36230958;43,85553498
9380000;39,7;56,26183;44,010568
5152522;34,84;56,218299;44,026776
7115500;42,79;56,26131336;43,93982472
16085387;69,38;56,303911;44,000426
12980000;75;56,26167;44,01066
10544316;53,88;56,28461;44,08362
6529999;23,37;56,29791554;43,95222999
17249293;59,79;56,31668;44,04003
16144317;68,77;56,30433573;44,0063724
21018000;78,59;56,346553;43,929761
11020415;64,69;56,27275;44,052807
15650000;60,09;56,28337137;44,03038537
24257120;70,68;56,31575;44,07297
16166000;54,79;56,30443425;43,99120957
12955020;67,8;56,343269;43,829027
14867288;79,69;56,25403985;43,84835189
14790000;59,9;56,331721;43,947855
16534501;69,94;56,30422;44,00771
44905000;128,3;56,32212221;44,00585602
11699100;61,9;56,342399;43,874837
7951600;41,2;56,342399;43,874837
10692000;49,5;56,259928;43,978821
7821930;38,09;56,206879;43,878404
9280000;39,7;56,26183;44,010568
7277000;35,93;56,302004;43,925036
10823340;68,19;56,2414005;44,08051777
8139948;36,29;56,27841;44,04228
5955000;25,54;56,302004;43,925036
30780623;95,95;56,30243714;44,10379162
19124998;55,79;56,31772789;43,9715093
12439980;65,81;56,28461981;44,08324076
8115823;38,9;56,27856341;44,04353498
12583060;40,45;56,26581118;43,97614632
9504579;40,66;56,28461;44,08362
7215250;43,4;56,26131336;43,93982472
16490000;78,9;56,362352;43,855645
10548930;57,29;56,206879;43,878404
7999200;39,59;56,342399;43,874837
5965000;25,54;56,302004;43,925036
7059708;36,9;56,213576;44,024286
7319220;39,79;56,241339;44,079145
11687519;72,19;56,267757;44,020746
11091289;69,8;56,26848;44,03505
12027080;59,54;56,32791928;43,9515188
8181000;40,5;56,342399;43,874837
9248000;54,4;56,24606868;44,04796909
7933500;38,29;56,35168;43,87031
5781000;22,1;56,30292088;43,92679077
11392400;59,95;56,28388;44,08354
9784600;58;56,2414005;44,08051777
9177591;38,5;56,267757;44,020746
6506240;36,79;56,23986577;43,83607559
8180900;40,29;56,34249;43,8757
15790000;69,3;56,28337137;44,03038537
7506319;40,09;56,213576;44,024286
11998000;77,68;56,30292088;43,92679077
5418000;24,6;56,205395;43,817017
9100000;44;56,26185201;44,01021655
9460758;54,4;56,27857;44,04323
8036250;35,9;56,27856341;44,04353498
11465350;56,9;56,29794576;43,99971638
11831353;68,09;56,27275;44,052807
8954731;53,34;56,309039;43,895814
9031900;50,09;56,248613;44,048243
8688532;41,08;56,305213;43,936778
6189159;23,39;56,26879511;44,03422363
14706946;54,9;56,3155383;43,97024169
10202460;39;56,3102;44,09525
20605000;72,19;56,346691;43,929648
13990000;79,19;56,21896442;43,8191828
15837843;76,5;56,31076451;43,93833547
8779600;47,9;56,248613;44,048243
10138000;54,79;56,248613;44,048243
57135900;167,17;56,31445394;43,98671873
11481600;73,59;56,288639;43,813403
8262000;45,9;56,24606868;44,04796909
22368639;89,8;56,31668;44,04003
7900000;37,2;56,301983;43,933465
8053411;35,9;56,27275;44,052807
9103290;57,7;56,26131336;43,93982472
14427981;60,09;56,31052757;43,93759561
9574095;53,9;56,27275;44,052807
5663420,78;33,59;56,192049;43,891147
6890000;35,4;56,219673;43,817821
9749860;61,79;56,26131336;43,93982472
7689999;34,45;56,29714;43,95264
9894116;46,75;56,206619;43,899036
9390000;56,79;56,21925;43,8199
17189473;69,9;56,316144;44,04004
9457500;39;56,267757;44,020746
11466988;67,59;56,27857;44,04323
5500000;28,62;56,27825381;44,0972248
8241600;40,79;56,342399;43,874837
10781265;59,72;56,28461981;44,08324076
9010925;37,75;56,264368;43,865569
8090000;54,2;56,21896442;43,8191828
9572000;48,75;56,246863;43,827557
5606400;21,89;56,24606868;44,04796909
30796993;87,3;56,3132544;43,96930895
8405280;40,4;56,30531709;43,93552226
11884500;69,5;56,2455639;44,04924046
13940000;72,3;56,34738;43,923997
7052410;45,5;56,218299;44,026776
9715000;56,86;56,30322;43,92668
14596020;55,7;56,22432;43,940192
8910000;35,2;56,34634;43,92332
9749860;61,79;56,26131336;43,93982472
15310000;90,8;56,26167;44,01066
21689999;81,76;56,30243714;44,10379162
50650000;101,3;56,32262756;43,98838833
12714919,44;71,65;56,30902;43,89671
75000000;366,89;56,279563;43,955856
12444000;77,38;56,30322;43,92668
13150800;84,3;56,248613;44,048243
16174510;77,38;56,28473917;44,08328368
12566800;35,29;56,30443425;43,99120957
14123832;49,5;56,314057;43,969599
8540000;43,2;56,301947;43,93416
12430000;73,9;56,26183;44,010568
6067750;32,5;56,23986577;43,83607559
12620000;75,59;56,26167;44,01066
13309999;48,79;56,317662;43,971453
7190000;34,47;56,225364;43,853181
9122375;38,4;56,26386;43,86687
7029600;36,2;56,248613;44,048243
15984804;66,62;56,30422;44,00771
5991100;36,2;56,29172;43,85805
15295000;71,79;56,33208495;43,86430596
16359167;76,5;56,31076451;43,93833547
11330000;42,74;56,237519;43,958872
8139948;36,29;56,27275;44,052807
11177700;57;56,29794576;43,99971638
8293123;29,89;56,27275;44,052807
7400000;42,25;56,27825381;44,0972248
7900000;46,33;56,27825381;44,0972248
29765400;78,33;56,312315;43,975068
7784269;31,89;56,27275;44,052807
19945315;80,19;56,31646209;44,03935848
12070457;63,9;56,25403985;43,84835189
57135900;167,17;56,313696;43,986405
7590000;37,09;56,362352;43,855645
7524000;39,49;56,30292088;43,92679077
6049020;36,2;56,29172;43,85805
13866698;52,97;56,30422;44,00771
6025523;23,39;56,26848;44,03505
7841600;39;56,248613;44,048243
9552000;61;56,248613;44,048243
7990000;38,4;56,36230958;43,85553498
10490000;59,79;56,36230958;43,85553498
8131500;41,7;56,342399;43,874837
8090000;54,2;56,21925;43,8199
5449300;38,2;56,30701898;43,84878948
18144000;74,59;56,31668;44,04003
25844000;72,8;56,31182985;43,9804979
8204428;31,15;56,26386;43,86687
18063710;85,63;56,284208;44,083939
11978948;75,4;56,27275;44,052807
25134100;78,4;56,31445394;43,98671873
9039000;52,4;56,288639;43,813403
11301777;42;56,310445;43,938326
16790000;74,9;56,331721;43,947855
8901244;48,4;56,213576;44,024286
32992000;103,09;56,320026;43,977679
10440000;46,59;56,29863728;44,08843568
9180000;39,7;56,26167;44,01066
10939200;51,59;56,259928;43,978821
11178400;62,79;56,342399;43,874837
17783232;55,09;56,311111;44,002892
14828460;66,33;56,31575;44,07297
10448337;53,65;56,28461981;44,08324076
13919999;44,41;56,317538;43,972031
8100300;40,29;56,342399;43,874837
9010000;43,29;56,34634;43,92332
7551600;34,79;56,24626431;44,04936652
14915589;83,4;56,26859879;44,02192617
9460737;54,09;56,27857;44,04323
13329999;50,9;56,30219;44,10283
6790000;42,09;56,21925;43,8199
18814000;81;56,317093;44,064431
7497925;33,13;56,30973766;43,89619555
11284676;67;56,27275;44,052807
5577000;30;56,206879;43,878404
11079480;76,69;56,26131336;43,93982472
15739999;55,29;56,31772789;43,9715093
6558250;35,45;56,210993;43,830581
13990000;63,59;56,28337137;44,03038537
9850660;58,59;56,31279053;43,88630085
11020409;64,9;56,27857;44,04323
7602706,38;32,77;56,30947;43,89597
17747801;93,44;56,34267441;43,83190266
9749860;61,79;56,326729;44,00697
6025523;23,39;56,27275;44,052807
15430000;81,69;56,34688242;43,92365884
9751500;59,09;56,20586328;43,81749283
17905422;98,09;56,31052757;43,93759561
7050000;28,26;56,31397;43,87803
22201644;58,7;56,31203;43,98025
16328344;74,37;56,338475;43,866509
8610000;41,09;56,34634;43,92332
24090000;66;56,31182985;43,9804979
21798500;72,09;56,346691;43,929648
8751976;39,4;56,27275;44,052807
8650000;35;56,26183;44,010568
14159999;64,01;56,30243714;44,10379162
21163000;82;56,346631;43,929751
8221195;42,79;56,34263292;43,82861794
9418987;75,08;56,30701898;43,84878948
10749805;68,3;56,27856341;44,04353498
9388620;51,59;56,213576;44,024286
9268640;43,72;56,353144;43,825892
7171000;35,5;56,24606868;44,04796909
20046757;103,94;56,28388;44,08354
8978400;52,2;56,23986577;43,83607559
20337300;61,7;56,313696;43,986405
14620000;43;56,30443425;43,99120957
9273868;38,4;56,26859879;44,02192617
8048100;41,7;56,34249;43,8757
9235200;59,2;56,24532346;44,05083637
11091289;69,8;56,27275;44,052807
7621000;39,36;56,302004;43,925036
15601465;63,81;56,303911;44,000426
12225205;54,65;56,26393551;43,86626459
17551000;63,4;56,346631;43,929751
9299865;38,4;56,267757;44,020746
21205110;105,4;56,31052757;43,93759561
6590000;35,7;56,21896442;43,8191828
12376980;65,8;56,28461;44,08362
8365500;42,9;56,342399;43,874837
18417400;47,09;56,313696;43,986405
9067617;40,79;56,28388;44,08354
8480006;42,79;56,343269;43,829027
12005600;71,3;56,248613;44,048243
15357341;79,9;56,25403985;43,84835189
9814150;59,29;56,23986577;43,83607559
15038800;91,69;56,342399;43,874837
9150000;43,5;56,34688242;43,92365884
7128000;36;56,24606868;44,04796909
7354200;32,2;56,248613;44,048243
16251900;76,3;56,259928;43,978821
9614273;54,09;56,27275;44,052807
12390924;67,8;56,34263292;43,82861794
6636550;33,09;56,206879;43,878404
21825000;58,2;56,31182985;43,9804979
10571876;58,09;56,26879511;44,03422363
11634040;42,45;56,26581118;43,97614632
26208000;67,19;56,31182985;43,9804979
8059800;39,9;56,34248922;43,87483452
14049999;44,41;56,317662;43,971453
7385400;37,29;56,24606868;44,04796909
11730000;63,97;56,30117;44,08461
24437400;77;56,313696;43,986405
10266400;62,59;56,34248922;43,87483452
9080000;44,59;56,34738;43,923997
9475362;50,09;56,27275;44,052807
11790000;78,69;56,21896442;43,8191828
8010000;28,98;56,30117;44,08461
10783650;53,81;56,284208;44,083939
7190000;35;56,21925;43,8199
11380562;67,09;56,26879511;44,03422363
16890000;74,9;56,33161;43,94897
12075400;71,3;56,248613;44,048243
10990000;70,69;56,219673;43,817821
10155100;58,7;56,24626431;44,04936652
7921768;59,24;56,218299;44,026776
11234000;69,9;56,248613;44,048243
12285320;54,65;56,26393551;43,86626459
33417000;79;56,312315;43,975068
14528460;66,33;56,31535466;44,07307159
16131481;49,59;56,31071876;44,00346057
9524911;50,09;56,27275;44,052807
9990000;45,9;56,28337137;44,03038537
11152940;47,86;56,20553;43,89783
7890000;38,9;56,301983;43,933465
9390000;43,5;56,28337137;44,03038537
21316450;88,44;56,22432;43,940192
9363640;57,2;56,3655588;43,81770045
9960000;43,38;56,30135631;44,08432405
14790000;65,59;56,33161;43,94897
6416700;29,29;56,248613;44,048243
9297400;32,06;56,26581118;43,97614632
17494337;62,09;56,3155383;43,97024169
5890000;23,6;56,301983;43,933465
7279000;36,11;56,302004;43,925036
10476164;43,59;56,3102;44,09525
11470000;62;56,34248922;43,87483452
7890000;51,9;56,21925;43,8199
17905500;86,5;56,3044;43,99143
12765356;50,7;56,30433573;44,0063724
24390000;84,09;56,313696;43,986405
8484000;42;56,34249;43,8757
7590000;35,29;56,36230958;43,85553498
15465000;103,09;56,29863728;44,08843568
6409000;29;56,248613;44,048243
8224072;38,45;56,33208495;43,86430596
7289167;54,2;56,30701898;43,84878948
13334700;56,09;56,31575;44,07297
40698000;98,4;56,32212221;44,00585602
13041000;48,29;56,317233;44,068464
6156000;32,4;56,23986577;43,83607559
15567400;48,09;56,313696;43,986405
9945000;58,5;56,211443;43,831695
8136458;35,7;56,27839032;44,04282151
10200000;56,79;56,301983;43,933465
7670000;32,4;56,34738;43,923997
12630000;65,87;56,33260146;43,88200635
10126900;59,5;56,34287;43,84371
8195200;41,59;56,34248922;43,87483452
40625000;62,5;56,322604;43,98837
12207360;52,79;56,26393551;43,86626459
11840600;73;56,288639;43,813403
5650000;28,53;56,27825381;44,0972248
8504301;39,47;56,305213;43,936778
15390000;65,59;56,33161;43,94897
16393452;68,66;56,30422;44,00771
17490000;55,9;56,30443425;43,99120957
49583767;75,41;56,312848;43,97616
7050330;43,4;56,326729;44,00697
11302200;54,59;56,29794576;43,99971638
8891290;36,65;56,26393551;43,86626459
12460000;59,7;56,33084;43,88186
6586190;37,7;56,31279053;43,88630085
7707778;34,06;56,30973766;43,89619555
9299865;38,4;56,267757;44,020746
9986400;59,59;56,248613;44,048243
14881189;56,2;56,3155383;43,97024169
18289820;55,09;56,311111;44,002892
9068100;54,29;56,24606868;44,04796909
15290000;65,59;56,33165908;43,94786475
16317508;61,59;56,314057;43,969599
17555256;59,7;56,31643526;44,04015241
11637200;61,9;56,342399;43,874837
10350000;59,49;56,30236615;43,92655474
12970000;69,69;56,34738;43,923997
7600571;56,54;56,30701898;43,84878948
8712223;39,09;56,30546;43,94094
16849999;70,55;56,30243714;44,10379162
13110300;56,09;56,31575;44,07297
11364600;61,09;56,34248922;43,87483452
37880080;107,09;56,31203;43,98025
13941915;55,38;56,28447;44,0845
9720000;55,13;56,30236615;43,92655474
8684960;52,7;56,206879;43,878404
9862050;45,86;56,32789;43,95142
7090200;35,09;56,24606868;44,04796909
12638500;37,79;56,346631;43,929751
11437498;49,56;56,20553;43,89783
26418312;72,8;56,31203;43,98025
15038900;84,19;56,31076451;43,93833547
19294212;59,2;56,311111;44,002892
12190000;57,79;56,28337137;44,03038537
9680160;51,59;56,213576;44,024286
7600571;56,54;56,30701898;43,84878948
27329999;68,51;56,317662;43,971453
10320000;59,25;56,30236615;43,92655474
12090000;63,97;56,30135631;44,08432405
8350000;35,2;56,26185201;44,01021655
5680980;33,29;56,24178286;44,08224511
8285444;31,15;56,26386;43,86687
32402500;99,69;56,31067;43,98946
9460758;54,4;56,27275;44,052807
9568000;59,79;56,24606868;44,04796909
20069999;75,48;56,317538;43,972031
13429999;48,79;56,317538;43,972031
11266800;68,69;56,241339;44,079145
10210000;58,9;56,301947;43,93416
9563000;56,86;56,30292088;43,92679077
6924150;41,4;56,326729;44,00697
8036221;36,09;56,27856341;44,04353498
5392000;38,2;56,30701898;43,84878948
11399999;64,73;56,203071;43,896904
8060725;37,59;56,27857;44,04323
29310872;55,24;56,312315;43,975068
9081609;39,95;56,309039;43,895814
12389999;59,79;56,29786;43,953771
11790000;67,59;56,362352;43,855645
5168900;25,39;56,29172;43,85805
7345800;37,09;56,248613;44,048243
10708316;41,04;56,30422;44,00771
9791800;56,59;56,24626431;44,04936652
7270456;54,06;56,30701898;43,84878948
19863684;80,3;56,316144;44,04004
12196000;77,22;56,30292088;43,92679077
5922180;19,79;56,26386;43,86687
8974935;34,99;56,264368;43,865569
47656600;155,19;56,313696;43,986405
15006820;76,8;56,31076451;43,93833547
16463600;49,2;56,31445394;43,98671873
9104879;46,9;56,25403985;43,84835189
13690000;60;56,28337137;44,03038537
8772413;68,01;56,30701898;43,84878948
15705443;73,86;56,28585154;43,92193684
10840060;36,68;56,28447;44,0845
9693131;45,06;56,285791;43,92192
6009300;19,79;56,264368;43,865569
27816000;146,39;56,30243141;43,94134696
10029999;53,36;56,29714;43,95264
12690000;73,9;56,219673;43,817821
9749860;61,79;56,326729;44,00697
7292437;28,75;56,28461;44,08362
13850000;76,8;56,301947;43,93416
8053414;36,2;56,27857;44,04323
8036219;36,2;56,27856341;44,04353498
11182082;64,8;56,241339;44,079244
6687326;30,44;56,309039;43,895814
28500643;79,59;56,31122697;44,00286966
11831388;68;56,27857;44,04323
5750000;29,7;56,27825381;44,0972248
8240000;31;56,34738;43,923997
8528352;41,43;56,30925114;43,8959115
9317645;37,13;56,20553;43,89783
13903844;52,88;56,30422;44,00771
10125555;54,5;56,27275;44,052807
6548490;37,7;56,288639;43,813403
12108117;54,59;56,28585154;43,92193684
14943426;52,29;56,3155383;43,97024169
12207360;52,79;56,26386;43,86687
9256327;36,09;56,3102;44,09525
11910000;63,97;56,30135631;44,08432405
9828300;55,59;56,248613;44,048243
8201200;40,59;56,342399;43,874837
9443574;54;56,27856341;44,04353498
10582411;40;56,30422;44,00771
10018200;57,7;56,248613;44,048243
10478759;40,16;56,303911;44,000426
24782611;66,5;56,314057;43,969599
7820747;31,6;56,26862407;44,03502438
14785455;53,7;56,3132544;43,96930895
11110915;53,65;56,28461;44,08362
15357341;79,9;56,25403985;43,84835189
5188234;20,9;56,206619;43,899036
7665000;36,29;56,248613;44,048243
12904996;71,69;56,34272274;43,82913634
8139600;39,9;56,34248922;43,87483452
6419850;38,09;56,213576;44,024286
13538120;46,29;56,30986147;44,07436398
12225205;54,65;56,264368;43,865569
7784269;31,89;56,27948;44,04396
11989152;65,73;56,28461981;44,08324076
7220000;35,18;56,226179;43,852308
7290595;27,6;56,267757;44,020746
16469845;68,98;56,30422;44,00771
11419050;42,45;56,26581118;43,97614632
9597004;55,59;56,27275;44,052807
9359999;50,66;56,203071;43,896904
7517941;30,79;56,27275;44,052807
17929999;70,41;56,303802;44,100032
6235000;29;56,2455639;44,04924046
10755004;52;56,343269;43,829027
16590000;74,9;56,33165908;43,94786475
14127000;83,09;56,2460166;44,05111255
18417400;47,09;56,313696;43,986405
7721480;40,29;56,34288029;43,84374421
6039000;25,54;56,30292088;43,92679077
12550000;75,19;56,26167;44,01066
59502000;126,59;56,32358424;44,01900592
13028062;51,75;56,28447;44,0845
14196043;53,79;56,3132544;43,96930895
9168467;38,4;56,264368;43,865569
7672064;30,79;56,27948;44,04396
10226387;36,09;56,3102;44,09525
19290000;78,9;56,28337137;44,03038537
23990000;112,69;56,33165908;43,94786475
5968404;23,39;56,27275;44,052807
15268510;67;56,31052757;43,93759561
7030000;34,49;56,225364;43,853181
8386414;36,59;56,28021069;44,0435779
9985800;48,09;56,31052757;43,93759561
10190000;54,79;56,326305;43,910941
20827840;85,12;56,31535466;44,07307159
32201600;92,8;56,31182985;43,9804979
9562261;56,2;56,27839032;44,04282151
12360000;64,19;56,301196;44,084741
12928740;71,59;56,267757;44,020746
7204160;37,59;56,34287;43,84371
4783648,92;33,5;56,192049;43,891147
10702236;38,56;56,303911;44,000426
12162500;71;56,248613;44,048243
11624208;67,9;56,27856341;44,04353498
11339999;43,22;56,303802;44,100032
26046800;78,4;56,31445394;43,98671873
9986400;59,59;56,248613;44,048243
8300000;36,84;56,30531709;43,93552226
17236160;70,38;56,31535466;44,07307159
6880072;53,34;56,30701898;43,84878948
11690000;60;56,36230958;43,85553498
34899120;90,59;56,322604;43,98837
25199999;92,91;56,30219;44,10283
7074840;42,79;56,326729;44,00697
9690000;46;56,28337137;44,03038537
13698220;49,29;56,314057;43,969599
11327690;58,29;56,29794576;43,99971638
14900000;81,8;56,34634;43,92332
9928000;59,59;56,248613;44,048243
9168467;38,4;56,26393551;43,86626459
9828347;75,69;56,30639313;43,84588019
9159800;54,2;56,24606868;44,04796909
34376100;94,69;56,31182985;43,9804979
7345800;37,09;56,24606868;44,04796909
8589700;49;56,24104802;44,08181596
16689999;69,02;56,30219;44,10283
8920800;48,4;56,248613;44,048243
5570400;21,1;56,248613;44,048243
7355000;35,93;56,30292088;43,92679077
7363000;37;56,24606868;44,04796909
16629999;39,83;56,317538;43,972031
12100662;66,09;56,26859879;44,02192617
9632700;45,86;56,32789;43,95142
6963369;28,2;56,27857;44,04323
6518200;29,89;56,248613;44,048243
14973200;91,3;56,34249;43,8757
16166545;56,79;56,316144;44,04004
4573280;20,2;56,24104802;44,08181596
9490000;43,5;56,28337137;44,03038537
11738243;47,31;56,303911;44,000426
9621557;54,59;56,28021069;44,0435779
10625000;62,5;56,342399;43,874837
10254200;64,9;56,20607;43,81747
7692053;30,79;56,26879511;44,03422363
8897130;36,29;56,264368;43,865569
14485263;48,29;56,31657;44,03943
5851811;39,15;56,218299;44,026776
39860000;90,11;56,321079;44,002594
11187500;62,5;56,34249;43,8757
10296336;58,2;56,26862407;44,03502438
12680250;76,84;56,21115;43,82993
7990000;53,5;56,219673;43,817821
9720511;54,5;56,26862407;44,03502438
12033870;59,95;56,284208;44,083939
10140000;57,5;56,301983;43,933465
11090000;58,2;56,362352;43,855645
7690800;36,09;56,248613;44,048243
36480200;101,9;56,31182985;43,9804979
60580000;93,19;56,322604;43,98837
8139932;36,2;56,27275;44,052807
6458400;29,89;56,248613;44,048243
16307100;69,9;56,31575;44,07297
9597027;56,09;56,27275;44,052807
10896000;61,2;56,301947;43,93416
10617600;55,29;56,35170283;43,86971319
7458523;33,65;56,30925114;43,8959115
9460737;54,09;56,27857;44,04323
11859999;48,7;56,30219;44,10283
6458400;29,89;56,248613;44,048243
9614273;54,09;56,27841;44,04228
7135500;35,5;56,24606868;44,04796909
8989118;41,59;56,27275;44,052807
16109999;57,34;56,317538;43,972031
8358000;42;56,34249;43,8757
13500000;69,69;56,34634;43,92332
18017200;52,79;56,3138159;43,98840316
11225210;76,69;56,26131336;43,93982472
8036246;36,4;56,27856341;44,04353498
7122500,3;47,2;56,192049;43,891147
11859999;48,7;56,303802;44,100032
9156000;54,5;56,24606868;44,04796909
12439700;72,8;56,26879511;44,03422363
11392400;59,95;56,28473917;44,08328368
7900000;28,98;56,30135631;44,08432405
11279999;54,77;56,29791554;43,95222999
42480108;65,52;56,312315;43,975068
7058400;34,59;56,24606868;44,04796909
7497668;56,54;56,30701898;43,84878948
12094160;75,4;56,34288029;43,84374421
14009999;62,22;56,30243714;44,10379162
12980000;75;56,26185201;44,01021655
15994884;69,51;56,30433573;44,0063724
12162500;71;56,248613;44,048243
12100000;64,09;56,34688242;43,92365884
9801470;40,66;56,284208;44,083939
13140000;72,3;56,34738;43,923997
9388363;56,29;56,309039;43,895814
10296336;58,2;56,26862407;44,03502438
6924150;41,4;56,326729;44,00697
9797920;58,59;56,288639;43,813403
11221050;46,95;56,31535466;44,07307159
17873345;74,5;56,314057;43,969599
12983748;39,22;56,30243714;44,10379162
39405960;102,3;56,322604;43,98837
8919700;47,9;56,248613;44,048243
7348100;37,29;56,248613;44,048243
9680160;51,59;56,213576;44,024286
6091245;20,06;56,26393551;43,86626459
7909999;35,2;56,29714;43,95264
7492320;34,4;56,206879;43,878404
9060000;37,75;56,26393551;43,86626459
12212600;53,79;56,259928;43,978821
8941285;29,05;56,303911;44,000426
23045623;72,91;56,303802;44,100032
7960000;37,59;56,301983;43,933465
8329999;39,95;56,29714;43,95264
9418695;46,29;56,25423;43,848433
8124836;31,7;56,27275;44,052807
7853982;32,5;56,27275;44,052807
40877231;96,19;56,32262756;43,98838833
27688088;79;56,3130104;43,97606829
14101500;59,25;56,26581118;43,97614632
13805889;55,84;56,303911;44,000426
9378300;51,59;56,213576;44,024286
9341500;54,95;56,21115;43,82993
9667230;40,79;56,284208;44,083939
11979567;66,09;56,267757;44,020746
12883104;54,06;56,303911;44,000426
12730000;69,69;56,34688242;43,92365884
6549204;24,2;56,27275;44,052807
7758273;30,79;56,26879511;44,03422363
98630444;306,5;56,314057;43,969599
12439980;65,81;56,28461981;44,08324076
11390000;65;56,36230958;43,85553498
6635287,68;40,79;56,192049;43,891147
8584964;47,09;56,34263292;43,82861794
8092275;37,5;56,27839032;44,04282151
11020430;65,19;56,27857;44,04323
55705000;85,69;56,322604;43,98837
45700000;91,4;56,32358424;44,01900592
8289999;39,95;56,29714;43,95264
9111740;49,9;56,2414005;44,08051777
9265740;45,86;56,32791928;43,9515188
10726200;60,59;56,34287;43,84371
11446225;45,79;56,303911;44,000426
16380299;63,4;56,31643526;44,04015241
25914373;86,04;56,30243714;44,10379162
9763200;43,2;56,2597542;43,97880318
10826350;36,95;56,2847511;44,08343388
14372235;72,9;56,267757;44,020746
10340000;59,4;56,30236615;43,92655474
16088448;67,87;56,30433573;44,0063724
7400000;28,39;56,30531709;43,93552226
8442000;42;56,34248922;43,87483452
12160376;72,9;56,26848;44,03505
8655431;41,18;56,305213;43,936778
7320000;35,22;56,226179;43,852308
5526800;33,7;56,29172;43,85805
9245826;36,61;56,28585154;43,92193684
16490000;63,2;56,33205902;43,94818418
8406780;50,09;56,241339;44,079145
10490000;41,79;56,31041608;44,0737578
9955219;45,29;56,30546;43,94094
5308196;38,2;56,30701898;43,84878948
11161300;46,7;56,2597542;43,97880318
12115059;44,41;56,31772789;43,9715093
17801812;71,25;56,2847511;44,08343388
38950000;90,11;56,32122862;44,00254607
8291676;31,15;56,26386;43,86687
11303500;61,09;56,342399;43,874837
6343360;34,4;56,206879;43,878404
26189334;73,19;56,31203;43,98025
6190000;34,9;56,21925;43,8199
10170144;42,65;56,26393551;43,86626459
34752796;94,69;56,31203;43,98025
16990000;74,9;56,33161;43,94897
10860000;55,9;56,34634;43,92332
5449300;38,2;56,30701898;43,84878948
11815883;65,4;56,26859879;44,02192617
21220000;123,31;56,30117;44,08461
7113500;36,09;56,248613;44,048243
27697895;105,09;56,31668;44,04003
10086160;40,66;56,28461981;44,08324076
12335000;77,22;56,30292088;43,92679077
36690000;77,38;56,321007;44,002772
9221153;45,09;56,25423;43,848433
12900000;63;56,34738;43,923997
25199999;92,91;56,30243714;44,10379162
5419185;38,81;56,30701898;43,84878948
9597010;56,29;56,27857;44,04323
14660000;81,8;56,34688242;43,92365884
10590000;59,79;56,36230958;43,85553498
10519600;57,79;56,248613;44,048243
9587700;47,7;56,248613;44,048243
14890000;57;56,33161;43,94897
8610000;42;56,342399;43,874837
15290000;90,8;56,26167;44,01066
9690000;56,59;56,219673;43,817821
11829999;60,97;56,29714;43,95264
31806000;58,9;56,323563;44,01929
13369251;63,81;56,33208495;43,86430596
20028123;82,29;56,303802;44,100032
9041590;57,7;56,29172;43,85805
14123832;49,5;56,3155383;43,97024169
7487000;36,65;56,30322;43,92668
6946207;28,1;56,27856341;44,04353498
11097558;55,7;56,25403985;43,84835189
8115646;39,29;56,27841;44,04228
6191680;35,2;56,3655588;43,81770045
10213027;54,5;56,27275;44,052807
13949999;57,66;56,30243714;44,10379162
13109999;62,83;56,29786;43,953771
13713750;51,81;56,284208;44,083939
7712300;46,59;56,29202546;43,85822885
11471050;46,95;56,31575;44,07297
11195098;67,09;56,27275;44,052807
33592009;117,09;56,3155383;43,97024169
25477000;69,8;56,31182985;43,9804979
9156796;48,4;56,213576;44,024286
20014650;50,66;56,312848;43,97616
12970000;69,69;56,34634;43,92332
9168467;38,4;56,26393551;43,86626459
6917840;34,4;56,2414005;44,08051777
10033068;54,5;56,26848;44,03505
8910000;35,2;56,34738;43,923997
8612527;40,7;56,28021069;44,0435779
9438000;57,2;56,24606868;44,04796909
7870000;37,2;56,301983;43,933465
9282800;46,09;56,25423;43,848433
9340144;39,2;56,267757;44,020746
8102366;31,6;56,2689;44,03516
6690000;34,29;56,21896442;43,8191828
35568800;102,8;56,31182985;43,9804979
7940000;37,59;56,301983;43,933465
9177284;39,4;56,26899033;44,03733246
8000000;37,5;56,301983;43,933465
8844000;53,59;56,20586328;43,81749283
17209999;60,66;56,31772789;43,9715093
9861600;58,7;56,2455639;44,04924046
10090000;54,79;56,326305;43,910941
8078400;39,59;56,342399;43,874837
8322309;30,7;56,269185;44,03513
10690000;59,79;56,326305;43,910941
14973200;91,3;56,34248922;43,87483452
10270000;44,09;56,30117;44,08461
5899000;25,54;56,30292088;43,92679077
8163920;31,15;56,264368;43,865569
9819600;60;56,248613;44,048243
10123218;42,65;56,264368;43,865569
40877231;96,19;56,32262756;43,98838833
22510000;47,08;56,321007;44,002772
13890000;35,79;56,313696;43,986405
8588342;31,6;56,27275;44,052807
8146635;35;56,28021069;44,0435779
22040000;58;56,31182985;43,9804979
7505344;30,79;56,26862407;44,03502438
8890000;53,5;56,21925;43,8199
9295000;57,2;56,3655588;43,81770045
10280000;58,79;56,301983;43,933465
6338800;29,89;56,2455639;44,04924046
8036246;36,4;56,27856341;44,04353498
5987520;32,4;56,23986577;43,83607559
14528460;66,33;56,31535466;44,07307159
12040000;65,33;56,33260146;43,88200635
13269284;52,88;56,30433573;44,0063724
20166660;50,66;56,312848;43,97616
18485280;70,01;56,31535466;44,07307159
11364600;61,09;56,342399;43,874837
11147551;64,69;56,27841;44,04228
9013950;60,7;56,241339;44,079145
8940690;36,29;56,26393551;43,86626459
12393090;59,61;56,284208;44,083939
10096400;58,7;56,24626431;44,04936652
8200000;39,11;56,31397;43,87803
26733289;79;56,3130104;43,97606829
15038800;91,69;56,34249;43,8757
25488000;70,8;56,31182985;43,9804979
8483600;50,79;56,24606868;44,04796909
12232500;43,5;56,346691;43,929648
6290000;35,9;56,219673;43,817821
8771331;40;56,30531709;43,93552226
42316800;121,59;56,31182985;43,9804979
8232980;39,2;56,27275;44,052807
8983600;60,7;56,241339;44,079145
27936000;62,09;56,32212221;44,00585602
7132790;43,4;56,26131336;43,93982472
14284428;83,5;56,26859879;44,02192617
6684840;37,2;56,31279053;43,88630085
20573800;50,18;56,312848;43,97616
18269565;83,59;56,310445;43,938326
11125000;62,5;56,34249;43,8757
5606000;22,1;56,30322;43,92668
8190000;42;56,219673;43,817821
7858500;40,29;56,34249;43,8757
10180450;59,5;56,34287;43,84371
30431900;87,69;56,31182985;43,9804979
25234373;77,44;56,30243714;44,10379162
8257823;52,79;56,31052757;43,93759561
10389900;59,9;56,248613;44,048243
8545438;40,79;56,30512043;43,93979741
11990000;37,2;56,33161;43,94897
8540000;39;56,301947;43,93416
17813370;58,79;56,22432;43,940192
10650500;59,5;56,34248922;43,87483452
18860000;76,19;56,31646209;44,03935848
6882750;41,4;56,26131336;43,93982472
7419999;35,66;56,203071;43,896904
36104072;95,19;56,31203;43,98025
12094116;50,65;56,20553;43,89783
7090000;38,4;56,326305;43,910941
8057632;31,7;56,2689;44,03516
8906307;42,31;56,305213;43,936778
7488000;39,9;56,248613;44,048243
6901200;32,4;56,24606868;44,04796909
8115668;38,9;56,27275;44,052807
8130013;36,2;56,34272274;43,82913634
16059999;55,29;56,317662;43,971453
24627000;87,69;56,346631;43,929751
8690000;35,4;56,28337137;44,03038537
17007158;59,4;56,316144;44,04004
12545000;77,83;56,30322;43,92668
16410092;69,08;56,30422;44,00771
18759240;48,7;56,322604;43,98837
14138635;83,4;56,26859879;44,02192617
12682000;77,22;56,30322;43,92668
33913700;119,59;56,313696;43,986405
21160000;123,31;56,30117;44,08461
7059708;36,9;56,213576;44,024286
9032182;44,4;56,25423;43,848433
5082351;20,9;56,206619;43,899036
13938000;72,15;56,305213;43,936778
23669999;87,05;56,30243714;44,10379162
9565751;55,4;56,27275;44,052807
30611600;112;56,3138159;43,98840316
10724089;64,69;56,27839032;44,04282151
20605000;73,3;56,346691;43,929648
6058800;32,4;56,23986577;43,83607559
14437450;72,55;56,31535466;44,07307159
23989213;66,19;56,31122697;44,00286966
10004820;40,66;56,284208;44,083939
11364600;61,09;56,34249;43,8757
7180170;41,09;56,288639;43,813403
7791000;38,29;56,248613;44,048243
14851811;68,41;56,26386;43,86687
9622000;57,7;56,248613;44,048243
10200000;72,09;56,282062;44,083669
39753165;107,3;56,3132544;43,96930895
17020000;88,19;56,33086108;43,88152355
12823200;65,76;56,284208;44,083939
5034700;25,29;56,29172;43,85805
15740000;94,4;56,26183;44,010568
8850000;43,5;56,34688242;43,92365884
11911750;76,84;56,210993;43,830581
7517941;30,79;56,26848;44,03505
14886281;52,09;56,3155383;43,97024169
8322400;41,2;56,34249;43,8757
9248000;55,7;56,248613;44,048243
7869200;41,2;56,34248922;43,87483452
5993880;20,07;56,26393551;43,86626459
7980000;37,5;56,301983;43,933465
16021000;43,29;56,31182985;43,9804979
6952860;42,79;56,326729;44,00697
9572500;56;56,248613;44,048243
17572891;71,41;56,28447;44,0845
27364799;64,4;56,32262756;43,98838833
36628200;107,09;56,31182985;43,9804979
8932440;60,59;56,241339;44,079145
16600134;71,31;56,303911;44,000426
45800590;108,79;56,312848;43,97616
8873864;40,79;56,28473917;44,08328368
12090000;69,8;56,326305;43,910941
12211500;68;56,30531709;43,93552226
10290000;54,79;56,326305;43,910941
6387400;29,29;56,24626431;44,04936652
11847057;56,86;56,206619;43,899036
11011200;35,52;56,22432;43,940192
12290000;60,29;56,28337137;44,03038537
9780473;75,08;56,30808817;43,85052507
10710000;60,2;56,301983;43,933465
11290000;45,9;56,28337137;44,03038537
21089500;82,09;56,346691;43,929648
8115654;39,2;56,27841;44,04228
6511000;38,29;56,31279053;43,88630085
10790000;74,09;56,219673;43,817821
10175789;37,72;56,30433573;44,0063724
7648940;40,29;56,34287;43,84371
9350000;44;56,26185201;44,01021655
14590000;59,9;56,331721;43,947855
11343600;54,79;56,29766;43,99764
6810433;52,81;56,30701898;43,84878948
8736000;42;56,342399;43,874837
8070000;39;56,301947;43,93416
14051487;62;56,310445;43,938326
21312394;62;56,311111;44,002892
8990000;51,09;56,21925;43,8199
11790000;44,5;56,33165908;43,94786475
16758000;84;56,28388;44,08354
12825820;40,45;56,26581118;43,97614632
7758273;30,79;56,26879511;44,03422363
11803341;54,59;56,28585154;43,92193684
11641655;65,19;56,27275;44,052807
20269999;75,48;56,31772789;43,9715093
7270456;54,06;56,30701898;43,84878948
15525699;60,29;56,3155383;43,97024169
26196000;70,8;56,31182985;43,9804979
14934147;56,4;56,3155383;43,97024169
25739999;89,3;56,317662;43,971453
11340000;58,2;56,36230958;43,85553498
17769300;58,25;56,22432;43,940192
6050000;23,79;56,301947;43,93416
8090000;53,29;56,219673;43,817821
8300000;38,7;56,305213;43,936778
4916800;22,39;56,206879;43,878404
16700000;91,3;56,34738;43,923997
7078800;34,7;56,24606868;44,04796909
19009999;72,19;56,303802;44,100032
14761979;64,9;56,310445;43,938326
13690000;60;56,28337137;44,03038537
7912500;38,79;56,248613;44,048243
53372476;137,69;56,314057;43,969599
9680160;51,59;56,213576;44,024286
6175000;32,5;56,23986577;43,83607559
9233764;38,4;56,26393551;43,86626459
5896800;36,4;56,29172;43,85805
10377500;59,29;56,34288029;43,84374421
19353600;100,8;56,35168;43,87031
16529724;62,29;56,3132544;43,96930895
11079480;76,69;56,26131336;43,93982472
5941175;25,68;56,206619;43,899036
5700000;28,53;56,27825381;44,0972248
7115500;42,79;56,326729;44,00697
11246601;68,4;56,27839032;44,04282151
6786000;37,7;56,23986577;43,83607559
15228811;72,19;56,31076451;43,93833547
6735500;35,45;56,210993;43,830581
30707000;174;56,34634;43,92332
15190000;63,59;56,28337137;44,03038537
13877170;53;56,30422;44,00771
6270200;29,29;56,2455639;44,04924046
12167106;66,36;56,28388;44,08354
13479999;42,88;56,317662;43,971453
8090000;53,59;56,219673;43,817821
9833440;65,59;56,24104802;44,08181596
11147548;64,9;56,27275;44,052807
8323200;40,79;56,34248922;43,87483452
81196000;153,19;56,323563;44,01929
11422560;53,81;56,284208;44,083939
27982500;97,5;56,323163;44,035586
8200800;40,79;56,342399;43,874837
18269565;83,59;56,31052757;43,93759561
13990000;79,19;56,21925;43,8199
39204000;108,9;56,322604;43,98837
11284980;55,4;56,29766;43,99764
6190000;34,9;56,21896442;43,8191828
7074840;42,79;56,26131336;43,93982472
10763550;60,29;56,34288029;43,84374421
14234700;61,88;56,26581118;43,97614632
15590000;68,4;56,28337137;44,03038537
12263378;72,8;56,26862407;44,03502438
23688000;65,8;56,31182985;43,9804979
5449300;38,2;56,30701898;43,84878948
11726400;71,19;56,248613;44,048243
5176520;25,39;56,29202546;43,85822885
12735450;64,04;56,30531709;43,93552226
16185789;57,7;56,316144;44,04004
9931000;57,15;56,302004;43,925036
18627858;79,69;56,314057;43,969599
8451300;42,9;56,34249;43,8757
12579999;60,58;56,29786;43,953771
23391560;70,19;56,31575;44,07297
12950300;67,09;56,342399;43,874837
9791800;56,59;56,24626431;44,04936652
35759300;108;56,313696;43,986405
12568568;55,9;56,264368;43,865569
11666919;68,4;56,27839032;44,04282151
9174065;44,2;56,25403985;43,84835189
11674293;45,59;56,30422;44,00771
15019500;64,59;56,2597542;43,97880318
6294459;23,39;56,26879511;44,03422363
8079907;31,5;56,2689;44,03516
7439999;25,36;56,297006;43,953365
8120000;40,59;56,34249;43,8757
7292931;56,54;56,30701898;43,84878948
7277000;35,93;56,30322;43,92668
11358400;49,59;56,31535466;44,07307159
12265120;75,19;56,34287;43,84371
10456430;40;56,30433573;44,0063724
6640200;37,2;56,288639;43,813403
8450000;35,2;56,26185201;44,01021655
14215098;65,73;56,28585154;43,92193684
9443574;54;56,27856341;44,04353498
9614276;54,79;56,27275;44,052807
8148810;44,7;56,23986577;43,83607559
22509000;73,8;56,31055055;43,98939101
16274488;68,84;56,30422;44,00771
11109000;70,4;56,248613;44,048243
6478208;25,6;56,27275;44,052807
7600571;56,54;56,30701898;43,84878948
11902079;60,9;56,3102;44,09525
12260000;64,44;56,30117;44,08461
10973269;65,4;56,27856341;44,04353498
22007477;89,69;56,31646209;44,03935848
7115500;42,79;56,326729;44,00697
17122410;80,41;56,31575;44,07297
13994526;55,38;56,28447;44,0845
12999042;70;56,25423;43,848433
6330682;23,39;56,26943641;44,03506993
6989200;34,59;56,24606868;44,04796909
20828500;54,09;56,31067;43,98946
10080000;43,18;56,30117;44,08461
8974935;34,99;56,26393551;43,86626459
9920300;59,9;56,248613;44,048243
10390000;61,9;56,21925;43,8199
5979600;19,79;56,26393551;43,86626459
8430000;40,2;56,301983;43,933465
47600000;95,19;56,32358424;44,01900592
11831371;67,9;56,27857;44,04323
24992000;70,4;56,31182985;43,9804979
15948830;72,19;56,31052757;43,93759561
7640000;36,79;56,362352;43,855645
11078725;69,8;56,26862407;44,03502438
14943426;52,29;56,3132544;43,96930895
32749000;101;56,3138159;43,98840316
7390000;37,09;56,362352;43,855645
12207360;52,79;56,26386;43,86687
8279700;42,9;56,34248922;43,87483452
11841998;50,5;56,28585154;43,92193684
7348100;37,29;56,248613;44,048243
11187500;62,5;56,342399;43,874837
18503528;85,38;56,30219;44,10283
11147565;65;56,27841;44,04228
4543650;20,7;56,24104802;44,08181596
6734160;37,59;56,288639;43,813403
12740000;75,5;56,301983;43,933465
23607500;66,5;56,31182985;43,9804979
5562600;21,89;56,24606868;44,04796909
11420000;58;56,34688242;43,92365884
13710000;76,22;56,301196;44,084741
10790000;74,09;56,21896442;43,8191828
7389999;35,72;56,203071;43,896904
12586880;44,31;56,31535466;44,07307159
13903844;52,88;56,30422;44,00771
5979600;19,79;56,26393551;43,86626459
10546671;37,61;56,30422;44,00771
15047500;64,59;56,259928;43,978821
6180960;32,59;56,241339;44,079145
7933337;31,7;56,26848;44,03505
7600571;56,54;56,30701898;43,84878948
14933100;76,58;56,284208;44,083939
8450000;40,2;56,301983;43,933465
6190000;23,6;56,362352;43,855645
23787000;77,91;56,346691;43,929648
25989999;89,3;56,317538;43,972031
9790000;46,29;56,28337137;44,03038537
21249999;62,2;56,30243714;44,10379162
11657520;64,8;56,241339;44,079145
7497370;29,87;56,284208;44,083939
10300000;72,02;56,27825381;44,0972248
10271009,9;60,13;56,30902;43,89671
21482500;66,09;56,320289;43,978008
14990000;38,09;56,33165908;43,94786475
15789999;60,66;56,31772789;43,9715093
10610000;59,2;56,301947;43,93416
8410259;39,11;56,33208495;43,86430596
7651179;30,1;56,26862407;44,03502438
14202519;83,4;56,26859879;44,02192617
27300000;72,8;56,31182985;43,9804979
16327855;61,79;56,316144;44,04004
9045220;36,65;56,26386;43,86687
11690000;59,79;56,36230958;43,85553498
14575000;59,49;56,33208495;43,86430596
8627777;34,09;56,26859879;44,02192617
15906447;66,62;56,30422;44,00771
10350000;44,09;56,30117;44,08461
10180000;58,9;56,301947;43,93416
5590000;22,2;56,301983;43,933465
17010000;65,3;56,237519;43,958872
8050055;32,5;56,26879511;44,03422363
47845400;147,1;56,313696;43,986405
6511960;36,4;56,31279053;43,88630085
12777533;57,09;56,31052757;43,93759561
5979000;25,62;56,30292088;43,92679077
5965000;25,77;56,30322;43,92668
28966800;60,59;56,32212221;44,00585602
12490000;60,4;56,28337137;44,03038537
4943680;22,39;56,206879;43,878404
10822400;60,79;56,34249;43,8757
21013590;61,09;56,31071876;44,00346057
5993880;20,07;56,264368;43,865569
13329999;62,83;56,29786;43,953771
14509830;50,7;56,3155383;43,97024169
12717645;64,73;56,20553;43,89783
19056011;55,24;56,3130104;43,97606829
17889885;86,55;56,338475;43,866509
11266800;68,69;56,206879;43,878404
5392000;38,2;56,30701898;43,84878948
20003818;48,09;56,32262756;43,98838833
16758000;84;56,2847511;44,08343388
8480006;42,79;56,34341392;43,82983371
6229320;36,59;56,213576;44,024286
6597500;37,7;56,288639;43,813403
7790000;37,09;56,36230958;43,85553498
19806438;88,9;56,310445;43,938326
14730000;84,9;56,26167;44,01066
9290000;35,5;56,28337137;44,03038537
8220555;35;56,27275;44,052807
7392000;40;56,248613;44,048243
12674466;72,9;56,2689;44,03516
11883000;71,4;56,248613;44,048243
15050000;81,09;56,34688242;43,92365884
21177840;85,12;56,31575;44,07297
5392000;38,2;56,30701898;43,84878948
7990000;51,79;56,21925;43,8199
8009500;41,5;56,34249;43,8757
9610756;54,09;56,27839032;44,04282151
12868050;64,72;56,30531709;43,93552226
7642000;39,36;56,30292088;43,92679077
6990000;35,29;56,219673;43,817821
11374000;60,5;56,342399;43,874837
10157777;57,5;56,27856341;44,04353498
11341175;47,86;56,20553;43,89783
9785650;38,29;56,259928;43,978821
7497668;56,54;56,30701898;43,84878948
35295000;108,59;56,31067;43,98946
35838000;108,59;56,32358424;44,01900592
9248000;55,7;56,248613;44,048243
8725243;39,09;56,27275;44,052807
23607120;70,68;56,31535466;44,07307159
8484007;40,77;56,30531709;43,93552226
17233000;62,7;56,346631;43,929751
9812880;59,4;56,34287;43,84371
36480200;101,9;56,31182985;43,9804979
24782611;66,5;56,3132544;43,96930895
5955814;23,39;56,26862407;44,03502438
7120250;29,97;56,28461;44,08362
56135929;126,3;56,32262756;43,98838833
32402500;99,69;56,31055055;43,98939101
10439999;43,97;56,297006;43,953365
55012800;209,5;56,31445394;43,98671873
31750500;104,09;56,31055055;43,98939101
10959999;43,93;56,30243714;44,10379162
10518748;39,54;56,303802;44,100032
10090000;57;56,301983;43,933465
21494288;62,16;56,3130104;43,97606829
7370000;32,4;56,34634;43,92332
9543215;40,66;56,28461;44,08362
12690000;73,8;56,21896442;43,8191828
10110000;43,18;56,301196;44,084741
54735000;133,5;56,32358424;44,01900592
44930270;108,79;56,312848;43,97616
13890475;83,5;56,267757;44,020746
13660000;75,55;56,30135631;44,08432405
15837843;76,5;56,31076451;43,93833547
18976880;73,83;56,22432;43,940192
16338827;68,77;56,30422;44,00771
21122385;62;56,31071876;44,00346057
14722315;55,59;56,3155383;43,97024169
16064998;39,09;56,31772789;43,9715093
15079850;52,7;56,314057;43,969599
5460000;28;56,20586328;43,81749283
10238400;64,8;56,20607;43,81747
25057500;84,09;56,31445394;43,98671873
12697161;55,9;56,26386;43,86687
11049774;67,9;56,27856341;44,04353498
10669260;57,29;56,24189638;44,0811615
21819800;55,24;56,312315;43,975068
20768500;56,9;56,31182985;43,9804979
9761950;55;56,27948;44,04396
7907769;31,79;56,27275;44,052807
5694000;21,89;56,248613;44,048243
7471000;32,29;56,248613;44,048243
10125555;54,5;56,2689;44,03516
13740000;76,22;56,301196;44,084741
10973290;65,19;56,27856341;44,04353498
15160433;79,3;56,25397;43,84863
7933470;33,5;56,27275;44,052807
11972000;73;56,31279053;43,88630085
7467600;38,09;56,2455639;44,04924046
7840000;31;56,34738;43,923997
7115500;42,79;56,26131336;43,93982472
11390000;65;56,36230958;43,85553498
8273514;38,4;56,26386;43,86687
10595200;60,2;56,2460166;44,05111255
25344978;64,4;56,31203;43,98025
7392000;38,5;56,24606868;44,04796909
8585200;52,09;56,248613;44,048243
11540000;58;56,34688242;43,92365884
9780473;75,08;56,30639313;43,84588019
8776469;35,72;56,20553;43,89783
9261369;40,79;56,28388;44,08354
10716750;49,5;56,2597542;43,97880318
10846818;38,56;56,303911;44,000426
7576667;30,7;56,26862407;44,03502438
7023218;54,45;56,30701898;43,84878948
12053700;68,09;56,34249;43,8757
17349889;53,7;56,311111;44,002892
11246589;68,19;56,27839032;44,04282151
7292931;56,54;56,30701898;43,84878948
14170491;57,29;56,31076451;43,93833547
11822900;61,9;56,34248922;43,87483452
12670000;69,69;56,34634;43,92332
10668240;53,88;56,28461981;44,08324076
7890000;53,9;56,219673;43,817821
8280460;38,29;56,24189638;44,0811615
16529724;62,29;56,314057;43,969599
9144000;50,79;56,24529975;44,05240001
8400000;50;56,24606868;44,04796909
9585540;58,2;56,23986577;43,83607559
17168908;64,5;56,314057;43,969599
14656224;67,59;56,3102;44,09525
6134960;34,7;56,3655588;43,81770045
10213027;54,5;56,2689;44,03516
11232319;55,9;56,264368;43,865569
12568568;55,9;56,26386;43,86687
28750000;62,5;56,32262756;43,98838833
15870000;95,19;56,26185201;44,01021655
7836690;30;56,2689;44,03516
6952860;42,79;56,326729;44,00697
11796200;71,19;56,248613;44,048243
9364518;37,79;56,31052757;43,93759561
7222916;57,13;56,30701898;43,84878948
7510000;29,61;56,301196;44,084741
6642620;39,79;56,213576;44,024286
11990000;78,9;56,21925;43,8199
6990000;35;56,21896442;43,8191828
16007100;69,9;56,31535466;44,07307159
7854000;46,2;56,24532346;44,05083637
14579999;62,22;56,303802;44,100032
11884500;71;56,248613;44,048243
13100000;75,55;56,301196;44,084741
10634832;53,81;56,28473917;44,08328368
6115760;32,59;56,23986577;43,83607559
9690000;57,59;56,301983;43,933465
7390000;32;56,36230958;43,85553498
8260032;37,7;56,34341392;43,82983371
10468225;58,09;56,27275;44,052807
14850000;76,08;56,31397;43,87803
6676670;37,7;56,288639;43,813403
33804000;125,26;56,323163;44,035586
7955190;47,09;56,3655588;43,81770045
10975000;62,09;56,301947;43,93416
7705000;39,18;56,302004;43,925036
8585200;52,09;56,248613;44,048243
11416360;42,43;56,22432;43,940192
7490000;48,9;56,21925;43,8199
11147551;64,69;56,27841;44,04228
12064800;52,79;56,26386;43,86687
14090000;65,4;56,237502;43,959121
5392961;38,81;56,30701898;43,84878948
12376980;65,8;56,28388;44,08354
10281636;37,61;56,30433573;44,0063724
9013100;46,7;56,34249;43,8757
5896800;36,4;56,29202546;43,85822885
6729450;37,7;56,23986577;43,83607559
11883000;71,4;56,248613;44,048243
9720511;54,5;56,26862407;44,03502438
16410092;70,55;56,303911;44,000426
10288400;57,79;56,2460166;44,05111255
9791300;56;56,248613;44,048243
9060000;37,75;56,26386;43,86687
11488500;62,09;56,342399;43,874837
14250127;72,9;56,26859879;44,02192617
13400000;72,26;56,31397;43,87803
29990000;133,89;56,33165908;43,94786475
8115668;38,9;56,27275;44,052807
7933338;31,6;56,26848;44,03505
12078100;53,79;56,259928;43,978821
16199999;55,29;56,317538;43,972031
39723925;93,9;56,32262756;43,98838833
7296032,62;29,15;56,30902;43,89671
13962870;83,5;56,267757;44,020746
33435360;86,8;56,322604;43,98837
8053384;35,7;56,27857;44,04323
49583767;75,41;56,312315;43,975068
9390000;56,79;56,219673;43,817821
7777800;44,7;56,3655588;43,81770045
12630346;65,73;56,285791;43,92192
9952238;54,27;56,28473917;44,08328368
8043580;37,4;56,27856341;44,04353498
5776469;23,59;56,206619;43,899036
13877700;41,54;56,31535466;44,07307159
5600000;28,62;56,282062;44,083669
19550000;78,19;56,26581118;43,97614632
5716475;35,59;56,218299;44,026776
24282000;68,4;56,31182985;43,9804979
9054720;52,4;56,288639;43,813403
10049999;49,74;56,29714;43,95264
9945000;58,5;56,21162;43,83161
11674451;72,19;56,267757;44,020746
7568400;37,09;56,2455639;44,04924046
20770000;73,3;56,346631;43,929751
16087363;80,5;56,31076451;43,93833547
27040000;66,41;56,32122862;44,00254607
11978948;75,4;56,26848;44,03505
14973200;91,3;56,34248922;43,87483452
27590000;89;56,31055055;43,98939101
11408000;62;56,34248922;43,87483452
7728000;36,79;56,24626431;44,04936652
15630000;81,09;56,34634;43,92332
17889500;69,25;56,31575;44,07297
12634762;51,75;56,2847511;44,08343388
13506750;51,75;56,2847511;44,08343388
10237200;53,88;56,28461981;44,08324076
37432500;108,5;56,31067;43,98946
16282284;67,87;56,30422;44,00771
11142800;62,59;56,342399;43,874837
12003680;75,4;56,34288029;43,84374421
7290000;36;56,21896442;43,8191828
9216020;51,4;56,206879;43,878404
16990000;63,59;56,28337137;44,03038537
7125300;36,4;56,248613;44,048243
20127000;68,4;56,346553;43,929761
11018200;61,9;56,34249;43,8757
14626780;76,58;56,284208;44,083939
30431900;87,69;56,31182985;43,9804979
9060000;37,75;56,26393551;43,86626459
25521600;84,09;56,313696;43,986405
13038410;64,9;56,28376;43,93786
6299092;23,39;56,27275;44,052807
6600800;29,6;56,248613;44,048243
10016568;42,65;56,26386;43,86687
15721062;54,7;56,3132544;43,96930895
7694116;35,24;56,20553;43,89783
19990000;91,69;56,331721;43,947855
13080000;72,3;56,34634;43,92332
22629999;85,44;56,30219;44,10283
8432000;49,59;56,20586328;43,81749283
21289240;76,58;56,22432;43,940192
8163920;31,15;56,26393551;43,86626459
6233500;32,5;56,241339;44,079145
18629999;74,25;56,317662;43,971453
6025523;23,39;56,27275;44,052807
11987631;66,09;56,267757;44,020746
6766830;41,4;56,326729;44,00697
9969999;53,36;56,29714;43,95264
12840000;63;56,34738;43,923997
8580000;43,2;56,301947;43,93416
10726538;58,09;56,2689;44,03516
15330000;90,8;56,26185201;44,01021655
7461000;39,36;56,30292088;43,92679077
6949421;52,81;56,30701898;43,84878948
16990000;68,4;56,28337137;44,03038537
5416527;38,2;56,30701898;43,84878948
6972350;38,5;56,34287;43,84371
9508200;59,79;56,24606868;44,04796909
8090000;53;56,21925;43,8199
15600000;93,09;56,26183;44,010568
19193701;66,09;56,31643526;44,04015241
37706506;104,19;56,31203;43,98025
11466958;67,69;56,27857;44,04323
9720000;55,13;56,30236615;43,92655474
9190000;61,79;56,21925;43,8199
9170000;52,4;56,21162;43,83161
31484300;87,69;56,31182985;43,9804979
9563260;58,09;56,34287;43,84371
10708316;41,04;56,30422;44,00771
7031790;38,7;56,34287;43,84371
11987631;66,09;56,267757;44,020746
14973200;91,3;56,342399;43,874837
10199998;46,52;56,20553;43,89783
10741500;49,5;56,259928;43,978821
11426400;62,09;56,34248922;43,87483452
13017400;67,09;56,34249;43,8757
12190000;69,8;56,21925;43,8199
22940730;62,16;56,312315;43,975068
7115500;42,79;56,26131336;43,93982472
15628294;76,8;56,31052757;43,93759561
11088744;67,09;56,26848;44,03505
8599989;47,09;56,34263292;43,82861794
7589254;30,7;56,27275;44,052807
16337662;69,94;56,30433573;44,0063724
11831371;67,9;56,27275;44,052807
7050330;43,4;56,326729;44,00697
9597004;55,59;56,27275;44,052807
7308700;37,09;56,24606868;44,04796909
19863684;80,3;56,31646209;44,03935848
7195500;35,09;56,24606868;44,04796909
14820000;81,8;56,34634;43,92332
9791800;56,59;56,24626431;44,04936652
11718000;65,09;56,205395;43,817017
7951600;41,2;56,34248922;43,87483452
7008070,31;36,11;56,30947;43,89597
15990000;70,8;56,33205902;43,94818418
33280000;104;56,320289;43,978008
24878811;90,9;56,31646209;44,03935848
8204428;31,15;56,26386;43,86687
19469999;75,48;56,31772789;43,9715093
9722600;57,29;56,248613;44,048243
14820000;81,8;56,34688242;43,92365884
8092275;37,4;56,27839032;44,04282151
7437960;42,59;56,206879;43,878404
7613190;30;56,27275;44,052807
9397200;57,29;56,24104802;44,08181596
18890000;67,5;56,31445394;43,98671873
6194000;32,59;56,23986577;43,83607559
12449999;59,79;56,29786;43,953771
14209431;49,79;56,314057;43,969599
11712000;61;56,34248922;43,87483452
8716580;52,7;56,24178286;44,08224511
10388932;58,2;56,26848;44,03505
10990000;70,69;56,21896442;43,8191828
35914500;104,09;56,31055055;43,98939101
7990000;37,06;56,33208495;43,86430596
15187500;40,5;56,31182985;43,9804979
13531686;76,58;56,28473917;44,08328368
5519999;24,14;56,203071;43,896904
5466280;38,31;56,30701898;43,84878948
8891290;36,65;56,26386;43,86687
33370000;88,38;56,321079;44,002594
7517941;30,79;56,27275;44,052807
13630265;62;56,31076451;43,93833547
7517941;30,79;56,26848;44,03505
7591041;30,2;56,26848;44,03505
6409000;29;56,248613;44,048243
24627000;80,9;56,346691;43,929648
9312921;38,4;56,26859879;44,02192617
7959600;56,54;56,30701898;43,84878948
8620000;43,2;56,301947;43,93416
16620000;91,3;56,34634;43,92332
10710000;59,5;56,34248922;43,87483452
16476548;86,4;56,25423;43,848433
7813796;29,89;56,27275;44,052807
8124836;31,7;56,2689;44,03516
14177862;76,8;56,31076451;43,93833547
7225000;36,11;56,302004;43,925036
31904000;99,69;56,31055055;43,98939101
5570400;21,1;56,24606868;44,04796909
9479999;47,86;56,203071;43,896904
9026550;46,29;56,32791928;43,9515188
6990000;36,29;56,21925;43,8199
9508200;61,09;56,248613;44,048243
14047137;55,38;56,28447;44,0845
8095762;37,5;56,27275;44,052807
14485263;48,29;56,316144;44,04004
5850000;23,6;56,301983;43,933465
23490000;91,5;56,331721;43,947855
16460125;69,77;56,30433573;44,0063724
14180000;75,63;56,301196;44,084741
6025523;23,39;56,26848;44,03505
17747801;93,44;56,34267441;43,83190266
7576667;30,7;56,26862407;44,03502438
6126250;32,5;56,23986577;43,83607559
9367200;61,59;56,326729;44,00697
7246053;36,9;56,213576;44,024286
11862600;68;56,30531709;43,93552226
10351970;40,2;56,310445;43,938326
8090000;53,5;56,219673;43,817821
13961542;73;56,267757;44,020746
7199700;30,89;56,24626431;44,04936652
23688000;75,19;56,314297;43,976513
8002116;34,2;56,27948;44,04396
29164000;63,4;56,32262756;43,98838833
21059500;76,58;56,22432;43,940192
12128160;52,79;56,264368;43,865569
22871940;64,61;56,31535466;44,07307159
36320900;97,9;56,31182985;43,9804979
8152940;35,7;56,20553;43,89783
6150000;23,79;56,301947;43,93416
18310353;55,7;56,31071876;44,00346057
10983976;45,52;56,28461981;44,08324076
16446800;49,29;56,313696;43,986405
8590000;47,29;56,219673;43,817821
17869500;71,25;56,28447;44,0845
12900000;63,81;56,31397;43,87803
8232337;29,89;56,26943641;44,03506993
13010062;57,09;56,31052757;43,93759561
9964150;40,66;56,284208;44,083939
33749700;101;56,313696;43,986405
27645141;105,09;56,316144;44,04004
8990000;53,5;56,219673;43,817821
14390000;66,3;56,33165908;43,94786475
8346694;38,83;56,305213;43,936778
8048100;41,7;56,34248922;43,87483452
14990000;68,4;56,28337137;44,03038537
11666892;68,09;56,27839032;44,04282151
22766551;91,3;56,316144;44,04004
6647057;28,19;56,206619;43,899036
48219600;109,58;56,312315;43,975068
20742367;62;56,31071876;44,00346057
5207000;25,39;56,29202546;43,85822885
11408450;56,9;56,29794576;43,99971638
19858723;61;56,311111;44,002892
7393200;36,59;56,24606868;44,04796909
11092500;43,5;56,346553;43,929761
14740000;81,8;56,34688242;43,92365884
15705430;89,3;56,31076451;43,93833547
7712662;38,68;56,309039;43,895814
31835100;87,69;56,31182985;43,9804979
11800000;82,44;56,27825381;44,0972248
12275922;72,9;56,26848;44,03505
9250000;44;56,26185201;44,01021655
33412121;98,09;56,31122697;44,00286966
7663761;30,1;56,26848;44,03505
9722600;56,2;56,2455639;44,04924046
16090000;61,79;56,33165908;43,94786475
15920736;68,84;56,30433573;44,0063724
5991100;36,2;56,29202546;43,85822885
9768573,71;41,43;56,30902;43,89671
6308900;29,89;56,2455639;44,04924046
8232990;38,9;56,27275;44,052807
11200000;82,44;56,27825381;44,0972248
21990000;80,19;56,28337137;44,03038537
8173200;41,7;56,34248922;43,87483452
8950500;39;56,206879;43,878404
7762893;30,79;56,2689;44,03516
7348100;37,29;56,24606868;44,04796909
6736800;40,09;56,31279053;43,88630085
11125000;62,5;56,342399;43,874837
9072350;52,9;56,31279053;43,88630085
7875200;38;56,248613;44,048243
9483000;55;56,302004;43,925036
8200800;40,79;56,34249;43,8757
9671830;59,29;56,23986577;43,83607559
13023579;73,65;56,285791;43,92192
8990000;62,5;56,21925;43,8199
9260680;57,2;56,3655588;43,81770045
18287760;66,26;56,26581118;43,97614632
6973740;38,7;56,34287;43,84371
9590400;59,2;56,248613;44,048243
12490000;37;56,33161;43,94897
8241800;40,59;56,34248922;43,87483452
8282400;40,79;56,342399;43,874837
9597004;55,59;56,27857;44,04323
7670000;32,4;56,34634;43,92332
10809999;54,81;56,29791554;43,95222999
7725000;37,5;56,24626431;44,04936652
7270000;33,4;56,34688242;43,92365884
6267060;33,29;56,241339;44,079145
14447193;54,09;56,314057;43,969599
19353600;100,8;56,35170283;43,86971319
14528460;66,33;56,31535466;44,07307159
21040000;52,59;56,32358424;44,01900592
27009999;75,48;56,317662;43,971453
6949250;38,5;56,34288029;43,84374421
17059999;59,36;56,30243714;44,10379162
8160000;40,79;56,34249;43,8757
29815000;89;56,31055055;43,98939101
7320000;36,59;56,24606868;44,04796909
11385192;67,09;56,27275;44,052807
10004820;40,66;56,28473917;44,08328368
17362710;56,18;56,22432;43,940192
11930000;65,08;56,301196;44,084741
12332412;65,4;56,26859879;44,02192617
21190000;123,31;56,301196;44,084741
10120000;56,79;56,301983;43,933465
21655500;81,69;56,346631;43,929751
11980102;65,4;56,267757;44,020746
31531600;114,59;56,31445394;43,98671873
10296000;57,2;56,24529975;44,05240001
6665360;37,7;56,288639;43,813403
11627253;61;56,34267441;43,83190266
12411015;54,65;56,26393551;43,86626459
21025400;100,59;56,30243141;43,94134696
7959837;37,7;56,34263292;43,82861794
8059093;34,2;56,28021069;44,0435779
13258500;47,9;56,346691;43,929648
7870212;31,5;56,26862407;44,03502438
33123000;108,59;56,31067;43,98946
11437500;62,5;56,34248922;43,87483452
28243025;88,59;56,31071876;44,00346057
17640740;71,41;56,28447;44,0845
12190000;69,8;56,362352;43,855645
12681900;67,09;56,342399;43,874837
10296336;58,2;56,26862407;44,03502438
9777240;59,4;56,34287;43,84371
17914530;135,3;56,31076451;43,93833547
9611100;54,29;56,24626431;44,04936652
12645000;84,3;56,24532346;44,05083637
12990000;67,69;56,36230958;43,85553498
11327700;61,9;56,342399;43,874837
8190000;50,2;56,21925;43,8199
15252250;61,75;56,26581118;43,97614632
34222700;125,8;56,31445394;43,98671873
10062060;75,08;56,307363;43,849182
11248380;53,65;56,284208;44,083939
17791594;50,66;56,3130104;43,97606829
11690000;65;56,362352;43,855645
7990000;50,2;56,21896442;43,8191828
11590000;60,29;56,28337137;44,03038537
9190000;53,4;56,21925;43,8199
10395200;59,59;56,248613;44,048243
33000000;111,09;56,31270023;43,98472395
10973292;64,9;56,27856341;44,04353498
11583568;56,18;56,28388;44,08354
8043562;37,5;56,27856341;44,04353498
6884820;41,4;56,326729;44,00697
7308700;37,09;56,248613;44,048243
8550000;45,59;56,301947;43,93416
8598688;32,2;56,26879;44,03741
7500000;28,39;56,305213;43,936778
10080400;65,3;56,248613;44,048243
6164660;32,59;56,23986577;43,83607559
11884800;61,9;56,34249;43,8757
8550000;35,2;56,26183;44,010568
11990000;58,4;56,28337137;44,03038537
16476548;86,4;56,25403985;43,84835189
7654400;36,79;56,2455639;44,04924046
7685436;29,89;56,26848;44,03505
7870212;31,5;56,26862407;44,03502438
12350000;60,29;56,28337137;44,03038537
10106204;58,09;56,241339;44,079145
22903158;94,59;56,31643526;44,04015241
9751500;59,09;56,20586328;43,81749283
20349999;67,29;56,317662;43,971453
9122375;38,4;56,26393551;43,86626459
7120250;29,97;56,28473917;44,08328368
16393452;68,66;56,30422;44,00771
11980000;64,09;56,34688242;43,92365884
9928000;58,4;56,2455639;44,04924046
9068100;55,59;56,248613;44,048243
11650000;60;56,28337137;44,03038537
8709371;52,56;56,309039;43,895814
7263500;39,79;56,206879;43,878404
58212000;118,8;56,32358424;44,01900592
20973749;79,79;56,30219;44,10283
18738750;71,25;56,2847511;44,08343388
10242096;57,7;56,27841;44,04228
16710000;94,5;56,301196;44,084741
14690000;81,69;56,34688242;43,92365884
25799100;79;56,313696;43,986405
9418695;46,29;56,25403985;43,84835189
7430500;38,5;56,24606868;44,04796909
50490000;91,8;56,32358424;44,01900592
12388266;65,86;56,28461;44,08362
11624242;67,8;56,27856341;44,04353498
7483625;28,75;56,28388;44,08354
21442400;76,58;56,26581118;43,97614632
8160800;41,59;56,248613;44,048243
14790000;84,9;56,26167;44,01066
13039520;48,79;56,31668;44,04003
9682750;55;56,27948;44,04396
8688531;39,47;56,30531709;43,93552226
12150000;63,97;56,301196;44,084741
10468225;58,09;56,27275;44,052807
37330000;86,16;56,32122862;44,00254607
8095762;37,5;56,27841;44,04228
16045500;56;56,317093;44,064431
12309440;57,2;56,28376;43,93786
14663203;57,2;56,316144;44,04004
19892400;82;56,346631;43,929751
15288000;91;56,34248922;43,87483452
14485263;48,29;56,31643526;44,04015241
12116780;75,4;56,34288029;43,84374421
7115500;42,79;56,326729;44,00697
15510000;76,08;56,33208495;43,86430596
16469845;70,47;56,303911;44,000426
11670408;68,4;56,27275;44,052807
12086800;73,69;56,34248922;43,87483452
17180000;62;56,346553;43,929761
11408000;62;56,342399;43,874837
10691570;41,36;56,303911;44,000426
11304000;62,79;56,34248922;43,87483452
7540000;37,7;56,2455639;44,04924046
7059708;36,9;56,213576;44,024286
8644733;59,24;56,218299;44,026776
11796200;69,8;56,2455639;44,04924046
7405000;36,84;56,30292088;43,92679077
15357341;79,9;56,25423;43,848433
8897130;36,29;56,26393551;43,86626459
11866536;66,09;56,267757;44,020746
16063160;66,62;56,30422;44,00771
24627000;80,9;56,346691;43,929648
32482100;94,69;56,31182985;43,9804979
9572500;54,7;56,2455639;44,04924046
64740000;132,8;56,322037;44,005573
7728500;39;56,248613;44,048243
8053389;35,79;56,27857;44,04323
9093200;50,79;56,24529975;44,05240001
18430000;89,87;56,237502;43,959121
10295301;37,66;56,30433573;44,0063724
8102366;31,6;56,27275;44,052807
9683000;56,86;56,30322;43,92668
30225756;55,24;56,312315;43,975068
8131500;41,7;56,34248922;43,87483452
5979600;19,79;56,26386;43,86687
7215440;37,59;56,34288029;43,84374421
8160600;40,59;56,34249;43,8757
11593800;56,5;56,28376;43,93786
8404800;40,79;56,342399;43,874837
11020453;65,09;56,27275;44,052807
11250400;57,4;56,29794576;43,99971638
10080000;61,5;56,301983;43,933465
9923480;40,66;56,284208;44,083939
11849999;59,9;56,29791554;43,95222999
8785090;52,7;56,206879;43,878404
8090000;37,4;56,301983;43,933465
33063676;94,3;56,31203;43,98025
9149999;33,68;56,297006;43,953365
10590000;60;56,326305;43,910941
22356000;87,4;56,31657;44,03943
53372476;137,69;56,3132544;43,96930895
6490000;23,6;56,36230958;43,85553498
7388234;34,61;56,206619;43,899036
9735200;56,59;56,24626431;44,04936652
15690000;56,2;56,33165908;43,94786475
10050000;43,18;56,30117;44,08461
7393200;37,9;56,248613;44,048243
16660000;91,3;56,29608755;43,98672129
17324373;70,19;56,31646209;44,03935848
9761000;56,47;56,30292088;43,92679077
5570400;21,1;56,248613;44,048243
46273706;108,9;56,32262756;43,98838833
21930000;53,47;56,321007;44,002772
34873500;104,09;56,31067;43,98946
11419999;53,25;56,29714;43,95264
9588547;39,29;56,3102;44,09525
16710000;95,06;56,30135631;44,08432405
10716750;49,5;56,259928;43,978821
25134000;70,8;56,31182985;43,9804979
8216100;47,2;56,248613;44,048243
14900000;81,8;56,34688242;43,92365884
21788100;50,66;56,312848;43,97616
7900000;40,25;56,31397;43,87803
10710000;59,5;56,34249;43,8757
14955302;52,09;56,3155383;43,97024169
17686273;71,33;56,2847511;44,08343388
11986952,95;65,23;56,30902;43,89671
23384000;63,2;56,31182985;43,9804979
12381855;65,4;56,267757;44,020746
10260000;59;56,301983;43,933465
8036248;35,7;56,27856341;44,04353498
15367000;60,5;56,26581118;43,97614632
7645000;39,72;56,302004;43,925036
12226000;77,68;56,30292088;43,92679077
9330404;46,09;56,25403985;43,84835189
12390000;63,91;56,30135631;44,08432405
8053411;35,9;56,27275;44,052807
11040480;40,59;56,26581118;43,97614632
11992000;59,95;56,284208;44,083939
10761600;60,79;56,34248922;43,87483452
33691320;93,9;56,31203;43,98025
14349120;55,43;56,31575;44,07297
10700044;54,4;56,343269;43,829027
9749860;61,79;56,26131336;43,93982472
26415000;58,7;56,323563;44,01929
7600571;56,54;56,30701898;43,84878948
8460000;41,79;56,34688242;43,92365884
7920000;28,98;56,30117;44,08461
9579843;55,7;56,27856341;44,04353498
9013950;60,7;56,206879;43,878404
23669999;87,05;56,30219;44,10283
9323600;57,2;56,24606868;44,04796909
10140983;37,77;56,30433573;44,0063724
40698000;96,9;56,322037;44,005573
10300000;72,3;56,282062;44,083669
8914650;57,7;56,29202546;43,85822885
8043580;37,59;56,27856341;44,04353498
24974090;91,3;56,31668;44,04003
33297000;100,9;56,32358424;44,01900592
7160400;35,09;56,24606868;44,04796909
7764704;36,33;56,206619;43,899036
11977980;66,36;56,28473917;44,08328368
7838400;38;56,248613;44,048243
7050000;34,49;56,225364;43,853181
10470000;60,9;56,301983;43,933465
16446800;49,29;56,31445394;43,98671873
5211763;20,75;56,206619;43,899036
10083200;54,79;56,248613;44,048243
17844000;52,7;56,313696;43,986405
15972968;68,05;56,30433573;44,0063724
13109999;59,79;56,297006;43,953365
12411015;54,65;56,26386;43,86687
9127801;45,79;56,25397;43,84863
13530000;76,04;56,30117;44,08461
10003600;57,29;56,248613;44,048243
8810000;35,2;56,34738;43,923997
6553800;33;56,206879;43,878404
6193792;23,39;56,27275;44,052807
6482400;29,6;56,24626431;44,04936652
7506319;40,09;56,213576;44,024286
39559647;109,58;56,3130104;43,97606829
11290000;41,4;56,33165908;43,94786475
12192011;61,2;56,25403985;43,84835189
10260000;61,5;56,301983;43,933465
12465665;54,65;56,26393551;43,86626459
8585200;50,79;56,24606868;44,04796909
5308196;38,2;56,30701898;43,84878948
7578457;30,1;56,26862407;44,03502438
12568568;55,9;56,26386;43,86687
10004000;61;56,34249;43,8757
17369792;71,5;56,316144;44,04004
10240641;37,47;56,30433573;44,0063724
7553800;35,79;56,2455639;44,04924046
18113900;50;56,3138159;43,98840316
7672064;30,79;56,27948;44,04396
20653510;90,19;56,26581118;43,97614632
9230000;39,7;56,26183;44,010568
14932500;82,5;56,248613;44,048243
11319000;63,18;56,30531709;43,93552226
15990000;61,79;56,33165908;43,94786475
11749990;73,3;56,23986577;43,83607559
7506319;40,09;56,213576;44,024286
7074840;42,79;56,26131336;43,93982472
13780000;75,18;56,30135631;44,08432405
7377238;56,54;56,30701898;43,84878948
6949421;52,81;56,30701898;43,84878948
8380000;41,09;56,301947;43,93416
6145750;32,5;56,23986577;43,83607559
24259268;84,3;56,3132544;43,96930895
8234500;38,29;56,35168;43,87031
6496000;29;56,248613;44,048243
11579120;57,04;56,32791928;43,9515188
11490000;37,2;56,33165908;43,94786475
35500000;91,22;56,321007;44,002772
9849999;49,72;56,29714;43,95264
7740000;36,79;56,362352;43,855645
9493540;58,09;56,34288029;43,84374421
9190000;53,4;56,21925;43,8199
16689999;69,02;56,303802;44,100032
9430707;39;56,26859879;44,02192617
23990000;80,19;56,28337137;44,03038537
10664000;61,86;56,302004;43,925036
10018200;57,7;56,248613;44,048243
21960267;89,69;56,31668;44,04003
14123832;49,5;56,3132544;43,96930895
15991700;74,37;56,338475;43,866509
7658211;33;56,26862407;44,03502438
11286000;68,4;56,24606868;44,04796909
9651448;46,5;56,25403985;43,84835189
9388620;51,59;56,213576;44,024286
17252480;77,01;56,31535466;44,07307159
11346663;43,7;56,303911;44,000426
8335760;34,9;56,27275;44,052807
6308900;29,89;56,2455639;44,04924046
14199999;54,47;56,303802;44,100032
10164704;46,5;56,206619;43,899036
5392000;38,2;56,30701898;43,84878948
7122501;29,87;56,28473917;44,08328368
8729249;52,56;56,30973766;43,89619555
7836782;36,4;56,34267441;43,83190266
9568112;53,9;56,28021069;44,0435779
6710600;37,7;56,31279053;43,88630085
10390758;53,88;56,28473917;44,08328368
8190000;53,7;56,21925;43,8199
6590000;35,7;56,21925;43,8199
11178400;62,79;56,342399;43,874837
15549999;70,34;56,30243714;44,10379162
11308020;68,69;56,241339;44,079145
13910000;71,4;56,34688242;43,92365884
10266400;62,59;56,342399;43,874837
14093451;50,5;56,3144;43,976444
14272500;82,5;56,2460166;44,05111255
9597054;55,7;56,27857;44,04323
8224895;35;56,27275;44,052807
17551000;64;56,346691;43,929648
9527843;46,59;56,25423;43,848433
9967573;32,2;56,310445;43,938326
13500000;76,56;56,31397;43,87803
8100000;28,8;56,30117;44,08461
8814849;26,81;56,30422;44,00771
9532537;39,34;56,2847511;44,08343388
9095000;53,5;56,24606868;44,04796909
10490000;60;56,326305;43,910941
7288530;38,09;56,2414005;44,08051777
10067760;42,65;56,264368;43,865569
9811035;54,5;56,26862407;44,03502438
9345625;39,34;56,28473917;44,08328368
7990000;26,5;56,28337137;44,03038537
9329320;57,2;56,3655588;43,81770045
6441600;33;56,206879;43,878404
9168467;38,4;56,264368;43,865569
11820000;63,2;56,301947;43,93416
22766551;91,3;56,31668;44,04003
9450000;47,79;56,246863;43,827557
11674800;62,09;56,34249;43,8757
7690000;32;56,326305;43,910941
9500066;46,7;56,25423;43,848433
9430707;39;56,267757;44,020746
5790000;35,59;56,21896442;43,8191828
20441400;65,09;56,31535466;44,07307159
12190000;69,8;56,21896442;43,8191828
16356353;59,4;56,31643526;44,04015241
14779999;62,86;56,30243714;44,10379162
9443561;54,59;56,27856341;44,04353498
11089320;68,19;56,2414005;44,08051777
16402881;59,7;56,31646209;44,03935848
10291971;58,2;56,26848;44,03505
16739999;60,66;56,317662;43,971453
16900000;60,4;56,31270023;43,98472395
11466976;68;56,27275;44,052807
12090000;60,29;56,28337137;44,03038537
11250400;57,4;56,29794576;43,99971638
12972456,76;71,65;56,30902;43,89671
10073101;53,59;56,27275;44,052807
8891290;36,65;56,26386;43,86687
16589999;39,11;56,317538;43,972031
9378300;51,59;56,213576;44,024286
6356890;23,39;56,26943641;44,03506993
33991800;100,9;56,3138159;43,98840316
9095000;54,7;56,248613;44,048243
26415000;58,7;56,32358424;44,01900592
18435698;53,5;56,31071876;44,00346057
9612000;54,72;56,30292088;43,92679077
19980000;54;56,31182985;43,9804979
6708300;37,9;56,23986577;43,83607559
14338310;74,19;56,25397;43,84863
13690000;75,22;56,30135631;44,08432405
21568748;71,3;56,31772789;43,9715093
7717038;36,11;56,30973766;43,89619555
8990000;62,09;56,21896442;43,8191828
7591039;30,1;56,27275;44,052807
9235197;46,09;56,25403985;43,84835189
8620552;24,88;56,30422;44,00771
17450000;71,8;56,31439871;43,99775783
18860000;76,19;56,31668;44,04003
22260320;85,08;56,31575;44,07297
7613197;29,89;56,27275;44,052807
10349999;55,08;56,29714;43,95264
6246442;23,39;56,2689;44,03516
7933338;31,6;56,27275;44,052807
9579878;56,4;56,27856341;44,04353498
10920000;55,34;56,33260146;43,88200635
8053411;35,9;56,27857;44,04323
8115811;39,2;56,27856341;44,04353498
12001920;65,8;56,28461981;44,08324076
29990000;133,89;56,33161;43,94897
9430000;44,59;56,34634;43,92332
23775000;63,4;56,31182985;43,9804979
8057632;31,7;56,2689;44,03516
10920280;60,2;56,24189638;44,0811615
7590000;26,6;56,28337137;44,03038537
9391160;38,29;56,28376;43,93786
12570000;75,19;56,26167;44,01066
9090000;51,9;56,21925;43,8199
5445200;38,58;56,30701898;43,84878948
8000000;46,33;56,27825381;44,0972248
11880000;63,97;56,30117;44,08461
9627618;54,59;56,27948;44,04396
7890000;37,59;56,301983;43,933465
7685436;29,89;56,26848;44,03505
9170000;47,95;56,226179;43,852308
9790000;43,5;56,28337137;44,03038537
5339565;38,81;56,30701898;43,84878948
10890000;70,69;56,21896442;43,8191828
10490000;59,79;56,362352;43,855645
11059520;40,65;56,26581118;43,97614632
8240000;41,2;56,342399;43,874837
6590000;35,7;56,219673;43,817821
16409999;79,58;56,29714;43,95264
8120000;40,59;56,34248922;43,87483452
13269284;52,88;56,30433573;44,0063724
11610000;63,97;56,30117;44,08461
21101850;103,94;56,284208;44,083939
6545100;28,21;56,309039;43,895814
16469845;70,47;56,303911;44,000426
13279999;48,79;56,31772789;43,9715093
11323110;44,02;56,30422;44,00771
11624192;68;56,27856341;44,04353498
9068100;55,59;56,248613;44,048243
10959999;43,93;56,303802;44,100032
9614275;54,4;56,27841;44,04228
12572500;64,8;56,25397;43,84863
12300000;63,77;56,30135631;44,08432405
7801698;30,7;56,26879511;44,03422363
30168451;94,8;56,31071876;44,00346057
15444000;42,9;56,3044;43,99143
30857000;104,59;56,31055055;43,98939101
14737416;83,5;56,267757;44,020746
57980000;89,59;56,322604;43,98837
23561550;50,66;56,312315;43,975068
18719999;85,38;56,30243714;44,10379162
16723879;86,3;56,25423;43,848433
5909890;34,29;56,24178286;44,08224511
12990000;37,2;56,33165908;43,94786475
8990000;54,2;56,21896442;43,8191828
9520000;56;56,20586328;43,81749283
15990000;61,79;56,331721;43,947855
17125666;73,4;56,3132544;43,96930895
15019999;68,94;56,303802;44,100032
21465220;90,19;56,26581118;43,97614632
7355500;31,29;56,24626431;44,04936652
14190000;62;56,28337137;44,03038537
9523260;57,29;56,241339;44,079145
32677992;93,19;56,31203;43,98025
14590000;65,59;56,33161;43,94897
37430800;103,4;56,31182985;43,9804979
10331200;59,9;56,248613;44,048243
6937700;38,5;56,34287;43,84371
9512811;73,26;56,30714;43,84627
7206500;35,5;56,24606868;44,04796909
9290000;54,4;56,21896442;43,8191828
9077432;48,09;56,24678207;43,82688929
31531600;114,59;56,313696;43,986405
10600000;72,02;56,27825381;44,0972248
8967650;46,27;56,305213;43,936778
9101500;55,79;56,248613;44,048243
10459918;40,2;56,310445;43,938326
7215250;43,4;56,326729;44,00697
9647057;45,61;56,206619;43,899036
5951880;19,79;56,264368;43,865569
8539994;37,18;56,30531709;43,93552226
15893894;68,05;56,30433573;44,0063724
8809323;46,2;56,28021069;44,0435779
14851811;68,41;56,264368;43,865569
10990000;46,79;56,28337137;44,03038537
10531500;59,5;56,34248922;43,87483452
9508200;61,2;56,248613;44,048243
23787000;77,9;56,346691;43,929648
13235100;84,3;56,248613;44,048243
7878978;29,89;56,2689;44,03516
10300000;72,3;56,282062;44,083669
7590000;32;56,36230958;43,85553498
17572891;71,41;56,2847511;44,08343388
7159040;37,59;56,34288029;43,84374421
7617600;36,79;56,2455639;44,04924046
18096523;75,3;56,3132544;43,96930895
10878089;45,61;56,28461981;44,08324076
7115500;42,79;56,26131336;43,93982472
10519600;57,79;56,248613;44,048243
7029600;36,2;56,248613;44,048243
5872900,11;40,7;56,192049;43,891147
21378500;84,5;56,22432;43,940192
15239999;69,12;56,30243714;44,10379162
8165000;40,79;56,30531709;43,93552226
9749860;61,79;56,326729;44,00697
16657953;79,4;56,31076451;43,93833547
6260400;33,29;56,206879;43,878404
10598000;37,84;56,26581118;43,97614632
9814063;75,58;56,307641;43,850388
11670350;68,9;56,27275;44,052807
29310872;55,24;56,312848;43,97616
16719999;39,81;56,317538;43,972031
12390924;67,8;56,34263292;43,82861794
8136458;35,7;56,27839032;44,04282151
5595000;22,1;56,302004;43,925036
9150948;28;56,3102;44,09525
11041580;68,19;56,206879;43,878404
7345800;37,09;56,24606868;44,04796909
7658100;39,4;56,248613;44,048243
8755494;34,97;56,26432959;43,86548138
9798250;38,5;56,2597542;43,97880318
15339678;84,19;56,31052757;43,93759561
9969999;53,36;56,29714;43,95264
16175600;76,3;56,259928;43,978821
20939999;89,3;56,31772789;43,9715093
13072500;41;56,114343;43,494987
13725678;62;56,31052757;43,93759561
7710750;44,7;56,3655588;43,81770045
7725000;37,5;56,24626431;44,04936652
13169999;58,49;56,303802;44,100032
8806380;36,29;56,26386;43,86687
9517645;46,43;56,206619;43,899036
40698000;96,9;56,32212221;44,00585602
8112167;38,9;56,27839032;44,04282151
20362349;62;56,31071876;44,00346057
31405500;99,69;56,31067;43,98946
27816000;146,39;56,302203;43,94123
14550000;76,08;56,31397;43,87803
9282800;46,09;56,25403985;43,84835189
11190000;71;56,21896442;43,8191828
11050628;59,95;56,28461981;44,08324076
11090000;43,5;56,28337137;44,03038537
10696000;61,86;56,302004;43,925036
5865000;34,5;56,3655588;43,81770045
8779600;46,7;56,2455639;44,04924046
8180400;41,29;56,248613;44,048243
6731040;37,9;56,23986577;43,83607559
25920000;57,59;56,32358424;44,01900592
7356600;36,59;56,24606868;44,04796909
8035374;31,6;56,27275;44,052807
9767158,76;53;56,30902;43,89671
14162797;54,5;56,314057;43,969599
11250400;57,4;56,29794576;43,99971638
10063110;53;56,27275;44,052807
7904787;33;56,27275;44,052807
9119707;46,66;56,34267441;43,83190266
9201248;30,46;56,30243714;44,10379162
10731832;40,95;56,30422;44,00771
40375000;98,5;56,32212221;44,00585602
8221195;42,79;56,34263292;43,82861794
16860000;91,3;56,34634;43,92332
20941800;100,19;56,302203;43,94123
9045220;36,65;56,264368;43,865569
9632700;45,86;56,32789;43,95142
16335000;60,5;56,26581118;43,97614632
8590000;35,4;56,28337137;44,03038537
12753071;55,9;56,26386;43,86687
7700000;42,25;56,27825381;44,0972248
8260032;37,7;56,34272274;43,82913634
7950000;40,25;56,31397;43,87803
10590000;36;56,33161;43,94897
12285320;54,65;56,264368;43,865569
11828500;38,29;56,346631;43,929751
15382404;53,59;56,3132544;43,96930895
10190000;59,4;56,30221;43,92663
12733087;51,75;56,2847511;44,08343388
9682351;48,11;56,206619;43,899036
18718666;50,66;56,3130104;43,97606829
6308900;29,89;56,2455639;44,04924046
36420000;86,38;56,32122862;44,00254607
9614275;54,4;56,27841;44,04228
8873686;41,36;56,34267441;43,83190266
11670350;68,9;56,27841;44,04228
10571876;58,09;56,26879511;44,03422363
9156000;54,5;56,24606868;44,04796909
16995376;83,98;56,2847511;44,08343388
12560400;72,15;56,305213;43,936778
10351970;40,2;56,31052757;43,93759561
17471500;63,4;56,346631;43,929751
7300000;37,79;56,248613;44,048243
9378300;51,59;56,213576;44,024286
8037060;44,7;56,23986577;43,83607559
18519000;68,8;56,346691;43,929648
9348000;57;56,34249;43,8757
15090000;84,9;56,26183;44,010568
17923126;66,8;56,31643526;44,04015241
11820000;63,97;56,30117;44,08461
11649999;43,06;56,30219;44,10283
6259500;32,5;56,241339;44,079145
14496661;54,2;56,314057;43,969599
10644580;56,29;56,309039;43,895814
10063110;53;56,27275;44,052807
8768073;53,34;56,30973766;43,89619555
7064400;34,79;56,24606868;44,04796909
8117645;36,25;56,206619;43,899036
11241200;62,79;56,34249;43,8757
6912200;32,29;56,24606868;44,04796909
16017000;56;56,317093;44,064431
8400000;51,59;56,248613;44,048243
17349889;53,7;56,31071876;44,00346057
11773435;59,86;56,28461;44,08362
17019999;39,09;56,317538;43,972031
12454819;72,9;56,26879511;44,03422363
7590000;35,29;56,326305;43,910941
15037200;45;56,313696;43,986405
12839238;50,86;56,30422;44,00771
18290000;47,2;56,322604;43,98837
11038950;58,5;56,34173716;43,84456563
7007000;38,5;56,34288029;43,84374421
17995800;48,2;56,313696;43,986405
16326100;70,25;56,30433573;44,0063724
9090000;61,79;56,21925;43,8199
8511924;38,59;56,30531709;43,93552226
10062060;75,08;56,307641;43,850388
8224895;35;56,27275;44,052807
15290000;65,59;56,33161;43,94897
8890020;60,59;56,241339;44,079145
8048100;41,7;56,342399;43,874837
11393200;62,59;56,34248922;43,87483452
14933100;76,58;56,284208;44,083939
6736800;40,09;56,288639;43,813403
9820954;54,5;56,26879511;44,03422363
11260920;53,81;56,284208;44,083939
7952940;36,25;56,206619;43,899036
11286000;57;56,29794576;43,99971638
9627618;54,59;56,27948;44,04396
12888960;65,76;56,284208;44,083939
14328916;51,59;56,3155383;43,97024169
8382400;40,29;56,342399;43,874837
10896448;37,02;56,30422;44,00771
11020423;65,4;56,27857;44,04323
9010925;37,75;56,26386;43,86687
9633800;58;56,34288029;43,84374421
11020480;77,8;56,326729;44,00697
9531200;59,2;56,248613;44,048243
34040000;87,27;56,32122862;44,00254607
24090000;66;56,31182985;43,9804979
9666400;57,29;56,248613;44,048243
8282400;40,59;56,34248922;43,87483452
10940000;58,2;56,326305;43,910941
17839999;60,66;56,317662;43,971453
11670408;68,4;56,27841;44,04228
6868800;33,7;56,248613;44,048243
6782150;39,5;56,31279053;43,88630085
7446608;30,79;56,27275;44,052807
9597004;55,59;56,27275;44,052807
8562549;34,29;56,267757;44,020746
8761500;53,09;56,31279053;43,88630085
11070400;59,2;56,342399;43,874837
12630000;65,87;56,332396;43,881965
9448400;61,09;56,248613;44,048243
8524920;37,38;56,28461;44,08362
13231058;52,97;56,30433573;44,0063724
6328410;38,09;56,213576;44,024286
5783240;32,59;56,24104802;44,08181596
14377500;63,9;56,259928;43,978821
13111000;73,19;56,34738;43,923997
12082350;64,04;56,30531709;43,93552226
6038160;36,2;56,29202546;43,85822885
18069999;60,66;56,317538;43,972031
10090000;45,9;56,28337137;44,03038537
17248000;78,4;56,288071;43,986008
7115500;42,79;56,26131336;43,93982472
9590000;46;56,28337137;44,03038537
15590000;59,2;56,331721;43,947855
20189059;78;56,31668;44,04003
10340000;50,7;56,298573;44,089524
19270000;82;56,30443425;43,99120957
24017000;65,8;56,31182985;43,9804979
9797600;59,2;56,34287;43,84371
6963369;28,2;56,27275;44,052807
7665000;36,29;56,248613;44,048243
11774510;60,13;56,309039;43,895814
16079999;57,34;56,317538;43,972031
12205500;43,9;56,346691;43,929648
14990000;56,2;56,33161;43,94897
9990000;43,38;56,301196;44,084741
11480000;55,9;56,34634;43,92332
11590000;60,4;56,28337137;44,03038537
14851811;68,41;56,26393551;43,86626459
5424510;27,29;56,23986577;43,83607559
31484300;87,69;56,31182985;43,9804979
9814063;75,58;56,30651799;43,84720161
7741175;37,09;56,20553;43,89783
13231058;52,97;56,30433573;44,0063724
21049999;75,48;56,317538;43,972031
18935000;54,09;56,31067;43,98946
11656000;62;56,34249;43,8757
11011200;59,2;56,342399;43,874837
10283940;55,79;56,241339;44,079145
16009999;60,66;56,31772789;43,9715093
9627618;54,59;56,27948;44,04396
8990000;52;56,219673;43,817821
15490000;65,59;56,33165908;43,94786475
11687519;72,19;56,26859879;44,02192617
8190000;53,7;56,21896442;43,8191828
9721410;57,9;56,206879;43,878404
7933337;31,7;56,27275;44,052807
11213570;44,9;56,3102;44,09525
15303027;74,12;56,338475;43,866509
6555640;36,4;56,288639;43,813403
10646688;53,88;56,28461;44,08362
11049796;68;56,27856341;44,04353498
11078725;69,8;56,26862407;44,03502438
23935450;62,16;56,312848;43,97616
21619999;66,11;56,317662;43,971453
7506319;40,09;56,213576;44,024286
5968404;23,39;56,26848;44,03505
9614891;50,09;56,27948;44,04396
7434776;31,15;56,26386;43,86687
7050330;43,4;56,26131336;43,93982472
15210000;90,8;56,26167;44,01066
9109999;44,63;56,203071;43,896904
8919707;46,66;56,34293;43,832222
29853000;96,3;56,323163;44,035586
8322945;36,84;56,30531709;43,93552226
9295000;54,84;56,30292088;43,92679077
10067760;42,65;56,26386;43,86687
42703229;78,98;56,312848;43,97616
12026300;75,4;56,34287;43,84371
14528460;66,33;56,31535466;44,07307159
7172048;54,06;56,30701898;43,84878948
33312000;104,09;56,31067;43,98946
8700000;41,5;56,301983;43,933465
11416360;42,43;56,26581118;43,97614632
7217000;34,95;56,30292088;43,92679077
8490000;47,09;56,21925;43,8199
11250079;67,9;56,27841;44,04228
9886400;59,2;56,34288029;43,84374421
32274000;122,25;56,323163;44,035586
12019000;69,4;56,30243141;43,94134696
9103290;57,7;56,26131336;43,93982472
16356353;59,4;56,316144;44,04004
22765050;103,94;56,2847511;44,08343388
7215250;43,4;56,26131336;43,93982472
18310353;55,7;56,31071876;44,00346057
9253309;45,06;56,285791;43,92192
9479663;42;56,3102;44,09525
16309390;69,91;56,31575;44,07297
9513000;45,29;56,2460166;44,05111255
9172800;48,75;56,24678207;43,82688929
7041273;54,59;56,30701898;43,84878948
13990000;76,56;56,33208495;43,86430596
17813120;85,61;56,284208;44,083939
7933470;33,5;56,26848;44,03505
14932500;82,5;56,248613;44,048243
17555256;59,7;56,316144;44,04004
15489999;60,66;56,317662;43,971453
10035292;47,41;56,206619;43,899036
8053834;36,5;56,34263292;43,82861794
8480006;42,79;56,343269;43,829027
8139930;35,9;56,27841;44,04228
5893800;33;56,24104802;44,08181596
7339200;35,2;56,206879;43,878404
8486400;40,79;56,34249;43,8757
8019700;41,5;56,248613;44,048243
6193792;23,39;56,27275;44,052807
11835292;57,29;56,206619;43,899036
11457600;74,4;56,23986577;43,83607559
20337300;61,7;56,3138159;43,98840316
16370792;93,44;56,34293;43,832222
7048560;34,4;56,2414005;44,08051777
33120000;103,5;56,320026;43,977679
24288000;66;56,31203;43,98025
5990000;25;56,326305;43,910941
10747341;39,02;56,303911;44,000426
5742000;22,19;56,30292088;43,92679077
12627115;59,29;56,3102;44,09525
8322600;42,9;56,342399;43,874837
18248143;75,8;56,314057;43,969599
10390000;71,09;56,21925;43,8199
7801698;30,7;56,26879511;44,03422363
14186445;76,58;56,28388;44,08354
5481840;27,29;56,23986577;43,83607559
7900000;37,2;56,26167;44,01066
8363600;41,2;56,34248922;43,87483452
10780740;60,59;56,34287;43,84371
6585600;39,2;56,20586328;43,81749283
9548289;46,7;56,25403985;43,84835189
17019999;39,09;56,317662;43,971453
9999999;49,74;56,29714;43,95264
8036219;36,2;56,27856341;44,04353498
13962870;83,5;56,26859879;44,02192617
11225210;76,69;56,26131336;43,93982472
18306000;61,61;56,346691;43,929648
13990000;66,3;56,33165908;43,94786475
8458778;45,29;56,34263292;43,82861794
42105600;122,4;56,31182985;43,9804979
11179250;46,09;56,259928;43,978821
18485280;70,01;56,31535466;44,07307159
7840000;40;56,34248922;43,87483452
7115500;42,79;56,326729;44,00697
13880925;76,5;56,28461981;44,08324076
44930270;108,79;56,312315;43,975068
13450000;74,93;56,30117;44,08461
21018000;78,59;56,346691;43,929648
21114000;82,19;56,346691;43,929648
9168467;38,4;56,264368;43,865569
5255640;38,2;56,30701898;43,84878948
15639000;40,09;56,31182985;43,9804979
6544720;36,4;56,288639;43,813403
15802000;57,29;56,346691;43,929648
6709999;23,62;56,29791554;43,95222999
13339999;59,31;56,303802;44,100032
12550000;77,22;56,30322;43,92668
10650500;59,5;56,342399;43,874837
13890000;76,04;56,301196;44,084741
8690000;43,7;56,301947;43,93416
11666919;68,4;56,27839032;44,04282151
33870720;94,4;56,31203;43,98025
33301800;123,3;56,31445394;43,98671873
7363000;37;56,24606868;44,04796909
5730930;33,29;56,24178286;44,08224511
10920000;55,34;56,33260146;43,88200635
8224895;35;56,27948;44,04396
14517031;74,3;56,25403985;43,84835189
19448600;59,79;56,31445394;43,98671873
10896200;60,2;56,248613;44,048243
26869999;68,51;56,317662;43,971453
26789999;75,48;56,317538;43,972031
11351550;56,9;56,297828;43,998842
11142800;62,59;56,34248922;43,87483452
7517941;30,79;56,26848;44,03505
7113920;37,59;56,34288029;43,84374421
9030000;45,29;56,34738;43,923997
11660000;63;56,34738;43,923997
11953830;48,97;56,31575;44,07297
8010288;36,7;56,34263292;43,82861794
12990000;38,09;56,33161;43,94897
16204253;70,43;56,30433573;44,0063724
8152655;35;56,27948;44,04396
8974935;34,99;56,264368;43,865569
9200000;42,09;56,33086108;43,88152355
11761569;66,09;56,267757;44,020746
7865700;47,09;56,3655588;43,81770045
10767756;45,52;56,28388;44,08354
11128320;49,68;56,31535466;44,07307159
6299092;23,39;56,2689;44,03516
17180623;51,81;56,31772789;43,9715093
34194152;96,4;56,31203;43,98025
24558200;80,09;56,31445394;43,98671873
6990000;42;56,219673;43,817821
21638400;58,79;56,31203;43,98025
6835292;27,65;56,206619;43,899036
14693998;80,8;56,285791;43,92192
8260032;37,7;56,343269;43,829027
10646720;47,45;56,31535466;44,07307159
6882750;41,4;56,26131336;43,93982472
10274962;57,5;56,27275;44,052807
13749999;44,41;56,317538;43,972031
9056480;52,9;56,288639;43,813403
6294459;23,39;56,26879511;44,03422363
6810433;52,81;56,30701898;43,84878948
8190000;53,79;56,219673;43,817821
15720000;81,8;56,34688242;43,92365884
14992000;95;56,248613;44,048243
11666892;68,09;56,27839032;44,04282151
10240000;46,59;56,298507;44,089398
8974935;34,99;56,264368;43,865569
8897130;36,29;56,264368;43,865569
10900000;61,29;56,301983;43,933465
8910000;43,29;56,34634;43,92332
16559999;39,09;56,317538;43,972031
9020422;34,99;56,26393551;43,86626459
7613190;30;56,26848;44,03505
17440900;50,59;56,31445394;43,98671873
41616000;122,4;56,31182985;43,9804979
25229999;89,3;56,317538;43,972031
14851811;68,41;56,26386;43,86687
10352940;47,41;56,206619;43,899036
8590000;38,4;56,301947;43,93416
8190000;37,18;56,30531709;43,93552226
36347500;108,5;56,31067;43,98946
9151700;52,9;56,288639;43,813403
8940690;36,29;56,264368;43,865569
10798920;60,59;56,34287;43,84371
7400000;33,61;56,225364;43,853181
38360639;108,79;56,3130104;43,97606829
8990000;52;56,21896442;43,8191828
7990000;51,79;56,21896442;43,8191828
16272683;61,7;56,314057;43,969599
8891290;36,65;56,26393551;43,86626459
9471690;57,29;56,241339;44,079145
23458000;63,4;56,322604;43,98837
13785496;55,79;56,3102;44,09525
11680000;62,9;56,301947;43,93416
12190000;60;56,28337137;44,03038537
12945400;67,59;56,317233;44,068464
10354012;40,16;56,30433573;44,0063724
8136447;35,9;56,27839032;44,04282151
10088030;52,9;56,24189638;44,0811615
7270393,96;40,38;56,30947;43,89597
8060100;40,09;56,24626431;44,04936652
9780473;75,08;56,30808817;43,85052507
6040000;23,6;56,326305;43,910941
11480000;55,9;56,34738;43,923997
4919961;35,59;56,218299;44,026776
69720000;174,3;56,32358424;44,01900592
5846750;32,5;56,24104802;44,08181596
14620000;43;56,3044;43,99143
12260000;58;56,34738;43,923997
15038800;91,69;56,34248922;43,87483452
9715000;56,86;56,302004;43,925036
11221000;49;56,2597542;43,97880318
24567780;72,69;56,311111;44,002892
15329999;39,81;56,317538;43,972031
9060000;43,29;56,34738;43,923997
9009000;42,9;56,2597542;43,97880318
17490000;74,9;56,33165908;43,94786475
8450000;35,2;56,26183;44,010568
9378300;51,59;56,213576;44,024286
33203924;94,69;56,31203;43,98025
40588800;120,8;56,31182985;43,9804979
15038800;91,69;56,34249;43,8757
6662820;37,9;56,23986577;43,83607559
7730000;38,16;56,225364;43,853181
12064800;52,79;56,264368;43,865569
13400000;42;56,114343;43,494987
9720000;55,13;56,30221;43,92663
9700000;38,79;56,2597542;43,97880318
11572441;67;56,27275;44,052807
11965800;63,18;56,30531709;43,93552226
21122385;62;56,31071876;44,00346057
12638500;37,79;56,346691;43,929648
8259999;33,38;56,29791554;43,95222999
62745000;133,5;56,323563;44,01929
12040000;64,09;56,34634;43,92332
9849730;59,29;56,23986577;43,83607559
7789349;59,24;56,218299;44,026776
14453901;57,29;56,31052757;43,93759561
16780000;91,3;56,34738;43,923997
14409100;37,5;56,313696;43,986405
19193701;66,09;56,31657;44,03943
10288400;57,79;56,2460166;44,05111255
8136447;35,9;56,27839032;44,04282151
10351970;40,2;56,31052757;43,93759561
7215250;43,4;56,26131336;43,93982472
11286000;57;56,29794576;43,99971638
5449300;38,2;56,30701898;43,84878948
7490000;28,79;56,362352;43,855645
5911000;25,54;56,302004;43,925036
9101525;37,75;56,26393551;43,86626459
5993880;20,07;56,26393551;43,86626459
12750311;51,81;56,28447;44,0845
8690000;35,4;56,28337137;44,03038537
21639999;84,87;56,30219;44,10283
11455886;50,2;56,3102;44,09525
7382746;30,21;56,30973766;43,89619555
7728500;39;56,248613;44,048243
6858822;30,44;56,206619;43,899036
16171248;39,09;56,31772789;43,9715093
9986400;58,4;56,2455639;44,04924046
12451226;62,5;56,25403985;43,84835189
19584080;85,51;56,31535466;44,07307159
8221195;42,79;56,34263292;43,82861794
28500643;79,59;56,31122697;44,00286966
6983900;38,5;56,34288029;43,84374421
13618084;72,9;56,267757;44,020746
7576667;30,7;56,26862407;44,03502438
10534200;36,2;56,22432;43,940192
21450000;79,19;56,31445394;43,98671873
9597024;56,4;56,27857;44,04323
7492000;53,2;56,30701898;43,84878948
8301800;40,29;56,34248922;43,87483452
17783232;55,09;56,31071876;44,00346057
7170320;37,59;56,34288029;43,84374421
10589480;58,7;56,206879;43,878404
19207074;59,7;56,31071876;44,00346057
6890000;34,29;56,219673;43,817821
12929737;51,75;56,28447;44,0845
24016900;76,9;56,31445394;43,98671873
10138290;57,9;56,206879;43,878404
9418987;75,08;56,30701898;43,84878948
12760000;71,5;56,26167;44,01066
7990000;40,2;56,21925;43,8199
12090000;69,8;56,326305;43,910941
14958700;41,54;56,31575;44,07297
8584726;31,5;56,269185;44,03513
47051889;133,6;56,3155383;43,97024169
6178950;34,5;56,3655588;43,81770045
20202410;62,38;56,31575;44,07297
10641686;52,09;56,30512043;43,93979741
10287038;50,29;56,285791;43,92192
13072269;71,4;56,267757;44,020746
8311590;50,09;56,24178286;44,08224511
8053411;35,9;56,27857;44,04323
45080414;109,69;56,32262756;43,98838833
7589000;39,49;56,302004;43,925036
16040306;70,79;56,30433573;44,0063724
10890000;70,69;56,219673;43,817821
10254821;40,2;56,31076451;43,93833547
12545000;77,83;56,302004;43,925036
10028400;54,79;56,248613;44,048243
8322309;30,7;56,269185;44,03513
6669999;29,8;56,203071;43,896904
21490150;95,3;56,259928;43,978821
15601465;61,02;56,30422;44,00771
13098191;44,41;56,31772789;43,9715093
11863603;69,44;56,34293;43,832222
8440000;40,9;56,301983;43,933465
9156796;48,4;56,213576;44,024286
5993880;20,07;56,26386;43,86687
17259500;62,29;56,346553;43,929761
7602706;32,77;56,309039;43,895814
5848000;34,4;56,29172;43,85805
12690000;73,9;56,26185201;44,01021655
8666920;38,9;56,24189638;44,0811615
8006400;41,7;56,34248922;43,87483452
8218875;35;56,28021069;44,0435779
42354000;108,59;56,32358424;44,01900592
6860000;31,38;56,226179;43,852308
19030000;69,19;56,30443425;43,99120957
8100300;40,29;56,34249;43,8757
10254015;60,29;56,26848;44,03505
7731280;40,09;56,34287;43,84371
9443587;54,09;56,27856341;44,04353498
8006400;41,7;56,34249;43,8757
8534400;52,09;56,248613;44,048243
8480006;42,79;56,343269;43,829027
11147565;65;56,27275;44,052807
8204428;31,15;56,264368;43,865569
7461809;30,21;56,309039;43,895814
24625334;66;56,31203;43,98025
12550000;69,69;56,34634;43,92332
11070400;59,2;56,34248922;43,87483452
20973748;79,79;56,303802;44,100032
9418987;75,08;56,30701898;43,84878948
5392961;38,81;56,30701898;43,84878948
25128000;69,8;56,31182985;43,9804979
6924150;41,4;56,326729;44,00697
8036246;36,4;56,27856341;44,04353498
43757900;97,3;56,32212221;44,00585602
6129585;31,89;56,213576;44,024286
12620160;65,73;56,28461981;44,08324076
9427306;40,66;56,28461981;44,08324076
10466479;40,2;56,31076451;43,93833547
13006560;66,36;56,284208;44,083939
9574095;53,9;56,27275;44,052807
17869500;71,25;56,2847511;44,08343388
12730000;69,69;56,34738;43,923997
10016568;42,65;56,26386;43,86687
25057500;84,09;56,313696;43,986405
9300000;44;56,26185201;44,01021655
10190000;46,79;56,28337137;44,03038537
13610250;51,81;56,284208;44,083939
20770000;72,8;56,346631;43,929751
9614268;54;56,27841;44,04228
11271000;57,79;56,29794576;43,99971638
10388932;58,2;56,26848;44,03505
11149474;33,09;56,31668;44,04003
11190000;37,09;56,33205902;43,94818418
13030000;71,69;56,29863728;44,08843568
9760800;60;56,248613;44,048243
6976984;36,11;56,309039;43,895814
10230600;57,79;56,2460166;44,05111255
10527416;40,16;56,30422;44,00771
7838400;38;56,248613;44,048243
10700044;54,4;56,34272274;43,82913634
10497650;58,2;56,26879511;44,03422363
14590000;59,9;56,33165908;43,94786475
15987000;43,79;56,31182985;43,9804979
12127800;57,4;56,310445;43,938326
12345435;54,65;56,26393551;43,86626459
16522800;71,61;56,303911;44,000426
7768600;37;56,248613;44,048243
7762500;38,79;56,248613;44,048243
6790000;35,5;56,21896442;43,8191828
11818700;73;56,31279053;43,88630085
10005627;42,33;56,28585154;43,92193684
19129500;98,09;56,35170283;43,86971319
9349200;58,79;56,23986577;43,83607559
17914530;48,29;56,31076451;43,93833547
7540200;42,59;56,206879;43,878404
22990000;83,5;56,28337137;44,03038537
12620000;75,59;56,26185201;44,01021655
6416700;29,29;56,248613;44,048243
7625400;35,79;56,24626431;44,04936652
12550000;60,4;56,28337137;44,03038537
7668000;37,2;56,248613;44,048243
11000000;62,5;56,34249;43,8757
5968404;23,39;56,26848;44,03505
14229999;57,66;56,30219;44,10283
14437500;82,5;56,2460166;44,05111255
13830000;76,04;56,301196;44,084741
16620000;91,3;56,34738;43,923997
12903613;44,41;56,31772789;43,9715093
8700000;38,75;56,33208495;43,86430596
29990000;133,89;56,331721;43,947855
9658822;46,41;56,206619;43,899036
12788249;66,09;56,3102;44,09525
7902090;30;56,27275;44,052807
9610758;54;56,27839032;44,04282151
35319200;95,19;56,31182985;43,9804979
7560000;33,81;56,226179;43,852308
10692000;49,5;56,2597542;43,97880318
15871932;66,62;56,30433573;44,0063724
14851811;68,41;56,264368;43,865569
10035069;51,2;56,34267441;43,83190266
12919155;53,95;56,303911;44,000426
5899300;34,09;56,20607;43,81747
7691200;36,79;56,24626431;44,04936652
9568112;53,9;56,28021069;44,0435779
11470000;62;56,34249;43,8757
7136480;37,59;56,34287;43,84371
12263383;72,9;56,26862407;44,03502438
42282000;121,5;56,31182985;43,9804979
9594740;59,29;56,23986577;43,83607559
14437500;82,5;56,2460166;44,05111255
11133150;46,09;56,2597542;43,97880318
7789999;34,45;56,29714;43,95264
14774526;58,09;56,31646209;44,03935848
9117600;52,4;56,31279053;43,88630085
9611100;55,59;56,248613;44,048243
11269999;54,11;56,29791554;43,95222999
24370050;89,8;56,31646209;44,03935848
12839238;54,13;56,303911;44,000426
33592009;117,09;56,3132544;43,96930895
27364799;64,4;56,32262756;43,98838833
6949421;52,81;56,30701898;43,84878948
8600000;43,7;56,301947;43,93416
8200000;35,2;56,26185201;44,01021655
7190000;32;56,362352;43,855645
34721400;110,9;56,3138159;43,98840316
19446240;60,95;56,31535466;44,07307159
10213027;54,5;56,2689;44,03516
15181440;104,8;56,35168;43,87031
7028560;39,2;56,34287;43,84371
16009390;69,91;56,31535466;44,07307159
5486000;21,1;56,248613;44,048243
7625400;35,79;56,24626431;44,04936652
9279856;38,4;56,264368;43,865569
8477241;40,22;56,309039;43,895814
7469999;37,52;56,203071;43,896904
6940150;39,5;56,288639;43,813403
12541020;59,09;56,28376;43,93786
14437057;80,59;56,285791;43,92192
10250000;40,9;56,34688242;43,92365884
9060000;37,75;56,26386;43,86687
8316301;38,68;56,30531709;43,93552226
12576394;55,2;56,31052757;43,93759561
9614273;54,09;56,27841;44,04228
8826300;47,9;56,248613;44,048243
17324373;70,19;56,31668;44,04003
8053000;40,97;56,30322;43,92668
6734160;37,59;56,31279053;43,88630085
8897130;36,29;56,264368;43,865569
11165500;68,5;56,24606868;44,04796909
9248000;54,4;56,24606868;44,04796909
8779600;47,9;56,248613;44,048243
9417000;55;56,30322;43,92668
9650000;48,75;56,24655326;43,82747589
8232990;38,9;56,27275;44,052807
24499999;89,3;56,317538;43,972031
11091289;69,8;56,26848;44,03505
11578685;57,66;56,34267441;43,83190266
17090000;70,5;56,33161;43,94897
8262000;40,5;56,342399;43,874837
10474110;52,11;56,32791928;43,9515188
7390000;32;56,362352;43,855645
13646795;73,65;56,285791;43,92192
11739999;59,9;56,29791554;43,95222999
9106367;40,79;56,28388;44,08354
9795060;59,4;56,34288029;43,84374421
17889500;69,25;56,31575;44,07297
7685436;29,89;56,27275;44,052807
11466958;67,69;56,27857;44,04323
13421245;56,79;56,31076451;43,93833547
10424925;28,89;56,3155383;43,97024169
15022168;61,22;56,30433573;44,0063724
8990000;51,9;56,21896442;43,8191828
11092409;53;56,309039;43,895814
32572800;92,8;56,31182985;43,9804979
21543600;55,24;56,312315;43,975068
20985497;66,09;56,31071876;44,00346057
10590000;60;56,362352;43,855645
16029999;55,29;56,31772789;43,9715093
16001156;62,4;56,314057;43,969599
10973269;65,4;56,27856341;44,04353498
33134400;94,4;56,31182985;43,9804979
7956000;40,79;56,342399;43,874837
10454710;65,23;56,30925114;43,8959115
14416017;49,59;56,314057;43,969599
6129585;31,89;56,213576;44,024286
12560000;75,69;56,301983;43,933465
15990000;74,9;56,33165908;43,94786475
7898800;40,29;56,342399;43,874837
41328000;131,19;56,31067;43,98946
17905422;98,09;56,310445;43,938326
9060000;37,75;56,26393551;43,86626459
19188000;53,29;56,31055055;43,98939101
9755900;55;56,28021069;44,0435779
12389768;65,4;56,267757;44,020746
8400000;35,2;56,26183;44,010568
12790000;69,69;56,34634;43,92332
9886400;59,2;56,34287;43,84371
18527500;74,11;56,22432;43,940192
37520369;88,3;56,32262756;43,98838833
17195569;85,9;56,31076451;43,93833547
6304800;29,6;56,2455639;44,04924046
37478400;102,4;56,31182985;43,9804979
33804000;125,19;56,323163;44,035586
11088744;67,09;56,27275;44,052807
5255368;38,58;56,30701898;43,84878948
12351760;59,61;56,284208;44,083939
10242096;57,7;56,27841;44,04228
8565614;41,79;56,267757;44,020746
8600000;35;56,26185201;44,01021655
7347000;31;56,24626431;44,04936652
5590000;30,2;56,21896442;43,8191828
10726538;58,09;56,27275;44,052807
8811000;53,4;56,288639;43,813403
5811000;32,5;56,24104802;44,08181596
12064800;52,79;56,26393551;43,86626459
12192011;61,2;56,25403985;43,84835189
12450000;73,9;56,26183;44,010568
8216100;47,2;56,248613;44,048243
12190000;63,7;56,36230958;43,85553498
10468225;58,09;56,26848;44,03505
8260032;37,7;56,343269;43,829027
6257070;33,29;56,206879;43,878404
11717500;54,5;56,259928;43,978821
6638720;36,79;56,23986577;43,83607559
7870000;37,59;56,301983;43,933465
10109999;41,84;56,297006;43,953365
20941800;100,19;56,30243141;43,94134696
10733076;39,02;56,303911;44,000426
14690000;81,69;56,34634;43,92332
15837843;76,5;56,31076451;43,93833547
17785080;70,01;56,31535466;44,07307159
5419185;38,81;56,30701898;43,84878948
8201200;41,59;56,248613;44,048243
11052013;71,65;56,30925114;43,8959115
8988399;46,29;56,25397;43,84863
12082350;65,45;56,305213;43,936778
8540000;38,5;56,301947;43,93416
9610769;54,79;56,27839032;44,04282151
31621100;94,8;56,31071876;44,00346057
15509999;39,11;56,317662;43,971453
8232980;39,2;56,27857;44,04323
13146000;65,79;56,284208;44,083939
11097558;55,7;56,25403985;43,84835189
7490000;48,7;56,21896442;43,8191828
16273775;68,98;56,30433573;44,0063724
6105980;32,59;56,23986577;43,83607559
7050000;34,49;56,226179;43,852308
6586190;37,7;56,288639;43,813403
10930105;43;56,30433573;44,0063724
8260032;36,7;56,34272274;43,82913634
6264000;29;56,2455639;44,04924046
17722105;70,59;56,316144;44,04004
20795880;78,18;56,26581118;43,97614632
8765267;41,7;56,30531709;43,93552226
11195098;67,09;56,26848;44,03505
9197947;45,7;56,28021069;44,0435779
13634020;55,93;56,31575;44,07297
4608220;20,6;56,206879;43,878404
9691150;61,79;56,26131336;43,93982472
32679999;104,04;56,30219;44,10283
8168345;37,7;56,34263292;43,82861794
6081600;36,2;56,29172;43,85805
14690000;102,9;56,31076451;43,93833547
14183842;61,18;56,2847511;44,08343388
31140000;86,5;56,322604;43,98837
15006820;76,8;56,31076451;43,93833547
6541600;29,6;56,248613;44,048243
21330540;103,94;56,2847511;44,08343388
12121800;68,09;56,34249;43,8757
5817040;34,4;56,29202546;43,85822885
10702236;36,36;56,30422;44,00771
9240000;33;56,114343;43,494987
9720511;54,5;56,26862407;44,03502438
7455058;57,13;56,30701898;43,84878948
6129585;31,89;56,213576;44,024286
11594000;62;56,34248922;43,87483452
16045500;56;56,114343;43,494987
12490000;37;56,33165908;43,94786475
7320000;35,22;56,225364;43,853181
16545200;48,7;56,31445394;43,98671873
11005000;62,09;56,301947;43,93416
8950036;47,09;56,343269;43,829027
6983900;38,5;56,34287;43,84371
38939100;125,61;56,314297;43,976513
10724053;65,09;56,27839032;44,04282151
32983900;123,3;56,31445394;43,98671873
17236160;70,63;56,31535466;44,07307159
20424000;54;56,31203;43,98025
10800000;55,9;56,34738;43,923997
9666400;57,29;56,248613;44,048243
12152301;65,4;56,267757;44,020746
10390000;61,9;56,21896442;43,8191828
32583300;93,9;56,31182985;43,9804979
10200000;72,02;56,27825381;44,0972248
10170000;56,79;56,301983;43,933465
9681500;57,79;56,2414005;44,08051777
8993660;57,7;56,26131336;43,93982472
12668000;37,91;56,346691;43,929648
12012864;65,86;56,28473917;44,08328368
9949500;60,29;56,34248922;43,87483452
8836872;48,4;56,213576;44,024286
8900000;40,5;56,33086108;43,88152355
17850600;84,59;56,259928;43,978821
7690000;47,29;56,219673;43,817821
9460746;54;56,27275;44,052807
9597010;56,29;56,27275;44,052807
7115500;42,79;56,26131336;43,93982472
11335371;56,2;56,30512043;43,93979741
6081600;36,2;56,29202546;43,85822885
12839238;54,13;56,303911;44,000426
6220000;25,6;56,33086108;43,88152355
13218205;48,65;56,28447;44,0845
15288000;91;56,34249;43,8757
9004819;42,33;56,285791;43,92192
11796200;71,19;56,248613;44,048243
7576667;30,7;56,26862407;44,03502438
9612140;57,79;56,206879;43,878404
15039999;62,22;56,30243714;44,10379162
14810000;81,09;56,34688242;43,92365884
10836020;58,7;56,206879;43,878404
9722600;57,29;56,248613;44,048243
9181600;49,9;56,2414005;44,08051777
15290000;90,8;56,26185201;44,01021655
16124559;66,55;56,30422;44,00771
15047500;64,59;56,2597542;43,97880318
13765500;51,81;56,284208;44,083939
7007000;38,5;56,34288029;43,84374421
11286000;69,8;56,248613;44,048243
5811763;23,59;56,206619;43,899036
10717645;44,63;56,20553;43,89783
6450000;25,1;56,301947;43,93416
7729819;31;56,27275;44,052807
10029999;41,77;56,29786;43,953771
12044147;66,09;56,26859879;44,02192617
5659500;33;56,29202546;43,85822885
8204428;31,15;56,264368;43,865569
12659337;72,8;56,2689;44,03516
15690000;56,2;56,33161;43,94897
9755900;55;56,28021069;44,0435779
6868800;33,7;56,248613;44,048243
17420000;88,19;56,33084;43,88186
19973684;81,69;56,31657;44,03943
14990000;84,9;56,26183;44,010568
7801600;38;56,248613;44,048243
12275972;72,8;56,26848;44,03505
7875000;38,79;56,248613;44,048243
10009800;60,29;56,34249;43,8757
12889999;60,97;56,29714;43,95264
11588505;67,09;56,2689;44,03516
18258500;68,9;56,3044;43,99143
35420000;101,19;56,31182985;43,9804979
12579999;60,58;56,297006;43,953365
7690000;40,2;56,21925;43,8199
15759999;57,34;56,31772789;43,9715093
6330746;26,39;56,26862407;44,03502438
17919999;60,66;56,317538;43,972031
6304800;29,6;56,2455639;44,04924046
8069586;34,4;56,27948;44,04396
7115500;42,79;56,26131336;43,93982472
24670000;46,43;56,321079;44,002594
5806720;34,4;56,29202546;43,85822885
26500000;99;56,31270023;43,98472395
8341532;31,15;56,26393551;43,86626459
9878400;58,79;56,2455639;44,04924046
11874600;66,09;56,267757;44,020746
8059093;34,2;56,28021069;44,0435779
11190000;73,69;56,219673;43,817821
8256600;41,7;56,34248922;43,87483452
10899701;60,06;56,28473917;44,08328368
6070053;23,39;56,26862407;44,03502438
8030000;37,5;56,301983;43,933465
8635360;49,59;56,31279053;43,88630085
9515020;61,79;56,26131336;43,93982472
9095000;53,5;56,24606868;44,04796909
16399485;70,43;56,30422;44,00771
10490000;54,7;56,36230958;43,85553498
14272500;82,5;56,2460166;44,05111255
23490000;91,5;56,33161;43,94897
7393200;37,9;56,248613;44,048243
6672271;49,63;56,218299;44,026776
9247402;29,5;56,310445;43,938326
9820954;54,5;56,26879511;44,03422363
11519999;60,97;56,29714;43,95264
16476548;86,4;56,25397;43,84863
10161394;60,29;56,26862407;44,03502438
13417126;62;56,31076451;43,93833547
13634020;55,93;56,31575;44,07297
9090000;61,79;56,21896442;43,8191828
8115654;39,2;56,27275;44,052807
8590000;35,4;56,28337137;44,03038537
27160000;67,9;56,323563;44,01929
12263383;72,9;56,26862407;44,03502438
6489558;29,15;56,30925114;43,8959115
25872000;67,19;56,31182985;43,9804979
12090000;69,8;56,36230958;43,85553498
15689999;69,73;56,30243714;44,10379162
7461809,08;30,21;56,30947;43,89597
7840000;31;56,34688242;43,92365884
8400000;50;56,24606868;44,04796909
25261600;123,55;56,323163;44,035586
12686390;50,86;56,30433573;44,0063724
7933500;38,29;56,35168;43,87031
9109999;33,38;56,297006;43,953365
7728500;39;56,248613;44,048243
8115651;39,4;56,27841;44,04228
8810000;35,2;56,34738;43,923997
13630000;75,55;56,30135631;44,08432405
11686400;66,23;56,353144;43,825892
9508200;61,2;56,248613;44,048243
5835314,1;28,21;56,30947;43,89597
6629040;37,2;56,288639;43,813403
11175042;55,79;56,25423;43,848433
15197000;91;56,34249;43,8757
14904000;55,13;56,284208;44,083939
20127000;68,4;56,346691;43,929648
8115668;38,9;56,27841;44,04228
12550000;77,22;56,302004;43,925036
8897130;36,29;56,26386;43,86687
9438000;57,2;56,24606868;44,04796909
14509830;50,7;56,3132544;43,96930895
8221195;42,79;56,34263292;43,82861794
17572560;80,23;56,31535466;44,07307159
22790000;80,19;56,28337137;44,03038537
8466608;41,18;56,305213;43,936778
6473574;25,6;56,26879511;44,03422363
14802128;83,5;56,26859879;44,02192617
12538100;64,72;56,30531709;43,93552226
12730000;69,69;56,34634;43,92332
4329540;20,1;56,24104802;44,08181596
12190000;71;56,21925;43,8199
8891290;36,65;56,26393551;43,86626459
12610000;69,69;56,34634;43,92332
16359167;76,5;56,31076451;43,93833547
14820000;45,59;56,320253;43,977752
19835895;81,4;56,31643526;44,04015241
10739250;67,5;56,3655588;43,81770045
100561219;312,5;56,3132544;43,96930895
6322770;32,59;56,213576;44,024286
32463264;98,09;56,31122697;44,00286966
15170000;90,8;56,26167;44,01066
8637530;52,7;56,24178286;44,08224511
9170000;52,4;56,21162;43,83161
7263000;34,65;56,302004;43,925036
9651448;46,5;56,25403985;43,84835189
10535000;60,2;56,2460166;44,05111255
11840000;59,9;56,34688242;43,92365884
7800000;38,79;56,248613;44,048243
10660000;60,79;56,301983;43,933465
8239999;33,38;56,29791554;43,95222999
8115668;38,9;56,27275;44,052807
16399485;70,43;56,30422;44,00771
8241600;40,79;56,34249;43,8757
10682351;44,63;56,20553;43,89783
10755004;52;56,343269;43,829027
9177591;38,5;56,26859879;44,02192617
7215250;43,4;56,326729;44,00697
5588000;22,19;56,30292088;43,92679077
24125800;74,9;56,313696;43,986405
26429999;68,51;56,31772789;43,9715093
7190000;32;56,326305;43,910941
17790000;71,4;56,331721;43,947855
7811985;30,2;56,26879511;44,03422363
16983430;80,5;56,31052757;43,93759561
11253000;60,5;56,34249;43,8757
6343339;26,39;56,27275;44,052807
10290000;46,79;56,28337137;44,03038537
10697874;53,88;56,28461;44,08362
10151600;61,9;56,34248922;43,87483452
11740000;64,37;56,30135631;44,08432405
9425613;46,09;56,25397;43,84863
7390000;32;56,326305;43,910941
8086800;37,7;56,34263292;43,82861794
8910000;35,2;56,34688242;43,92365884
7589254;30,7;56,26848;44,03505
20715000;55,24;56,312315;43,975068
16326100;70,25;56,30433573;44,0063724
6859999;25,36;56,29791554;43,95222999
8028000;40,79;56,30292088;43,92679077
18039999;71,47;56,303802;44,100032
5890000;35,09;56,21925;43,8199
21719000;58,7;56,31182985;43,9804979
7102057;52,81;56,30701898;43,84878948
12212600;53,79;56,2597542;43,97880318
11641655;65,19;56,27948;44,04396
10388932;58,2;56,26848;44,03505
12613220;54,65;56,26393551;43,86626459
6246442;23,39;56,27275;44,052807
17640000;83,98;56,284208;44,083939
6190000;23,6;56,36230958;43,85553498
12230000;65,19;56,34738;43,923997
15106000;91;56,34248922;43,87483452
37056600;107,09;56,31182985;43,9804979
8112148;39,29;56,27839032;44,04282151
12630000;73,9;56,26183;44,010568
7115500;42,79;56,326729;44,00697
8800000;44,09;56,34634;43,92332
8860000;43,29;56,34688242;43,92365884
17498000;64;56,346691;43,929648
11425700;61,09;56,34248922;43,87483452
23322000;84,5;56,26581118;43,97614632
7719999;34,45;56,29714;43,95264
5449300;38,2;56,30701898;43,84878948
7044100;34,7;56,24606868;44,04796909
12444000;68;56,34248922;43,87483452
8209999;41,65;56,29714;43,95264
14053920;77,05;56,28388;44,08354
10082351;46,5;56,206619;43,899036
13880925;76,5;56,28461981;44,08324076
11190000;65,09;56,36230958;43,85553498
23587500;62,9;56,31182985;43,9804979
17770000;72,8;56,346553;43,929761
7518000;35,79;56,2455639;44,04924046
7247000;36,11;56,302004;43,925036
9585713;59,9;56,309039;43,895814
16658440;71,22;56,303911;44,000426
11192500;60,5;56,34248922;43,87483452
10087493,28;52,56;56,30947;43,89597
17801812;71,25;56,2847511;44,08343388
7900000;37,2;56,26183;44,010568
6308900;29,89;56,2455639;44,04924046
12151500;43,2;56,346691;43,929648
9990000;54,79;56,36230958;43,85553498
14999999;64,01;56,30243714;44,10379162
17109999;39,81;56,317662;43,971453
7589254;30,7;56,26848;44,03505
10606680;39,7;56,3102;44,09525
8784200;52,59;56,3655588;43,81770045
9128891;34,99;56,264368;43,865569
8990000;53,5;56,21925;43,8199
30168451;94,8;56,31071876;44,00346057
52360000;95,19;56,32358424;44,01900592
7350000;28,39;56,305213;43,936778
11600000;82,44;56,27825381;44,0972248
20078400;85,36;56,31535466;44,07307159
10360000;58,79;56,301983;43,933465
11687499;44,45;56,30219;44,10283
12040000;58,2;56,362352;43,855645
15288000;91;56,342399;43,874837
13684990;80,59;56,285791;43,92192
33000000;110,27;56,312251;43,982531
20889999;75,48;56,317538;43,972031
6629999;25,68;56,29714;43,95264
8736860;52,59;56,3655588;43,81770045
8080000;37,5;56,301983;43,933465
10339572;53,88;56,28473917;44,08328368
15590000;49,7;56,313696;43,986405
10244467;53,65;56,28461;44,08362
13620000;69,69;56,34634;43,92332
15250000;90,8;56,26167;44,01066
9297400;32,06;56,22432;43,940192
6216900;39,09;56,29172;43,85805
6970000;34,72;56,226179;43,852308
12276000;52,79;56,26393551;43,86626459
16385514;70,37;56,30422;44,00771
16219999;39,81;56,317662;43,971453
11287076;55,5;56,25403985;43,84835189
10598000;37,84;56,26581118;43,97614632
19805900;127,77;56,31397;43,87803
10690281;38,81;56,303911;44,000426
6590000;35,7;56,21925;43,8199
7360732;27,5;56,267757;44,020746
20169999;75,48;56,317538;43,972031
8891290;36,65;56,264368;43,865569
8755494;34,97;56,26432959;43,86548138
10150000;56,79;56,301983;43,933465
7591039;30,1;56,26848;44,03505
20342960;85,44;56,31575;44,07297
9326008;45,9;56,30512043;43,93979741
6340000;23,6;56,36230958;43,85553498
7373000;37,79;56,248613;44,048243
19977066;70,69;56,316144;44,04004
16494720;77,44;56,2847511;44,08343388
13817250;51,81;56,284208;44,083939
10250000;62,5;56,34248922;43,87483452
11869680;65,76;56,28473917;44,08328368
8584964;47,09;56,34263292;43,82861794
9460772;54,2;56,27857;44,04323
8232990;38,9;56,27857;44,04323
16165110;70,58;56,31535466;44,07307159
34752000;108,59;56,31067;43,98946
8938500;35,4;56,28376;43,93786
5965000;25,77;56,302004;43,925036
6882750;41,4;56,26131336;43,93982472
9380800;58,5;56,248613;44,048243
7215250;43,4;56,326729;44,00697
7151000;36,11;56,30292088;43,92679077
11465350;56,9;56,29794576;43,99971638
6904600;39,5;56,288639;43,813403
20051487;70,69;56,316144;44,04004
10096400;58,7;56,24626431;44,04936652
5951880;19,79;56,26386;43,86687
8200450;40,9;56,2414005;44,08051777
18703917;122,8;56,31076451;43,93833547
12160366;72,8;56,26848;44,03505
16256380;69,94;56,30433573;44,0063724
9329789;38,4;56,26386;43,86687
7946225;28,39;56,3102;44,09525
10973256;65,09;56,27856341;44,04353498
8139921;35,7;56,27841;44,04228
14338310;74,19;56,25423;43,848433
13395000;47;56,346691;43,929648
10033068;54,5;56,26848;44,03505
11195098;67,09;56,27275;44,052807
16080744;68,84;56,30433573;44,0063724
8974935;34,99;56,26386;43,86687
9513000;45,29;56,2460166;44,05111255
8112167;38,9;56,27839032;44,04282151
14009999;62,22;56,303802;44,100032
16330527;80,59;56,28585154;43,92193684
10892800;59,2;56,34248922;43,87483452
12339360;36,95;56,284208;44,083939
12507000;77,22;56,30322;43,92668
8051000;41,5;56,342399;43,874837
5896160;34,4;56,24104802;44,08181596
6952860;42,79;56,26131336;43,93982472
28628496;79;56,3130104;43,97606829
10990000;69,9;56,21896442;43,8191828
13290334;85,8;56,27275;44,052807
16522800;71,61;56,303911;44,000426
11011200;59,2;56,34248922;43,87483452
16904700;49,2;56,31445394;43,98671873
9610756;54,09;56,27839032;44,04282151
44333000;128,96;56,313696;43,986405
12128160;52,79;56,26386;43,86687
5990000;25;56,362352;43,855645
15369999;39,11;56,317538;43,972031
9060000;37,75;56,26386;43,86687
11105550;53,65;56,28461981;44,08324076
14741777;80,59;56,285791;43,92192
7125300;35,09;56,24606868;44,04796909
25266177;95;56,3132544;43,96930895
11808500;56,5;56,29794576;43,99971638
4814928;34,84;56,218299;44,026776
16230000;93,15;56,30117;44,08461
12048920;75,4;56,34288029;43,84374421
12190000;64;56,36230958;43,85553498
10213027;54,5;56,27275;44,052807
9090000;51,9;56,21896442;43,8191828
14729999;64,01;56,30219;44,10283
8381730;50,09;56,24178286;44,08224511
20596000;54,2;56,31182985;43,9804979
9864000;54,79;56,2460166;44,05111255
12190000;69,8;56,219673;43,817821
8100000;38,75;56,33208495;43,86430596
5968404;23,39;56,27275;44,052807
9349200;47,7;56,2460166;44,05111255
9626440;40,79;56,284208;44,083939
9282800;46,09;56,25403985;43,84835189
12890000;67,69;56,36230958;43,85553498
6090000;23,6;56,36230958;43,85553498
15837843;76,5;56,31076451;43,93833547
8844000;53,59;56,20586328;43,81749283
12816100;67,09;56,34249;43,8757
11303500;61,09;56,34248922;43,87483452
7289167;54,2;56,30701898;43,84878948
8090000;53,29;56,21925;43,8199
20051487;70,69;56,31643526;44,04015241
6810297;34,06;56,30973766;43,89619555
9500000;38,75;56,33208495;43,86430596
24978000;72,4;56,31055055;43,98939101
14328916;51,59;56,314057;43,969599
13268480;73;56,267757;44,020746
7838400;38;56,248613;44,048243
10549000;38,36;56,26581118;43,97614632
5590000;25;56,36230958;43,85553498
26300000;99,69;56,31270023;43,98472395
20789999;75,48;56,317662;43,971453
13620000;69,69;56,34738;43,923997
7215250;43,4;56,26131336;43,93982472
11519820;49,22;56,31535466;44,07307159
9678600;57,7;56,248613;44,048243
8034525;31,89;56,2689;44,03516
12267078;65,4;56,267757;44,020746
18096523;75,3;56,3155383;43,97024169
7090000;36,2;56,21925;43,8199
11670343;68,69;56,27841;44,04228
20028123;59,33;56,31772789;43,9715093
11658822;49,56;56,20553;43,89783
8494200;42,9;56,342399;43,874837
13856700;55,25;56,2847511;44,08343388
10993840;68,19;56,206879;43,878404
11572800;69,37;56,30531709;43,93552226
6090000;23,6;56,362352;43,855645
37430800;103,4;56,31182985;43,9804979
16637880;69,81;56,31575;44,07297
10142289;39,29;56,3102;44,09525
7890296;36,2;56,34263292;43,82861794
7171000;35,5;56,24606868;44,04796909
9344734;50,29;56,213576;44,024286
17016560;69,73;56,31535466;44,07307159
5200000;29,07;56,27825381;44,0972248
13851000;72,9;56,338475;43,866509
7028140;28;56,27839032;44,04282151
6804090;41,4;56,26131336;43,93982472
8039600;40,4;56,24626431;44,04936652
7392000;38,5;56,24606868;44,04796909
11990000;65,19;56,34738;43,923997
8444800;40,59;56,342399;43,874837
12141175;56,86;56,206619;43,899036
12297715;69;56,310445;43,938326
12990000;62;56,28337137;44,03038537
6103730;34,7;56,3655588;43,81770045
25999999;75,48;56,31772789;43,9715093
10577580;57,29;56,206879;43,878404
6857200;39,5;56,288639;43,813403
9531200;59,2;56,248613;44,048243
5990000;22,29;56,326305;43,910941
10700011;53;56,343269;43,829027
10252320;68,9;56,24104802;44,08181596
18519000;72,4;56,346631;43,929751
11129600;59,2;56,34249;43,8757
16274488;68,84;56,30422;44,00771
9159800;55,5;56,248613;44,048243
26550000;70,8;56,31182985;43,9804979
7180170;41,09;56,31279053;43,88630085
13376000;35,2;56,30443425;43,99120957
26789999;75,48;56,317662;43,971453
11222520;45,66;56,284208;44,083939
11323110;44,02;56,303911;44,000426
15868984;43,4;56,314057;43,969599
11883000;71,4;56,248613;44,048243
7199000;31,29;56,2455639;44,04924046
8806380;36,29;56,26386;43,86687
8190000;38,4;56,326305;43,910941
17122410;80,48;56,31575;44,07297
7391862;27,5;56,267757;44,020746
25240500;63,9;56,31182985;43,9804979
10238400;64,8;56,20607;43,81747
14390000;86,8;56,26167;44,01066
31449999;122,62;56,31772789;43,9715093
22741560;70,19;56,31535466;44,07307159
5679300;33;56,29202546;43,85822885
11466976;68;56,27857;44,04323
8236800;42,9;56,342399;43,874837
21186248;71,3;56,31772789;43,9715093
25920000;57,59;56,32358424;44,01900592
10090000;62,4;56,219673;43,817821
12600000;37,91;56,346691;43,929648
10776919;38,59;56,31052757;43,93759561
10718645;54,59;56,285791;43,92192
17640000;84,04;56,284208;44,083939
6016103;45,5;56,218299;44,026776
5750000;28,62;56,27825381;44,0972248
15948830;72,19;56,31052757;43,93759561
14865072;67;56,31076451;43,93833547
11005800;52,5;56,310445;43,938326
9844001;47,97;56,34267441;43,83190266
25842000;70,8;56,31182985;43,9804979
10288386;53,88;56,28461981;44,08324076
8545438;40,79;56,30546;43,94094
19973684;81,69;56,316144;44,04004
11091289;69,8;56,27275;44,052807
12999042;70;56,25403985;43,84835189
6487200;36;56,288639;43,813403
7553800;35,79;56,2455639;44,04924046
9443591;54,2;56,27856341;44,04353498
8234500;38,29;56,35170283;43,86971319
30780623;95,95;56,303802;44,100032
32271000;104,09;56,31055055;43,98939101
11800000;64,09;56,34738;43,923997
13120000;75,3;56,30117;44,08461
12190000;63,7;56,362352;43,855645
22356000;87,4;56,316144;44,04004
21316450;88,44;56,26581118;43,97614632
11393200;62,59;56,342399;43,874837
5863620;32,2;56,3655588;43,81770045
11121726;59,72;56,28473917;44,08328368
7758800;47,59;56,3655588;43,81770045
8736000;42;56,34249;43,8757
21655500;81,12;56,346691;43,929648
9060000;37,75;56,26386;43,86687
14049999;44,41;56,317538;43,972031
10671660;60,59;56,34288029;43,84374421
8230444;34,09;56,2689;44,03516
14119137;55,25;56,28447;44,0845
6929335;53,2;56,30701898;43,84878948
7605500;37,09;56,2455639;44,04924046
5550000;28,53;56,27825381;44,0972248
6452800;29,6;56,248613;44,048243
10949998;49,56;56,20553;43,89783
14412080;76,66;56,284208;44,083939
12579999;60,58;56,29786;43,953771
5506000;22,19;56,30322;43,92668
7602543;30,89;56,30512043;43,93979741
27900000;99;56,31270023;43,98472395
10574967;54,59;56,285791;43,92192
14496661;54,2;56,3155383;43,97024169
21016000;59,2;56,31182985;43,9804979
12614800;67,09;56,34248922;43,87483452
18379999;60,66;56,317662;43,971453
7874400;40,79;56,34249;43,8757
15948830;72,19;56,310445;43,938326
8282400;40,79;56,34248922;43,87483452
36949999;104,88;56,317538;43,972031
8593561;40,25;56,33208495;43,86430596
13866698;52,97;56,30422;44,00771
7389000;36,84;56,30322;43,92668
7573300;36,2;56,248613;44,048243
23286250;71,26;56,314297;43,976513
6264000;29;56,2455639;44,04924046
11867156;65,23;56,30925114;43,8959115
9579880;55,59;56,27856341;44,04353498
6924150;41,4;56,326729;44,00697
16267683;76,5;56,310445;43,938326
36886800;104,19;56,31182985;43,9804979
8960000;43,29;56,34634;43,92332
5449300;38,2;56,30701898;43,84878948
6590000;35,7;56,21896442;43,8191828
7102057;52,81;56,30701898;43,84878948
8221500;40,5;56,34249;43,8757
11390000;73,9;56,21925;43,8199
11177700;57;56,29766;43,99764
10400000;72,09;56,282062;44,083669
11105500;64,76;56,305213;43,936778
6690000;34,29;56,21925;43,8199
16252500;58,9;56,346691;43,929648
16007100;69,9;56,31535466;44,07307159
7589254;30,7;56,26848;44,03505
8390134;40,45;56,33208495;43,86430596
10009800;60,29;56,342399;43,874837
8806000;47,59;56,210993;43,830581
8300000;35,2;56,26167;44,01066
6009200;33,2;56,23986577;43,83607559
10365570;57,29;56,24189638;44,0811615
12160376;72,9;56,26848;44,03505
10755791;37,29;56,30422;44,00771
9380010;57,29;56,24104802;44,08181596
16198292;68,66;56,30433573;44,0063724
6880072;53,34;56,30701898;43,84878948
9968400;63,9;56,24606868;44,04796909
9209999;44,63;56,203071;43,896904
7277956;49,63;56,218299;44,026776
31835100;87,69;56,31182985;43,9804979
20149120;66,27;56,31535466;44,07307159
6482400;29,6;56,248613;44,048243
8480006;42,79;56,343269;43,829027
9651448;46,5;56,25423;43,848433
6527519;28,28;56,309039;43,895814
17929999;70,41;56,30243714;44,10379162
8136447;35,9;56,27839032;44,04282151
5499180;20,06;56,264368;43,865569
7044344,81;51,4;56,192049;43,891147
19885000;46,7;56,31445394;43,98671873
5954900;32,9;56,23986577;43,83607559
9168467;38,4;56,26393551;43,86626459
11041580;68,19;56,2414005;44,08051777
6199650;34,5;56,3655588;43,81770045
6695520;37,7;56,23986577;43,83607559
13690000;60,4;56,28337137;44,03038537
12205500;43,9;56,346691;43,929648
9418695;46,29;56,25423;43,848433
10836000;60,2;56,248613;44,048243
7877500;29,92;56,284208;44,083939
14690000;59,9;56,33165908;43,94786475
5629000;22,1;56,30322;43,92668
8291676;31,15;56,264368;43,865569
9060000;37,75;56,26386;43,86687
12215197;46,2;56,310445;43,938326
9235197;46,09;56,25397;43,84863
11470000;62;56,34249;43,8757
10459918;40,2;56,31052757;43,93759561
7215250;43,4;56,326729;44,00697
6544720;36,4;56,31279053;43,88630085
12044829;72,9;56,26848;44,03505
8749466,69;53,34;56,30947;43,89597
12185700;53,79;56,2597542;43,97880318
16641600;52,29;56,313696;43,986405
11182550;67,09;56,26862407;44,03502438
6235000;29;56,2455639;44,04924046
17664960;84,59;56,31076451;43,93833547
15512008;61,22;56,30422;44,00771
11696923;66,09;56,267757;44,020746
6845300;38,5;56,34288029;43,84374421
8232978;39;56,27857;44,04323
10621929;50,95;56,338475;43,866509
8897130;36,29;56,26386;43,86687
12255684;65,81;56,28461;44,08362
5247057;20,9;56,206619;43,899036
15051800;64,59;56,259928;43,978821
33871500;96,5;56,31182985;43,9804979
9150000;42;56,33086108;43,88152355
13312500;47,5;56,346553;43,929761
8477240,66;40,22;56,30947;43,89597
7784269;31,89;56,27948;44,04396
17990000;71,4;56,331721;43,947855
25702000;72,4;56,31067;43,98946
9651200;58;56,34288029;43,84374421
12324000;77,38;56,30322;43,92668
7600571;56,54;56,30701898;43,84878948
7779400;40,09;56,34287;43,84371
14790000;62;56,28337137;44,03038537
15290000;62;56,28337137;44,03038537
14399000;60,5;56,26581118;43,97614632
8232978;39;56,27275;44,052807
47430000;105,4;56,32122862;44,00254607
8204428;31,15;56,26386;43,86687
37359999;121,37;56,317538;43,972031
13389999;50,36;56,303802;44,100032
12568568;55,9;56,264368;43,865569
8690000;35,4;56,28337137;44,03038537
9517800;56;56,248613;44,048243
5610000;22,2;56,301983;43,933465
30707000;172,19;56,34738;43,923997
34588320;96,4;56,31203;43,98025
9996000;58,79;56,24626431;44,04936652
11147440;49,75;56,31575;44,07297
32756800;94,4;56,31182985;43,9804979
7636782;36,4;56,34293;43,832222
16660000;91,3;56,295959;43,986737
7110000;35,34;56,226179;43,852308
18306000;61,79;56,346631;43,929751
8289147;38,54;56,34267441;43,83190266
9597004;55,59;56,27275;44,052807
10261634;54,27;56,28461;44,08362
15027100;71,9;56,31535466;44,07307159
8069586;34,4;56,27948;44,04396
11482723;60,79;56,25423;43,848433
9129519;36,54;56,28388;44,08354
43440000;145,69;56,323163;44,035586
10890000;59,79;56,326305;43,910941
7029600;34,79;56,24606868;44,04796909
38969500;132,1;56,31067;43,98946
10206340;52,61;56,32789;43,95142
11192500;60,5;56,34249;43,8757
11250067;68,19;56,27841;44,04228
11520760;58,59;56,29794576;43,99971638
11125000;62,5;56,34249;43,8757
9819600;60;56,248613;44,048243
12503400;59,54;56,32791928;43,9515188
7800000;38,79;56,248613;44,048243
10254821;40,2;56,31076451;43,93833547
16519999;39,11;56,317538;43,972031
14694116;70,58;56,206619;43,899036
10564290;41,36;56,30433573;44,0063724
10896200;60,2;56,248613;44,048243
20618000;84,5;56,26581118;43,97614632
7385400;37,29;56,24606868;44,04796909
10726538;58,09;56,27275;44,052807
17002002;100,9;56,31052757;43,93759561
7600571;56,54;56,30701898;43,84878948
7990000;37,09;56,36230958;43,85553498
9068100;54,29;56,24606868;44,04796909
11990000;37,2;56,331721;43,947855
5486000;21,1;56,24606868;44,04796909
11290000;41,4;56,331721;43,947855
8309999;33,68;56,29791554;43,95222999
12190000;69,8;56,326305;43,910941
9122375;38,4;56,264368;43,865569
7990000;53,09;56,21896442;43,8191828
8647260;50,09;56,206879;43,878404
9169999;41,77;56,29791554;43,95222999
10493130;53,88;56,28473917;44,08328368
10956300;61,9;56,34248922;43,87483452
12928740;71,59;56,267757;44,020746
8779600;46,7;56,24626431;44,04936652
11744663;57,5;56,30546;43,94094
15890000;65,59;56,33161;43,94897
9610756;54,09;56,27839032;44,04282151
12539999;39,7;56,317662;43,971453
12190000;69,8;56,362352;43,855645
7553800;35,79;56,2455639;44,04924046
9190000;53,4;56,21896442;43,8191828
10990000;59,79;56,36230958;43,85553498
11195098;67,09;56,27275;44,052807
9761700;75,08;56,30639313;43,84588019
14970000;81,09;56,34738;43,923997
6294459;23,39;56,26879511;44,03422363
8962740;52,2;56,23986577;43,83607559
9827000;57,15;56,302004;43,925036
24139999;73,76;56,30219;44,10283
10247057;46,5;56,206619;43,899036
7102057;52,81;56,30701898;43,84878948
6690380;39,79;56,24104802;44,08181596
9619720;55;56,27948;44,04396
8232978;39;56,27857;44,04323
8260028;36,29;56,34341392;43,82983371
13279999;62,83;56,29786;43,953771
15769999;57,34;56,317538;43,972031
20159999;67,29;56,317662;43,971453
9603000;58,2;56,23986577;43,83607559
10786135;36,22;56,30422;44,00771
32958900;93,9;56,31182985;43,9804979
24520000;61,29;56,323563;44,01929
16228729;67,98;56,30422;44,00771
12131900;53,79;56,2597542;43,97880318
8033843;36,29;56,34263292;43,82861794
11990000;69,8;56,362352;43,855645
39026700;124,8;56,31445394;43,98671873
14968800;64,8;56,2597542;43,97880318
11082500;68,19;56,2414005;44,08051777
14206050;55,7;56,26581118;43,97614632
6124550;34,7;56,3655588;43,81770045
11375000;62,5;56,34249;43,8757
11831353;68,09;56,27275;44,052807
10170144;42,65;56,264368;43,865569
9184800;53,4;56,24606868;44,04796909
6549204;24,2;56,27275;44,052807
10754142;53,65;56,28388;44,08354
7375000;36,97;56,30292088;43,92679077
8040280;59,83;56,30701898;43,84878948
6810433;52,81;56,30701898;43,84878948
28930000;72,3;56,32122862;44,00254607
8260032;37,7;56,34272274;43,82913634
28966800;64,3;56,32212221;44,00585602
15868587;97,8;56,310445;43,938326
17022500;62,2;56,346631;43,929751
9088220;52,9;56,31279053;43,88630085
7455058;57,13;56,30701898;43,84878948
14162797;54,5;56,3132544;43,96930895
13590225;76,5;56,28473917;44,08328368
9273311;46,66;56,34267441;43,83190266
7373000;36,5;56,24606868;44,04796909
11822900;61,9;56,34249;43,8757
7759999;34,45;56,29714;43,95264
10900489;58,09;56,213576;44,024286
11739000;60,2;56,35170283;43,86971319
5392000;38,2;56,30701898;43,84878948
11486849;67,09;56,2689;44,03516
11427450;53,65;56,284208;44,083939
11831371;67,9;56,27275;44,052807
35012900;110,9;56,313696;43,986405
12011760;59,75;56,284208;44,083939
11860000;64,09;56,34738;43,923997
12008600;61,9;56,34248922;43,87483452
6082642;23,39;56,26848;44,03505
15009154;68,41;56,26386;43,86687
8100000;40,91;56,31397;43,87803
12317645;56,86;56,206619;43,899036
7292931;56,54;56,30701898;43,84878948
6230250;32,5;56,241339;44,079145
13860000;76,04;56,301196;44,084741
17572891;71,41;56,28447;44,0845
12659337;72,8;56,2689;44,03516
6972350;38,5;56,34287;43,84371
13137312;53,33;56,30433573;44,0063724
15786795;55,9;56,314057;43,969599
11760000;66;56,332396;43,881965
7355500;31,29;56,24626431;44,04936652
9614275;54,4;56,27275;44,052807
7874400;40,79;56,342399;43,874837
16274488;70,25;56,303911;44,000426
9597004;55,59;56,27857;44,04323
16393452;70,06;56,303911;44,000426
6264000;29;56,2455639;44,04924046
6392750;32,5;56,206879;43,878404
7058400;35,9;56,248613;44,048243
8040280;59,83;56,30701898;43,84878948
11833790;60,06;56,284208;44,083939
19000000;62,5;56,31535466;44,07307159
21789999;79,3;56,317538;43,972031
8688531;39,47;56,30531709;43,93552226
5432428;33,34;56,218299;44,026776
32344719;50,18;56,312315;43,975068
7620000;32,4;56,34688242;43,92365884
8611200;41,4;56,24189638;44,0811615
18688460;71,25;56,284208;44,083939
12449999;59,79;56,297006;43,953365
6024480;32,59;56,23986577;43,83607559
24741137;66,5;56,31122697;44,00286966
6299092;23,39;56,2689;44,03516
15870000;95,19;56,26167;44,01066
11878200;66,06;56,305213;43,936778
16469845;68,98;56,30422;44,00771
7890000;42,09;56,219673;43,817821
8011863;34,09;56,26862407;44,03502438
8230000;38,79;56,301947;43,93416
25234373;77,44;56,303802;44,100032
9080000;40,79;56,33084;43,88186
17168908;64,5;56,3132544;43,96930895
11465350;56,9;56,29766;43,99764
6549999;29,8;56,203071;43,896904
10598000;37,84;56,22432;43,940192
14992000;95;56,248613;44,048243
21469471;79,69;56,314057;43,969599
21413700;103,94;56,28461981;44,08324076
6942030;36,09;56,213576;44,024286
13190000;64;56,326305;43,910941
16958000;69,5;56,31535466;44,07307159
9908427;54,5;56,26879511;44,03422363
17440000;91,3;56,34738;43,923997
9054000;46,25;56,34267441;43,83190266
14473620;76,58;56,28461981;44,08324076
27364799;64,4;56,32262756;43,98838833
9886400;59,2;56,34288029;43,84374421
14663203;57,2;56,31646209;44,03935848
9597023;55,9;56,27857;44,04323
9597004;55,59;56,27857;44,04323
9748600;61,7;56,248613;44,048243
7880400;39,59;56,34249;43,8757
17970000;55,24;56,312848;43,97616
10250000;62,5;56,34248922;43,87483452
7598000;39,36;56,302004;43,925036
11455800;62,59;56,34249;43,8757
7902090;30;56,2689;44,03516
17649519;59,7;56,31657;44,03943
11859940;73,3;56,23986577;43,83607559
11376600;42,45;56,22432;43,940192
5958783;20,06;56,26393551;43,86626459
8140500;40,5;56,342399;43,874837
10254821;40,2;56,31076451;43,93833547
8360015;41,2;56,34272274;43,82913634
10829000;59,5;56,342399;43,874837
9572000;48,75;56,24655326;43,82747589
6946224;28,2;56,27856341;44,04353498
7697340;44,7;56,3655588;43,81770045
15549674;80,59;56,28585154;43,92193684
24100749;79;56,3130104;43,97606829
28464743;98,19;56,3155383;43,97024169
25410400;55,24;56,312848;43,97616
12039999;59,79;56,29791554;43,95222999
9425613;46,09;56,25403985;43,84835189
7870201;31,6;56,26862407;44,03502438
20362349;62;56,311111;44,002892
17647760;73,83;56,26581118;43,97614632
12190000;64;56,326305;43,910941
10535000;60,2;56,2460166;44,05111255
11004800;60,79;56,342399;43,874837
8232990;38,9;56,27275;44,052807
6390000;30,39;56,219673;43,817821
9425613;46,09;56,25403985;43,84835189
30408500;99,69;56,31067;43,98946
9140950;37,38;56,284208;44,083939
33305300;97,09;56,31182985;43,9804979
9390000;43,5;56,28337137;44,03038537
8990000;51,09;56,21896442;43,8191828
7390000;35,7;56,22052462;43,82012158
8139921;35,7;56,27275;44,052807
11354400;68,4;56,24606868;44,04796909
22362105;94;56,31668;44,04003
14356150;61,09;56,26581118;43,97614632
7495000;29,97;56,284208;44,083939
8386414;36,59;56,28021069;44,0435779
7140000;23,6;56,326305;43,910941
10016568;42,65;56,26386;43,86687
6539940;36,7;56,31279053;43,88630085
10142600;61,09;56,206879;43,878404
8225806;34,09;56,26879511;44,03422363
16620000;91,3;56,34688242;43,92365884
9340111;45;56,25397;43,84863
12007380;75,9;56,34288029;43,84374421
11391200;49,09;56,2597542;43,97880318
14955302;52,09;56,314057;43,969599
11076197;67,09;56,26862407;44,03502438
8364000;40,79;56,34248922;43,87483452
9010000;39;56,26185201;44,01021655
12330000;64,19;56,301196;44,084741
8190000;42,09;56,21925;43,8199
14180000;71,5;56,29863728;44,08843568
6012934;23,39;56,26862407;44,03502438
10032178;26,7;56,310445;43,938326
10490000;54,7;56,326305;43,910941
12150000;63,97;56,30135631;44,08432405
9520000;56;56,20607;43,81747
6082642;23,39;56,27275;44,052807
7665000;36,29;56,248613;44,048243
9632700;45,86;56,32791928;43,9515188
5334700;38,2;56,30701898;43,84878948
14190000;78,9;56,36230958;43,85553498
26939880;63,4;56,32262756;43,98838833
22390000;80,19;56,28337137;44,03038537
8660000;41,09;56,34688242;43,92365884
18096523;75,3;56,314057;43,969599
17190000;74,9;56,33161;43,94897
8610000;41,09;56,34688242;43,92365884
12490000;60,4;56,28337137;44,03038537
13284328;85,8;56,28021069;44,0435779
28020000;73,72;56,321007;44,002772
10726538;58,09;56,27275;44,052807
11327690;58,29;56,29766;43,99764
27697895;105,09;56,316144;44,04004
38843000;125,3;56,323163;44,035586
11999169;63,66;56,34267441;43,83190266
9422490;40,79;56,284208;44,083939
11351550;56,9;56,29794576;43,99971638
8779200;48,4;56,248613;44,048243
22617600;67,19;56,313696;43,986405
10568250;49,5;56,2597542;43,97880318
5587614,98;37,4;56,192049;43,891147
34945237;112,4;56,31071876;44,00346057
36620906;101,19;56,31203;43,98025
8704400;46,29;56,25403985;43,84835189
6880860;38,7;56,34288029;43,84374421
11883000;69,9;56,2455639;44,04924046
14622000;81,69;56,34688242;43,92365884
14270259;74,5;56,25403985;43,84835189
12507067;55,9;56,264368;43,865569
12389768;65,4;56,267757;44,020746
15327100;71,9;56,31575;44,07297
10034250;39,34;56,28461981;44,08324076
12235292;56,86;56,206619;43,899036
9828300;55,59;56,248613;44,048243
7673400;42,09;56,248613;44,048243
7484000;36,84;56,30292088;43,92679077
13551720;61,88;56,284208;44,083939
5650000;28,62;56,27825381;44,0972248
8053411;35,9;56,27857;44,04323
21099230;62,16;56,3130104;43,97606829
16163699;73,62;56,338475;43,866509
10123593;54,5;56,26848;44,03505
16969999;39,81;56,317538;43,972031
5616000;30;56,206879;43,878404
5158124;33,34;56,218299;44,026776
28021156;71,19;56,31203;43,98025
7672064;30,79;56,27275;44,052807
9622000;56,59;56,20607;43,81747
13745079;52,97;56,30422;44,00771
7246053;36,9;56,213576;44,024286
24989999;89,3;56,317538;43,972031
11241200;62,79;56,34248922;43,87483452
13353700;65,45;56,305213;43,936778
6882750;41,4;56,26131336;43,93982472
9151700;52,9;56,31279053;43,88630085
16615800;102,3;56,31052757;43,93759561
5354423;35,59;56,218299;44,026776
9197900;51,5;56,2414005;44,08051777
14270259;74,5;56,25397;43,84863
5709000;33;56,29172;43,85805
7600571;56,54;56,30701898;43,84878948
11088744;67,09;56,27275;44,052807
14063756;47,5;56,31643526;44,04015241
12207360;52,79;56,26393551;43,86626459
11233000;47,79;56,259928;43,978821
15349999;60,66;56,317662;43,971453
11455800;62,59;56,342399;43,874837
10546671;38,95;56,303911;44,000426
32958900;93,9;56,31182985;43,9804979
9885820;58,59;56,31279053;43,88630085
10973269;65,4;56,27856341;44,04353498
8069586;34,4;56,27948;44,04396
11590000;60,9;56,28337137;44,03038537
14241972;61,18;56,2847511;44,08343388
5844150;33,29;56,24178286;44,08224511
21101850;103,94;56,28461981;44,08324076
7593000;39,36;56,30292088;43,92679077
13621248;62,04;56,30243714;44,10379162
9632440;61,79;56,26131336;43,93982472
7220000;35,18;56,225364;43,853181
11695700;53,81;56,284208;44,083939
24305600;55,24;56,312315;43,975068
9127801;45,79;56,25403985;43,84835189
12884279;62,2;56,31076451;43,93833547
12051595;65,73;56,28473917;44,08328368
14973200;91,3;56,34248922;43,87483452
8092275;37,5;56,27839032;44,04282151
7291200;38,5;56,248613;44,048243
11150000;60,59;56,301947;43,93416
10033068;54,5;56,27275;44,052807
41007750;113,81;56,323163;44,035586
5742000;22,34;56,30292088;43,92679077
17180000;62,7;56,346631;43,929751
16252500;58,5;56,346631;43,929751
7668000;37,2;56,248613;44,048243
19204869;79,5;56,3132544;43,96930895
16489999;79,58;56,29714;43,95264
11880510;65,81;56,28473917;44,08328368
8260032;36,7;56,343269;43,829027
12414800;37,84;56,26581118;43,97614632
17844000;52,7;56,31445394;43,98671873
12232500;43,5;56,346631;43,929751
8176063;52,79;56,31076451;43,93833547
8874757;38,13;56,28461981;44,08324076
12207260;75,4;56,34287;43,84371
10281034;54,79;56,27275;44,052807
12190000;64;56,362352;43,855645
17772500;62,2;56,346691;43,929648
18289820;55,09;56,31071876;44,00346057
7972800;45,29;56,23986577;43,83607559
17754373;73,48;56,303802;44,100032
9811035;54,5;56,26862407;44,03502438
7920000;40;56,34249;43,8757
14958000;83,09;56,248613;44,048243
8115809;39,4;56,27856341;44,04353498
11179250;46,09;56,2597542;43,97880318
5562600;21,89;56,248613;44,048243
9590000;35,5;56,28337137;44,03038537
9299000;54,7;56,21162;43,83161
5284193;39,15;56,218299;44,026776
10072400;59,59;56,2460166;44,05111255
11135600;57,4;56,29766;43,99764
10023528;48,11;56,206619;43,899036
6845490;41,4;56,326729;44,00697
10946200;47,79;56,259928;43,978821
9190000;52,9;56,21925;43,8199
14987200;64,59;56,2597542;43,97880318
7806334;30,7;56,27275;44,052807
17180000;62;56,346691;43,929648
7547547,95;33,65;56,30902;43,89671
8600000;38,45;56,33208495;43,86430596
8701251;37,86;56,30531709;43,93552226
25914374;86,04;56,30219;44,10283
9790000;48,09;56,31076451;43,93833547
26959999;68,51;56,317538;43,972031
9010925;37,75;56,26386;43,86687
12674466;72,9;56,2689;44,03516
10769880;64,4;56,30531709;43,93552226
8993660;57,7;56,26131336;43,93982472
8260032;37,7;56,343269;43,829027
10213027;54,5;56,2689;44,03516
8891290;36,65;56,26386;43,86687
8173200;41,7;56,34249;43,8757
12352098;55,79;56,31052757;43,93759561
9608879;50,09;56,28021069;44,0435779
8241800;40,59;56,34249;43,8757
6946219;28,5;56,27856341;44,04353498
10120000;59,09;56,301947;43,93416
8677870;68,01;56,30701898;43,84878948
11624193;68,09;56,27856341;44,04353498
7044345,17;51,29;56,192049;43,891147
27645141;105,09;56,31646209;44,03935848
35012900;110,9;56,3138159;43,98840316
10395200;59,59;56,248613;44,048243
9986400;58,4;56,2455639;44,04924046
15775500;56,7;56,346691;43,929648
11366800;62,79;56,34248922;43,87483452
13699999;48,79;56,317662;43,971453
8406780;50,09;56,206879;43,878404
17515791;73,9;56,3132544;43,96930895
7982792;31,6;56,27275;44,052807
9159800;54,2;56,24606868;44,04796909
9090000;50,09;56,219673;43,817821
12580204;61,88;56,28388;44,08354
33333453;50,11;56,312848;43,97616
11930000;65,8;56,34634;43,92332
8778000;55;56,206879;43,878404
10491074;50,5;56,285791;43,92192
6201000;32,5;56,206879;43,878404
22265000;73;56,31067;43,98946
26040000;62;56,32358424;44,01900592
7900000;41,47;56,30531709;43,93552226
18921500;53,29;56,31055055;43,98939101
11978400;57,04;56,32791928;43,9515188
8500000;38,79;56,301947;43,93416
11080000;60,79;56,301947;43,93416
6246442;23,39;56,27275;44,052807
8720201;38,68;56,30531709;43,93552226
10778000;62,36;56,30322;43,92668
11594000;62;56,34249;43,8757
6599998;28,19;56,206619;43,899036
14990000;60,09;56,28337137;44,03038537
11572441;67;56,27275;44,052807
25805100;79,09;56,313696;43,986405
10497650;58,2;56,26879511;44,03422363
11460000;61,9;56,301947;43,93416
10170000;57,29;56,301983;43,933465
9156000;55,79;56,248613;44,048243
7303650;27,6;56,26859879;44,02192617
11190000;73,69;56,21896442;43,8191828
41948280;108,9;56,322604;43,98837
12668000;37,9;56,346553;43,929761
7420574,36;40,22;56,30947;43,89597
11471050;46,95;56,31575;44,07297
10661018;37,15;56,30433573;44,0063724
20069999;75,48;56,317662;43,971453
11092500;43,9;56,346631;43,929751
8152655;35;56,27275;44,052807
34920000;87,27;56,321007;44,002772
13777272;53,33;56,30422;44,00771
8806380;36,29;56,26393551;43,86626459
4554660;20,6;56,206879;43,878404
13440721;64,9;56,310445;43,938326
8065112;34,2;56,27275;44,052807
8918951;34,99;56,26386;43,86687
12263132;65,86;56,28388;44,08354
21291963;66;56,31071876;44,00346057
8404800;41,2;56,342399;43,874837
7790000;52;56,21896442;43,8191828
13339500;47,59;56,346553;43,929761
9330000;39,7;56,26167;44,01066
8993880;49,79;56,24104802;44,08181596
17258000;69,5;56,31575;44,07297
10170144;42,65;56,264368;43,865569
30857000;104,59;56,31067;43,98946
11543680;42,43;56,26581118;43,97614632
9122375;38,4;56,264368;43,865569
7480000;29,92;56,284208;44,083939
17498000;63,2;56,346691;43,929648
8290000;52,79;56,21896442;43,8191828
9437100;49,79;56,206879;43,878404
10594745;37,61;56,30422;44,00771
17489999;60,66;56,31772789;43,9715093
6627660;37,7;56,23986577;43,83607559
7455058;57,13;56,30701898;43,84878948
12540000;63,72;56,30135631;44,08432405
13992550;66,94;56,31535466;44,07307159
8918951;34,99;56,26393551;43,86626459
9480515;41,59;56,26899033;44,03733246
13556093;78,84;56,34293;43,832222
17190000;67,8;56,33161;43,94897
11827200;61,59;56,35170283;43,86971319
9060000;37,75;56,26393551;43,86626459
7031612;28;56,27841;44,04228
9550620;58,2;56,23986577;43,83607559
9632700;45,86;56,32791928;43,9515188
23490000;91,5;56,331721;43,947855
21825000;58,2;56,31182985;43,9804979
7837500;38,79;56,248613;44,048243
11147551;64,69;56,27275;44,052807
6158250;34,5;56,3655588;43,81770045
12225205;54,65;56,26393551;43,86626459
8360015;41,2;56,343269;43,829027
15609999;67,09;56,30243714;44,10379162
29990000;133,89;56,33165908;43,94786475
5419185;38,81;56,30701898;43,84878948
100561219;312,5;56,314057;43,969599
9562222;55,79;56,27839032;44,04282151
11752940;49,29;56,20553;43,89783
13241100;72,15;56,305213;43,936778
9593000;36,2;56,2597542;43,97880318
8100000;25,79;56,29608755;43,98672129
9051400;54,2;56,24606868;44,04796909
8322309;30,7;56,269185;44,03513
8000000;38,45;56,31397;43,87803
7753900;38,29;56,248613;44,048243
8779600;46,7;56,24626431;44,04936652
11482219;67,09;56,26879511;44,03422363
33134400;94,4;56,31182985;43,9804979
6478208;25,6;56,27275;44,052807
14681838;74;56,25397;43,84863
14690000;59,9;56,33161;43,94897
7130850;41,09;56,31279053;43,88630085
27959686;65,8;56,32262756;43,98838833
6880072;53,34;56,30701898;43,84878948
19204869;79,5;56,314057;43,969599
32749000;101;56,313696;43,986405
6087250;32,5;56,23986577;43,83607559
11343600;54,79;56,29794576;43,99971638
8322600;42,9;56,34248922;43,87483452
14473620;76,58;56,28461981;44,08324076
29390000;73,45;56,32122862;44,00254607
6069000;35,7;56,20586328;43,81749283
10749400;37,84;56,22432;43,940192
11943360;52,79;56,26393551;43,86626459
10255000;58,59;56,2460166;44,05111255
12450000;63,91;56,30135631;44,08432405
10233600;62,4;56,34249;43,8757
6190000;34,9;56,219673;43,817821
5247057;20,75;56,206619;43,899036
19990000;78,9;56,28337137;44,03038537
7059708;36,9;56,213576;44,024286
5449300;38,2;56,30701898;43,84878948
5372640;27,29;56,23986577;43,83607559
8711565;38,58;56,30531709;43,93552226
7265000;34,81;56,30322;43,92668
12430000;65,23;56,30117;44,08461
9690000;46,29;56,28337137;44,03038537
9260000;41,09;56,34688242;43,92365884
7640000;36,79;56,326305;43,910941
12883104;50,79;56,30422;44,00771
7446592;30,7;56,27275;44,052807
20742367;62;56,31071876;44,00346057
8130000;39,29;56,301983;43,933465
16780000;91,3;56,34688242;43,92365884
8914650;57,7;56,29172;43,85805
13420000;74,93;56,30117;44,08461
20558000;115,09;56,34634;43,92332
8450200;52,2;56,248613;44,048243
8053411;35,9;56,27857;44,04323
14837944;83,4;56,267757;44,020746
14279900;37,5;56,313696;43,986405
18786027;77,9;56,3155383;43,97024169
14640000;81,8;56,34634;43,92332
25060000;52,97;56,321079;44,002594
12009184;70,19;56,34263292;43,82861794
19077996;122,8;56,31052757;43,93759561
39351000;100,9;56,32358424;44,01900592
12060000;63,97;56,30135631;44,08432405
8270000;40,29;56,301983;43,933465
8486766;58,4;56,31076451;43,93833547
8189040;44,7;56,23986577;43,83607559
25118095;99,9;56,31668;44,04003
13398040;54,9;56,26581118;43,97614632
5255640;38,2;56,30701898;43,84878948
9610758;54;56,27839032;44,04282151
8136427;36,29;56,27839032;44,04282151
9112000;53,59;56,20607;43,81747
10492509;42,34;56,28585154;43,92193684
7300000;37,79;56,248613;44,048243
12389768;65,4;56,26859879;44,02192617
12831412;51,75;56,2847511;44,08343388
19835895;81,4;56,31657;44,03943
12803492;51,22;56,30422;44,00771
10088614;57,7;56,27839032;44,04282151
7600590;30;56,26862407;44,03502438
7960000;37,09;56,301983;43,933465
9827000;57,15;56,30322;43,92668
12193230;56,18;56,284208;44,083939
13417126;62;56,31076451;43,93833547
16790000;78,09;56,33165908;43,94786475
8600000;35;56,26167;44,01066
5211763;21,01;56,206619;43,899036
10747341;37,66;56,30422;44,00771
13239999;59,31;56,303802;44,100032
7880000;40;56,34248922;43,87483452
19934080;85,51;56,31575;44,07297
7740000;36,79;56,36230958;43,85553498
29329142;88,59;56,31071876;44,00346057
8079907;31,5;56,2689;44,03516
10595200;60,2;56,34248922;43,87483452
21912600;61,9;56,31535466;44,07307159
22030000;47,08;56,32122862;44,00254607
11990000;39;56,33165908;43,94786475
7666058;30,79;56,28021069;44,0435779
7223528;32,52;56,20553;43,89783
20143158;81,9;56,316144;44,04004
16365078;63;56,31668;44,04003
8221195;42,79;56,34263292;43,82861794
15390000;65,59;56,33165908;43,94786475
6528930;36,7;56,288639;43,813403
11177700;57;56,297828;43,998842
11583875;67,09;56,26879511;44,03422363
9041040;52,2;56,23986577;43,83607559
15525699;60,29;56,314057;43,969599
20605000;73,3;56,346631;43,929751
9320625;45,2;56,25397;43,84863
16400000;61,2;56,31270023;43,98472395
7093000;35,9;56,248613;44,048243
12190000;71;56,219673;43,817821
8520000;38,79;56,301947;43,93416
12275972;72,8;56,27275;44,052807
26291254;78,33;56,3130104;43,97606829
9579843;55,7;56,27856341;44,04353498
8090000;53;56,219673;43,817821
8484000;42;56,34248922;43,87483452
21579999;89,3;56,31772789;43,9715093
10653821;39,29;56,3102;44,09525
10217200;62,29;56,342399;43,874837
8897130;36,29;56,26386;43,86687
6810433;52,81;56,30701898;43,84878948
21469471;79,69;56,3132544;43,96930895
11867500;53,09;56,2597542;43,97880318
17230640;80,23;56,31575;44,07297
10441010;69,09;56,206879;43,878404
7246053;36,9;56,213576;44,024286
5362898;38,2;56,30701898;43,84878948
14074917;83,4;56,267757;44,020746
8300000;35,2;56,26185201;44,01021655
8122400;35,5;56,24189638;44,0811615
6890000;35,09;56,21896442;43,8191828
14980000;81,8;56,34688242;43,92365884
9006030;36,29;56,264368;43,865569
21186780;78,18;56,22432;43,940192
14626580;54,59;56,3132544;43,96930895
8565440;43,97;56,305213;43,936778
5890000;36,2;56,219673;43,817821
6952860;42,79;56,26131336;43,93982472
12024300;53,79;56,2597542;43,97880318
20558000;115,09;56,34688242;43,92365884
14293200;83,09;56,2460166;44,05111255
8650000;35;56,26185201;44,01021655
14269800;76,09;56,310445;43,938326
8112156;39;56,27839032;44,04282151
17510316;70,59;56,31646209;44,03935848
10712750;58,7;56,206879;43,878404
5449300;38,2;56,30701898;43,84878948
16522800;71,61;56,303911;44,000426
11147548;64,9;56,27841;44,04228
12868050;66,06;56,305213;43,936778
6290000;30,5;56,219673;43,817821
6545099,88;28,21;56,30947;43,89597
8405920;49,09;56,24178286;44,08224511
11535313;45,59;56,30433573;44,0063724
7174020;43,4;56,26131336;43,93982472
14194210;64,9;56,31076451;43,93833547
12409999;53,43;56,29786;43,953771
7292931;56,54;56,30701898;43,84878948
30707000;172,19;56,34688242;43,92365884
8140300;41,29;56,248613;44,048243
7485440;34,4;56,206879;43,878404
11989152;65,73;56,28461981;44,08324076
13535100;55,7;56,31535466;44,07307159
10190000;61,9;56,219673;43,817821
13490000;38,09;56,33161;43,94897
4594240;22,39;56,24178286;44,08224511
7115500;42,79;56,26131336;43,93982472
7517941;30,79;56,27275;44,052807
15868984;43,4;56,3155383;43,97024169
42105600;122,4;56,31182985;43,9804979
15832597;79,8;56,25397;43,84863
12478000;77,68;56,30322;43,92668
8060747;37,4;56,27275;44,052807
10296336;58,2;56,26862407;44,03502438
9622000;56,59;56,20586328;43,81749283
8007844;31,79;56,26879511;44,03422363
12980000;75;56,26183;44,010568
20196000;91;56,317093;44,064431
11606500;71;56,248613;44,048243
40105600;120,8;56,31182985;43,9804979
9632440;61,79;56,326729;44,00697
7195500;35,09;56,24606868;44,04796909
7690000;32;56,362352;43,855645
11196500;49;56,259928;43,978821
15390000;78,9;56,362352;43,855645
12720000;64,09;56,34738;43,923997
9508200;59,79;56,24606868;44,04796909
7150000;34,47;56,226179;43,852308
30852000;85,69;56,322604;43,98837
17349889;53,7;56,31071876;44,00346057
9749860;61,79;56,326729;44,00697
7160400;36,4;56,248613;44,048243
32098720;120,9;56,304802;43,998363
7290000;47,4;56,21925;43,8199
5827500;33,29;56,24178286;44,08224511
19070056;94,19;56,31076451;43,93833547
64687500;172,5;56,31041608;44,0737578
9619500;60,5;56,2414005;44,08051777
7303650;27,6;56,26859879;44,02192617
9572500;56;56,248613;44,048243
9388620;51,59;56,213576;44,024286
14279900;37,5;56,3138159;43,98840316
8466720;49,59;56,31279053;43,88630085
11643880;60,02;56,32791928;43,9515188
7728000;36,79;56,24626431;44,04936652
7806334;30,7;56,2689;44,03516
9637920;58,2;56,23986577;43,83607559
11990000;69,8;56,326305;43,910941
15710000;85;56,34738;43,923997
5570400;21,1;56,24606868;44,04796909
11020415;64,69;56,27857;44,04323
17551000;63,4;56,346553;43,929761
8247945;42,79;56,34263292;43,82861794
15586873;39,81;56,31772789;43,9715093
8826300;46,7;56,2455639;44,04924046
14670000;84,9;56,26167;44,01066
11197920;45,52;56,284208;44,083939
12270000;63,77;56,301196;44,084741
8390000;40,29;56,301983;43,933465
5334700;38,2;56,30701898;43,84878948
9614268;54;56,27275;44,052807
10481100;69;56,24104802;44,08181596
11890000;65;56,326305;43,910941
12160376;72,9;56,26848;44,03505
30782700;87,69;56,31182985;43,9804979
9780473;75,08;56,30639313;43,84588019
13290000;78,59;56,21896442;43,8191828
8960400;52,4;56,31279053;43,88630085
26325000;58,5;56,323563;44,01929
34535800;96,19;56,31182985;43,9804979
11354400;69,8;56,248613;44,048243
25093709;99,8;56,316144;44,04004
19599000;109,69;56,34634;43,92332
16640220;69,83;56,31575;44,07297
16719999;39,81;56,317662;43,971453
9690000;45,7;56,28337137;44,03038537
12297300;53,7;56,2597542;43,97880318
12230000;63,5;56,33086108;43,88152355
7039502;48,81;56,218299;44,026776
13480000;74,93;56,30117;44,08461
9761950;55;56,27275;44,052807
40672000;131,19;56,31067;43,98946
7648940;40,29;56,34288029;43,84374421
11831371;67,8;56,27857;44,04323
12439700;72,8;56,26879511;44,03422363
12117000;77,83;56,30292088;43,92679077
8940690;36,29;56,26393551;43,86626459
16681248;39,09;56,31772789;43,9715093
7959600;39,59;56,34249;43,8757
12332412;65,4;56,26859879;44,02192617
13020000;72,3;56,34634;43,92332
18388500;53,29;56,31067;43,98946
16252500;58,5;56,346691;43,929648
7180000;35,18;56,226179;43,852308
7790000;38,4;56,326305;43,910941
17589500;69,25;56,31535466;44,07307159
8256600;41,7;56,34248922;43,87483452
6025523;23,39;56,27275;44,052807
8260032;37,7;56,343269;43,829027
11468000;61;56,34248922;43,87483452
11471050;46,95;56,31575;44,07297
5928000;25,54;56,30292088;43,92679077
9277840;57,2;56,3655588;43,81770045
14002609;83,4;56,267757;44,020746
6748173;36,09;56,213576;44,024286
14850954;83,4;56,267757;44,020746
26778134;70,8;56,31203;43,98025
12225205;54,65;56,264368;43,865569
9968400;65,4;56,248613;44,048243
11088744;67,09;56,27275;44,052807
16350000;97,08;56,31397;43,87803
10213027;54,5;56,2689;44,03516
12839238;50,86;56,30422;44,00771
7100000;46,88;56,282062;44,083669
16034019;69,2;56,30422;44,00771
12262905;68,75;56,34293;43,832222
17160524;85,61;56,28388;44,08354
15806907;77,38;56,2847511;44,08343388
7393200;36,59;56,24606868;44,04796909
9597010;56,29;56,27275;44,052807
12244512;65,76;56,28461;44,08362
13217139;71,4;56,267757;44,020746
9214000;55,5;56,248613;44,048243
21879840;60,95;56,31575;44,07297
17480320;83,98;56,284208;44,083939
5977000;25,54;56,302004;43,925036
10461800;57,79;56,248613;44,048243
25266177;95;56,314057;43,969599
11963315;61;56,25403985;43,84835189
14550200;76,58;56,284208;44,083939
8843645;36,65;56,264368;43,865569
30652000;79;56,312848;43,97616
9041500;53,5;56,24606868;44,04796909
8115668;38,9;56,27275;44,052807
15684030;55,13;56,284208;44,083939
12053700;68,09;56,34248922;43,87483452
12900000;63;56,34688242;43,92365884
13649999;62,79;56,297006;43,953365
19207074;59,7;56,311111;44,002892
15697800;90;56,31052757;43,93759561
15929999;55,29;56,317538;43,972031
8090000;38,4;56,326305;43,910941
9733373;45,06;56,285791;43,92192
40371200;121,59;56,31182985;43,9804979
21807500;67,09;56,320026;43,977679
17020000;88,69;56,34738;43,923997
8933250;41,54;56,32791928;43,9515188
5870000;23,6;56,301983;43,933465
15739499;68,41;56,30433573;44,0063724
10590000;36;56,331721;43,947855
12330000;63,77;56,301196;44,084741
11486849;67,09;56,27275;44,052807
12690000;73,9;56,21896442;43,8191828
9680160;51,59;56,213576;44,024286
8095791;37,4;56,27275;44,052807
9127801;45,79;56,25423;43,848433
6190000;23,6;56,326305;43,910941
8282400;40,79;56,34249;43,8757
22298500;72,09;56,346691;43,929648
9378300;51,59;56,213576;44,024286
6444900;33;56,206879;43,878404
12044829;72,9;56,27275;44,052807
8918951;34,99;56,264368;43,865569
13990000;46,2;56,33205902;43,94818418
12689457;56,79;56,3102;44,09525
10697874;53,88;56,28461;44,08362
9611100;55,59;56,248613;44,048243
8241600;40,79;56,34248922;43,87483452
7690000;32;56,326305;43,910941
23828000;64,4;56,322604;43,98837
9500066;46,7;56,25403985;43,84835189
16213750;76,3;56,259928;43,978821
10523930;69,09;56,24104802;44,08181596
11878200;64,72;56,30531709;43,93552226
24533032;91,3;56,314057;43,969599
9300000;40,5;56,33084;43,88186
11668000;45,84;56,28585154;43,92193684
14973200;91,3;56,34249;43,8757
36402600;107,69;56,31182985;43,9804979
20026895;80,19;56,316144;44,04004
6597150;36,04;56,210993;43,830581
16700000;91,3;56,34688242;43,92365884
11550000;64,55;56,301196;44,084741
4831512;34,95;56,218299;44,026776
8403020;38,29;56,24189638;44,0811615
36347500;108,5;56,31055055;43,98939101
7613197;29,89;56,27275;44,052807
17850600;84,59;56,2597542;43,97880318
8260000;38,59;56,301983;43,933465
7613190;30;56,26848;44,03505
12550000;75,19;56,26183;44,010568
20287500;54,09;56,31055055;43,98939101
7319220;39,79;56,206879;43,878404
8204428;31,15;56,26386;43,86687
6136000;32,5;56,23986577;43,83607559
24230800;76,9;56,31445394;43,98671873
7685436;29,89;56,27275;44,052807
7820000;40,97;56,30292088;43,92679077
7980000;39,9;56,34248922;43,87483452
11152345;76,69;56,26131336;43,93982472
10359710;59,29;56,34287;43,84371
11946700;61,9;56,34248922;43,87483452
8232978;39;56,27275;44,052807
8655800;38,29;56,241339;44,079145
7354200;32,2;56,248613;44,048243
8500000;35,2;56,26185201;44,01021655
7790000;37,09;56,362352;43,855645
22461120;85,08;56,31535466;44,07307159
6725430;41,4;56,26131336;43,93982472
5796400;34,4;56,29202546;43,85822885
7982793;31,5;56,26848;44,03505
9731000;56,7;56,30292088;43,92679077
7160400;36,4;56,248613;44,048243
8040280;59,83;56,30701898;43,84878948
7506319;40,09;56,213576;44,024286
10045490;40,66;56,284208;44,083939
10856077;53,65;56,28388;44,08354
10973256;65,09;56,27856341;44,04353498
15799999;39,83;56,317662;43,971453
8360028;41,29;56,343269;43,829027
5782763;39,15;56,218299;44,026776
36628200;107,09;56,31182985;43,9804979
16085387;68,05;56,30422;44,00771
24789999;75,48;56,31772789;43,9715093
11192500;60,5;56,342399;43,874837
10290000;54,79;56,362352;43,855645
16331800;49,7;56,313696;43,986405
14992000;93,69;56,24606868;44,04796909
17754037;71,33;56,28447;44,0845
14990000;78,9;56,362352;43,855645
22509000;73,8;56,31067;43,98946
10952000;59,2;56,34248922;43,87483452
12349289;71,65;56,309039;43,895814
9190000;53,4;56,219673;43,817821
8140300;41,29;56,248613;44,048243
10331200;59,9;56,248613;44,048243
11127996;50,49;56,28461;44,08362
9330405;46,09;56,25403985;43,84835189
23760000;66;56,31182985;43,9804979
6416700;29,29;56,24626431;44,04936652
8130013;36,2;56,343269;43,829027
30020000;79;56,312315;43,975068
14820400;93,8;56,24606868;44,04796909
7632800;40,59;56,24606868;44,04796909
9574095;53,9;56,27948;44,04396
14190000;49,09;56,33161;43,94897
12576394;55,2;56,310445;43,938326
53000000;133,5;56,32212221;44,00585602
11895000;61;56,342399;43,874837
7025250;43,5;56,26131336;43,93982472
7539000;35,9;56,206879;43,878404
7813796;29,89;56,2689;44,03516
8136455;36,4;56,27839032;44,04282151
9230000;44,59;56,34688242;43,92365884
8031223;38,65;56,33208495;43,86430596
6884820;41,4;56,326729;44,00697
10724076;64,9;56,27839032;44,04282151
9678600;57,7;56,248613;44,048243
12520000;75,69;56,301983;43,933465
9850660;58,59;56,288639;43,813403
7997580;47,09;56,3655588;43,81770045
7878978;29,89;56,2689;44,03516
6950520;38,7;56,34288029;43,84374421
9240000;33;56,317093;44,064431
11967750;59,09;56,28376;43,93786
9380000;39,7;56,26167;44,01066
8856337;26,75;56,30422;44,00771
11850000;63,97;56,30117;44,08461
7816635;30,2;56,27275;44,052807
23714534;62,7;56,31203;43,98025
17648020;85,61;56,284208;44,083939
12954102;71,4;56,267757;44,020746
7578457;30,1;56,26862407;44,03502438
8810000;39;56,26167;44,01066
8510000;40,9;56,34634;43,92332
21689999;81,76;56,30219;44,10283
16290050;76,3;56,2597542;43,97880318
24075000;62,5;56,322604;43,98837
7789349;59,24;56,218299;44,026776
7155180;38,09;56,2414005;44,08051777
21489000;55,09;56,31182985;43,9804979
9443574;54;56,27856341;44,04353498
12350000;65,19;56,34688242;43,92365884
30392040;78,33;56,312848;43,97616
9156000;54,5;56,24606868;44,04796909
10016568;42,65;56,26393551;43,86626459
7826245;41;56,34293;43,832222
8400000;50;56,24606868;44,04796909
12810000;71,5;56,26183;44,010568
9417642;39;56,267757;44,020746
11466958;67,69;56,27275;44,052807
6536040;37,2;56,31279053;43,88630085
6589960;37,7;56,23986577;43,83607559
8679000;55;56,206879;43,878404
8095778;37,29;56,27841;44,04228
6938910;38,7;56,34288029;43,84374421
36619999;121,37;56,31772789;43,9715093
16469845;68,98;56,30422;44,00771
25476150;127,69;56,30243141;43,94134696
35945550;90,59;56,32262756;43,98838833
20789999;75,48;56,317538;43,972031
14066327;83,4;56,267757;44,020746
9378300;51,59;56,213576;44,024286
8945846;27,86;56,28447;44,0845
9611100;55,59;56,248613;44,048243
8358000;42;56,342399;43,874837
11250067;68,19;56,27275;44,052807
8901244;48,4;56,213576;44,024286
10484690;65,9;56,241339;44,079145
6417707;23,39;56,27275;44,052807
5824980;32,2;56,3655588;43,81770045
8086800;37,7;56,34263292;43,82861794
18398947;75,3;56,316144;44,04004
12500000;64,44;56,301196;44,084741
5392961;38,81;56,30701898;43,84878948
16399999;67,09;56,303802;44,100032
8590000;48,7;56,21896442;43,8191828
11031198;65,9;56,27275;44,052807
12540000;65,87;56,33260146;43,88200635
19082498;79,93;56,303802;44,100032
10080400;63,79;56,24606868;44,04796909
11831371;67,8;56,27275;44,052807
8095762;37,5;56,27275;44,052807
9247402;29,5;56,31052757;43,93759561
8139930;35,9;56,27841;44,04228
10088614;57,7;56,27839032;44,04282151
10590000;59,79;56,362352;43,855645
6473574;25,6;56,26879511;44,03422363
7850000;37,7;56,301983;43,933465
21961000;77,8;56,313696;43,986405
6490000;35,9;56,21925;43,8199
7666058;30,79;56,28021069;44,0435779
17109999;39,81;56,317538;43,972031
23760000;66;56,31182985;43,9804979
13650000;76,22;56,30135631;44,08432405
9363345;46,5;56,25403985;43,84835189
8918951;34,99;56,26386;43,86687
11884500;71;56,248613;44,048243
9101880;52,4;56,31279053;43,88630085
5449300;38,2;56,30701898;43,84878948
16429999;39,09;56,317538;43,972031
33150000;87,55;56,32122862;44,00254607
32983900;123,3;56,313696;43,986405
19390000;78,9;56,28337137;44,03038537
9312921;38,4;56,26859879;44,02192617
45468000;126,3;56,322604;43,98837
11989999;62,83;56,29791554;43,95222999
12220000;75,19;56,34287;43,84371
7363000;37;56,248613;44,048243
9579880;55,59;56,27856341;44,04353498
11280330;50,95;56,338475;43,866509
7356600;37,9;56,248613;44,048243
8115668;38,9;56,27275;44,052807
9790000;54,79;56,362352;43,855645
17821020;63,41;56,26581118;43,97614632
9731800;39,4;56,284208;44,083939
7668323;40,09;56,213576;44,024286
16848480;70,63;56,31575;44,07297
31967600;93,19;56,31182985;43,9804979
9572500;54,7;56,24626431;44,04936652
23501000;66,19;56,31182985;43,9804979
9751500;59,09;56,20607;43,81747
10206080;59,2;56,206879;43,878404
6949250;38,5;56,34287;43,84371
12777620;50,86;56,30422;44,00771
9590000;54,79;56,326305;43,910941
7078800;36,09;56,248613;44,048243
12779442;72,9;56,27275;44,052807
10087493;52,56;56,309039;43,895814
13749939;76,58;56,28461981;44,08324076
5449300;38,2;56,30701898;43,84878948
35962500;97,69;56,323163;44,035586
33749700;101;56,3138159;43,98840316
11038950;58,5;56,341317;43,844814
10270000;44,09;56,301196;44,084741
12507067;55,9;56,26393551;43,86626459
8069586;34,4;56,27275;44,052807
8747244;40,7;56,27948;44,04396
10213027;54,5;56,27275;44,052807
6304800;29,6;56,2455639;44,04924046
7199999;23,3;56,29786;43,953771
8227600;30,7;56,259928;43,978821
7979400;40,29;56,34249;43,8757
12780000;63;56,34634;43,92332
12674466;72,9;56,27275;44,052807
12919155;53,95;56,303911;44,000426
9462255;56,79;56,27839032;44,04282151
7215250;43,4;56,26131336;43,93982472
27690000;71;56,31182985;43,9804979
5586322,06;34;56,192049;43,891147
8890000;50,29;56,21896442;43,8191828
8260023;36,5;56,343269;43,829027
9778800;56,2;56,24626431;44,04936652
19283095;88,9;56,31076451;43,93833547
8065112;34,2;56,27948;44,04396
7292931;56,54;56,30701898;43,84878948
6701719,56;30,21;56,30947;43,89597
11649999;43,06;56,303802;44,100032
12120000;63,97;56,30135631;44,08432405
8115668;38,9;56,27841;44,04228
10032000;60,79;56,34248922;43,87483452
11950297;65,86;56,28473917;44,08328368
16931520;58,79;56,26581118;43,97614632
11340000;58,2;56,326305;43,910941
11008980;53,65;56,28461;44,08362
8653340;52,7;56,24178286;44,08224511
10123542;53,81;56,28473917;44,08328368
11862500;73;56,31279053;43,88630085
8404800;40,79;56,34249;43,8757
6078240;32,4;56,23986577;43,83607559
8601600;51,2;56,20586328;43,81749283
11454909;56,2;56,30546;43,94094
12064800;52,79;56,264368;43,865569
7890000;42,09;56,21925;43,8199
9520000;56;56,20586328;43,81749283
12038171;61;56,34293;43,832222
6641176;29,6;56,34293;43,832222
26592500;96,69;56,323163;44,035586
15580000;93,09;56,26167;44,01066
13170249;52,97;56,30433573;44,0063724
14650000;76,08;56,31397;43,87803
22700000;90,8;56,2375;43,95912
8433100;51,5;56,248613;44,048243
15879999;55,29;56,31772789;43,9715093
13170112;59,79;56,3102;44,09525
11492400;62,79;56,34248922;43,87483452
6255040;35,2;56,3655588;43,81770045
10690000;59,79;56,36230958;43,85553498
36415579;85,69;56,32262756;43,98838833
11790000;63,2;56,301947;43,93416
16389999;39,09;56,317662;43,971453
11831388;68;56,27275;44,052807
11529000;61;56,342399;43,874837
15270000;90,8;56,26167;44,01066
14973200;91,3;56,34248922;43,87483452
24655500;77;56,31445394;43,98671873
6609999;25,68;56,29714;43,95264
9614891;50,09;56,27948;44,04396
9206409;50,29;56,213576;44,024286
29588500;100,3;56,31055055;43,98939101
17309999;51,75;56,317662;43,971453
14712426;63,59;56,31076451;43,93833547
13149999;54,95;56,30219;44,10283
8036248;35,7;56,27856341;44,04353498
11790000;60,29;56,28337137;44,03038537
9180000;39,7;56,26183;44,010568
13090000;78,9;56,219673;43,817821
17440900;50,59;56,313696;43,986405
8036246;36,4;56,27856341;44,04353498
15606100;54,29;56,3155383;43,97024169
21809999;89,3;56,31772789;43,9715093
13329990;52,88;56,30433573;44,0063724
17189473;69,9;56,31646209;44,03935848
5449080;27,29;56,23986577;43,83607559
17554336;98,09;56,31076451;43,93833547
6070053;23,39;56,26862407;44,03502438
10186014;53,88;56,28461981;44,08324076
16135455;56,79;56,31646209;44,03935848
8230000;38,9;56,301947;43,93416
12390000;63,7;56,31076451;43,93833547
9678600;56,59;56,24626431;44,04936652
9353159;39,2;56,26859879;44,02192617
17090000;70,5;56,33165908;43,94786475
5709000;33;56,29202546;43,85822885
7898800;40,29;56,34248922;43,87483452
5506000;22,19;56,302004;43,925036
9882810;40,66;56,284208;44,083939
14590000;68,4;56,28337137;44,03038537
27412000;71,19;56,31182985;43,9804979
7690000;32;56,326305;43,910941
8060737;37,5;56,27857;44,04323
9277860;60,59;56,24104802;44,08181596
5762000;34,4;56,29202546;43,85822885
6478208;25,6;56,2689;44,03516
9900000;72,44;56,282062;44,083669
17369792;71,59;56,31646209;44,03935848
9665880;41,43;56,30925114;43,8959115
12024300;53,79;56,259928;43,978821
26899999;75,48;56,317662;43,971453
12210000;63,97;56,301196;44,084741
9168467;38,4;56,26386;43,86687
5872900,27;41;56,192049;43,891147
15661248;39,81;56,31772789;43,9715093
10973290;65,19;56,27856341;44,04353498
5732000;22,19;56,30292088;43,92679077
8200000;35,2;56,26167;44,01066
11588400;53,81;56,284208;44,083939
32583300;93,9;56,31182985;43,9804979
10185840;60,2;56,34287;43,84371
9903100;59,29;56,23986577;43,83607559
17500000;66,19;56,3044;43,99143
59940000;133,19;56,323563;44,01929
8010000;37,59;56,301983;43,933465
11446225;43;56,30422;44,00771
11856090;56,18;56,28461981;44,08324076
6627680;36,79;56,23986577;43,83607559
8333044,14;40,38;56,30947;43,89597
9438000;57,2;56,24606868;44,04796909
7215250;43,4;56,326729;44,00697
23065070;62,16;56,312848;43,97616
10299200;62,79;56,34249;43,8757
12977000;68,3;56,317233;44,068464
8445600;40,79;56,342399;43,874837
13350000;76,22;56,30117;44,08461
12824750;59,65;56,26581118;43,97614632
21970000;84,5;56,22432;43,940192
13749999;44,41;56,317662;43,971453
7384050;40,34;56,353144;43,825892
9490000;56,59;56,21896442;43,8191828
6504600;29,29;56,248613;44,048243
4671701;33,34;56,218299;44,026776
7841600;39;56,248613;44,048243
11156200;46,09;56,259928;43,978821
5990000;22,29;56,362352;43,855645
7115500;42,79;56,26131336;43,93982472
7690000;47,29;56,21925;43,8199
9335000;55,29;56,30292088;43,92679077
6990000;35,29;56,21896442;43,8191828
8152655;35;56,27275;44,052807
23440000;58,59;56,323563;44,01929
13961542;73;56,26859879;44,02192617
13689999;48,79;56,317662;43,971453
6752070;37,7;56,23986577;43,83607559
16886100;80,41;56,31535466;44,07307159
35759300;108;56,3138159;43,98840316
6990000;34,2;56,226179;43,852308
24794000;64,4;56,31182985;43,9804979
11313500;60,5;56,342399;43,874837
18043956;88,19;56,338475;43,866509
10172800;57,79;56,2460166;44,05111255
8999999;32,88;56,297006;43,953365
13918944;76,3;56,28388;44,08354
9458028;35;56,3102;44,09525
9614249;54,29;56,27275;44,052807
69720000;174,3;56,32358424;44,01900592
25971578;63,2;56,32262756;43,98838833
7303650;27,6;56,267757;44,020746
12157178;66,09;56,267757;44,020746
7074840;42,79;56,326729;44,00697
14924000;91;56,34248922;43,87483452
11468000;61;56,342399;43,874837
9207519;46,2;56,25403985;43,84835189
8811093;34,7;56,26879;44,03741
36637500;97,69;56,31182985;43,9804979
10678500;67,5;56,3655588;43,81770045
12190000;69,8;56,362352;43,855645
12955020;67,8;56,34341392;43,82983371
8725243;39,09;56,27948;44,04396
6990000;36,29;56,219673;43,817821
9101500;54,5;56,24606868;44,04796909
9176000;59,2;56,24532346;44,05083637
6926010;36,11;56,30973766;43,89619555
10612800;60,29;56,342399;43,874837
6482400;29,6;56,248613;44,048243
42282000;121,5;56,31182985;43,9804979
13200000;72,3;56,34738;43,923997
13412846;79,55;56,34293;43,832222
18120958;55,09;56,31071876;44,00346057
6895308;36,11;56,30973766;43,89619555
9184800;54,59;56,248613;44,048243
7790000;48,7;56,21925;43,8199
50094000;108,9;56,32262756;43,98838833
9335361;46,59;56,25397;43,84863
9280000;44,59;56,34738;43,923997
7171000;35,5;56,24606868;44,04796909
10741500;49,5;56,2597542;43,97880318
8035374;31,6;56,2689;44,03516
8116400;41,2;56,34248922;43,87483452
10896720;47,61;56,31575;44,07297
7339200;35,2;56,241339;44,079145
21716500;84,5;56,26581118;43,97614632
12285320;54,65;56,26386;43,86687
8400000;51,59;56,248613;44,048243
6654050;37,7;56,288639;43,813403
45808620;109,58;56,312315;43,975068
17250270;71;56,31646209;44,03935848
17334746;71,59;56,316144;44,04004
7031612;28;56,27275;44,052807
11600000;82,44;56,282062;44,083669
8680000;49,59;56,31279053;43,88630085
35980000;102,8;56,31182985;43,9804979
11078200;57,4;56,297828;43,998842
8220555;35;56,27948;44,04396
6511960;36,4;56,288639;43,813403
9363345;46,5;56,25397;43,84863
8112167;38,9;56,27839032;44,04282151
27534578;72,8;56,31203;43,98025
9889000;56,7;56,302004;43,925036
7215250;43,4;56,326729;44,00697
10190000;59,4;56,302004;43,925036
10590000;60;56,326305;43,910941
5362898;38,2;56,30701898;43,84878948
10497650;58,2;56,26879511;44,03422363
6946224;28,2;56,27856341;44,04353498
15006820;76,8;56,31076451;43,93833547
7388234;34,63;56,206619;43,899036
12816100;67,09;56,34248922;43,87483452
27678000;67;56,32212221;44,00585602
10463366;53;56,34263292;43,82861794
7390000;35,29;56,36230958;43,85553498
13312500;47,79;56,346691;43,929648
9280000;44,59;56,34634;43,92332
29329142;88,59;56,311111;44,002892
6423371;31,7;56,213576;44,024286
10420000;58,79;56,301983;43,933465
11637200;61,9;56,34248922;43,87483452
5449300;38,2;56,30701898;43,84878948
5362898;38,2;56,30701898;43,84878948
10640000;58,2;56,326305;43,910941
12160376;72,9;56,27275;44,052807
6189159;23,39;56,26879511;44,03422363
9722600;56,2;56,2455639;44,04924046
12507067;55,9;56,26393551;43,86626459
11674293;47,49;56,303911;44,000426
10700800;60,79;56,34249;43,8757
9380280;51,54;56,353144;43,825892
27497699;86,19;56,311111;44,002892
9349200;47,7;56,2460166;44,05111255
12869999;54,95;56,30243714;44,10379162
5650000;28,62;56,27825381;44,0972248
26828123;84,13;56,30243714;44,10379162
8704000;51,2;56,20607;43,81747
7657110;44,7;56,3655588;43,81770045
13420000;75,3;56,301196;44,084741
12579999;60,58;56,297006;43,953365
12263378;72,8;56,26862407;44,03502438
9474767;59,9;56,30973766;43,89619555
14416017;49,59;56,3155383;43,97024169
7900000;38,83;56,305213;43,936778
11116050;47,45;56,31575;44,07297
10597500;67,5;56,3655588;43,81770045
9472000;59,2;56,248613;44,048243
11419200;48,79;56,2597542;43,97880318
5600000;28,53;56,282062;44,083669
7392000;40;56,248613;44,048243
21788100;50,66;56,312315;43,975068
6882750;41,4;56,26131336;43,93982472
8732900;46,7;56,24626431;44,04936652
20429999;59,33;56,317538;43,972031
19999999;67,29;56,317662;43,971453
21289240;76,58;56,26581118;43,97614632
10769500;59,5;56,34249;43,8757
7712661,86;38,68;56,30902;43,89671
16000740;68,84;56,30433573;44,0063724
14890000;63,59;56,28337137;44,03038537
8806380;36,29;56,264368;43,865569
9001200;57,7;56,3655588;43,81770045
10754205;56,29;56,30973766;43,89619555
12060000;63,77;56,30117;44,08461
35467300;108,09;56,313696;43,986405
12438563;65,09;56,310445;43,938326
7992800;41,2;56,34249;43,8757
9032182;44,4;56,25403985;43,84835189
7360732;27,5;56,267757;44,020746
18785280;70,01;56,31575;44,07297
33880000;91,98;56,32122862;44,00254607
11393700;48,9;56,259928;43,978821
12610000;69,69;56,34688242;43,92365884
10652287;58,2;56,27275;44,052807
12390000;70,8;56,21896442;43,8191828
9200934,44;39,95;56,30902;43,89671
9674120;60,13;56,30925114;43,8959115
23490000;91,5;56,33161;43,94897
8043562;37,5;56,27856341;44,04353498
17019000;69,75;56,31535466;44,07307159
15490000;62;56,28337137;44,03038537
18949800;79,69;56,31575;44,07297
6720000;24,29;56,26183;44,010568
9817500;38,5;56,259928;43,978821
7806334;30,7;56,27275;44,052807
9460737;54,09;56,27275;44,052807
10459918;40,2;56,310445;43,938326
28346900;60,7;56,322037;44,005573
11110100;46,09;56,2597542;43,97880318
9782850;36,29;56,259928;43,978821
15680000;93,09;56,26167;44,01066
15926400;63,4;56,346631;43,929751
12630069;55,9;56,26393551;43,86626459
8204428;31,15;56,26393551;43,86626459
12572500;64,8;56,25423;43,848433
8900030;46,4;56,343269;43,829027
14790000;65,59;56,331721;43,947855
11569999;50,09;56,303802;44,100032
16289999;70,65;56,30219;44,10283
9193600;55,7;56,248613;44,048243
5830500;32,5;56,24104802;44,08181596
40905244;122;56,31203;43,98025
16328200;76,3;56,259928;43,978821
8640000;36,79;56,326305;43,910941
11181207;71,65;56,309039;43,895814
23990000;112,69;56,33165908;43,94786475
15253668;59,7;56,3155383;43,97024169
16175600;76,3;56,259928;43,978821
16213200;70,8;56,31535466;44,07307159
8115666;39;56,27275;44,052807
8790000;56,5;56,22052462;43,82012158
11620000;62,09;56,301947;43,93416
7113500;34,7;56,24606868;44,04796909
9330405;46,09;56,25403985;43,84835189
13080000;72,3;56,34688242;43,92365884
15056220;67,37;56,31575;44,07297
7215250;43,4;56,326729;44,00697
6082642;23,39;56,27275;44,052807
7329999;35,72;56,203071;43,896904
9520000;56;56,20607;43,81747
7784269;31,89;56,27275;44,052807
7031612;28;56,27841;44,04228
8500000;39,4;56,29794576;43,99971638
17007158;59,4;56,31657;44,03943
37478400;102,4;56,31182985;43,9804979
22423440;71,87;56,314297;43,976513
7910000;38,79;56,301983;43,933465
8260032;37,7;56,343269;43,829027
7731280;40,09;56,34288029;43,84374421
14785455;53,7;56,3155383;43,97024169
6548100;29,89;56,248613;44,048243
11408450;56,9;56,297828;43,998842
6990000;35;56,219673;43,817821
10016568;42,65;56,264368;43,865569
8095170;44,7;56,23986577;43,83607559
13419999;48,79;56,31772789;43,9715093
12190000;67,69;56,36230958;43,85553498
23760000;66;56,31182985;43,9804979
32701000;123,4;56,323163;44,035586
7199998;32,97;56,206619;43,899036
18039999;71,47;56,30219;44,10283
24074500;74,3;56,3138159;43,98840316
15868587;97,8;56,31052757;43,93759561
7363000;37;56,248613;44,048243
12139400;75,4;56,34287;43,84371
9214000;54,2;56,24606868;44,04796909
12162500;71;56,248613;44,048243
5848000;34,4;56,29172;43,85805
7132790;43,4;56,326729;44,00697
9920300;58,7;56,2455639;44,04924046
11408450;56,9;56,29766;43,99764
13150800;84,3;56,248613;44,048243
11624192;68;56,27856341;44,04353498
9722600;57,29;56,248613;44,048243
11366800;62,79;56,34249;43,8757
8693100;39;56,24189638;44,0811615
11990000;60,4;56,28337137;44,03038537
24974090;91,3;56,316144;44,04004
7989813;34,7;56,26862407;44,03502438
20909999;71,3;56,31772789;43,9715093
9135000;52,2;56,23986577;43,83607559
6963495;53,34;56,30701898;43,84878948
6305881;24,17;56,20553;43,89783
5449300;38,2;56,30701898;43,84878948
17390000;68,3;56,33165908;43,94786475
5392000;38,2;56,30701898;43,84878948
14490000;65,59;56,331721;43,947855
12285320;54,65;56,26386;43,86687
12162600;71,4;56,248613;44,048243
18837000;81;56,317093;44,064431
11195098;67,09;56,27275;44,052807
16680000;95,06;56,30135631;44,08432405
7900167;33;56,26879511;44,03422363
11708675;61,9;56,27275;44,052807
34374600;101,69;56,31182985;43,9804979
17100000;88,69;56,34634;43,92332
18248143;75,8;56,3155383;43,97024169
7412400;34,79;56,2455639;44,04924046
16150638;76,5;56,31076451;43,93833547
6048250;32,5;56,23986577;43,83607559
8181000;40,5;56,34249;43,8757
10653480;60,59;56,34287;43,84371
16790000;78,09;56,33161;43,94897
8561505;32,4;56,26899033;44,03733246
27800000;99,09;56,312649;43,984924
9160184;48,4;56,213576;44,024286
12507067;55,9;56,26386;43,86687
10254821;40,2;56,31076451;43,93833547
27793322;78,33;56,3130104;43,97606829
12205500;43,4;56,346691;43,929648
5550000;28,62;56,282062;44,083669
6573240;37,2;56,31279053;43,88630085
11790000;44,5;56,331721;43,947855
12283000;77,22;56,30292088;43,92679077
11425700;61,09;56,342399;43,874837
6880900;39,5;56,31279053;43,88630085
13103680;43,72;56,31575;44,07297
18635530;60,59;56,3155383;43,97024169
33280000;104;56,320253;43,977752
11796200;69,8;56,2455639;44,04924046
12990000;67,69;56,362352;43,855645
6294459;23,39;56,26879511;44,03422363
25559999;75,48;56,31772789;43,9715093
6755000;38,59;56,211443;43,831695
15009154;68,41;56,26386;43,86687
7672830;30;56,26862407;44,03502438
11284676;67;56,26848;44,03505
7982792;31,6;56,27275;44,052807
16452240;71,38;56,303911;44,000426
10723322;41,59;56,3102;44,09525
17290000;74,9;56,33161;43,94897
9104879;46,9;56,25423;43,848433
9174065;44,2;56,25423;43,848433
10150000;40,9;56,34688242;43,92365884
16690000;60,4;56,31445394;43,98671873
20889999;75,48;56,317662;43,971453
7330440;38,09;56,2414005;44,08051777
23814900;50,66;56,312848;43,97616
12100000;64,09;56,34634;43,92332
14592400;76,4;56,28461981;44,08324076
8490000;47,09;56,21896442;43,8191828
15660000;93,09;56,26183;44,010568
13169999;58,49;56,30243714;44,10379162
8640000;43,7;56,301947;43,93416
11966357;75,4;56,26862407;44,03502438
11931116;66,09;56,267757;44,020746
8232990;38,9;56,27857;44,04323
6952860;42,79;56,326729;44,00697
7354000;36,84;56,30292088;43,92679077
9103680;52,2;56,23986577;43,83607559
8500000;51,22;56,27825381;44,0972248
17319000;69,75;56,31575;44,07297
10090000;35,4;56,28337137;44,03038537
7218543;56,54;56,30701898;43,84878948
6334400;29,6;56,2455639;44,04924046
9183868;40,79;56,28473917;44,08328368
9539999;43,97;56,29791554;43,95222999
10162304;37,68;56,30433573;44,0063724
9590400;59,2;56,248613;44,048243
11319000;49;56,2597542;43,97880318
12280000;65,05;56,30117;44,08461
7779400;40,09;56,34288029;43,84374421
6097000;32,5;56,23986577;43,83607559
13589550;72,15;56,305213;43,936778
10289999;55,08;56,29714;43,95264
7540000;37,7;56,2455639;44,04924046
8121990;44,7;56,23986577;43,83607559
8160000;40,79;56,34248922;43,87483452
8836872;48,4;56,213576;44,024286
6882750;41,4;56,26131336;43,93982472
41616000;122,4;56,31182985;43,9804979
19193701;66,09;56,31657;44,03943
10775800;60,2;56,248613;44,048243
8209999;34;56,29714;43,95264
9498500;60,5;56,24606868;44,04796909
11883000;69,9;56,2455639;44,04924046
9833080;58,59;56,288639;43,813403
24325979;70;56,31071876;44,00346057
24125800;74,9;56,313696;43,986405
8151587;37,79;56,34267441;43,83190266
6989200;35,9;56,248613;44,048243
37520369;88,3;56,32262756;43,98838833
12230000;65,19;56,34634;43,92332
9490000;35,5;56,28337137;44,03038537
15421082;64,5;56,303911;44,000426
17186100;80,41;56,31575;44,07297
14958000;83,09;56,248613;44,048243
8262000;40,5;56,34249;43,8757
7310800;37,29;56,24606868;44,04796909
8232990;38,9;56,27857;44,04323
8831793;52,56;56,309039;43,895814
12070000;65,23;56,30117;44,08461
12659337;72,8;56,27275;44,052807
14350000;71,79;56,31397;43,87803
15230000;90,8;56,26185201;44,01021655
9749860;61,79;56,326729;44,00697
16399485;71,79;56,303911;44,000426
10776919;38,59;56,310445;43,938326
11594000;62;56,342399;43,874837
10340000;59,4;56,30236615;43,92655474
10743079;58,2;56,27275;44,052807
11263285;56,18;56,28461981;44,08324076
6012934;23,39;56,26862407;44,03502438
41210000;63,4;56,322604;43,98837
21087172;55,24;56,3130104;43,97606829
34610400;101,19;56,31182985;43,9804979
9193600;55,7;56,248613;44,048243
5705000;22,1;56,30292088;43,92679077
11559999;46,15;56,303802;44,100032
8360000;56,5;56,21925;43,8199
20190200;46,4;56,31445394;43,98671873
6561440;36,79;56,23986577;43,83607559
12554505;72,8;56,27275;44,052807
6947200;41,59;56,31279053;43,88630085
9598120;58,09;56,34288029;43,84374421
5291244;35,59;56,218299;44,026776
30819999;119,55;56,317662;43,971453
9169160;32,06;56,26581118;43,97614632
10123593;54,5;56,26848;44,03505
11419050;42,45;56,26581118;43,97614632
14929999;60,66;56,31772789;43,9715093
8710000;41,09;56,34634;43,92332
7377238;56,54;56,30701898;43,84878948
11966357;75,4;56,26862407;44,03502438
9736600;56;56,248613;44,048243
10067760;42,65;56,26386;43,86687
16409110;80,5;56,31052757;43,93759561
13620000;76,33;56,301196;44,084741
8035374;31,6;56,2689;44,03516
21687918;61,79;56,31071876;44,00346057
17543242;65,8;56,3132544;43,96930895
9385400;56,2;56,2455639;44,04924046
7897440;30;56,26879511;44,03422363
6990000;35,29;56,21925;43,8199
8139930;35,9;56,27841;44,04228
10790000;59,79;56,326305;43,910941
11713680;50,49;56,284208;44,083939
10822400;60,79;56,342399;43,874837
40375000;95;56,322037;44,005573
11953830;48,97;56,31575;44,07297
5619457,06;34,2;56,192049;43,891147
27145000;89;56,31067;43,98946
10990000;36,09;56,33161;43,94897
47656600;155,19;56,3138159;43,98840316
6289999;23,37;56,29791554;43,95222999
9811035;54,5;56,26862407;44,03502438
6490000;23,6;56,362352;43,855645
10254200;64,9;56,20586328;43,81749283
9572500;54,7;56,24626431;44,04936652
11004800;60,79;56,34249;43,8757
10676590;47,61;56,31575;44,07297
10450000;38;56,346631;43,929751
24029400;55,24;56,312315;43,975068
11302200;54,59;56,297828;43,998842
20143158;81,9;56,31668;44,04003
15799999;39,83;56,317538;43,972031
10724090;65;56,27839032;44,04282151
10500000;60,9;56,301983;43,933465
58032158;144;56,314057;43,969599
33889600;94,4;56,31182985;43,9804979
6096200;32,59;56,23986577;43,83607559
18519000;68,8;56,346553;43,929761
8180000;38,2;56,301983;43,933465
23814900;50,66;56,312315;43,975068
5416527;38,2;56,30701898;43,84878948
19770000;114,77;56,30117;44,08461
8112165;39,2;56,27839032;44,04282151
8322309;30,7;56,27275;44,052807
8779600;46,7;56,24626431;44,04936652
9207519;46,2;56,25403985;43,84835189
21205110;105,4;56,310445;43,938326
9470565;39;56,26859879;44,02192617
12765356;50,7;56,30433573;44,0063724
12949999;44,41;56,317538;43,972031
14836500;95,8;56,248613;44,048243
10336000;60,79;56,342399;43,874837
27678000;65,9;56,32212221;44,00585602
11408000;62;56,34249;43,8757
7791000;38,29;56,248613;44,048243
21681000;81,19;56,346553;43,929761
8700000;40,25;56,33208495;43,86430596
26339999;75,48;56,317538;43,972031
10836020;58,7;56,24189638;44,0811615
7686000;39,36;56,302004;43,925036
8241800;40,59;56,342399;43,874837
7446608;30,79;56,26848;44,03505
15269112;68,41;56,26386;43,86687
13802880;56,79;56,3102;44,09525
6952860;42,79;56,26131336;43,93982472
8370000;40,29;56,301983;43,933465
11490000;79,4;56,219673;43,817821
8050000;37,4;56,301983;43,933465
8660000;41,09;56,34738;43,923997
9862050;45,86;56,32791928;43,9515188
5449300;38,2;56,30701898;43,84878948
14850954;83,4;56,267757;44,020746
6995450;38,5;56,34287;43,84371
9721250;38,5;56,259928;43,978821
35824800;101,19;56,31182985;43,9804979
7139760;42,59;56,24178286;44,08224511
7241250;37,5;56,34288029;43,84374421
8060000;40,29;56,342399;43,874837
21760000;77,9;56,3138159;43,98840316
11049774;67,9;56,27856341;44,04353498
9961600;57,7;56,248613;44,048243
17030000;88,69;56,34634;43,92332
6120000;23,79;56,33084;43,88186
15009154;68,41;56,26393551;43,86626459
10790000;61,4;56,301983;43,933465
6711600;37,59;56,31279053;43,88630085
9758000;56,7;56,302004;43,925036
21906980;84,87;56,31575;44,07297
7347000;32,29;56,248613;44,048243
15769999;57,34;56,317662;43,971453
9285000;56,86;56,30292088;43,92679077
10067760;42,65;56,26393551;43,86626459
11246588;68;56,27839032;44,04282151
8090000;53,59;56,21925;43,8199
10708020;60,59;56,34288029;43,84374421
19129500;100,8;56,35168;43,87031
4504640;22,39;56,24178286;44,08224511
11790000;67,59;56,36230958;43,85553498
12286089;57,09;56,31076451;43,93833547
12659999;50,34;56,303802;44,100032
9749860;61,79;56,26131336;43,93982472
34256712;94,4;56,31203;43,98025
8163920;31,15;56,26393551;43,86626459
7068710;35,9;56,2414005;44,08051777
26258000;138,19;56,288071;43,986008
16490000;78,9;56,326305;43,910941
15775500;56,7;56,346553;43,929761
5900000;29,7;56,27825381;44,0972248
14284826;77,26;56,34267441;43,83190266
12779442;72,9;56,27275;44,052807
12044147;66,09;56,267757;44,020746
8707569;26,81;56,30433573;44,0063724
9609600;55,9;56,248613;44,048243
8043580;37,4;56,27856341;44,04353498
12151500;43,2;56,346553;43,929761
23753200;55,24;56,312848;43,97616
8360028;41,29;56,34272274;43,82913634
9647652;51,59;56,213576;44,024286
10018200;57,7;56,248613;44,048243
7980000;39,9;56,342399;43,874837
5419185;38,81;56,30701898;43,84878948
8229270;44,7;56,23986577;43,83607559
6490000;32,09;56,219673;43,817821
11304000;62,79;56,342399;43,874837
13862935;62;56,310445;43,938326
4943680;22,39;56,241339;44,079145
19009999;72,19;56,30219;44,10283
8075277;31,5;56,26879511;44,03422363
20770000;72,8;56,346691;43,929648
11790000;60,4;56,28337137;44,03038537
9654040;59,29;56,23986577;43,83607559
12190000;69,8;56,21925;43,8199
15019500;64,59;56,259928;43,978821
10472000;59,5;56,342399;43,874837
7465020;29,97;56,28473917;44,08328368
14990000;56,2;56,33165908;43,94786475
7951600;41,2;56,34248922;43,87483452
10533948;40;56,30422;44,00771
6065380;34,59;56,3655588;43,81770045
6584400;37,2;56,288639;43,813403
16540000;91,3;56,34634;43,92332
14650000;81,09;56,34688242;43,92365884
15832597;79,8;56,25403985;43,84835189
8240000;41,2;56,34249;43,8757
8261492;30,7;56,26943641;44,03506993
7215250;43,4;56,326729;44,00697
31405500;99,69;56,31055055;43,98939101
12420000;64,19;56,301196;44,084741
14602480;43,72;56,31535466;44,07307159
12659337;72,8;56,27275;44,052807
16150638;76,5;56,31076451;43,93833547
10088611;57,9;56,27839032;44,04282151
26043156;69,8;56,31203;43,98025
12583195;63,66;56,34293;43,832222
41948280;108,9;56,322604;43,98837
16035530;67,98;56,30433573;44,0063724
24370050;89,8;56,31668;44,04003
9069999;38,65;56,29791554;43,95222999
13190000;64;56,362352;43,855645
7575000;37,5;56,2455639;44,04924046
10472000;59,5;56,34248922;43,87483452
10080400;63,79;56,24606868;44,04796909
9448400;59,79;56,24606868;44,04796909
7790000;52;56,219673;43,817821
9290000;54,4;56,219673;43,817821
35793316;101,19;56,31203;43,98025
14927402;61,7;56,30433573;44,0063724
8919700;47,9;56,248613;44,048243
11960000;64,7;56,30117;44,08461
5955000;25,54;56,30322;43,92668
11489053;59,86;56,28473917;44,08328368
11554200;65,45;56,305213;43,936778
18199999;60,66;56,317538;43,972031
6960800;38,5;56,34288029;43,84374421
11132000;60,5;56,34249;43,8757
19144580;60,97;56,31535466;44,07307159
7605500;37,09;56,2455639;44,04924046
34030000;87,55;56,321079;44,002594
5443800;21,1;56,24606868;44,04796909
8900030;46,4;56,34341392;43,82983371
9228388;49,79;56,26862407;44,03502438
9776565;75,05;56,30639313;43,84588019
9470000;47,99;56,226179;43,852308
7880400;39,59;56,342399;43,874837
10377600;69;56,24104802;44,08181596
36140455;109,69;56,31071876;44,00346057
7290595;27,6;56,267757;44,020746
16198292;68,66;56,30433573;44,0063724
5987000;25,43;56,302004;43,925036
26700000;103,19;56,31270023;43,98472395
30907000;99,69;56,31055055;43,98939101
7840000;36,79;56,326305;43,910941
15187500;40,5;56,31182985;43,9804979
10032000;62,09;56,30292088;43,92679077
7673400;42,09;56,248613;44,048243
9751500;59,09;56,20607;43,81747
10299200;62,79;56,34248922;43,87483452
12242560;75,19;56,34287;43,84371
9568000;59,79;56,24606868;44,04796909
10620593;42,7;56,31076451;43,93833547
12682351;49,29;56,20553;43,89783
6741175;28,19;56,206619;43,899036
8170213;41,29;56,34263292;43,82861794
16282284;67,87;56,30422;44,00771
25091900;77;56,313696;43,986405
7044100;36;56,248613;44,048243
13146000;65,73;56,284208;44,083939
10269000;32;56,317093;44,064431
24029999;89,3;56,317662;43,971453
9574095;53,9;56,27275;44,052807
7115228;54,06;56,30701898;43,84878948
9722600;57,29;56,248613;44,048243
5178285;34,84;56,218299;44,026776
11147440;49,75;56,31575;44,07297
26209999;75,48;56,31772789;43,9715093
6697000;37;56,210993;43,830581
6190000;36,09;56,21896442;43,8191828
6235000;29;56,2455639;44,04924046
9691150;61,79;56,26131336;43,93982472
10698750;67,5;56,3655588;43,81770045
6752006;33,13;56,309039;43,895814
6473574;25,6;56,26879511;44,03422363
13650000;75,63;56,30117;44,08461
10799998;45,86;56,20553;43,89783
8732573,71;41,43;56,30902;43,89671
15490000;65,59;56,331721;43,947855
11247000;46;56,259928;43,978821
19270000;82;56,3044;43,99143
15735000;104,9;56,298573;44,089524
13750000;71,79;56,31397;43,87803
13720000;68,13;56,237502;43,959121
8057632;31,7;56,27275;44,052807
10013970;52,9;56,206879;43,878404
7395000;36,97;56,30292088;43,92679077
7373000;36,5;56,24606868;44,04796909
7113500;34,7;56,24606868;44,04796909
16224373;39,81;56,31772789;43,9715093
17077400;80,8;56,31052757;43,93759561
8680000;41,5;56,301983;43,933465
11790000;78,69;56,21925;43,8199
8490000;56,59;56,21896442;43,8191828
6490000;41,9;56,219673;43,817821
14712426;63,59;56,31076451;43,93833547
7291200;37,2;56,24606868;44,04796909
5250000;30;56,24178286;44,08224511
7246000;36,24;56,30292088;43,92679077
25229080;83,54;56,314297;43,976513
23810000;66,09;56,321079;44,002594
10973249;64,69;56,27856341;44,04353498
8970277;38,68;56,30925114;43,8959115
10151600;61,9;56,342399;43,874837
14867288;79,69;56,25397;43,84863
5053620,18;33,79;56,192049;43,891147
8908574;44,7;56,25403985;43,84835189
6519600;36;56,288639;43,813403
8260023;36,5;56,34341392;43,82983371
10200000;72,3;56,27825381;44,0972248
13429999;48,79;56,31772789;43,9715093
9282800;46,09;56,25403985;43,84835189
8300000;40,91;56,33208495;43,86430596
9650000;56,86;56,302004;43,925036
9388669;40,66;56,28473917;44,08328368
10390000;61,9;56,219673;43,817821
15430000;81,69;56,34738;43,923997
11203900;61,9;56,342399;43,874837
16410000;94,5;56,30117;44,08461
10590000;59,79;56,326305;43,910941
7729819;31;56,27948;44,04396
7890000;37,09;56,362352;43,855645
7490000;35,29;56,36230958;43,85553498
12080000;65,33;56,33260146;43,88200635
5105881;21,01;56,206619;43,899036
10646720;47,61;56,31535466;44,07307159
7520000;32,4;56,34634;43,92332
26239999;75,48;56,31772789;43,9715093
9568112;53,9;56,28021069;44,0435779
10199375;58,2;56,26862407;44,03502438
21089500;82,09;56,346553;43,929761
19422498;67,29;56,31772789;43,9715093
8389967;40,22;56,30973766;43,89619555
12040000;64,09;56,34738;43,923997
8112167;38,9;56,27839032;44,04282151
8897130;36,29;56,26393551;43,86626459
14914200;93,8;56,24606868;44,04796909
6657618;32,77;56,30973766;43,89619555
26939880;63,4;56,32262756;43,98838833
18503528;85,38;56,303802;44,100032
34459488;109,69;56,311111;44,002892
5820750;32,5;56,24104802;44,08181596
12940000;56,08;56,237502;43,959121
18120958;55,09;56,311111;44,002892
10765920;52,79;56,264368;43,865569
15279999;60,66;56,317662;43,971453
12285320;54,65;56,264368;43,865569
9060000;39;56,26183;44,010568
12044832;72,8;56,27275;44,052807
8620480;49,59;56,31279053;43,88630085
5294116;21,01;56,206619;43,899036
15690000;62;56,28337137;44,03038537
8990000;53,5;56,21896442;43,8191828
12160000;65,05;56,30117;44,08461
26100000;98,23;56,312251;43,982531
17229999;60,66;56,317538;43,972031
9197947;45,7;56,28021069;44,0435779
11286000;57;56,297828;43,998842
30796993;87,3;56,3155383;43,97024169
12540000;64,01;56,301196;44,084741
8219999;32,88;56,29791554;43,95222999
16273775;68,98;56,30433573;44,0063724
8704000;51,2;56,20607;43,81747
15315000;85,59;56,34688242;43,92365884
15790000;61,79;56,331721;43,947855
11943360;52,79;56,26386;43,86687
13519999;55,47;56,303802;44,100032
13258500;47,29;56,346691;43,929648
7853982;32,5;56,27275;44,052807
9614891;50,09;56,27275;44,052807
7605500;37,09;56,2455639;44,04924046
6201000;32,5;56,241339;44,079145
12510300;56,09;56,31535466;44,07307159
8240000;31;56,34688242;43,92365884
33913700;119,59;56,31445394;43,98671873
9176000;59,2;56,24532346;44,05083637
35379520;101,19;56,31203;43,98025
20446500;95;56,317093;44,064431
9145118;40,79;56,28461981;44,08324076
22303302;70,4;56,31071876;44,00346057
7197000;36,47;56,30292088;43,92679077
14770000;81,69;56,34634;43,92332
7782200;46,59;56,29172;43,85805
12070457;63,9;56,25423;43,848433
6249966;39,15;56,218299;44,026776
16267683;76,5;56,31052757;43,93759561
11586120;42,43;56,22432;43,940192
10317780;52,11;56,32791928;43,9515188
9562261;55,4;56,27839032;44,04282151
9362495;47,97;56,34267441;43,83190266
8240779;28,89;56,3102;44,09525
13650000;76,22;56,301196;44,084741
5223528;20,85;56,206619;43,899036
8130013;37,7;56,34341392;43,82983371
6299092;23,39;56,27275;44,052807
7043400;38,7;56,34287;43,84371
5993880;20,07;56,26386;43,86687
15790000;61,79;56,33165908;43,94786475
8908000;52,4;56,211443;43,831695
13612122;63,81;56,33208495;43,86430596
16366350;76,3;56,2597542;43,97880318
7543300;32,59;56,248613;44,048243
8197967;42,79;56,34263292;43,82861794
12190000;69,8;56,326305;43,910941
18400731;135,3;56,31052757;43,93759561
9219999;45,86;56,203071;43,896904
9493540;58,09;56,34287;43,84371
8057632;31,7;56,27275;44,052807
7390000;37,09;56,36230958;43,85553498
12559795;72,9;56,26879511;44,03422363
6304800;29,6;56,2455639;44,04924046
12586880;44,31;56,31535466;44,07307159
8204428;31,15;56,26393551;43,86626459
6264371;25,6;56,26862407;44,03502438
18417400;47,09;56,3138159;43,98840316
14690000;62,59;56,33165908;43,94786475
8019900;39,9;56,34248922;43,87483452
11796200;69,8;56,2455639;44,04924046
16780000;91,3;56,34634;43,92332
26592500;97,86;56,323163;44,035586
11490500;48,79;56,2597542;43,97880318
7256000;34,95;56,30292088;43,92679077
8466720;49,59;56,288639;43,813403
11566902;61,09;56,27948;44,04396
5979600;19,79;56,26386;43,86687
5993880;20,07;56,264368;43,865569
8494200;42,9;56,34249;43,8757
9761700;75,08;56,30651799;43,84720161
5806720;34,4;56,29172;43,85805
11251800;59,84;56,30973766;43,89619555
9190000;40,2;56,33084;43,88186
9060000;37,75;56,264368;43,865569
14180000;71,5;56,298507;44,089398
9190000;52,9;56,21925;43,8199
12157178;66,09;56,267757;44,020746
10610000;60,4;56,301983;43,933465
5449300;38,2;56,30701898;43,84878948
7489999;25,36;56,297006;43,953365
7990000;53,5;56,21925;43,8199
7589254;30,7;56,27275;44,052807
16413800;49,2;56,31445394;43,98671873
12121800;68,09;56,342399;43,874837
7990000;53,5;56,21896442;43,8191828
16349999;57,34;56,317662;43,971453
13590000;60;56,28337137;44,03038537
15271250;64,3;56,30243141;43,94134696
12985778;64,19;56,25403985;43,84835189
12788234;49,29;56,20553;43,89783
23303334;63,4;56,31203;43,98025
43041280;122,4;56,31203;43,98025
13228123;39,68;56,31772789;43,9715093
17005494;84,04;56,28473917;44,08328368
8597425;39,09;56,27948;44,04396
5562600;21,89;56,248613;44,048243
8665120;49,59;56,31279053;43,88630085
21292499;83,3;56,30219;44,10283
17081760;56,18;56,26581118;43,97614632
17062500;52,5;56,320026;43,977679
15601465;61,02;56,30422;44,00771
13749120;55,43;56,31535466;44,07307159
8112000;41,59;56,34248922;43,87483452
11946000;59,61;56,284208;44,083939
16669999;60,66;56,317662;43,971453
9597023;55,9;56,27857;44,04323
9614276;54,79;56,27841;44,04228
10836000;51,59;56,2597542;43,97880318
15187953;53;56,3132544;43,96930895
9203980;45,7;56,27948;44,04396
9052200;42,79;56,2597542;43,97880318
11532000;62;56,34249;43,8757
6765276;36,11;56,30973766;43,89619555
8875231;27,04;56,30433573;44,0063724
12247057;50,65;56,20553;43,89783
9722600;56,2;56,2455639;44,04924046
7620000;32,4;56,34738;43,923997
8665120;49,59;56,288639;43,813403
12680250;76,84;56,210993;43,830581
27168714;100,69;56,3102;44,09525
8918951;34,99;56,26386;43,86687
5557500;28,5;56,20586328;43,81749283
6488300;29,89;56,248613;44,048243
20130000;91;56,317093;44,064431
9116400;42,79;56,2597542;43,97880318
6490000;35,9;56,219673;43,817821
8070000;28,8;56,30135631;44,08432405
12510300;56,09;56,31535466;44,07307159
11670343;68,69;56,27841;44,04228
8095778;37,29;56,27275;44,052807
14990000;38,09;56,331721;43,947855
16470000;93,34;56,30135631;44,08432405
20898000;97,19;56,30443425;43,99120957
5790000;35,59;56,219673;43,817821
8157775;37,75;56,26386;43,86687
16112552;68,84;56,30422;44,00771
11776603;60,2;56,3102;44,09525
7384050;40,34;56,353144;43,825892
11250079;67,9;56,27275;44,052807
20306000;57,2;56,31182985;43,9804979
11390000;73,69;56,21896442;43,8191828
6175000;32,5;56,23986577;43,83607559
12160366;72,8;56,26848;44,03505
10067760;42,65;56,26393551;43,86626459
7505344;30,79;56,26862407;44,03502438
29406183;50,66;56,312848;43,97616
15936110;69,58;56,31535466;44,07307159
25087500;66,9;56,31182985;43,9804979
7007000;38,5;56,34288029;43,84374421
8990000;62,5;56,219673;43,817821
6267060;33,29;56,206879;43,878404
8341532;31,15;56,26386;43,86687
6572480;36,79;56,23986577;43,83607559
8098228;38,68;56,309039;43,895814
24185000;69,09;56,31182985;43,9804979
17722105;70,59;56,31668;44,04003
15567400;48,09;56,3138159;43,98840316
15624000;74;56,317093;44,064431
9999206;53,2;56,27948;44,04396
28650700;112,3;56,31445394;43,98671873
15557438;97,8;56,31076451;43,93833547
9579860;56,09;56,27856341;44,04353498
13319427;68,41;56,26386;43,86687
5339565;38,81;56,30701898;43,84878948
8090000;38,4;56,362352;43,855645
7159174;48,81;56,218299;44,026776
15097500;82,5;56,248613;44,048243
8490000;26,6;56,28337137;44,03038537
16282284;69,2;56,303911;44,000426
8065112;34,2;56,27948;44,04396
6672900;37,7;56,23986577;43,83607559
22862500;66,5;56,313696;43,986405
10086160;40,66;56,284208;44,083939
13309999;48,79;56,317538;43,972031
9260000;41,09;56,34738;43,923997
14200000;47,09;56,31270023;43,98472395
34123295;109,69;56,31071876;44,00346057
36407702;89,19;56,32262756;43,98838833
25962800;55,24;56,312315;43,975068
13669999;39,68;56,317538;43,972031
11482219;67,09;56,26879511;44,03422363
9597004;55,59;56,27275;44,052807
8230444;34,09;56,27275;44,052807
12783195;63,66;56,34267441;43,83190266
8090000;38,4;56,36230958;43,85553498
8562549;34,29;56,26859879;44,02192617
10169640;68,9;56,241339;44,079145
9483000;55;56,30322;43,92668
29165665;55,24;56,312315;43,975068
6326100;33;56,241339;44,079145
8626400;52,59;56,3655588;43,81770045
21356248;79,3;56,31772789;43,9715093
10836000;60,2;56,248613;44,048243
16890000;74,9;56,33165908;43,94786475
9690000;45,7;56,28337137;44,03038537
8779600;46,7;56,342399;43,874837
9761950;55;56,27948;44,04396
6082642;23,39;56,26848;44,03505
8221500;40,5;56,342399;43,874837
20673510;87,23;56,22432;43,940192
11657520;64,8;56,250091;44,080568
10665571;50,7;56,34267441;43,83190266
16037824;77,44;56,28473917;44,08328368
6952860;42,79;56,326729;44,00697
5606000;22,1;56,302004;43,925036
11135600;57,4;56,29794576;43,99971638
17160524;85,61;56,28473917;44,08328368
11827200;61,59;56,35168;43,87031
11312500;62,5;56,342399;43,874837
7351500;37,7;56,24606868;44,04796909
8664162;34,09;56,26859879;44,02192617
12411015;54,65;56,26393551;43,86626459
9217032;45,06;56,285791;43,92192
8997575;36,65;56,264368;43,865569
12190000;64;56,362352;43,855645
10441944;53,88;56,28473917;44,08328368
11970500;53,79;56,259928;43,978821
8148280;34,79;56,27275;44,052807
9144000;50,79;56,24529975;44,05240001
14135100;55,7;56,31575;44,07297
8486400;40,79;56,34248922;43,87483452
16765619;85,66;56,28473917;44,08328368
6890000;35,4;56,21896442;43,8191828
17236160;70,38;56,31535466;44,07307159
11176096;69,8;56,27275;44,052807
10172800;57,79;56,2460166;44,05111255
11486849;67,09;56,27275;44,052807
8888650;38,9;56,206879;43,878404
27982500;97,44;56,323163;44,035586
14355000;82,5;56,2460166;44,05111255
8915760;52,2;56,23986577;43,83607559
9942544;54,5;56,26848;44,03505
8932440;60,59;56,206879;43,878404
13458935;76,58;56,28473917;44,08328368
22501666;58,7;56,31203;43,98025
5990895;20,06;56,264368;43,865569
15750286;74,48;56,338475;43,866509
11666892;68,09;56,27839032;44,04282151
8580000;41,5;56,301983;43,933465
12038171;61;56,34293;43,832222
10854000;60,29;56,34288029;43,84374421
9193600;54,4;56,24606868;44,04796909
9010000;43,29;56,34688242;43,92365884
11147551;64,69;56,27275;44,052807
9060000;37,75;56,264368;43,865569
9682750;55;56,27275;44,052807
9425613;46,09;56,25423;43,848433
15250000;90,8;56,26183;44,010568
40239852;94,69;56,32262756;43,98838833
17313785;77;56,3102;44,09525
9041500;53,5;56,24606868;44,04796909
8920800;48,4;56,248613;44,048243
8030760;31,6;56,26879511;44,03422363
14625000;58,5;56,346553;43,929761
11594000;62;56,34249;43,8757
6912200;33,59;56,248613;44,048243
10142635;53,34;56,309039;43,895814
9779004;75,3;56,307363;43,849182
13090000;78,9;56,21896442;43,8191828
10690281;37,47;56,30422;44,00771
16944632;59,4;56,31643526;44,04015241
10292476;54,7;56,27275;44,052807
12160366;72,8;56,27275;44,052807
8559817;44,75;56,34293;43,832222
7800000;46,33;56,27825381;44,0972248
15814820;68,05;56,30433573;44,0063724
17555256;59,7;56,31657;44,03943
8708700;37,7;56,248613;44,048243
9565900;57,79;56,24104802;44,08181596
5158124;33,34;56,218299;44,026776
8309999;32,88;56,29791554;43,95222999
11142000;61,9;56,34248922;43,87483452
9565400;57,7;56,248613;44,048243
11693200;57,04;56,32791928;43,9515188
18582000;69,25;56,31575;44,07297
15331680;74,87;56,338475;43,866509
24893558;90,9;56,316144;44,04004
14990000;62;56,28337137;44,03038537
10964704;45,86;56,20553;43,89783
9861600;59,9;56,248613;44,048243
17515791;73,9;56,314057;43,969599
8694000;42;56,34248922;43,87483452
11246578;68,09;56,27839032;44,04282151
7290000;32;56,362352;43,855645
7599000;44,7;56,3655588;43,81770045
9633800;58;56,34287;43,84371
14380000;86,09;56,26167;44,01066
34800000;91,98;56,321007;44,002772
7190000;35;56,21896442;43,8191828
5449300;38,2;56,30701898;43,84878948
9533000;56,86;56,30292088;43,92679077
7767370;40,09;56,34287;43,84371
7009400;36;56,248613;44,048243
16135455;56,79;56,316144;44,04004
7241849,93;50,9;56,192049;43,891147
9160184;48,4;56,213576;44,024286
11353230;60,06;56,28461981;44,08324076
12207360;52,79;56,264368;43,865569
8140000;39,5;56,301947;43,93416
11313500;60,5;56,34249;43,8757
9090000;54,09;56,219673;43,817821
10274962;57,5;56,27275;44,052807
6672739;33,13;56,30973766;43,89619555
9722600;57,29;56,248613;44,048243
6891168,38;34,06;56,30947;43,89597
41268338;121,59;56,31203;43,98025
15596280;61,88;56,26581118;43,97614632
13898909;83,5;56,267757;44,020746
11120700;57;56,29794576;43,99971638
34938400;95,19;56,31182985;43,9804979
8115646;39,29;56,27275;44,052807
12892650;67,91;56,30531709;43,93552226
26244000;97,76;56,323163;44,035586
12674466;72,9;56,2689;44,03516
13570000;75,3;56,301196;44,084741
8100000;39;56,301947;43,93416
11284676;67;56,27275;44,052807
7102057;52,81;56,30701898;43,84878948
8511846;68,01;56,30701898;43,84878948
9827048;75,68;56,307363;43,849182
17754037;71,33;56,2847511;44,08343388
8854570;44,2;56,25403985;43,84835189
11567818;67;56,26879511;44,03422363
12966658;65,09;56,25403985;43,84835189
7190000;35;56,219673;43,817821
15794508;66,62;56,30433573;44,0063724
24291700;74,3;56,3138159;43,98840316
12162600;71,4;56,248613;44,048243
5203860;25,79;56,3655588;43,81770045
10574526;54,5;56,26943641;44,03506993
31788750;86,5;56,32262756;43,98838833
7215250;43,4;56,326729;44,00697
10123593;54,5;56,26848;44,03505
8859999;41,7;56,29714;43,95264
7816635;30,2;56,2689;44,03516
12162600;69,9;56,24626431;44,04936652
6299092;23,39;56,2689;44,03516
7982793;31,5;56,27275;44,052807
10982400;57,2;56,35170283;43,86971319
39753600;121,19;56,31182985;43,9804979
7130000;34,27;56,226179;43,852308
28795225;81,8;56,311111;44,002892
11516800;48,79;56,2597542;43,97880318
13410000;76,22;56,30117;44,08461
9828347;75,69;56,30808817;43,85052507
6374278;32,59;56,213576;44,024286
9069688;38;56,26879;44,03741
25549999;75,48;56,317538;43,972031
11147548;64,9;56,27275;44,052807
12060000;63,97;56,301196;44,084741
9651200;58;56,34288029;43,84374421
6036048;20,07;56,26386;43,86687
14839999;53,54;56,317662;43,971453
12193155;65,81;56,28388;44,08354
8596964;68,01;56,30701898;43,84878948
9614891;50,09;56,27948;44,04396
6082351;25,68;56,206619;43,899036
4877166,98;34,4;56,192049;43,891147
11205400;62,59;56,34249;43,8757
8261492;30,7;56,26943641;44,03506993
29990000;133,89;56,331721;43,947855
7171000;36,79;56,248613;44,048243
9388620;51,59;56,213576;44,024286
4817450;20,89;56,24104802;44,08181596
9329789;38,4;56,26393551;43,86626459
10695033;38,83;56,303911;44,000426
9297400;32,06;56,26581118;43,97614632
11245500;49;56,259928;43,978821
10340000;50,7;56,298507;44,089398
12470000;64,11;56,30135631;44,08432405
14739999;64,08;56,30243714;44,10379162
6116500;32,5;56,23986577;43,83607559
14825700;54,9;56,22432;43,940192
9881600;38,29;56,259928;43,978821
59240550;109,58;56,312315;43,975068
9691150;61,79;56,26131336;43,93982472
10531500;59,5;56,34249;43,8757
9597024;56,4;56,27275;44,052807
6416700;29,29;56,248613;44,048243
21760000;77,9;56,313696;43,986405
10268652;54,4;56,34263292;43,82861794
7900000;28,76;56,30117;44,08461
10336800;59,59;56,248613;44,048243
9919000;56,47;56,30322;43,92668
8430000;43,4;56,301947;43,93416
14355000;82,5;56,2460166;44,05111255
29990000;133,89;56,331721;43,947855
14490000;65,59;56,33165908;43,94786475
13376000;35,2;56,3044;43,99143
4387800;20,6;56,24178286;44,08224511
16972455;86,55;56,338475;43,866509
7840000;41,09;56,30292088;43,92679077
8180400;41,29;56,248613;44,048243
21985520;55,24;56,312315;43,975068
23790000;46,65;56,321079;44,002594
10590000;60;56,326305;43,910941
15009999;60,66;56,31772789;43,9715093
8974935;34,99;56,26393551;43,86626459
9480515;41,59;56,26899033;44,03733246
16638850;77,38;56,284208;44,083939
8466021;28,2;56,3102;44,09525
10312500;62,5;56,342399;43,874837
10577400;57,79;56,248613;44,048243
11390000;45,59;56,28337137;44,03038537
9039300;43,5;56,29794576;43,99971638
9700000;38,79;56,259928;43,978821
11020453;65,09;56,27275;44,052807
46273706;108,9;56,32262756;43,98838833
7902090;30;56,2689;44,03516
10291971;58,2;56,26848;44,03505
16822410;80,48;56,31535466;44,07307159
7385400;37,29;56,248613;44,048243
17679200;51,29;56,31445394;43,98671873
5762000;34,4;56,29172;43,85805
24293457;85,5;56,31643526;44,04015241
6299092;23,39;56,27275;44,052807
14429520;59,9;56,310445;43,938326
9565745;56,2;56,27275;44,052807
8360028;41,29;56,343269;43,829027
15009154;68,41;56,26393551;43,86626459
8058822;35,7;56,20553;43,89783
7600571;56,54;56,30701898;43,84878948
10635200;46;56,28376;43,93786
11790000;63,97;56,30117;44,08461
11790000;67,59;56,326305;43,910941
11116800;57,9;56,35168;43,87031
7283400;37,9;56,248613;44,048243
4734442;34,84;56,218299;44,026776
10456430;40;56,30433573;44,0063724
7300000;46,33;56,27825381;44,0972248
19449430;60,97;56,31535466;44,07307159
8204428;31,15;56,26386;43,86687
9833120;59,2;56,34288029;43,84374421
10726538;58,09;56,2689;44,03516
6496000;29;56,248613;44,048243
8442000;42;56,34249;43,8757
35131875;109,69;56,31071876;44,00346057
13954353;83,5;56,267757;44,020746
6078600;33;56,24104802;44,08181596
8168345;37,7;56,34263292;43,82861794
10890000;37,2;56,33151;43,947614
6882750;41,4;56,26131336;43,93982472
9007812;46,4;56,25423;43,848433
47051889;133,6;56,3132544;43,96930895
9848400;57,7;56,248613;44,048243
21985520;55,24;56,312848;43,97616
16279999;69,73;56,30219;44,10283
9122375;38,4;56,26393551;43,86626459
6186889;31,7;56,213576;44,024286
8966400;47,9;56,248613;44,048243
8048100;41,7;56,342399;43,874837
25514666;64;56,31203;43,98025
6036440;22,89;56,24189638;44,0811615
9418695;46,29;56,25397;43,84863
8004150;36,29;56,264368;43,865569
13964550;52,88;56,30422;44,00771
13132585;71,59;56,267757;44,020746
9010000;43,29;56,34738;43,923997
13952120;76,66;56,28473917;44,08328368
16249999;69,01;56,303802;44,100032
9190000;52,9;56,219673;43,817821
14990000;60,09;56,28337137;44,03038537
12092687;55,2;56,31076451;43,93833547
7165000;34,81;56,302004;43,925036
9759750;38,5;56,2597542;43,97880318
9054720;52,4;56,31279053;43,88630085
33472000;104,59;56,320289;43,978008
20143158;81,9;56,31646209;44,03935848
36802400;102,8;56,31182985;43,9804979
15564440;65,9;56,3102;44,09525
7404897;27,5;56,26859879;44,02192617
8200000;40,91;56,33208495;43,86430596
15228811;72,19;56,31076451;43,93833547
12217635;65,4;56,26859879;44,02192617
5178285;34,84;56,218299;44,026776
18388500;53,29;56,31055055;43,98939101
5515733;34,75;56,218299;44,026776
15600000;93,09;56,26167;44,01066
9104090;52,9;56,31279053;43,88630085
48088800;155,19;56,3138159;43,98840316
15419999;60,66;56,317662;43,971453
10992735;53,81;56,28461;44,08362
16534501;69,94;56,30422;44,00771
15113225;61,02;56,30433573;44,0063724
9614273;54,09;56,27275;44,052807
14600000;76,08;56,31397;43,87803
7598835;30,26;56,309039;43,895814
11501240;42,43;56,22432;43,940192
9622000;56,59;56,20607;43,81747
11910866;50,2;56,3102;44,09525
12180000;63,97;56,30135631;44,08432405
6911183,86;51,4;56,192049;43,891147
16890000;74,9;56,331721;43,947855
8213776;31,15;56,26393551;43,86626459
15770000;85;56,34634;43,92332
6642740;37,7;56,31279053;43,88630085
9060000;37,75;56,26386;43,86687
7613197;29,89;56,26848;44,03505
10067760;42,65;56,264368;43,865569
10402090;40,16;56,30433573;44,0063724
10475000;41,9;56,259928;43,978821
9160184;48,4;56,213576;44,024286
9990000;35,5;56,28337137;44,03038537
20691450;85,15;56,26581118;43,97614632
17503646;66,19;56,304802;43,998363
25346160;65,8;56,322604;43,98837
6577480;36,4;56,31279053;43,88630085
21645600;90,19;56,22432;43,940192
8992943;42,33;56,285791;43,92192
12674466;72,9;56,27275;44,052807
12044832;72,8;56,26848;44,03505
10840203;50,49;56,28473917;44,08328368
9990000;62;56,21896442;43,8191828
5993880;20,07;56,264368;43,865569
8059093;34,2;56,28021069;44,0435779
9090488;48,4;56,213576;44,024286
14992000;93,69;56,24606868;44,04796909
22529778;58;56,31203;43,98025
8822840;35,72;56,28473917;44,08328368
8664162;34,09;56,267757;44,020746
11272080;67;56,26862407;44,03502438
10555000;62,09;56,302004;43,925036
14828460;66,33;56,31575;44,07297
14756220;67,37;56,31535466;44,07307159
8241779;41;56,34263292;43,82861794
7800000;38,79;56,248613;44,048243
8400000;42;56,342399;43,874837
38020000;90,29;56,32122862;44,00254607
28404884;79,19;56,31122697;44,00286966
8732574;41,43;56,309039;43,895814
8595370;52,7;56,24178286;44,08224511
11210000;60,59;56,301947;43,93416
6620115,31;40,9;56,192049;43,891147
9070440;52,4;56,31279053;43,88630085
8390000;26,6;56,28337137;44,03038537
16900000;66,09;56,30443425;43,99120957
6027300;36,2;56,29202546;43,85822885
6279000;32,5;56,206879;43,878404
5699100;33;56,29172;43,85805
8620000;38,7;56,301947;43,93416
12297715;69;56,31052757;43,93759561
9273868;38,4;56,267757;44,020746
8089800;41,7;56,342399;43,874837
20143158;81,9;56,31646209;44,03935848
16399999;67,09;56,30219;44,10283
16275287;80,5;56,310445;43,938326
12275922;72,9;56,27275;44,052807
8884030;57,7;56,326729;44,00697
7732800;37;56,248613;44,048243
9614275;54,4;56,27275;44,052807
8849364;40,4;56,30531709;43,93552226
11990000;67,69;56,362352;43,855645
33334500;93,9;56,31182985;43,9804979
5951880;19,79;56,26393551;43,86626459
21639999;84,87;56,303802;44,100032
10519600;57,79;56,248613;44,048243
17760507;63,9;56,3132544;43,96930895
6855390;42,2;56,26131336;43,93982472
8700000;38,75;56,31397;43,87803
5764230;33,29;56,24178286;44,08224511
7690000;42,09;56,21896442;43,8191828
12374500;38,22;56,346691;43,929648
18360653;89,9;56,31052757;43,93759561
11990000;60;56,28337137;44,03038537
19902410;62,38;56,31535466;44,07307159
7040000;36,59;56,248613;44,048243
11817981;65,81;56,28461981;44,08324076
35787000;79;56,312315;43,975068
20768500;56,9;56,31182985;43,9804979
9425613;46,09;56,25403985;43,84835189
9627618;54,59;56,27275;44,052807
17649999;60,66;56,31772789;43,9715093
9565400;57,7;56,248613;44,048243
12064800;52,79;56,264368;43,865569
10123593;54,5;56,26848;44,03505
9634680;59,4;56,34287;43,84371
15710000;85;56,34688242;43,92365884
13650690;91,5;56,310445;43,938326
6490000;23,6;56,326305;43,910941
11781238;65,73;56,285791;43,92192
6482400;29,6;56,248613;44,048243
16399485;70,43;56,30422;44,00771
12092598;66,09;56,267757;44,020746
11911750;76,84;56,21115;43,82993
62842090;112,81;56,312848;43,97616
7115500;42,79;56,26131336;43,93982472
20500000;82,9;56,31270023;43,98472395
10582411;40;56,30422;44,00771
7809162;29,89;56,26879511;44,03422363
12790000;46,09;56,33161;43,94897
14779999;62,86;56,303802;44,100032
10088614;57,7;56,27839032;44,04282151
8180900;40,29;56,342399;43,874837
11796200;71,19;56,248613;44,048243
15609999;55,29;56,31772789;43,9715093
9299000;54,7;56,21162;43,83161
6439999;31,35;56,203071;43,896904
8250000;35,2;56,26167;44,01066
14443000;55,54;56,284208;44,083939
16289999;70,65;56,303802;44,100032
11635657;65,19;56,28021069;44,0435779
8720201;40,45;56,305213;43,936778
6629999;25,68;56,29714;43,95264
14300000;71,79;56,31397;43,87803
11658100;73;56,288639;43,813403
18902900;53,5;56,31445394;43,98671873
36882990;86,8;56,32262756;43,98838833
22089999;71,3;56,317538;43,972031
13557067;72,9;56,267757;44,020746
33485500;96,5;56,31182985;43,9804979
7058400;34,59;56,24606868;44,04796909
15050800;76,4;56,284208;44,083939
12568568;55,9;56,264368;43,865569
8681524;40,4;56,30531709;43,93552226
11142000;61,9;56,34249;43,8757
9460772;54,2;56,27275;44,052807
9597054;55,7;56,27275;44,052807
5449300;38,2;56,30701898;43,84878948
35945550;90,59;56,32262756;43,98838833
16790000;70,5;56,33165908;43,94786475
12539999;39,7;56,317538;43,972031
17770000;72,8;56,346553;43,929761
9340111;45;56,25403985;43,84835189
11278476;59,95;56,28473917;44,08328368
12010000;58;56,34634;43,92332
12718123;42,81;56,303802;44,100032
12570000;75,19;56,26183;44,010568
6718140;37,7;56,23986577;43,83607559
17300000;86,5;56,288071;43,986008
8035292;37,4;56,206619;43,899036
8232978;39;56,27275;44,052807
35470000;90,93;56,32122862;44,00254607
7023800;34,59;56,24606868;44,04796909
31133500;87,69;56,31182985;43,9804979
16119999;39,11;56,317662;43,971453
6622713;30,21;56,30973766;43,89619555
8816710;52,7;56,206879;43,878404
24139998;73,76;56,30243714;44,10379162
22388446;90,04;56,26581118;43,97614632
25645000;66,9;56,31203;43,98025
8453879;37,38;56,28473917;44,08328368
26009999;75,48;56,317538;43,972031
9751500;59,09;56,20607;43,81747
12477098;65,73;56,285791;43,92192
9155844;29,5;56,31076451;43,93833547
10628549;39,13;56,303911;44,000426
8651135;34,09;56,267757;44,020746
12222870;66,06;56,305213;43,936778
8323200;40,79;56,34249;43,8757
7959837;36,2;56,34263292;43,82861794
14810000;81,09;56,34634;43,92332
14915589;83,4;56,267757;44,020746
9438000;58,5;56,248613;44,048243
11996160;56,79;56,28376;43,93786
6012934;23,39;56,26862407;44,03502438
6616640;36,79;56,23986577;43,83607559
8159999;39,95;56,29714;43,95264
9548289;46,7;56,25397;43,84863
6137040;37,29;56,213576;44,024286
12451226;62,5;56,25403985;43,84835189
15869999;55,29;56,317662;43,971453
6334400;29,6;56,2455639;44,04924046
11923800;55,59;56,31052757;43,93759561
9425613;46,09;56,25423;43,848433
14517031;74,3;56,25423;43,848433
16282284;69,2;56,303911;44,000426
11532000;62;56,342399;43,874837
14786460;55,13;56,284208;44,083939
7690800;39;56,248613;44,048243
10127562;37,72;56,30433573;44,0063724
10500000;72,09;56,282062;44,083669
24239209;66,3;56,31122697;44,00286966
16742549;80,8;56,31076451;43,93833547
9581852;40,66;56,28388;44,08354
9810300;61,7;56,248613;44,048243
5990895;20,06;56,264368;43,865569
21059500;76,58;56,26581118;43,97614632
33880000;84,69;56,32358424;44,01900592
8020000;40,09;56,24626431;44,04936652
11101160;57,4;56,29766;43,99764
13111000;73,19;56,34688242;43,92365884
7690000;42,09;56,219673;43,817821
36323109;112,4;56,311111;44,002892
16233563;70,79;56,30422;44,00771
8546781;32,2;56,26899033;44,03733246
60768000;126,59;56,32358424;44,01900592
7904787;33;56,27275;44,052807
8097752;31,6;56,26879511;44,03422363
6158800;34,59;56,3655588;43,81770045
10835987;58,29;56,213576;44,024286
7023800;35,9;56,248613;44,048243
45278250;126,2;56,323163;44,035586
9155844;29,5;56,31076451;43,93833547
8660000;43,09;56,301947;43,93416
9597004;55,59;56,27857;44,04323
18439000;73,8;56,346691;43,929648
12232500;43,5;56,346691;43,929648
7452949;30,44;56,309039;43,895814
18000640;89,9;56,31076451;43,93833547
11390000;67,69;56,362352;43,855645
20419999;75,48;56,31772789;43,9715093
9150600;37,75;56,26393551;43,86626459
9790000;54,79;56,326305;43,910941
19474050;68,33;56,22432;43,940192
9260000;41,09;56,34634;43,92332
12205500;43,4;56,346691;43,929648
14933100;76,58;56,284208;44,083939
9562224;56;56,27839032;44,04282151
8346000;38,83;56,305213;43,936778
11880510;65,81;56,28473917;44,08328368
9647652;51,59;56,213576;44,024286
8997575;36,65;56,264368;43,865569
8120000;38,9;56,301947;43,93416
11761569;66,09;56,26859879;44,02192617
11790000;61,5;56,362352;43,855645
12987660;40,45;56,22432;43,940192
6186889;31,7;56,213576;44,024286
13109999;62,83;56,297006;43,953365
15560000;93,09;56,26183;44,010568
12153398;67;56,26943641;44,03506993
7820747;31,6;56,26862407;44,03502438
16359999;55,29;56,317662;43,971453
16290000;68,4;56,28337137;44,03038537
7270456;54,06;56,30701898;43,84878948
7385400;37,29;56,248613;44,048243
11078200;57,4;56,29794576;43,99971638
8250000;35,2;56,26185201;44,01021655
7166000;34,95;56,302004;43,925036
15329999;39,81;56,317662;43,971453
14650000;81,09;56,34738;43,923997
17390000;74,9;56,33165908;43,94786475
13449999;57,54;56,30243714;44,10379162
5990000;25;56,362352;43,855645
9235200;59,2;56,24532346;44,05083637
7174020;43,4;56,26131336;43,93982472
11041580;68,19;56,241339;44,079145
13400000;72,26;56,31397;43,87803
13269284;52,88;56,30433573;44,0063724
13319427;68,41;56,264368;43,865569
7729819;31;56,27948;44,04396
14490000;62;56,28337137;44,03038537
9110000;40,2;56,33084;43,88186
11640000;55,29;56,34738;43,923997
11390000;43,5;56,28337137;44,03038537
8065112;34,2;56,27275;44,052807
12001920;65,8;56,28461981;44,08324076
35138480;101,69;56,31203;43,98025
9814063;75,58;56,30714;43,84627
8053411;35,9;56,27275;44,052807
10790000;74,09;56,21925;43,8199
7722216;33,9;56,26848;44,03505
9480000;47,79;56,24655326;43,82747589
7600571;56,54;56,30701898;43,84878948
9680160;51,59;56,213576;44,024286
7890995;30,89;56,30512043;43,93979741
8220500;41,29;56,248613;44,048243
8677870;68,01;56,30701898;43,84878948
8891290;36,65;56,264368;43,865569
25739999;89,3;56,317538;43,972031
8112167;38,9;56,27839032;44,04282151
8510000;41,09;56,34634;43,92332
15247500;64,19;56,302203;43,94123
5179770;20,1;56,2414005;44,08051777
12432000;67,19;56,34248922;43,87483452
16178491;67,76;56,303911;44,000426
17760507;63,9;56,314057;43,969599
5910000;25,77;56,30292088;43,92679077
9831940;59,29;56,23986577;43,83607559
8260023;36,5;56,34341392;43,82983371
7078800;36,09;56,248613;44,048243
5246945,09;35,5;56,192049;43,891147
5968404;23,39;56,26848;44,03505
19342632;50,66;56,3130104;43,97606829
7897440;30;56,26879511;44,03422363
9579880;55,59;56,27856341;44,04353498
19141440;60,95;56,31535466;44,07307159
9608879;50,09;56,28021069;44,0435779
8633600;35,5;56,206879;43,878404
7635292;34,63;56,206619;43,899036
7940100;39,9;56,342399;43,874837
9986970;75,08;56,307363;43,849182
5969462,98;35,29;56,192049;43,891147
7762893;30,79;56,2689;44,03516
7690000;32;56,362352;43,855645
21160000;123,91;56,30135631;44,08432405
10877652;53;56,30925114;43,8959115
52465805;92,52;56,312315;43,975068
6752005,9;33,13;56,30947;43,89597
12769999;59,9;56,29786;43,953771
5392961;38,81;56,30701898;43,84878948
9041500;54,7;56,248613;44,048243
10480000;58,59;56,301983;43,933465
35824800;101,19;56,31182985;43,9804979
5989040;34,4;56,24104802;44,08181596
10430000;59,2;56,301983;43,933465
8260032;37,7;56,343269;43,829027
10820000;61,4;56,301983;43,933465
7589254;30,7;56,27275;44,052807
10790000;58,2;56,326305;43,910941
7926930;47,09;56,3655588;43,81770045
24567780;72,69;56,31071876;44,00346057
20776666;54,2;56,31203;43,98025
7696673;30,79;56,27275;44,052807
12590000;75,69;56,301983;43,933465
13490000;38,09;56,33165908;43,94786475
15464046;74,91;56,338475;43,866509
8260023;36,5;56,34341392;43,82983371
8029899;31,89;56,26879511;44,03422363
9448400;61,2;56,248613;44,048243
11190000;45,59;56,28337137;44,03038537
25093709;99,8;56,31668;44,04003
6566978;34,09;56,213576;44,024286
11147548;64,9;56,27841;44,04228
45080414;109,69;56,32262756;43,98838833
10790000;74,09;56,219673;43,817821
8152655;35;56,27275;44,052807
9448400;61,09;56,248613;44,048243
8261500;40,29;56,34248922;43,87483452
8919700;47,9;56,248613;44,048243
10299200;62,79;56,342399;43,874837
15919999;79,58;56,29714;43,95264
12843263;71,65;56,30925114;43,8959115
9500000;52,65;56,24655326;43,82747589
6753780;37,9;56,23986577;43,83607559
10549000;38,36;56,22432;43,940192
20957625;72;56,3144;43,976444
47845400;147,1;56,31445394;43,98671873
20066808;55,24;56,3130104;43,97606829
10500000;72,3;56,27825381;44,0972248
10990000;59,79;56,362352;43,855645
9090000;51,9;56,21896442;43,8191828
10806780;57,29;56,24189638;44,0811615
8262000;45,9;56,24606868;44,04796909
20287500;54,09;56,31067;43,98946
11807208;65,76;56,28461981;44,08324076
11532000;62;56,34248922;43,87483452
56918097;87,34;56,312315;43,975068
7990000;53,09;56,219673;43,817821
9093200;51;56,248613;44,048243
14670022;78,84;56,34293;43,832222
14039640;59,49;56,26581118;43,97614632
14681838;74;56,25403985;43,84835189
8239999;39,95;56,29714;43,95264
7490000;26,6;56,28337137;44,03038537
37560000;62,59;56,32358424;44,01900592
9691150;61,79;56,26131336;43,93982472
9565745;56,2;56,27275;44,052807
8562549;34,29;56,267757;44,020746
5145580;20,89;56,241339;44,079145
10390000;71,09;56,219673;43,817821
34795681;109,69;56,311111;44,002892
31793600;109,9;56,31445394;43,98671873
5951880;19,79;56,264368;43,865569
8670000;43,7;56,301947;43,93416
13150158;65;56,25397;43,84863
11040480;40,59;56,22432;43,940192
8054670;32,5;56,2689;44,03516
17890000;71,4;56,33161;43,94897
6040000;23,6;56,36230958;43,85553498
8988399;46,29;56,25423;43,848433
10336800;59,59;56,248613;44,048243
10103200;58,4;56,24626431;44,04936652
13254514;76,66;56,28473917;44,08328368
9193600;54,4;56,24606868;44,04796909
9112000;53,59;56,20607;43,81747
7074840;42,79;56,26131336;43,93982472
13371312;68,09;56,310445;43,938326
5362898;38,2;56,30701898;43,84878948
6949250;38,5;56,34288029;43,84374421
31621100;94,8;56,31071876;44,00346057
16393452;68,66;56,30422;44,00771
6009300;19,79;56,26386;43,86687
12568568;55,9;56,264368;43,865569
5600000;29,7;56,282062;44,083669
16658440;71,22;56,303911;44,000426
7490000;47;56,21896442;43,8191828
7215250;43,4;56,26131336;43,93982472
7517941;30,79;56,26848;44,03505
11590000;67,69;56,36230958;43,85553498
14316975;76,5;56,28388;44,08354
5590000;30,29;56,219673;43,817821
17007540;77,66;56,31535466;44,07307159
7369180;40,49;56,353144;43,825892
15929132;69,75;56,303911;44,000426
11529000;61;56,34248922;43,87483452
12659337;72,8;56,27275;44,052807
6012934;23,39;56,26862407;44,03502438
8037600;40,79;56,34249;43,8757
11354400;68,4;56,24606868;44,04796909
81185000;124,9;56,32262756;43,98838833
8644733;59,24;56,218299;44,026776
9301100;33,09;56,26581118;43,97614632
12157178;66,09;56,26859879;44,02192617
6673781;45,5;56,218299;44,026776
7373000;37,79;56,248613;44,048243
8884030;57,7;56,26131336;43,93982472
8060737;37,5;56,27275;44,052807
9320000;40,5;56,33084;43,88186
7790000;50,4;56,219673;43,817821
10456146;45,66;56,28461;44,08362
12064800;52,79;56,264368;43,865569
7950000;40,45;56,33208495;43,86430596
10033068;54,5;56,27275;44,052807
9409875;54,54;56,210993;43,830581
7954678;36,95;56,34267441;43,83190266
7505344;30,79;56,26862407;44,03502438
7658211;33;56,26862407;44,03502438
9490000;43,5;56,28337137;44,03038537
7824493;30,79;56,26879511;44,03422363
24759999;89,3;56,317538;43,972031
9647652;51,59;56,213576;44,024286
27145000;89;56,31055055;43,98939101
9490000;43,5;56,28337137;44,03038537
11185686;40,79;56,310445;43,938326
7613197;29,89;56,26848;44,03505
6924150;41,4;56,326729;44,00697
8665282;37,22;56,28388;44,08354
8990000;62,5;56,21896442;43,8191828
14970022;78,84;56,34267441;43,83190266
16983430;80,5;56,310445;43,938326
8115823;38,9;56,27856341;44,04353498
16710050;69,83;56,31575;44,07297
8549480;34,29;56,267757;44,020746
5659500;33;56,29172;43,85805
7222916;57,13;56,30701898;43,84878948
11870000;64,44;56,30117;44,08461
10280000;40,79;56,34738;43,923997
15070000;84,9;56,26185201;44,01021655
6381200;34,4;56,241339;44,079145
15601465;61,02;56,30422;44,00771
11658240;55,2;56,31695711;43,89662701
8386414;36,59;56,28021069;44,0435779
6193792;23,39;56,2689;44,03516
8168345;37,7;56,34263292;43,82861794
5449300;38,2;56,30701898;43,84878948
21319200;75,19;56,3144;43,976444
5013909,86;34,29;56,192049;43,891147
14664000;37,59;56,31182985;43,9804979
11385192;67,09;56,2689;44,03516
27039999;75,48;56,31772789;43,9715093
19279000;59,79;56,31445394;43,98671873
10459918;40,2;56,310445;43,938326
11560853;61,09;56,28021069;44,0435779
14579999;62,22;56,30219;44,10283
12128160;52,79;56,26393551;43,86626459
9459936;41,7;56,26899033;44,03733246
20820233;47,2;56,32262756;43,98838833
16380000;91,3;56,34738;43,923997
24885000;71,09;56,31182985;43,9804979
7902090;30;56,27275;44,052807
9460726;54,79;56,27857;44,04323
30130000;73,45;56,321079;44,002594
8620552;24,88;56,303911;44,000426
15090000;69,3;56,28337137;44,03038537
10018664;42,33;56,28585154;43,92193684
7490000;32;56,36230958;43,85553498
8053384;35,7;56,27275;44,052807
15315000;85,59;56,34738;43,923997
13132800;93;56,35170283;43,86971319
9235197;46,09;56,25423;43,848433
13217139;71,4;56,26859879;44,02192617
13890475;83,5;56,267757;44,020746
18765481;123,59;56,31052757;43,93759561
19475640;59,2;56,31071876;44,00346057
5834640;32,2;56,3655588;43,81770045
17478000;58,25;56,26581118;43,97614632
14266000;70;56,31695711;43,89662701
16273775;68,98;56,30433573;44,0063724
8450000;43,4;56,301947;43,93416
14212000;37,4;56,31182985;43,9804979
27900000;99;56,31270023;43,98472395
9810300;61,7;56,248613;44,048243
11831353;68,09;56,27857;44,04323
8997575;36,65;56,26393551;43,86626459
9814063;75,58;56,30808817;43,85052507
17890000;71,4;56,33165908;43,94786475
12086800;73,69;56,342399;43,874837
11314890;68,69;56,2414005;44,08051777
11911750;76,84;56,210993;43,830581
10513000;61,86;56,30292088;43,92679077
9667000;54,84;56,302004;43,925036
23736000;77,4;56,3138159;43,98840316
8993660;57,7;56,326729;44,00697
34229622;96,5;56,31203;43,98025
5117645;20,85;56,206619;43,899036
8660000;41,09;56,34634;43,92332
7690000;42,09;56,21896442;43,8191828
8115666;39;56,27841;44,04228
13290000;78,59;56,21925;43,8199
9469790;39,4;56,28461981;44,08324076
9749860;61,79;56,326729;44,00697
7102057;52,81;56,30701898;43,84878948
26339999;68,51;56,31772789;43,9715093
13030745;66;56,34293;43,832222
12039853;56,16;56,285791;43,92192
23130000;48,54;56,321007;44,002772
9390000;43,5;56,28337137;44,03038537
9048475;57,7;56,326729;44,00697
8627777;34,09;56,267757;44,020746
7768600;37;56,248613;44,048243
8779200;48,4;56,248613;44,048243
6299092;23,39;56,2689;44,03516
10864005,46;56,29;56,30947;43,89597
14764000;82,5;56,34738;43,923997
7613197;29,89;56,26848;44,03505
18786027;77,9;56,314057;43,969599
15010000;84,9;56,26183;44,010568
22629999;85,44;56,303802;44,100032
7517941;30,79;56,27275;44,052807
22009999;71,3;56,317538;43,972031
7408200;33,9;56,26879511;44,03422363
8121000;40,97;56,302004;43,925036
7215250;43,4;56,26131336;43,93982472
9568112;53,9;56,28021069;44,0435779
6070053;23,39;56,26862407;44,03502438
10518923;58,29;56,310445;43,938326
11432176;59,86;56,28388;44,08354
8750000;40,2;56,33086108;43,88152355
5117645;20,9;56,206619;43,899036
12151500;43,5;56,346631;43,929751
19720800;99,59;56,30986147;44,07436398
22903158;94,59;56,316144;44,04004
7719250;40,09;56,34288029;43,84374421
22816390;62,16;56,312315;43,975068
12904996;71,69;56,343269;43,829027
39860000;90,11;56,321007;44,002772
12990000;71,4;56,34634;43,92332
8392416;36,59;56,27948;44,04396
11598502;45,41;56,30433573;44,0063724
23370000;89,87;56,237519;43,958872
8392416;36,59;56,27948;44,04396
14138635;83,4;56,26859879;44,02192617
9668600;58;56,34287;43,84371
11731631;65,19;56,27948;44,04396
9784800;43,2;56,2597542;43,97880318
7933338;31,6;56,27275;44,052807
8160600;40,59;56,34248922;43,87483452
9162589;47,97;56,34293;43,832222
12158800;53,79;56,259928;43,978821
16689999;69,02;56,30243714;44,10379162
10582411;40;56,303911;44,000426
9131400;54,59;56,248613;44,048243
9039000;52,4;56,31279053;43,88630085
11740000;64,69;56,34738;43,923997
19207500;59,09;56,320026;43,977679
9562245;56,09;56,27839032;44,04282151
11271000;57,79;56,29766;43,99764
17626299;82,69;56,3102;44,09525
13790000;38,09;56,33165908;43,94786475
9040610;52,9;56,288639;43,813403
8491786;36,61;56,285791;43,92192
11147548;64,9;56,27841;44,04228
12919155;50,7;56,30422;44,00771
7807800;46,2;56,24532346;44,05083637
7804328,77;51,4;56,192049;43,891147
11077426;53,09;56,27275;44,052807
12589999;54,63;56,303802;44,100032
13050000;71,4;56,34688242;43,92365884
17510316;70,59;56,31668;44,04003
11468000;61;56,34249;43,8757
11731107;63,66;56,34293;43,832222
4628820;20,6;56,206879;43,878404
11279999;42,97;56,30219;44,10283
12326400;64,19;56,317233;44,068464
8483600;52,09;56,248613;44,048243
5449300;38,2;56,30701898;43,84878948
16513200;70,8;56,31575;44,07297
26557453;62,5;56,32262756;43,98838833
10288400;57,79;56,2460166;44,05111255
5449300;38,2;56,30701898;43,84878948
7576667;30,7;56,26862407;44,03502438
12720000;64,9;56,33086108;43,88152355
7598834,61;30,26;56,30902;43,89671
8115822;39;56,27856341;44,04353498
10829000;59,5;56,34248922;43,87483452
8460000;41,09;56,34688242;43,92365884
8669900;47,9;56,2455639;44,04924046
27210689;79;56,3130104;43,97606829
5848000;34,4;56,29202546;43,85822885
22832280;70,47;56,31535466;44,07307159
6290000;35,9;56,21896442;43,8191828
22265000;73;56,31055055;43,98939101
7779400;40,09;56,34288029;43,84374421
12638249;66,69;56,26899033;44,03733246
10836000;60,2;56,248613;44,048243
9020422;34,99;56,264368;43,865569
15009154;68,41;56,26386;43,86687
8850000;43,5;56,34634;43,92332
19990000;159,1;56,31439871;43,99775783
10464480;68,8;56,29172;43,85805
9614268;54;56,27275;44,052807
10519600;57,79;56,248613;44,048243
16615800;102,3;56,310445;43,938326
23587500;62,9;56,31182985;43,9804979
13290000;71,4;56,34688242;43,92365884
10566120;57,29;56,24189638;44,0811615
22306000;58,7;56,31182985;43,9804979
7882351;36,33;56,206619;43,899036
12190000;69,8;56,36230958;43,85553498
22041450;50,66;56,312848;43,97616
9490000;56,59;56,21925;43,8199
7920000;39,59;56,342399;43,874837
7330400;37,4;56,24606868;44,04796909
8863800;56,09;56,24532346;44,05083637
29251732;50,66;56,312848;43,97616
8036246;36,4;56,27856341;44,04353498
7412845;33,9;56,2689;44,03516
23425116;78,33;56,3130104;43,97606829
13231058;52,97;56,30433573;44,0063724
5294116;20,75;56,206619;43,899036
9720000;55,13;56,30221;43,92663
14992000;95;56,248613;44,048243
33344000;104,19;56,320026;43,977679
22629999;85,44;56,30243714;44,10379162
26100000;98,9;56,312649;43,984924
25118095;99,9;56,316144;44,04004
9149999;49,56;56,203071;43,896904
8681524;42,04;56,305213;43,936778
14570000;81,09;56,34688242;43,92365884
7690000;42,09;56,21925;43,8199
8112156;39;56,27839032;44,04282151
12001920;65,8;56,28473917;44,08328368
9562261;55,4;56,27839032;44,04282151
15509999;55,29;56,317538;43,972031
8187550;30,7;56,2597542;43,97880318
9144000;51;56,248613;44,048243
13175550;77,05;56,28473917;44,08328368
18063710;85,61;56,28461981;44,08324076
13368037;65,19;56,31076451;43,93833547
7762500;37,5;56,24626431;44,04936652
8115646;39,29;56,27275;44,052807
12669999;38,95;56,317538;43,972031
6254636;32,59;56,213576;44,024286
22012534;58,2;56,31203;43,98025
5840000;23,6;56,301983;43,933465
7385400;37,29;56,248613;44,048243
10544316;53,88;56,28388;44,08354
15549999;55,29;56,31772789;43,9715093
10956000;61,2;56,301947;43,93416
12325699;65,86;56,28461;44,08362
8148280;34,79;56,27948;44,04396
8553220;49,09;56,241339;44,079145
6049999;35,52;56,203071;43,896904
8779600;46,7;56,2455639;44,04924046
28925000;89;56,31067;43,98946
6223770;33,29;56,206879;43,878404
55705000;141,41;56,32262756;43,98838833
13235100;84,3;56,248613;44,048243
11831371;67,9;56,27275;44,052807
9882810;40,66;56,284208;44,083939
10588000;62,09;56,302004;43,925036
8546781;32,2;56,26899033;44,03733246
13109439;52,97;56,30433573;44,0063724
9719450;39,34;56,284208;44,083939
10246000;62,36;56,30292088;43,92679077
9290000;53,4;56,21896442;43,8191828
16742500;49,29;56,31445394;43,98671873
7098000;39;56,34287;43,84371
5374024;39,15;56,218299;44,026776
8951365;40,79;56,28473917;44,08328368
5763800;32,2;56,3655588;43,81770045
21756840;61,45;56,31535466;44,07307159
11943360;52,79;56,264368;43,865569
16991112;79,4;56,31052757;43,93759561
12227488;61,88;56,28461981;44,08324076
11312500;62,5;56,34248922;43,87483452
7668323;40,09;56,213576;44,024286
12991579;45,2;56,316144;44,04004
13030000;71,69;56,298507;44,089398
9470565;39;56,26859879;44,02192617
11860000;64,09;56,34688242;43,92365884
8053389;35,79;56,27275;44,052807
8163920;31,15;56,26393551;43,86626459
8191919;41,2;56,34263292;43,82861794
14271402;83,5;56,267757;44,020746
11366263,13;59,84;56,30947;43,89597
9144000;50,79;56,24529975;44,05240001
11731100;73;56,288639;43,813403
32573567;112,19;56,31041608;44,0737578
15690349;74,91;56,338475;43,866509
7115500;42,79;56,26131336;43,93982472
7951587;37,79;56,34293;43,832222
7115500;42,79;56,26131336;43,93982472
16190448;70,37;56,30433573;44,0063724
39351000;100,9;56,323563;44,01929
12313500;43,79;56,346631;43,929751
8729410;35,66;56,20553;43,89783
5211600;25,79;56,3655588;43,81770045
9919999;38,65;56,297006;43,953365
5645228,88;33,7;56,192049;43,891147
14690000;62,59;56,33161;43,94897
13940000;72,3;56,34634;43,92332
21018000;78,59;56,346631;43,929751
32098720;120,9;56,30477071;43,99820672
7939100;40,29;56,34249;43,8757
8242680;44,7;56,23986577;43,83607559
24567780;72,69;56,31071876;44,00346057
12232500;43,5;56,346553;43,929761
18582000;69,25;56,31575;44,07297
26557453;62,5;56,32262756;43,98838833
7345800;37,09;56,248613;44,048243
8220500;41,29;56,248613;44,048243
8665282;37,22;56,28461981;44,08324076
13370000;63,81;56,33208495;43,86430596
17841610;84,59;56,31052757;43,93759561
9103290;57,7;56,326729;44,00697
5979600;19,79;56,26386;43,86687
7860000;36,9;56,301983;43,933465
12622000;77,68;56,30322;43,92668
8690000;35,4;56,28337137;44,03038537
8092309;37,29;56,27839032;44,04282151
10555000;62,09;56,30322;43,92668
10020000;43,18;56,301196;44,084741
11761000;61,9;56,34248922;43,87483452
11391200;49,09;56,259928;43,978821
8060747;37,4;56,27857;44,04323
16214734;69,08;56,30433573;44,0063724
11265800;61,9;56,342399;43,874837
32079999;122,62;56,317662;43,971453
15497199;54;56,3132544;43,96930895
8518251;38,68;56,30531709;43,93552226
8199998;37,45;56,206619;43,899036
22056840;61,45;56,31575;44,07297
6527518,9;28,28;56,30947;43,89597
6428500;29,89;56,24626431;44,04936652
14708700;41,54;56,31535466;44,07307159
9282800;46,09;56,25397;43,84863
10990000;59,79;56,326305;43,910941
11319330;66;56,267757;44,020746
5308196;38,2;56,30701898;43,84878948
23404645;72,69;56,3155383;43,97024169
14509560;55,38;56,2847511;44,08343388
11482351;49,56;56,20553;43,89783
11943360;52,79;56,26386;43,86687
10558961;49;56,30546;43,94094
19587618;94,19;56,310445;43,938326
25422000;66,9;56,31182985;43,9804979
8908000;52,4;56,211443;43,831695
15070500;76,5;56,284208;44,083939
19789999;84,9;56,30219;44,10283
21910851;62,16;56,3130104;43,97606829
11223857;55,7;56,3102;44,09525
16514156;51;56,311111;44,002892
11905000;77,38;56,30292088;43,92679077
33352659;115,9;56,314057;43,969599
5910523,16;35,5;56,192049;43,891147
7880000;40;56,342399;43,874837
9919000;56,47;56,302004;43,925036
6254636;32,59;56,213576;44,024286
10780740;60,59;56,34288029;43,84374421
9686000;58;56,34287;43,84371
12225205;54,65;56,26386;43,86687
13328252;84,09;56,267757;44,020746
9823167;53,2;56,28021069;44,0435779
6416700;29,29;56,24626431;44,04936652
13077225;51,75;56,28447;44,0845
16399485;71,79;56,303911;44,000426
9418987;75,08;56,30651799;43,84720161
8561505;32,4;56,26899033;44,03733246
11750045;61,29;56,343269;43,829027
10291971;58,2;56,27275;44,052807
8480006;42,79;56,343269;43,829027
9439999;49,72;56,29714;43,95264
11540000;58;56,34634;43,92332
9690000;45,7;56,28337137;44,03038537
5587615,13;37,5;56,192049;43,891147
11572441;67;56,27275;44,052807
12659999;50,34;56,30219;44,10283
7215250;43,4;56,26131336;43,93982472
15721062;54,7;56,314057;43,969599
16522800;70,25;56,30422;44,00771
8220500;41,29;56,248613;44,048243
16723879;86,3;56,25397;43,84863
8307900;47,2;56,248613;44,048243
15471089;80,59;56,28585154;43,92193684
14447193;54,09;56,3155383;43,97024169
13393500;47,79;56,346553;43,929761
5063025,12;34,09;56,192049;43,891147
13562770;54,9;56,26581118;43,97614632
10765096;51,2;56,34267441;43,83190266
10755004;52;56,34341392;43,82983371
11390000;73,9;56,219673;43,817821
7385400;37,29;56,248613;44,048243
23804287;62,16;56,3130104;43,97606829
7838400;38;56,248613;44,048243
9180900;37,79;56,31076451;43,93833547
14969999;55,29;56,31772789;43,9715093
10000000;72,3;56,282062;44,083669
8836872;48,4;56,213576;44,024286
8163920;31,15;56,264368;43,865569
8357440;43,97;56,305213;43,936778
7505344;30,79;56,26862407;44,03502438
7690800;37,7;56,24626431;44,04936652
11111627;65,76;56,305213;43,936778
10459918;40,2;56,31052757;43,93759561
14690000;84,9;56,26167;44,01066
12980000;72,09;56,298573;44,089524
7034180;42,79;56,326729;44,00697
16549999;60,66;56,31772789;43,9715093
16739999;60,66;56,317538;43,972031
26939880;63,4;56,32262756;43,98838833
16790000;70,5;56,33161;43,94897
13059364;60;56,3102;44,09525
32344719;50,18;56,312848;43,97616
15299999;67,05;56,30243714;44,10379162
11147544;64,8;56,27841;44,04228
13405436;60,5;56,3102;44,09525
13320000;76,33;56,30117;44,08461
8144810;37;56,30531709;43,93552226
32170000;66,43;56,321079;44,002594
9495090;45,86;56,32791928;43,9515188
10390000;71,09;56,21896442;43,8191828
9060000;37,75;56,264368;43,865569
5750000;28,53;56,27825381;44,0972248
8700000;43,09;56,301947;43,93416
14659677;83,5;56,267757;44,020746
9088020;52,2;56,23986577;43,83607559
36024000;79;56,312315;43,975068
8051000;41,5;56,34249;43,8757
28500643;81,9;56,311111;44,002892
9197947;45,7;56,28021069;44,0435779
6082642;23,39;56,27275;44,052807
9549600;62,79;56,326729;44,00697
18000640;89,9;56,31076451;43,93833547
7489000;36,84;56,302004;43,925036
26686400;69,8;56,31203;43,98025
9547669;46;56,25403985;43,84835189
11567818;67;56,26879511;44,03422363
10424925;28,89;56,314057;43,969599
7829113;30,79;56,2689;44,03516
10892800;59,2;56,34249;43,8757
12276000;52,79;56,26386;43,86687
5272150;38,31;56,30701898;43,84878948
15726880;43,72;56,31575;44,07297
12109900;65,09;56,31076451;43,93833547
5172900;25,79;56,3655588;43,81770045
9112000;53,59;56,20607;43,81747
7755340;40,09;56,34287;43,84371
12162600;71,4;56,248613;44,048243
7509000;39,36;56,30292088;43,92679077
17830900;51,29;56,313696;43,986405
9006030;36,29;56,26386;43,86687
15339678;84,19;56,310445;43,938326
14730000;81,09;56,34634;43,92332
9749860;61,79;56,326729;44,00697
8139917;35,79;56,27841;44,04228
6748173;36,09;56,213576;44,024286
19602550;61,45;56,31535466;44,07307159
10184400;62,09;56,342399;43,874837
21160000;123,31;56,301196;44,084741
12053700;68,09;56,342399;43,874837
14737416;83,5;56,26859879;44,02192617
15946398;76,5;56,310445;43,938326
20828500;54,09;56,31055055;43,98939101
15085700;95;56,248613;44,048243
15794508;66,62;56,30433573;44,0063724
19392736;91;56,310445;43,938326
9239999;41,84;56,29791554;43,95222999
9110000;43,29;56,34688242;43,92365884
8214900;41,7;56,342399;43,874837
8918951;34,99;56,26393551;43,86626459
15849011;67,05;56,30422;44,00771
25239999;75,48;56,31772789;43,9715093
8135400;44,7;56,23986577;43,83607559
25488000;70,8;56,31182985;43,9804979
7755340;40,09;56,34288029;43,84374421
8826300;46,7;56,2455639;44,04924046
6385500;38,7;56,29202546;43,85822885
6033042;20,06;56,26386;43,86687
8260023;36,5;56,343269;43,829027
12147837;72,9;56,26862407;44,03502438
11271000;57,79;56,297828;43,998842
37777000;102,09;56,31182985;43,9804979
6299092;23,39;56,2689;44,03516
24156000;73,19;56,31055055;43,98939101
8218875;35;56,28021069;44,0435779
7488000;36;56,2455639;44,04924046
6804090;41,4;56,26131336;43,93982472
7215250;43,4;56,26131336;43,93982472
8890000;19,6;56,33161;43,94897
6390000;30,39;56,21925;43,8199
11978948;75,4;56,26848;44,03505
11884500;69,5;56,2455639;44,04924046
9702000;38,5;56,2597542;43,97880318
8990000;51,9;56,219673;43,817821
14372235;72,9;56,26859879;44,02192617
16439999;60,66;56,317538;43,972031
11978948;75,4;56,27275;44,052807
15050000;84,9;56,26183;44,010568
8020000;40,97;56,30322;43,92668
13014540;65,73;56,284208;44,083939
7941175;36,33;56,206619;43,899036
23384000;63,2;56,322604;43,98837
16522800;70,25;56,30422;44,00771
7174020;43,4;56,326729;44,00697
10891093;43,59;56,3102;44,09525
6924150;41,4;56,326729;44,00697
22766551;91,3;56,31646209;44,03935848
10290000;59,49;56,30236615;43,92655474
22990000;91,5;56,331721;43,947855
7200000;35,18;56,225364;43,853181
7283400;37,9;56,248613;44,048243
7590000;48,7;56,21925;43,8199
8943600;51,4;56,2414005;44,08051777
9587700;47,7;56,248613;44,048243
11142000;61,9;56,342399;43,874837
46187100;138,69;56,32212221;44,00585602
14748489;76,56;56,33208495;43,86430596
11312500;62,5;56,34249;43,8757
20968200;105,9;56,30986147;44,07436398
15977895;59,2;56,314057;43,969599
8602320;49,09;56,206879;43,878404
7640000;32;56,36230958;43,85553498
8281200;41,2;56,342399;43,874837
10594745;38,95;56,303911;44,000426
9566000;56,7;56,30292088;43,92679077
7576667;30,7;56,26862407;44,03502438
16534501;71,38;56,303911;44,000426
9164540;38,5;56,267757;44,020746
4956000;23,6;56,23986577;43,83607559
13132585;71,59;56,267757;44,020746
12910000;69,69;56,34738;43,923997
9246300;75,48;56,30701898;43,84878948
10940000;58,2;56,36230958;43,85553498
8295030;30;56,269185;44,03513
12410000;64,44;56,301196;44,084741
6567032,62;29,15;56,30902;43,89671
22379400;77,5;56,3138159;43,98840316
12266400;53,79;56,2597542;43,97880318
7031612;28;56,27275;44,052807
16119999;39,11;56,317538;43,972031
15640000;93,09;56,26167;44,01066
8660000;41,29;56,301983;43,933465
73080000;174;56,32358424;44,01900592
11831371;67,8;56,27857;44,04323
11105220;40,52;56,26581118;43,97614632
35295000;108,59;56,31055055;43,98939101
6566000;35;56,206879;43,878404
7171000;36,79;56,248613;44,048243
9448400;59,79;56,24606868;44,04796909
6563375;48,81;56,218299;44,026776
12162020;75,4;56,34287;43,84371
7135500;35,5;56,24606868;44,04796909
34013160;88,3;56,322604;43,98837
5990895;20,06;56,26386;43,86687
8483600;50,79;56,24606868;44,04796909
6845300;38,5;56,34288029;43,84374421
18814000;81;56,114343;43,494987
11834000;61;56,34248922;43,87483452
16252500;58,5;56,346691;43,929648
9791800;56,59;56,24626431;44,04936652
14283904;56,2;56,31041608;44,0737578
19688500;84,5;56,26581118;43,97614632
10973249;64,69;56,27856341;44,04353498
8900030;46,4;56,343269;43,829027
9176610;49,9;56,2414005;44,08051777
9614268;54;56,27275;44,052807
17543242;65,8;56,314057;43,969599
8214900;41,7;56,342399;43,874837
12207360;52,79;56,26393551;43,86626459
8474400;49,5;56,206879;43,878404
7990000;50,9;56,219673;43,817821
6963495;53,34;56,30701898;43,84878948
6428500;29,89;56,248613;44,048243
10140000;46,59;56,29863728;44,08843568
13140000;72,3;56,34688242;43,92365884
7987365;34,79;56,27948;44,04396
12178500;43,79;56,346691;43,929648
12840000;63;56,34688242;43,92365884
6118377;45,5;56,218299;44,026776
7990000;40,2;56,219673;43,817821
24269999;89,3;56,317662;43,971453
10340000;59,4;56,30236615;43,92655474
12030000;63,97;56,301196;44,084741
8400000;51,59;56,248613;44,048243
11049760;67,59;56,27856341;44,04353498
6127660;34,59;56,3655588;43,81770045
8360028;41,29;56,34272274;43,82913634
11637200;61,9;56,34249;43,8757
5416527;38,2;56,30701898;43,84878948
17712362;59,7;56,31657;44,03943
9320625;45,2;56,25403985;43,84835189
8261500;30,7;56,259928;43,978821
11790000;46,09;56,33165908;43,94786475
11346663;43,7;56,30422;44,00771
8050055;32,5;56,26879511;44,03422363
7813796;29,89;56,27275;44,052807
10846818;37,15;56,30422;44,00771
9627618;54,59;56,27948;44,04396
13518288;84;56,267757;44,020746
6452800;29,6;56,248613;44,048243
8000000;40,25;56,31397;43,87803
5630000;22,2;56,301983;43,933465
6072000;34,5;56,3655588;43,81770045
15368000;68;56,259928;43,978821
28144500;97,05;56,323163;44,035586
11286000;68,4;56,24606868;44,04796909
5933640;20,07;56,26393551;43,86626459
9614268;54;56,27275;44,052807
13826598;83,5;56,267757;44,020746
12740000;76,3;56,26167;44,01066
6740760;37,7;56,23986577;43,83607559
8040280;59,83;56,30701898;43,84878948
16469845;70,47;56,303911;44,000426
8190000;42;56,21925;43,8199
9614241;54,59;56,27841;44,04228
7853982;32,5;56,26848;44,03505
11986953;65,23;56,309039;43,895814
16272683;61,7;56,3132544;43,96930895
11242400;61,09;56,342399;43,874837
7303650;27,6;56,26859879;44,02192617
6070740;36,2;56,29172;43,85805
13080270;65,73;56,284208;44,083939
10395200;59,59;56,248613;44,048243
8092275;37,4;56,27839032;44,04282151
13949040;55,2;56,28447;44,0845
8281200;41,2;56,34249;43,8757
8694000;42;56,34249;43,8757
5606400;21,89;56,24606868;44,04796909
14441330;54,9;56,26581118;43,97614632
29977000;96,69;56,323163;44,035586
11490000;46,09;56,33165908;43,94786475
7277956;49,63;56,218299;44,026776
32463264;99,59;56,311111;44,002892
16979999;60,66;56,317538;43,972031
17316560;69,73;56,31575;44,07297
18627858;79,69;56,3132544;43,96930895
21689999;81,76;56,303802;44,100032
6334400;29,6;56,2455639;44,04924046
11930000;65,08;56,30117;44,08461
10230600;57,79;56,2460166;44,05111255
12593846;64,9;56,25423;43,848433
7791000;38,29;56,248613;44,048243
15850000;95,09;56,26183;44,010568
4367200;20,6;56,24178286;44,08224511
14162797;54,5;56,3155383;43,97024169
9051859;46,25;56,34267441;43,83190266
12853867;65,19;56,25403985;43,84835189
10003600;57,29;56,248613;44,048243
7373767;27,5;56,26859879;44,02192617
9700000;43,5;56,34738;43,923997
9438000;58,5;56,248613;44,048243
16380000;91,3;56,34688242;43,92365884
9690000;46;56,28337137;44,03038537
5141175;21,01;56,206619;43,899036
16995376;83,98;56,28461981;44,08324076
13030000;73,9;56,26183;44,010568
10263000;62,2;56,34248922;43,87483452
8470000;40,79;56,301983;43,933465
16049704;88,19;56,25403985;43,84835189
41796000;121,5;56,31182985;43,9804979
7982792;31,6;56,27275;44,052807
22837500;72,5;56,31067;43,98946
11590000;67,69;56,362352;43,855645
6193792;23,39;56,2689;44,03516
24803800;89,69;56,316144;44,04004
10700000;75,08;56,30639313;43,84588019
9562224;56;56,27839032;44,04282151
33836400;96,4;56,31182985;43,9804979
6279000;29,89;56,2455639;44,04924046
7040000;35,2;56,24606868;44,04796909
8152655;35;56,27275;44,052807
7850000;37,2;56,301983;43,933465
8095791;37,4;56,27841;44,04228
13958100;59,65;56,22432;43,940192
13149999;54,95;56,303802;44,100032
12448800;58,5;56,341317;43,844814
19476000;54,09;56,31055055;43,98939101
25171200;68,4;56,31203;43,98025
9014433;28,98;56,303911;44,000426
8891290;36,65;56,26393551;43,86626459
14852480;43,72;56,31575;44,07297
7115500;42,79;56,326729;44,00697
16131481;49,59;56,31071876;44,00346057
8256600;41,7;56,342399;43,874837
10190000;62,4;56,21896442;43,8191828
7070587;32,81;56,206619;43,899036
6116500;32,5;56,23986577;43,83607559
8500229;59,24;56,218299;44,026776
8038800;39,59;56,34248922;43,87483452
7390000;37,09;56,326305;43,910941
8918951;34,99;56,26393551;43,86626459
11486849;67,09;56,27275;44,052807
7818200;40,29;56,34249;43,8757
7115500;42,79;56,26131336;43,93982472
10388932;58,2;56,27275;44,052807
11978948;75,4;56,26848;44,03505
12044832;72,8;56,27275;44,052807
18823528;83,94;56,303802;44,100032
33417000;79;56,312848;43,97616
9388669;40,66;56,28461981;44,08324076
9585650;40,79;56,284208;44,083939
7093000;35,9;56,248613;44,048243
8352940;37,45;56,206619;43,899036
8632952;46,4;56,34263292;43,82861794
9149999;33,68;56,29786;43,953771
7708000;38,9;56,248613;44,048243
6985350;38,7;56,34288029;43,84374421
15790500;60,5;56,22432;43,940192
8450200;50,59;56,24606868;44,04796909
13529999;50,9;56,30219;44,10283
9500066;46,7;56,25397;43,84863
11080100;61,9;56,34249;43,8757
7726280;46,59;56,29202546;43,85822885
16760000;93;56,26167;44,01066
7164960;40,86;56,353144;43,825892
9010925;37,75;56,264368;43,865569
8601600;51,2;56,20586328;43,81749283
10242096;57,7;56,27841;44,04228
11520760;58,59;56,29766;43,99764
9323600;57,2;56,24606868;44,04796909
9572500;56;56,248613;44,048243
8400000;51,59;56,248613;44,048243
16273775;68,98;56,30433573;44,0063724
10620593;42,7;56,31076451;43,93833547
21771425;89,69;56,316144;44,04004
10478759;40,16;56,30422;44,00771
8986753;39,95;56,30925114;43,8959115
12612600;64,76;56,305213;43,936778
11718000;62;56,34248922;43,87483452
7008570;38,7;56,34287;43,84371
14731080;55,13;56,284208;44,083939
6385500;38,7;56,29172;43,85805
11301910;76,69;56,326729;44,00697
12285320;54,65;56,26393551;43,86626459
8100000;28,8;56,301196;44,084741
12048920;75,4;56,34288029;43,84374421
28042140;78,33;56,312848;43,97616
16103642;74,37;56,338475;43,866509
10159607;37,66;56,30433573;44,0063724
10845000;62,2;56,301947;43,93416
25134100;78,4;56,313696;43,986405
16381340;93,44;56,34267441;43,83190266
11487498;50,66;56,20553;43,89783
8499020;40,9;56,206879;43,878404
21089500;82;56,346631;43,929751
18732000;89,19;56,2597542;43,97880318
17905500;86,5;56,30443425;43,99120957
6882750;41,4;56,26131336;43,93982472
10213027;54,5;56,27275;44,052807
8322309;30,7;56,269185;44,03513
9363345;46,5;56,25403985;43,84835189
26267400;78,4;56,313696;43,986405
29990000;133,89;56,33165908;43,94786475
9814063;75,58;56,307363;43,849182
30707000;174;56,34634;43,92332
11394800;48,79;56,259928;43,978821
12810000;75,5;56,301983;43,933465
13333733;44,43;56,31772789;43,9715093
7670400;38,9;56,248613;44,048243
9986228;39,79;56,3102;44,09525
15832597;79,8;56,25423;43,848433
14416017;49,59;56,3132544;43,96930895
8444700;49,5;56,24178286;44,08224511
6640000;23,6;56,326305;43,910941
12290000;60;56,28337137;44,03038537
10390000;58,2;56,362352;43,855645
5445200;38,58;56,30701898;43,84878948
9371226;46,66;56,34293;43,832222
15990000;71,5;56,331721;43,947855
11366650;49,09;56,259928;43,978821
145000000;279,2;56,323563;44,01929
6962130;38,7;56,34288029;43,84374421
23214040;71,86;56,31575;44,07297
5850000;29,7;56,27825381;44,0972248
8221195;42,79;56,34263292;43,82861794
27959686;65,8;56,32262756;43,98838833
13411763;64,73;56,20553;43,89783
23437000;83,9;56,3138159;43,98840316
12909373;62,83;56,29791554;43,95222999
7979400;40,29;56,342399;43,874837
11116800;57,9;56,35170283;43,86971319
8690000;56;56,22052462;43,82012158
9882810;40,66;56,284208;44,083939
11205400;62,59;56,34248922;43,87483452
8664162;34,09;56,267757;44,020746
9290000;51,09;56,22052462;43,82012158
7806334;30,7;56,2689;44,03516
31793600;109,9;56,313696;43,986405
9090000;62,29;56,21896442;43,8191828
19294212;59,2;56,31071876;44,00346057
12452960;59,61;56,284208;44,083939
7091769;29,97;56,28473917;44,08328368
9619720;55;56,27275;44,052807
10296000;57,2;56,24529975;44,05240001
11884500;69,5;56,2455639;44,04924046
8815375;46,2;56,27948;44,04396
13029247;65,4;56,25423;43,848433
11689999;54,81;56,297006;43,953365
7180000;35,18;56,225364;43,853181
28960000;66,15;56,321079;44,002594
13800000;76,04;56,30135631;44,08432405
12266400;53,79;56,259928;43,978821
11690000;67,69;56,326305;43,910941
12890000;67,69;56,362352;43,855645
7912800;47,09;56,3655588;43,81770045
8152655;35;56,27275;44,052807
9678600;57,7;56,248613;44,048243
12100662;66,09;56,267757;44,020746
8600000;38,4;56,301947;43,93416
9460737;54,09;56,27275;44,052807
11950100;73;56,288639;43,813403
9300000;55,7;56,301947;43,93416
6129585;31,89;56,213576;44,024286
5171760;19,79;56,26393551;43,86626459
27200000;104;56,31270023;43,98472395
33352659;115,9;56,3155383;43,97024169
10890000;59,79;56,362352;43,855645
8494200;42,9;56,34248922;43,87483452
6882750;41,4;56,26131336;43,93982472
8060725;37,59;56,27275;44,052807
7347000;31;56,24626431;44,04936652
13258190;47,79;56,346631;43,929751
18043956;88,19;56,338475;43,866509
15476880;43,72;56,31535466;44,07307159
8360000;56,5;56,219673;43,817821
9193600;54,4;56,24606868;44,04796909
8960000;39;56,26183;44,010568
38200000;86,16;56,321079;44,002594
11124520;57,63;56,32791928;43,9515188
11920000;64,09;56,34738;43,923997
28960000;66,15;56,321007;44,002772
14626580;54,59;56,3155383;43,97024169
10990000;36,09;56,33165908;43,94786475
9233477;39,34;56,28461;44,08362
8280000;39,9;56,301947;43,93416
14372235;72,9;56,267757;44,020746
7323300;32,2;56,248613;44,048243
12044147;66,09;56,267757;44,020746
10080400;65,3;56,248613;44,048243
30705000;89;56,31055055;43,98939101
9240987;49,79;56,27275;44,052807
11286000;57;56,29794576;43,99971638
11095654;32,4;56,31646209;44,03935848
10062060;75,08;56,30714;43,84627
18678737;74,19;56,30986147;44,07436398
6901200;32,4;56,24606868;44,04796909
9720000;55,13;56,30221;43,92663
9443591;54,2;56,27856341;44,04353498
7724160;44,7;56,3655588;43,81770045
7737570;44,7;56,3655588;43,81770045
5105881;21,01;56,206619;43,899036
12853680;43,72;56,31535466;44,07307159
9457500;39;56,267757;44,020746
11895000;61;56,34249;43,8757
6868800;32,4;56,24606868;44,04796909
8053834;36,5;56,34263292;43,82861794
11670372;69,19;56,27275;44,052807
9444000;57,15;56,30292088;43,92679077
11000000;72,09;56,27825381;44,0972248
12003210;59,09;56,28376;43,93786
21450000;79,19;56,313696;43,986405
6279000;32,5;56,241339;44,079145
13242320;65,73;56,284208;44,083939
25920000;57,59;56,323563;44,01929
8500000;35,2;56,26167;44,01066
8141175;37,45;56,206619;43,899036
12869999;54,95;56,30219;44,10283
8890000;50,09;56,219673;43,817821
10105344;51,59;56,338475;43,866509
9000000;44;56,26167;44,01066
16275287;80,5;56,31052757;43,93759561
8026245;41;56,34267441;43,83190266
10527416;40,16;56,30422;44,00771
9790000;44;56,28337137;44,03038537
12285320;54,65;56,264368;43,865569
18019600;52,29;56,31445394;43,98671873
11020453;65,09;56,27857;44,04323
8357440;39,02;56,30531709;43,93552226
9072350;52,9;56,288639;43,813403
17590500;50,59;56,313696;43,986405
16500000;93,34;56,30135631;44,08432405
15187020;68,41;56,264368;43,865569
8788200;58,2;56,29202546;43,85822885
13909999;39,68;56,317662;43,971453
19082499;79,93;56,30219;44,10283
9616400;58;56,34287;43,84371
7933337;31,7;56,26848;44,03505
15181440;104,8;56,35170283;43,86971319
15786795;55,9;56,3155383;43,97024169
9817500;38,5;56,2597542;43,97880318
8974935;34,99;56,264368;43,865569
8897130;36,29;56,26393551;43,86626459
11320000;60,4;56,301947;43,93416
9749860;61,79;56,326729;44,00697
10646720;47,52;56,31575;44,07297
6790000;42,09;56,219673;43,817821
9460746;54;56,27857;44,04323
9565400;56,59;56,2455639;44,04924046
9540000;47,7;56,248613;44,048243
9088220;52,9;56,288639;43,813403
10254200;64,9;56,20607;43,81747
10242096;57,7;56,27275;44,052807
8779600;47,9;56,248613;44,048243
6304800;29,6;56,2455639;44,04924046
18435698;53,5;56,31071876;44,00346057
11711683;62;56,25403985;43,84835189
11769999;48,27;56,30219;44,10283
18019600;52,29;56,313696;43,986405
19260105;79,9;56,31646209;44,03935848
10753840;58,7;56,24189638;44,0811615
7959600;39,59;56,342399;43,874837
18617130;71,25;56,284208;44,083939
7980000;37,59;56,301983;43,933465
5890000;35,09;56,21896442;43,8191828
7702000;39,18;56,30292088;43,92679077
20558000;115,09;56,34738;43,923997
7178157;36,9;56,213576;44,024286
16789500;61,5;56,26581118;43,97614632
16534501;69,94;56,30422;44,00771
8945855;44,2;56,25403985;43,84835189
9800000;73,3;56,27825381;44,0972248
12285320;54,65;56,26393551;43,86626459
19603123;67,29;56,31772789;43,9715093
10467236;52;56,34263292;43,82861794
7752940;34,63;56,206619;43,899036
10726538;58,09;56,2689;44,03516
6821650;39,5;56,31279053;43,88630085
8040280;59,83;56,30701898;43,84878948
7854000;46,2;56,24532346;44,05083637
9460760;54,59;56,27857;44,04323
11351550;56,9;56,29794576;43,99971638
6845490;41,4;56,326729;44,00697
8599989;47,09;56,34263292;43,82861794
34151000;96,19;56,31182985;43,9804979
16204253;70,43;56,30433573;44,0063724
10607659;65,9;56,27839032;44,04282151
8892285;38,04;56,28461;44,08362
26735050;75,3;56,312315;43,975068
10348400;63,09;56,342399;43,874837
7166000;34,95;56,30322;43,92668
11429600;62,79;56,34248922;43,87483452
10126500;39,25;56,2847511;44,08343388
26500300;81,09;56,3138159;43,98840316
8291676;31,15;56,26393551;43,86626459
15022168;61,22;56,30433573;44,0063724
8690000;45,59;56,301947;43,93416
8200000;39,11;56,31397;43,87803
8100000;28,8;56,30135631;44,08432405
8285444;31,15;56,264368;43,865569
10860000;55,9;56,34688242;43,92365884
9455400;51,5;56,206879;43,878404
6040000;23,79;56,301947;43,93416
32271000;104,09;56,31067;43,98946
10933750;76,69;56,26131336;43,93982472
34123295;109,69;56,31071876;44,00346057
7823528;36,33;56,206619;43,899036
10809999;64,73;56,203071;43,896904
5168900;25,39;56,29202546;43,85822885
8195200;41,59;56,342399;43,874837
39753165;107,3;56,3155383;43,97024169
10881000;57,2;56,35168;43,87031
9597042;55,79;56,27275;44,052807
21209500;84,5;56,22432;43,940192
7868000;40,97;56,30292088;43,92679077
31133500;87,69;56,31182985;43,9804979
21379999;89,3;56,31772789;43,9715093
14890000;81,09;56,34634;43,92332
9150000;44;56,26185201;44,01021655
9526471;36,61;56,28585154;43,92193684
13573500;51,84;56,30422;44,00771
9784800;43,2;56,259928;43,978821
18649800;79,69;56,31535466;44,07307159
9960000;43,38;56,30117;44,08461
9186960;60,59;56,24104802;44,08181596
8247945;42,79;56,34263292;43,82861794
7090000;37,09;56,36230958;43,85553498
22070000;88,27;56,26581118;43,97614632
22461120;85,08;56,31535466;44,07307159
20189059;78;56,316144;44,04004
18703917;122,8;56,31076451;43,93833547
11831371;67,8;56,27275;44,052807
8236800;42,9;56,34248922;43,87483452
18200000;65,5;56,31270023;43,98472395
8115823;38,9;56,27856341;44,04353498
11817981;65,81;56,28461981;44,08324076
9112000;53,59;56,20607;43,81747
8562600;47,56;56,210993;43,830581
15489999;60,66;56,317538;43,972031
12954102;71,4;56,267757;44,020746
8136458;35,7;56,27839032;44,04282151
7690000;32;56,326305;43,910941
10230000;58,9;56,301947;43,93416
16860120;77,38;56,284208;44,083939
8404800;41,2;56,34249;43,8757
17022500;61,9;56,346553;43,929761
5806720;34,4;56,29202546;43,85822885
40739233;96,3;56,32262756;43,98838833
10565096;51,2;56,34293;43,832222
17706399;86,55;56,338475;43,866509
7600609;29,89;56,26862407;44,03502438
7771000;40,97;56,30292088;43,92679077
9986400;59,59;56,248613;44,048243
24522000;73,19;56,31055055;43,98939101
9920300;58,7;56,2455639;44,04924046
10765920;52,79;56,26386;43,86687
6246442;23,39;56,27275;44,052807
7590000;37,09;56,326305;43,910941
9282800;46,09;56,25403985;43,84835189
9614268;54;56,27841;44,04228
8030760;31,6;56,26879511;44,03422363
29193352;78,69;56,31122697;44,00286966
9103290;57,7;56,326729;44,00697
18144000;74,59;56,31646209;44,03935848
17990000;71,4;56,33165908;43,94786475
14886281;52,09;56,3132544;43,96930895
10274962;57,5;56,27857;44,04323
14536000;80,59;56,285791;43,92192
8053396;35,59;56,27275;44,052807
11000000;62,5;56,342399;43,874837
9030000;45,29;56,34688242;43,92365884
14990000;60,09;56,28337137;44,03038537
9597054;55,7;56,27857;44,04323
8054670;32,5;56,2689;44,03516
14447193;54,09;56,3132544;43,96930895
16150638;76,5;56,31076451;43,93833547
19721833;81,5;56,314057;43,969599
23162239;79;56,3130104;43,97606829
13417126;62;56,31076451;43,93833547
12690000;67,69;56,36230958;43,85553498
16192498;39,11;56,31772789;43,9715093
5308196;38,2;56,30701898;43,84878948
7062900;39;56,34287;43,84371
8688532;41,08;56,305213;43,936778
8897130;36,29;56,26393551;43,86626459
9614268;54;56,27275;44,052807
11181206,76;71,65;56,30902;43,89671
9535500;59,7;56,248613;44,048243
16995376;83,98;56,28388;44,08354
12974420;65,8;56,284208;44,083939
12630000;75,69;56,301983;43,933465
19021230;86,09;56,31052757;43,93759561
12275972;72,8;56,27275;44,052807
10184400;62,09;56,34248922;43,87483452
8190000;54,59;56,21925;43,8199
18113900;50;56,313696;43,986405
8480006;42,79;56,343269;43,829027
7900000;28,76;56,30135631;44,08432405
7991218;37,06;56,33208495;43,86430596
12178500;43,29;56,346691;43,929648
11284676;67;56,27275;44,052807
12910000;69,69;56,34634;43,92332
8910000;43,29;56,34738;43,923997
9639999;47,86;56,203071;43,896904
8470000;43,4;56,301947;43,93416
9205945;45,7;56,28021069;44,0435779
10478000;62,09;56,30322;43,92668
8779200;48,4;56,248613;44,048243
9682447;39,04;56,28388;44,08354
8400000;38,2;56,301947;43,93416
9380000;44,59;56,34738;43,923997
9565757;55,59;56,27841;44,04228
16958000;69,5;56,31535466;44,07307159
13177176;66,19;56,31076451;43,93833547
9465720;56,79;56,27275;44,052807
9632440;61,79;56,326729;44,00697
11199999;54,11;56,29791554;43,95222999
8444800;40,59;56,34249;43,8757
11800000;64,09;56,34688242;43,92365884
6607900;29,89;56,248613;44,048243
12510000;73,9;56,26167;44,01066
6189159;23,39;56,26879511;44,03422363
14820400;95,09;56,248613;44,048243
11470000;62;56,342399;43,874837
14551150;54,9;56,22432;43,940192
18709579;75,69;56,31657;44,03943
33450800;96,4;56,31182985;43,9804979
11884500;71;56,248613;44,048243
6338800;29,89;56,2455639;44,04924046
10290000;62;56,21896442;43,8191828
11490000;78,69;56,22052462;43,82012158
5985540;19,79;56,26393551;43,86626459
24092000;63,4;56,31182985;43,9804979
14990000;78,9;56,36230958;43,85553498
7919999;37,13;56,203071;43,896904
10240000;59;56,301983;43,933465
10190000;54,79;56,362352;43,855645
25859999;68,51;56,317538;43,972031
9651448;46,5;56,25397;43,84863
17709999;51,81;56,317538;43,972031
7492320;34,4;56,241339;44,079145
10590000;46,79;56,28337137;44,03038537
17677790;79,98;56,31535466;44,07307159
9700000;43,5;56,34688242;43,92365884
9192125;37,75;56,26393551;43,86626459
15929999;55,29;56,317662;43,971453
7490000;48,7;56,21896442;43,8191828
8090000;53,5;56,21925;43,8199
19070056;94,19;56,31076451;43,93833547
12594000;77,22;56,302004;43,925036
12100662;66,09;56,26859879;44,02192617
12160376;72,9;56,27275;44,052807
6494116;24,14;56,20553;43,89783
7090200;35,09;56,24606868;44,04796909
12570000;73,9;56,26183;44,010568
10588000;62,09;56,30322;43,92668
14283904;56,2;56,30986147;44,07436398
39033543;108,79;56,3130104;43,97606829
5449300;38,2;56,30701898;43,84878948
9791800;56,59;56,24626431;44,04936652
9282725;37,75;56,26393551;43,86626459
44905000;128,3;56,322037;44,005573
15150000;90,8;56,26167;44,01066
6949421;52,81;56,30701898;43,84878948
10310000;58,79;56,301983;43,933465
7404897;27,5;56,267757;44,020746
9159800;54,2;56,24606868;44,04796909
9735200;56,59;56,24626431;44,04936652
13860000;76,04;56,30135631;44,08432405
16189780;69,18;56,30422;44,00771
8202184,44;39,95;56,30902;43,89671
12608400;66,36;56,28473917;44,08328368
26300000;99,69;56,31270023;43,98472395
11796200;71,19;56,248613;44,048243
16175600;76,3;56,2597542;43,97880318
8115822;39;56,27856341;44,04353498
27099900;102;56,313696;43,986405
8779200;47,2;56,2455639;44,04924046
7590000;35,29;56,362352;43,855645
9499898;69;56,31076451;43,93833547
13010062;57,09;56,310445;43,938326
27590000;89;56,31067;43,98946
14437500;82,5;56,2460166;44,05111255
11158560;57,4;56,29766;43,99764
10180000;40,79;56,34738;43,923997
11065600;60,79;56,34249;43,8757
20770000;72,8;56,346691;43,929648
7568400;37,09;56,2455639;44,04924046
10644579,73;56,29;56,30947;43,89597
13589550;67,91;56,30531709;43,93552226
8843645;36,65;56,26386;43,86687
7347000;32,29;56,248613;44,048243
7933337;31,7;56,26848;44,03505
39602474;93,19;56,32262756;43,98838833
8695000;48,2;56,248613;44,048243
10309720;69,09;56,206879;43,878404
11049796;68;56,27856341;44,04353498
17889500;69,25;56,31575;44,07297
6882351;28,19;56,206619;43,899036
19193701;66,09;56,31643526;44,04015241
9261369;40,79;56,28461981;44,08324076
8433100;49,9;56,24606868;44,04796909
17030000;52,4;56,320289;43,978008
7290000;47,4;56,219673;43,817821
10510000;58,59;56,301983;43,933465
21442400;76,58;56,22432;43,940192
8063797;28,2;56,3102;44,09525
5034700;25,29;56,29202546;43,85822885
6599999;34,22;56,203071;43,896904
41658500;143,64;56,323163;44,035586
13973580;61,83;56,2847511;44,08343388
6458400;29,89;56,24626431;44,04936652
8000000;38,45;56,31397;43,87803
12190000;64;56,36230958;43,85553498
12465700;41,54;56,31575;44,07297
12190000;64;56,326305;43,910941
8548244;36,61;56,285791;43,92192
10596950;59,5;56,206879;43,878404
13877170;55,88;56,303911;44,000426
12215197;46,2;56,31052757;43,93759561
5103000;24,29;56,20607;43,81747
16402513;69,87;56,30433573;44,0063724
15228811;72,19;56,31076451;43,93833547
12064800;52,79;56,26386;43,86687
5990000;25;56,362352;43,855645
7617600;36,79;56,2455639;44,04924046
12635100;69,5;56,316434;43,897105
12668000;37,9;56,346691;43,929648
17602480;77,01;56,31575;44,07297
10145525;52,31;56,30973766;43,89619555
9905000;57,7;56,248613;44,048243
6700000;42,81;56,27825381;44,0972248
12578000;77,68;56,302004;43,925036
10351970;40,2;56,31052757;43,93759561
12218748;60,58;56,29791554;43,95222999
6474360;32,59;56,213576;44,024286
10579999;54,72;56,29791554;43,95222999
16290000;71,5;56,33165908;43,94786475
11486849;67,09;56,27275;44,052807
7870587;37,49;56,206619;43,899036
8054100;47,09;56,3655588;43,81770045
15988500;56;56,114343;43,494987
44650000;106,33;56,321007;44,002772
16009390;69,91;56,31535466;44,07307159
34915400;103,3;56,31182985;43,9804979
8442000;42;56,342399;43,874837
8190000;42,09;56,219673;43,817821
5675300,06;34;56,192049;43,891147
32344900;94,3;56,31182985;43,9804979
8618550;40,7;56,27948;44,04396
10894400;61,9;56,34248922;43,87483452
9999206;53,2;56,27275;44,052807
7811985;30,2;56,26879511;44,03422363
8204428;31,15;56,264368;43,865569
16540000;91,3;56,34688242;43,92365884
34915400;103,3;56,31182985;43,9804979
20879080;85,56;56,31535466;44,07307159
11931107;63,66;56,34267441;43,83190266
12199999;54,18;56,297006;43,953365
11500000;82,44;56,27825381;44,0972248
17539481;85,9;56,310445;43,938326
7215250;43,4;56,26131336;43,93982472
15009154;68,41;56,26386;43,86687
10898400;47,79;56,2597542;43,97880318
10671660;60,59;56,34287;43,84371
10696000;61,86;56,30322;43,92668
11642050;53,81;56,284208;44,083939
7348100;37,29;56,24606868;44,04796909
28404884;77,69;56,31122697;44,00286966
16198292;68,66;56,30433573;44,0063724
10237200;53,88;56,28473917;44,08328368
9090000;53,29;56,219673;43,817821
9565719;55,9;56,27275;44,052807
7031612;28;56,27275;44,052807
27645141;105,09;56,31668;44,04003
10800246;53,88;56,28461;44,08362
8553220;49,09;56,206879;43,878404
7875200;38;56,248613;44,048243
9282725;37,75;56,26386;43,86687
11831353;68,09;56,27857;44,04323
8843645;36,65;56,264368;43,865569
15015672;72,19;56,31076451;43,93833547
10628549;37,72;56,30422;44,00771
19444580;60,97;56,31575;44,07297
10090000;62,4;56,21925;43,8199
6946219;28,5;56,27856341;44,04353498
7113920;37,59;56,34287;43,84371
21534000;58,2;56,31182985;43,9804979
16790000;69,3;56,28337137;44,03038537
8152655;35;56,27948;44,04396
11280330;50,95;56,338475;43,866509
6490000;41,9;56,21896442;43,8191828
10409999;50,65;56,203071;43,896904
8204428;31,15;56,26386;43,86687
5105881;20,85;56,206619;43,899036
8112156;39;56,27839032;44,04282151
9749860;61,79;56,26131336;43,93982472
34535800;96,19;56,31182985;43,9804979
15890000;65,59;56,33165908;43,94786475
13341287;84,09;56,267757;44,020746
16331800;49,7;56,31445394;43,98671873
11565600;48,79;56,2597542;43,97880318
8711565;40,4;56,305213;43,936778
14982500;46,09;56,320026;43,977679
7074600;39;56,34288029;43,84374421
9614275;54,4;56,27841;44,04228
12325699;65,86;56,28388;44,08354
13030000;73,9;56,26185201;44,01021655
8633833;46,4;56,34263292;43,82861794
18063710;85,61;56,284208;44,083939
10390000;54,79;56,36230958;43,85553498
11429600;62,79;56,34249;43,8757
6254636;32,59;56,213576;44,024286
7784269;31,89;56,27275;44,052807
8690000;35,4;56,28337137;44,03038537
9828347;75,69;56,30651799;43,84720161
16438962;64;56,314057;43,969599
7028560;39,2;56,34288029;43,84374421
11482219;67,09;56,26879511;44,03422363
12579999;60,58;56,297006;43,953365
7547548;33,65;56,309039;43,895814
14790000;42,2;56,31445394;43,98671873
16124559;67,86;56,303911;44,000426
22999999;89,3;56,317538;43,972031
7982793;31,5;56,27275;44,052807
8640000;36,79;56,36230958;43,85553498
14550000;81,09;56,34634;43,92332
11889504;41,7;56,31041608;44,0737578
12263378;72,8;56,26862407;44,03502438
11790000;61,5;56,326305;43,910941
11598502;45,41;56,30433573;44,0063724
16165414;69,38;56,303911;44,000426
12340256;61;56,25403985;43,84835189
9423820;58,09;56,34288029;43,84374421
8115823;38,9;56,27856341;44,04353498
18578700;47,09;56,313696;43,986405
24125800;74,9;56,3138159;43,98840316
12121800;68,09;56,34248922;43,87483452
11490000;67,69;56,326305;43,910941
9150000;43,5;56,34738;43,923997
6891168;34,06;56,309039;43,895814
9179999;45,86;56,203071;43,896904
7308700;37,09;56,248613;44,048243
8843645;36,65;56,26393551;43,86626459
6880860;38,7;56,34288029;43,84374421
14109600;58,79;56,26581118;43,97614632
28795225;79;56,31122697;44,00286966
7990000;53,09;56,219673;43,817821
8262000;47,2;56,248613;44,048243
6279000;29,89;56,2455639;44,04924046
17252480;77,01;56,31535466;44,07307159
8115823;38,9;56,27856341;44,04353498
9390000;56,79;56,21896442;43,8191828
9030000;45,29;56,34634;43,92332
8725243;39,09;56,27275;44,052807
10784640;64,48;56,30531709;43,93552226
6578000;29,89;56,248613;44,048243
15090000;62;56,28337137;44,03038537
7940100;39,9;56,34249;43,8757
7135500;36,79;56,248613;44,048243
8460000;40,9;56,301983;43,933465
15786795;55,9;56,3132544;43,96930895
5763000;33,9;56,20586328;43,81749283
6949421;52,81;56,30701898;43,84878948
