price;area;lat;lon
6090000;30,4;55,07357;82,8988
6090000;30,4;55,07357;82,8988
5850000;27,3;55,07357;82,8988
7390000;35,71;55,073067;82,899117
7590000;35,71;55,073067;82,899117
6450000;35,76;55,073067;82,899117
7390000;35,76;55,073067;82,899117
17868000;59,56;55,07357;82,8988
5550000;27,44;55,07357;82,8988
6090000;30,33;55,07357;82,8988
6090000;30,33;55,07357;82,8988
5840000;30,51;55,07357;82,8988
5840000;30,51;55,07357;82,8988
5840000;30,51;55,07357;82,8988
8598000;28,66;55,07357;82,8988
5450000;24,11;55,073067;82,899117
15870000;52,9;55,07357;82,8988
15870000;52,9;55,07357;82,8988
7790000;35,6;55,073067;82,899117
5450000;30,58;55,07357;82,8988
5450000;30,58;55,07357;82,8988
5850000;27,35;55,07357;82,8988
8850000;45,27;55,073067;82,899117
6500000;40,76;55,07357;82,8988
7450000;40,54;55,07357;82,8988
6450000;33,74;55,07357;82,8988
6990000;40,62;55,07357;82,8988
7090000;40,62;55,07357;82,8988
7290000;40,62;55,07357;82,8988
7290000;40,62;55,07357;82,8988
7650000;40,49;55,07357;82,8988
6950000;40,41;55,07357;82,8988
6890000;40,68;55,07357;82,8988
7650000;40,22;55,07357;82,8988
7050000;40,35;55,07357;82,8988
7250000;40,35;55,07357;82,8988
7450000;40,35;55,07357;82,8988
7450000;40,35;55,07357;82,8988
8750000;45,39;55,073067;82,899117
6650000;33,7;55,07357;82,8988
7550000;40,27;55,07357;82,8988
7750000;45,44;55,073067;82,899117
8650000;45,44;55,073067;82,899117
8650000;45,44;55,073067;82,899117
8650000;45,44;55,073067;82,899117
8300000;45,7;55,07357;82,8988
7500000;46,14;55,07357;82,8988
8500000;45,98;55,07357;82,8988
8700000;45,93;55,07357;82,8988
7150000;37,98;55,07357;82,8988
9290000;47,34;55,073067;82,899117
9990000;55,66;55,07357;82,8988
9250000;51,76;55,07357;82,8988
8400000;55,94;55,07357;82,8988
9290000;55,77;55,07357;82,8988
9290000;55,77;55,07357;82,8988
8100000;51,87;55,07357;82,8988
8920000;51,87;55,07357;82,8988
9450000;51,68;55,07357;82,8988
7950000;46,04;55,07357;82,8988
8050000;46,04;55,07357;82,8988
7350000;37,93;55,07357;82,8988
8850000;45,72;55,073067;82,899117
7850000;45,83;55,073067;82,899117
8650000;45,83;55,073067;82,899117
8650000;45,81;55,073067;82,899117
8500000;45,67;55,07357;82,8988
6600000;38,07;55,07357;82,8988
8150000;47,45;55,073067;82,899117
8400000;47,45;55,073067;82,899117
10190000;55,56;55,07357;82,8988
8990000;55,83;55,07357;82,8988
7890000;45,77;55,07357;82,8988
7990000;45,77;55,07357;82,8988
7990000;45,77;55,07357;82,8988
9990000;69,32;55,07357;82,8988
10990000;69,11;55,07357;82,8988
10490000;69,23;55,07357;82,8988
10490000;69,23;55,07357;82,8988
10490000;69,19;55,07357;82,8988
10540000;69,19;55,07357;82,8988
10740000;69,19;55,07357;82,8988
10550000;63,96;55,073067;82,899117
11250000;69,02;55,07357;82,8988
10990000;63,69;55,073067;82,899117
11550000;63,5;55,073067;82,899117
5750000;24,8;55,02182;82,9769
6650000;24,8;55,02182;82,9769
6650000;24,8;55,02182;82,9769
6750000;24,8;55,02182;82,9769
6750000;24,8;55,02182;82,9769
6750000;24,8;55,02182;82,9769
5750000;24,8;55,02182;82,9769
5750000;24,8;55,02182;82,9769
6700000;24,8;55,02182;82,9769
5990000;24,8;55,02182;82,9769
5750000;24,8;55,02182;82,9769
5800000;24,8;55,02182;82,9769
5900000;24,8;55,02182;82,9769
5900000;24,8;55,02182;82,9769
5900000;24,8;55,02182;82,9769
5800000;24,8;55,02182;82,9769
5900000;24,8;55,02182;82,9769
5900000;24,8;55,02182;82,9769
7150000;37,8;55,02182;82,9769
8200000;37,8;55,02182;82,9769
8200000;37,8;55,02182;82,9769
7200000;37,8;55,02182;82,9769
7200000;37,8;55,02182;82,9769
7150000;37,5;55,02182;82,9769
7450000;37,5;55,02182;82,9769
8200000;37,5;55,02182;82,9769
8200000;37,5;55,02182;82,9769
8200000;37,5;55,02182;82,9769
8200000;37,5;55,02182;82,9769
8200000;37,5;55,02182;82,9769
8200000;37,5;55,02182;82,9769
8200000;37,5;55,02182;82,9769
8200000;37,5;55,02182;82,9769
7450000;37,5;55,02182;82,9769
7200000;37,5;55,02182;82,9769
7200000;37,5;55,02182;82,9769
7250000;37,5;55,02182;82,9769
7250000;37,5;55,02182;82,9769
7250000;37,5;55,02182;82,9769
7300000;37,5;55,02182;82,9769
7250000;37,5;55,02182;82,9769
7300000;37,5;55,02182;82,9769
7350000;37,5;55,02182;82,9769
7250000;37,5;55,02182;82,9769
7200000;37,5;55,02182;82,9769
7150000;37,7;55,02182;82,9769
7150000;37,7;55,02182;82,9769
8200000;37,7;55,02182;82,9769
7100000;33,2;55,02182;82,9769
7100000;33,2;55,02182;82,9769
7100000;33,2;55,02182;82,9769
7300000;33,2;55,02182;82,9769
7600000;38,4;55,02182;82,9769
8300000;39,4;55,02182;82,9769
8300000;39,4;55,02182;82,9769
7990000;44,9;55,02182;82,9769
8100000;44,9;55,02182;82,9769
8150000;44,9;55,02182;82,9769
8200000;44,8;55,02182;82,9769
8250000;44,8;55,02182;82,9769
8400000;44,8;55,02182;82,9769
8150000;44,6;55,02182;82,9769
8250000;44,6;55,02182;82,9769
8200000;47,6;55,02182;82,9769
9000000;47,6;55,02182;82,9769
9000000;47,6;55,02182;82,9769
9100000;47,6;55,02182;82,9769
8250000;47,6;55,02182;82,9769
7300000;39,2;55,02182;82,9769
8300000;39,2;55,02182;82,9769
7500000;39,2;55,02182;82,9769
8300000;39,2;55,02182;82,9769
7300000;39,2;55,02182;82,9769
7400000;39,2;55,02182;82,9769
7300000;39,2;55,02182;82,9769
7600000;39,8;55,02182;82,9769
8300000;48,5;55,02182;82,9769
9200000;48,5;55,02182;82,9769
7700000;39,7;55,02182;82,9769
8500000;39,7;55,02182;82,9769
8500000;39,7;55,02182;82,9769
8500000;39,7;55,02182;82,9769
8500000;39,7;55,02182;82,9769
8500000;39,7;55,02182;82,9769
8500000;39,7;55,02182;82,9769
7900000;39,7;55,02182;82,9769
7700000;39,7;55,02182;82,9769
7700000;39,7;55,02182;82,9769
7700000;39,7;55,02182;82,9769
7800000;39,7;55,02182;82,9769
7700000;39,7;55,02182;82,9769
8250000;46,2;55,02182;82,9769
9100000;46,2;55,02182;82,9769
9200000;46,2;55,02182;82,9769
9200000;46,2;55,02182;82,9769
8700000;46,2;55,02182;82,9769
8990000;46,2;55,02182;82,9769
8500000;46,2;55,02182;82,9769
8990000;46,2;55,02182;82,9769
9200000;46,2;55,02182;82,9769
8350000;46,2;55,02182;82,9769
9100000;46,2;55,02182;82,9769
8300000;47,1;55,02182;82,9769
8990000;47,1;55,02182;82,9769
8990000;47,1;55,02182;82,9769
8990000;47,1;55,02182;82,9769
9200000;47,1;55,02182;82,9769
7550000;40,1;55,02182;82,9769
8500000;40,1;55,02182;82,9769
8300000;44,3;55,02182;82,9769
8350000;44,3;55,02182;82,9769
8500000;44,3;55,02182;82,9769
8200000;39,5;55,02182;82,9769
7500000;39,9;55,02182;82,9769
7600000;39,9;55,02182;82,9769
7500000;39,9;55,02182;82,9769
10990000;63,7;55,02182;82,9769
11500000;63,7;55,02182;82,9769
11700000;63,7;55,02182;82,9769
10990000;59;55,02182;82,9769
11700000;63,6;55,02182;82,9769
11900000;63,6;55,02182;82,9769
10500000;60,5;55,02182;82,9769
10500000;60,5;55,02182;82,9769
11900000;59,9;55,02182;82,9769
11900000;59,9;55,02182;82,9769
11950000;59,9;55,02182;82,9769
11200000;54,8;55,02182;82,9769
10400000;59,6;55,02182;82,9769
11700000;59,1;55,02182;82,9769
9950000;54,7;55,02182;82,9769
11200000;54,7;55,02182;82,9769
11300000;54,7;55,02182;82,9769
10400000;54,7;55,02182;82,9769
10150000;55,6;55,02182;82,9769
11400000;55,6;55,02182;82,9769
11400000;55,6;55,02182;82,9769
10150000;55,6;55,02182;82,9769
10150000;55,7;55,02182;82,9769
11400000;55,7;55,02182;82,9769
11300000;55,7;55,02182;82,9769
10300000;55,7;55,02182;82,9769
12500000;86,6;55,02182;82,9769
14650000;86,6;55,02182;82,9769
12200000;86,8;55,02182;82,9769
12600000;87,6;55,02182;82,9769
14650000;87,6;55,02182;82,9769
14100000;87,6;55,02182;82,9769
12700000;87;55,02182;82,9769
14750000;87;55,02182;82,9769
12700000;87;55,02182;82,9769
14800000;87;55,02182;82,9769
14750000;87;55,02182;82,9769
12800000;87;55,02182;82,9769
12800000;87;55,02182;82,9769
12800000;87;55,02182;82,9769
12600000;87,5;55,02182;82,9769
14800000;87,5;55,02182;82,9769
12800000;87,5;55,02182;82,9769
12500000;86,1;55,02182;82,9769
14650000;86,1;55,02182;82,9769
12700000;86,1;55,02182;82,9769
12600000;86,1;55,02182;82,9769
12700000;86,1;55,02182;82,9769
12600000;86,1;55,02182;82,9769
12900000;78,6;55,02182;82,9769
12900000;78,6;55,02182;82,9769
13100000;78,6;55,02182;82,9769
4500000;29;54,945963;82,942476
3950000;27,2;54,94706;82,94016
4250000;27,2;54,94706;82,94016
4200000;27,2;54,94706;82,94016
4250000;27,2;54,94706;82,94016
4250000;27,2;54,94706;82,94016
4250000;27,2;54,94706;82,94016
4250000;27,2;54,94706;82,94016
4250000;27,2;54,94706;82,94016
4250000;27,2;54,94706;82,94016
4250000;27,2;54,94706;82,94016
4200000;28;54,94619;82,94007
4700000;24,8;54,945963;82,942476
4300000;29;54,94619;82,94007
4500000;29;54,94619;82,94007
4500000;29;54,94619;82,94007
4350000;29;54,94619;82,94007
4500000;29;54,94619;82,94007
4500000;29;54,94619;82,94007
4500000;29;54,94619;82,94007
4500000;29;54,94619;82,94007
4050000;27,6;54,94706;82,94016
4050000;27,6;54,94706;82,94016
4200000;27,6;54,94706;82,94016
4250000;27,6;54,94706;82,94016
4450000;25,3;54,945963;82,942476
4700000;25,3;54,945963;82,942476
4250000;27,3;54,94706;82,94016
4250000;27,3;54,94706;82,94016
4250000;27,3;54,94706;82,94016
4250000;27,3;54,94706;82,94016
4250000;27,3;54,94706;82,94016
4250000;27,3;54,94706;82,94016
4250000;28,2;54,94619;82,94007
4000000;29,3;54,94619;82,94007
4500000;29,3;54,94619;82,94007
4400000;29,3;54,94619;82,94007
4350000;29,3;54,94619;82,94007
4500000;29,3;54,94619;82,94007
4300000;29,3;54,94619;82,94007
4300000;28,9;54,94619;82,94007
4350000;28,9;54,94619;82,94007
4200000;28,1;54,94619;82,94007
4250000;28,1;54,94619;82,94007
4400000;28,8;54,94619;82,94007
5300000;38,6;54,94619;82,94007
5200000;37,1;54,94706;82,94016
5250000;37,1;54,94706;82,94016
5350000;37,1;54,94706;82,94016
5300000;37,1;54,94706;82,94016
5450000;36,8;54,94706;82,94016
5450000;36,8;54,94706;82,94016
5450000;36,8;54,94706;82,94016
9150000;79,6;54,945963;82,942476
9500000;79,6;54,945963;82,942476
5350000;35,9;54,94706;82,94016
5350000;35,9;54,94706;82,94016
5050000;35,6;54,94706;82,94016
5150000;35,6;54,94706;82,94016
5500000;35,6;54,94706;82,94016
5100000;35,6;54,94706;82,94016
6900000;36,2;54,945963;82,942476
6200000;37,4;54,94706;82,94016
6200000;37,4;54,94706;82,94016
6200000;37,4;54,94706;82,94016
5450000;40,2;54,94619;82,94007
5600000;40,2;54,94619;82,94007
5600000;40,2;54,94619;82,94007
5450000;40,2;54,94619;82,94007
5450000;40,2;54,94619;82,94007
5600000;40,2;54,94619;82,94007
5300000;35,5;54,94706;82,94016
6100000;35,3;54,945963;82,942476
5350000;35,7;54,94706;82,94016
5100000;40,3;54,94619;82,94007
5400000;40,3;54,94619;82,94007
5500000;40,3;54,94619;82,94007
5450000;40,3;54,94619;82,94007
5300000;36,7;54,94706;82,94016
5300000;36,7;54,94706;82,94016
5300000;36,7;54,94706;82,94016
6100000;35,7;54,945963;82,942476
5300000;35,3;54,94706;82,94016
5300000;35,3;54,94706;82,94016
6000000;35,3;54,94706;82,94016
5300000;35,3;54,94706;82,94016
5900000;35,3;54,94706;82,94016
5900000;35,3;54,94706;82,94016
6000000;35,3;54,94706;82,94016
6000000;35,3;54,94706;82,94016
6000000;35,3;54,94706;82,94016
6000000;35,3;54,94706;82,94016
6000000;35,3;54,94706;82,94016
5700000;35,3;54,94706;82,94016
6000000;35,3;54,94706;82,94016
4950000;35,4;54,94706;82,94016
5150000;35,4;54,94706;82,94016
5100000;35,4;54,94706;82,94016
5200000;35,4;54,94706;82,94016
5300000;35,4;54,94706;82,94016
5300000;35,4;54,94706;82,94016
5150000;35,4;54,94706;82,94016
6000000;35,1;54,945963;82,942476
4800000;33,9;54,94706;82,94016
6100000;35,5;54,945963;82,942476
5500000;35,2;54,945963;82,942476
5800000;37,5;54,94706;82,94016
6000000;37,5;54,94706;82,94016
5950000;37,5;54,94706;82,94016
6050000;37,5;54,94706;82,94016
6050000;37,5;54,94706;82,94016
6050000;37,5;54,94706;82,94016
6050000;37,5;54,94706;82,94016
5900000;35,8;54,94706;82,94016
5000000;35,2;54,94706;82,94016
5300000;35,2;54,94706;82,94016
5300000;35,2;54,94706;82,94016
6100000;36,4;54,945963;82,942476
5600000;42,6;54,94706;82,94016
5300000;40,2;54,94619;82,94007
5550000;40,2;54,94619;82,94007
5700000;40,2;54,94619;82,94007
5550000;40,2;54,94619;82,94007
5550000;40,2;54,94619;82,94007
5700000;40,2;54,94619;82,94007
5550000;40,2;54,94619;82,94007
5550000;40,2;54,94619;82,94007
5700000;40,2;54,94619;82,94007
5700000;40,2;54,94619;82,94007
5700000;40,2;54,94619;82,94007
5700000;40,2;54,94619;82,94007
5300000;42,5;54,94619;82,94007
5600000;42,5;54,94619;82,94007
5700000;42,5;54,94619;82,94007
5650000;42,5;54,94619;82,94007
5650000;42,5;54,94619;82,94007
5650000;42,5;54,94619;82,94007
5650000;42,5;54,94619;82,94007
6900000;45,7;54,94706;82,94016
6950000;45,7;54,94706;82,94016
7000000;45,7;54,94706;82,94016
7050000;45,7;54,94706;82,94016
7200000;45,7;54,94706;82,94016
7050000;45,7;54,94706;82,94016
7200000;45,7;54,94706;82,94016
7050000;45,7;54,94706;82,94016
7200000;45,7;54,94706;82,94016
7100000;45,7;54,94706;82,94016
6400000;53,3;54,94619;82,94007
6500000;43,1;54,945963;82,942476
6100000;44,3;54,94706;82,94016
6600000;44,3;54,94706;82,94016
7200000;54,4;54,945963;82,942476
7000000;44,5;54,94706;82,94016
5800000;42,5;54,94706;82,94016
5750000;41,7;54,94619;82,94007
7500000;61;54,945963;82,942476
7550000;56;54,945963;82,942476
7900000;56;54,945963;82,942476
7900000;56;54,945963;82,942476
9400000;63;54,945963;82,942476
6800000;56,5;54,94706;82,94016
5650000;43,2;54,94706;82,94016
5850000;43,2;54,94706;82,94016
5500000;42;54,94619;82,94007
5550000;42;54,94619;82,94007
5600000;42;54,94619;82,94007
5300000;40,5;54,94619;82,94007
5500000;40,5;54,94619;82,94007
5600000;40,5;54,94619;82,94007
5500000;40,5;54,94619;82,94007
5450000;40,5;54,94619;82,94007
5550000;40,5;54,94619;82,94007
5500000;40,5;54,94619;82,94007
5550000;40,5;54,94619;82,94007
5700000;40,5;54,94619;82,94007
5450000;40,5;54,94619;82,94007
7800000;54;54,945963;82,942476
8150000;61,7;54,945963;82,942476
9650000;61,7;54,945963;82,942476
8150000;61,7;54,945963;82,942476
9650000;61,7;54,945963;82,942476
7550000;46,4;54,94706;82,94016
7550000;46,4;54,94706;82,94016
7550000;46,4;54,94706;82,94016
7700000;46,2;54,94706;82,94016
6850000;44;54,94706;82,94016
9550000;60;54,945963;82,942476
9550000;60;54,945963;82,942476
5150000;38,8;54,94619;82,94007
5200000;38,8;54,94619;82,94007
5400000;38,8;54,94619;82,94007
5850000;44,4;54,94706;82,94016
5900000;44,4;54,94706;82,94016
5950000;44,4;54,94706;82,94016
5950000;44,4;54,94706;82,94016
5950000;44,4;54,94706;82,94016
5950000;44,4;54,94706;82,94016
5950000;44,4;54,94706;82,94016
5400000;42,4;54,94619;82,94007
5550000;42,4;54,94619;82,94007
5600000;42,4;54,94619;82,94007
5650000;42,4;54,94619;82,94007
5650000;42,4;54,94619;82,94007
5800000;42,4;54,94619;82,94007
5800000;42,4;54,94619;82,94007
5800000;42,4;54,94619;82,94007
5650000;42,4;54,94619;82,94007
5800000;42,3;54,94619;82,94007
5800000;42,3;54,94619;82,94007
5800000;42,3;54,94619;82,94007
6500000;43,8;54,945963;82,942476
5450000;40,1;54,94619;82,94007
5300000;40,6;54,94619;82,94007
5500000;40,6;54,94619;82,94007
5900000;41,4;54,94619;82,94007
5900000;41,4;54,94619;82,94007
5650000;41,6;54,94619;82,94007
5750000;41,6;54,94619;82,94007
5700000;41,6;54,94619;82,94007
7350000;46,3;54,94706;82,94016
7500000;46,3;54,94706;82,94016
7700000;46,3;54,94706;82,94016
7600000;46,3;54,94706;82,94016
7700000;46,3;54,94706;82,94016
6700000;58;54,94619;82,94007
5250000;39,7;54,94619;82,94007
5600000;39,7;54,94619;82,94007
5450000;41,5;54,94619;82,94007
5750000;41,5;54,94619;82,94007
5750000;41,5;54,94619;82,94007
6500000;43,2;54,945963;82,942476
5700000;45;54,94706;82,94016
6000000;45;54,94706;82,94016
6000000;45;54,94706;82,94016
6000000;45;54,94706;82,94016
6000000;45;54,94706;82,94016
5900000;45;54,94706;82,94016
6150000;44,9;54,94706;82,94016
6150000;44,9;54,94706;82,94016
6150000;44,9;54,94706;82,94016
6150000;44,9;54,94706;82,94016
7950000;56,6;54,945963;82,942476
5750000;41,9;54,94619;82,94007
5300000;41,8;54,94619;82,94007
5600000;41,8;54,94619;82,94007
5600000;41,8;54,94619;82,94007
8500000;72,9;54,94706;82,94016
7750000;55,6;54,94706;82,94016
7950000;69,3;54,94706;82,94016
8000000;69,3;54,94706;82,94016
8100000;69,3;54,94706;82,94016
7050000;55;54,94706;82,94016
7750000;55;54,94706;82,94016
7500000;65,9;54,94619;82,94007
7850000;65,9;54,94619;82,94007
7850000;65,9;54,94619;82,94007
7250000;65,8;54,94619;82,94007
7650000;65,8;54,94619;82,94007
7650000;65,8;54,94619;82,94007
7550000;67,2;54,94706;82,94016
9200000;80,8;54,945963;82,942476
11650000;80,8;54,945963;82,942476
11200000;80,8;54,945963;82,942476
9700000;80,8;54,945963;82,942476
9800000;80,8;54,945963;82,942476
9600000;80,8;54,945963;82,942476
9300000;80,8;54,945963;82,942476
6850000;61,8;54,94619;82,94007
8350000;56,9;54,94706;82,94016
8350000;56,9;54,94706;82,94016
7000000;64,5;54,94619;82,94007
7050000;63,6;54,94706;82,94016
7500000;63,6;54,94706;82,94016
7500000;63,6;54,94706;82,94016
7950000;56,7;54,945963;82,942476
7700000;65,4;54,94619;82,94007
7700000;65,4;54,94619;82,94007
7700000;65,4;54,94619;82,94007
7200000;64,8;54,94619;82,94007
7500000;64,8;54,94619;82,94007
7650000;63,7;54,94706;82,94016
7650000;63,7;54,94706;82,94016
6750000;53,5;54,94706;82,94016
7300000;62,1;54,94619;82,94007
7300000;62,1;54,94619;82,94007
7300000;62,1;54,94619;82,94007
8300000;56,4;54,94706;82,94016
8300000;56,4;54,94706;82,94016
7400000;65,3;54,94619;82,94007
7500000;65,3;54,94619;82,94007
7500000;65,3;54,94619;82,94007
7500000;65,3;54,94619;82,94007
7550000;65,3;54,94619;82,94007
7450000;65,3;54,94619;82,94007
7500000;65,3;54,94619;82,94007
8150000;56,5;54,94706;82,94016
8150000;56,5;54,94706;82,94016
8150000;56,5;54,94706;82,94016
8850000;72,1;54,945963;82,942476
8350000;63,3;54,945963;82,942476
9850000;63,3;54,945963;82,942476
9850000;63,3;54,945963;82,942476
7600000;65,6;54,94619;82,94007
7700000;65,6;54,94619;82,94007
7650000;65,6;54,94619;82,94007
7750000;65,6;54,94619;82,94007
9700000;82;54,945963;82,942476
11750000;82;54,945963;82,942476
7500000;63,8;54,94706;82,94016
8350000;63,2;54,945963;82,942476
8350000;63,2;54,945963;82,942476
8350000;63,2;54,945963;82,942476
7100000;55,8;54,94706;82,94016
7150000;55,8;54,94706;82,94016
7100000;55,8;54,94706;82,94016
9500000;63,9;54,945963;82,942476
7800000;55,4;54,94706;82,94016
7200000;62,6;54,94619;82,94007
7300000;62,6;54,94619;82,94007
7450000;62,6;54,94619;82,94007
7250000;62,6;54,94619;82,94007
7450000;62,6;54,94619;82,94007
7450000;62,6;54,94619;82,94007
11350000;80,9;54,945963;82,942476
11350000;80,9;54,945963;82,942476
10300000;69,2;54,945963;82,942476
8350000;73,1;54,94706;82,94016
8350000;73,1;54,94706;82,94016
8050000;69,1;54,94706;82,94016
8050000;69,1;54,94706;82,94016
8050000;69,1;54,94706;82,94016
8200000;69;54,94706;82,94016
8200000;69;54,94706;82,94016
7250000;55,7;54,94706;82,94016
6800000;55,1;54,94706;82,94016
6850000;55,1;54,94706;82,94016
6950000;55,1;54,94706;82,94016
7050000;55,1;54,94706;82,94016
8200000;57;54,94706;82,94016
8200000;57;54,94706;82,94016
8200000;57;54,94706;82,94016
8100000;57,4;54,94706;82,94016
8150000;57,4;54,94706;82,94016
8200000;57,4;54,94706;82,94016
8350000;57,3;54,94706;82,94016
8150000;73;54,94706;82,94016
8400000;73;54,94706;82,94016
8500000;73;54,94706;82,94016
6900000;55,2;54,94706;82,94016
6900000;55,2;54,94706;82,94016
6900000;55,2;54,94706;82,94016
6900000;61,9;54,94619;82,94007
7900000;56,7;54,94706;82,94016
8050000;56,7;54,94706;82,94016
8100000;56,7;54,94706;82,94016
8150000;56,7;54,94706;82,94016
8200000;69,2;54,94706;82,94016
7950000;73,2;54,94619;82,94007
9800000;80,4;54,945963;82,942476
8450000;74;54,94619;82,94007
9300000;79,8;54,945963;82,942476
9700000;79,8;54,945963;82,942476
8600000;74,4;54,94619;82,94007
8600000;74,4;54,94619;82,94007
8600000;74,4;54,94619;82,94007
8450000;73,8;54,94619;82,94007
8450000;73,8;54,94619;82,94007
8450000;73,8;54,94619;82,94007
4800000;20,7;55,08472;82,92508
6750000;39,6;55,08472;82,92508
6750000;39,6;55,08472;82,92508
6330000;36,4;55,08472;82,92508
6640000;36,4;55,08472;82,92508
9490000;56,2;55,08472;82,92508
6760000;34,2;55,08472;82,92508
9460000;63,6;55,08472;82,92508
10980000;74,1;55,08472;82,92508
15390000;103,02;55,08548;82,9266
11370000;82,9;55,08472;82,92508
11490000;82,9;55,08472;82,92508
10550000;55,9;55,08472;82,92508
7470000;39,8;55,08472;82,92508
7450000;39,6;55,08472;82,92508
9590000;58,8;55,08472;82,92508
7770000;37;55,08472;82,92508
13890000;97;55,08472;82,92508
9420000;62,8;55,08472;82,92508
9420000;62,8;55,08472;82,92508
9740000;56,26;55,08548;82,9266
11650000;79,5;55,08472;82,92508
9860000;50;55,08472;82,92508
10690000;74,5;55,08472;82,92508
7750000;41,8;55,08472;82,92508
7750000;41,8;55,08472;82,92508
6210000;35,05;55,08548;82,9266
6910000;35,05;55,08548;82,9266
6850000;35,05;55,08548;82,9266
11440000;74,1;55,08548;82,9266
6550000;34,99;55,08548;82,9266
7100000;44,15;55,08548;82,9266
7980000;44,15;55,08548;82,9266
13700000;96,7;55,08472;82,92508
14550000;102,08;55,08548;82,9266
10130000;72,7;55,08472;82,92508
10360000;72,7;55,08472;82,92508
9840000;56,8;55,08548;82,9266
11070000;79,6;55,08472;82,92508
15320000;90,5;55,08472;82,92508
14120000;81,9;55,08472;82,92508
14120000;81,9;55,08472;82,92508
11320000;70,96;55,08548;82,9266
11320000;70,96;55,08548;82,9266
11430000;70,96;55,08548;82,9266
11430000;70,96;55,08548;82,9266
13250000;82,9;55,08472;82,92508
13610000;82,9;55,08472;82,92508
11080000;90;55,08472;82,92508
11660000;90;55,08472;82,92508
11320000;90;55,08472;82,92508
10280000;57,5;55,08472;82,92508
10420000;81,8;55,08472;82,92508
10440000;81,8;55,08472;82,92508
16370000;94,9;55,08472;82,92508
9930000;66,54;55,08548;82,9266
12650000;75,59;55,08548;82,9266
14400000;79,2;55,08472;82,92508
10790000;84,9;55,08472;82,92508
10910000;84,9;55,08472;82,92508
10910000;84,9;55,08472;82,92508
12570000;84,9;55,08472;82,92508
10790000;84,9;55,08472;82,92508
13550000;81,3;55,08472;82,92508
10140000;70,98;55,08548;82,9266
11440000;70,98;55,08548;82,9266
15050000;105,8;55,08472;82,92508
16320000;97,1;55,08472;82,92508
8480000;57,25;55,08548;82,9266
9620000;57,45;55,08548;82,9266
15460000;90,6;55,08472;82,92508
13740000;79,4;55,08472;82,92508
15120000;85,8;55,08472;82,92508
12610000;95,8;55,08472;82,92508
14740000;95,4;55,08472;82,92508
12050000;72,7;55,08472;82,92508
12050000;72,7;55,08472;82,92508
13810000;72,7;55,08472;82,92508
10770000;84,7;55,08472;82,92508
10890000;84,7;55,08472;82,92508
10420000;60,69;55,08548;82,9266
13900000;82,44;55,08548;82,9266
11350000;75,4;55,08548;82,9266
15660000;104,75;55,08548;82,9266
16540000;96;55,08472;82,92508
15100000;98,1;55,08472;82,92508
14100000;94,72;55,08548;82,9266
9360000;63,21;55,08548;82,9266
10560000;63,21;55,08548;82,9266
10560000;63,21;55,08548;82,9266
10560000;63,21;55,08548;82,9266
9360000;63,21;55,08548;82,9266
14210000;83,5;55,08472;82,92508
13240000;90,2;55,08472;82,92508
12760000;81,2;55,08472;82,92508
13900000;96,4;55,08472;82,92508
12590000;74,7;55,08472;82,92508
12610000;74,7;55,08472;82,92508
15910000;94;55,08472;82,92508
14960000;98,2;55,08472;82,92508
13130000;73,4;55,08472;82,92508
10700000;85,25;55,08548;82,9266
11950000;85,25;55,08548;82,9266
11050000;68,7;55,08548;82,9266
13070000;79,6;55,08472;82,92508
13390000;79,6;55,08472;82,92508
13230000;79,6;55,08472;82,92508
13230000;79,6;55,08472;82,92508
13230000;79,6;55,08472;82,92508
13390000;79,6;55,08472;82,92508
17720000;105,6;55,08472;82,92508
13820000;72,8;55,08472;82,92508
11250000;62,8;55,08472;82,92508
15730000;101,76;55,08548;82,9266
10370000;62,81;55,08548;82,9266
11110000;62,7;55,08472;82,92508
11760000;62,7;55,08472;82,92508
10970000;63,59;55,08548;82,9266
7150000;46,5;55,04249;83,02613
7300000;46,5;55,04249;83,02613
7200000;46,5;55,04249;83,02613
7200000;46,5;55,04249;83,02613
7200000;46,5;55,04249;83,02613
7200000;46,5;55,04249;83,02613
7200000;46,5;55,04249;83,02613
5250000;26,9;55,04249;83,02613
5350000;26,9;55,04249;83,02613
5400000;26,9;55,04249;83,02613
5400000;26,9;55,04249;83,02613
5300000;26,9;55,04249;83,02613
5400000;26,9;55,04249;83,02613
5350000;26,9;55,04249;83,02613
4400000;23,7;55,04249;83,02613
4950000;30,2;55,04249;83,02613
5050000;30,2;55,04249;83,02613
5100000;30,2;55,04249;83,02613
5150000;30,2;55,04249;83,02613
5300000;30,2;55,04249;83,02613
5200000;30,2;55,04249;83,02613
5250000;30,2;55,04249;83,02613
4750000;24,5;55,04249;83,02613
4750000;24,5;55,04249;83,02613
4900000;25,2;55,04249;83,02613
5300000;26,4;55,04249;83,02613
5350000;26,4;55,04249;83,02613
5300000;26,4;55,04249;83,02613
4800000;25,5;55,04249;83,02613
4850000;25,5;55,04249;83,02613
4350000;20,4;55,04249;83,02613
4400000;20,4;55,04249;83,02613
4400000;20,4;55,04249;83,02613
4450000;20,4;55,04249;83,02613
4500000;20,4;55,04249;83,02613
4450000;20,4;55,04249;83,02613
4900000;25,3;55,04249;83,02613
5100000;26,6;55,04249;83,02613
5150000;26,6;55,04249;83,02613
5200000;26,5;55,04249;83,02613
5250000;26,5;55,04249;83,02613
5300000;26,5;55,04249;83,02613
5250000;26,5;55,04249;83,02613
6550000;37,8;55,04249;83,02613
6750000;40;55,04249;83,02613
5850000;35,1;55,04249;83,02613
6350000;33,4;55,04249;83,02613
6050000;34,9;55,04249;83,02613
6500000;36,9;55,04249;83,02613
5400000;37,3;55,04249;83,02613
7000000;38,8;55,04249;83,02613
7100000;38,8;55,04249;83,02613
7100000;38,8;55,04249;83,02613
7000000;38,8;55,04249;83,02613
7050000;38,8;55,04249;83,02613
7150000;38,8;55,04249;83,02613
7150000;38,8;55,04249;83,02613
7200000;38,8;55,04249;83,02613
7150000;38,8;55,04249;83,02613
7250000;38,3;55,04249;83,02613
7300000;38,3;55,04249;83,02613
6150000;38,2;55,04249;83,02613
6500000;35,3;55,04249;83,02613
6400000;35,6;55,04249;83,02613
6750000;39,9;55,04249;83,02613
6800000;39,9;55,04249;83,02613
6750000;39,9;55,04249;83,02613
5550000;32,7;55,04249;83,02613
6450000;35,5;55,04249;83,02613
7100000;35,5;55,04249;83,02613
6650000;40,3;55,04249;83,02613
5900000;35;55,04249;83,02613
5950000;35;55,04249;83,02613
6000000;35;55,04249;83,02613
6000000;35;55,04249;83,02613
6200000;38,1;55,04249;83,02613
6300000;38,1;55,04249;83,02613
6300000;38,1;55,04249;83,02613
6250000;38,1;55,04249;83,02613
6250000;38,1;55,04249;83,02613
7050000;38,4;55,04249;83,02613
7200000;38,4;55,04249;83,02613
7100000;38,4;55,04249;83,02613
6500000;35,4;55,04249;83,02613
7150000;35,4;55,04249;83,02613
7150000;35,4;55,04249;83,02613
7000000;38,9;55,04249;83,02613
7150000;38,9;55,04249;83,02613
7100000;38,9;55,04249;83,02613
7150000;38,9;55,04249;83,02613
7100000;38,9;55,04249;83,02613
7150000;38,9;55,04249;83,02613
6100000;35,6;55,04249;83,02613
6100000;35,6;55,04249;83,02613
6150000;35,6;55,04249;83,02613
6150000;35,6;55,04249;83,02613
6150000;35,6;55,04249;83,02613
7950000;43,5;55,04249;83,02613
7600000;41,8;55,04249;83,02613
7700000;41,8;55,04249;83,02613
7400000;45,7;55,04249;83,02613
7050000;44,8;55,04249;83,02613
7100000;44,8;55,04249;83,02613
7200000;44,8;55,04249;83,02613
8200000;44,8;55,04249;83,02613
7200000;44,8;55,04249;83,02613
6200000;36,3;55,04249;83,02613
7200000;38,8;55,04249;83,02613
7150000;42,1;55,04249;83,02613
7250000;42,1;55,04249;83,02613
6400000;43,1;55,04249;83,02613
7150000;40,2;55,04249;83,02613
7300000;40,2;55,04249;83,02613
7300000;40,2;55,04249;83,02613
7200000;40,2;55,04249;83,02613
7150000;40,2;55,04249;83,02613
7300000;40,2;55,04249;83,02613
7350000;40,2;55,04249;83,02613
7250000;40,2;55,04249;83,02613
7200000;40,2;55,04249;83,02613
7150000;41,9;55,04249;83,02613
7150000;41,9;55,04249;83,02613
7200000;40,1;55,04249;83,02613
7300000;40,1;55,04249;83,02613
7350000;40,1;55,04249;83,02613
7250000;40,1;55,04249;83,02613
7250000;40,1;55,04249;83,02613
7700000;40,1;55,04249;83,02613
7700000;40,1;55,04249;83,02613
7300000;40,1;55,04249;83,02613
6800000;45,6;55,04249;83,02613
8000000;45,6;55,04249;83,02613
8050000;45,6;55,04249;83,02613
7050000;45,6;55,04249;83,02613
8100000;45,6;55,04249;83,02613
7150000;45,6;55,04249;83,02613
7000000;45,6;55,04249;83,02613
6400000;42,8;55,04249;83,02613
7200000;44,7;55,04249;83,02613
6550000;37,8;55,04249;83,02613
7100000;43,2;55,04249;83,02613
8000000;43,2;55,04249;83,02613
6300000;43;55,04249;83,02613
6050000;36,4;55,04249;83,02613
6150000;36,4;55,04249;83,02613
6150000;36,4;55,04249;83,02613
7400000;45,8;55,04249;83,02613
9300000;82,2;55,042715;83,02476
9050000;67,1;55,04249;83,02613
10350000;67,1;55,04249;83,02613
9050000;67,1;55,04249;83,02613
10450000;67,1;55,04249;83,02613
9850000;59,2;55,04249;83,02613
9300000;50,4;55,04249;83,02613
9750000;59,3;55,04249;83,02613
9800000;59,3;55,04249;83,02613
8500000;69,4;55,04249;83,02613
9500000;59,4;55,04249;83,02613
9700000;59,4;55,04249;83,02613
9750000;59,4;55,04249;83,02613
9650000;59,4;55,04249;83,02613
9550000;59,4;55,04249;83,02613
8750000;67,3;55,04249;83,02613
8850000;67,3;55,04249;83,02613
8400000;50,2;55,04249;83,02613
9500000;50,2;55,04249;83,02613
9250000;66,7;55,04249;83,02613
9400000;50,3;55,04249;83,02613
8990000;57,3;55,04249;83,02613
9100000;72;55,04249;83,02613
10650000;72;55,04249;83,02613
9400000;72;55,04249;83,02613
10750000;72;55,04249;83,02613
9300000;72;55,04249;83,02613
10850000;72;55,04249;83,02613
9400000;72;55,04249;83,02613
9150000;64,8;55,04249;83,02613
8950000;72,2;55,04249;83,02613
9400000;72,2;55,04249;83,02613
9400000;72,2;55,04249;83,02613
10750000;72,2;55,04249;83,02613
9200000;72,2;55,04249;83,02613
9300000;72,2;55,04249;83,02613
10650000;72,2;55,04249;83,02613
10850000;72,2;55,04249;83,02613
8950000;66,9;55,04249;83,02613
9050000;66,9;55,04249;83,02613
10500000;66,9;55,04249;83,02613
9150000;66,9;55,04249;83,02613
10600000;66,9;55,04249;83,02613
9400000;72,1;55,04249;83,02613
9250000;66,8;55,04249;83,02613
10700000;66,8;55,04249;83,02613
11490000;56;55,03903;82,949747
11800000;55,8;55,03903;82,949747
18400000;126,5;55,08079433;82,90203461
8990000;64,7;55,081161;82,923217
7700000;44,3;55,081161;82,923217
9200000;58,7;55,081161;82,923217
13200000;96,7;55,081161;82,923217
5570000;34,77;55,093337;82,962311
5740000;34,77;55,093337;82,962311
5690000;35,51;55,093337;82,962311
5690000;35,51;55,093337;82,962311
4640000;28,98;55,093337;82,962311
4640000;28,98;55,093337;82,962311
5580000;34,83;55,093337;82,962311
5580000;34,83;55,093337;82,962311
5800000;35,03;55,093337;82,962311
5950000;35,03;55,093337;82,962311
5900000;34,44;55,093337;82,962311
5300000;31,12;55,093337;82,962311
4590000;28,67;55,093337;82,962311
4590000;28,67;55,093337;82,962311
4850000;28,43;55,093337;82,962311
4850000;28,43;55,093337;82,962311
5020000;31,34;55,093337;82,962311
5020000;31,34;55,093337;82,962311
5770000;36,03;55,093337;82,962311
7340000;45,86;55,093337;82,962311
7340000;45,86;55,093337;82,962311
7570000;45,86;55,093337;82,962311
7750000;45,48;55,093337;82,962311
6800000;39,82;55,093337;82,962311
6800000;39,82;55,093337;82,962311
6750000;39,69;55,093337;82,962311
6800000;39,69;55,093337;82,962311
6750000;39,69;55,093337;82,962311
6680000;41,54;55,093337;82,962311
7520000;46,98;55,093337;82,962311
6500000;40,53;55,093337;82,962311
6500000;40,53;55,093337;82,962311
6500000;40,55;55,093337;82,962311
6500000;40,55;55,093337;82,962311
7360000;45,99;55,093337;82,962311
7360000;45,99;55,093337;82,962311
7450000;46,5;55,093337;82,962311
7450000;46,5;55,093337;82,962311
7680000;46,5;55,093337;82,962311
10200000;61,48;55,093337;82,962311
7850000;46,13;55,093337;82,962311
10420000;66,36;55,093337;82,962311
10420000;66,36;55,093337;82,962311
7480000;46,7;55,093337;82,962311
10580000;67,33;55,093337;82,962311
9700000;61,72;55,093337;82,962311
9700000;61,72;55,093337;82,962311
9880000;61,72;55,093337;82,962311
9870000;62,86;55,093337;82,962311
8800000;53,2;55,093337;82,962311
7170000;44,79;55,093337;82,962311
7400000;44,79;55,093337;82,962311
7190000;44,92;55,093337;82,962311
7190000;44,92;55,093337;82,962311
7550000;44,2;55,093337;82,962311
9720000;61,89;55,093337;82,962311
9720000;61,89;55,093337;82,962311
7500000;47,66;55,093337;82,962311
7630000;47,66;55,093337;82,962311
10900000;65,87;55,093337;82,962311
10900000;65,87;55,093337;82,962311
9000000;53,17;55,093337;82,962311
9850000;61,4;55,093337;82,962311
9850000;61,4;55,093337;82,962311
7350000;45,93;55,093337;82,962311
9950000;63,3;55,093337;82,962311
9950000;63,3;55,093337;82,962311
11900000;74,32;55,093337;82,962311
11900000;74,32;55,093337;82,962311
10350000;62,69;55,093337;82,962311
10400000;62,69;55,093337;82,962311
10120000;64,34;55,093337;82,962311
11050000;70,29;55,093337;82,962311
11050000;70,29;55,093337;82,962311
11250000;70,29;55,093337;82,962311
11550000;70,05;55,093337;82,962311
11600000;70,05;55,093337;82,962311
9920000;63,1;55,093337;82,962311
10100000;63,1;55,093337;82,962311
14700000;91,44;55,093337;82,962311
14700000;91,44;55,093337;82,962311
7760000;26,84;55,03868;82,94832
7900000;26,82;55,03868;82,94832
7900000;26,82;55,03868;82,94832
6990000;23,29;55,03868;82,94832
7130000;23,29;55,03868;82,94832
8700000;31,71;55,03868;82,94832
8700000;31,71;55,03868;82,94832
8700000;31,71;55,03868;82,94832
8700000;31,71;55,03868;82,94832
8890000;30,55;55,03868;82,94832
9000000;30,55;55,03868;82,94832
8890000;30,55;55,03868;82,94832
7960000;27,55;55,03868;82,94832
7960000;27,55;55,03868;82,94832
6970000;23,28;55,03868;82,94832
8480000;28,44;55,03868;82,94832
8480000;28,44;55,03868;82,94832
8560000;28,44;55,03868;82,94832
8640000;28,44;55,03868;82,94832
8570000;28,45;55,03868;82,94832
8570000;28,45;55,03868;82,94832
7510000;26,81;55,03868;82,94832
7590000;26,81;55,03868;82,94832
10490000;46,25;55,03868;82,94832
9340000;33,52;55,03868;82,94832
9340000;33,52;55,03868;82,94832
7290000;25,1;55,03868;82,94832
7870000;25,1;55,03868;82,94832
7710000;25,1;55,03868;82,94832
7360000;25,1;55,03868;82,94832
7710000;25,1;55,03868;82,94832
7570000;25,1;55,03868;82,94832
8060000;25,1;55,03868;82,94832
7870000;25,1;55,03868;82,94832
7710000;25,1;55,03868;82,94832
8060000;25,1;55,03868;82,94832
7870000;25,1;55,03868;82,94832
7710000;25,1;55,03868;82,94832
8060000;25,1;55,03868;82,94832
7870000;25,1;55,03868;82,94832
10460000;43,23;55,03868;82,94832
10490000;43,32;55,03868;82,94832
16510000;80,21;55,03868;82,94832
14360000;67,44;55,03868;82,94832
10820000;41,66;55,03868;82,94832
10820000;41,66;55,03868;82,94832
11030000;41,66;55,03868;82,94832
11030000;41,66;55,03868;82,94832
10680000;41,72;55,03868;82,94832
10860000;41,72;55,03868;82,94832
10860000;41,72;55,03868;82,94832
14240000;66,57;55,03868;82,94832
14530000;66,57;55,03868;82,94832
16120000;74,73;55,03868;82,94832
11790000;46,77;55,03868;82,94832
26250000;118,46;55,03868;82,94832
10960000;43,19;55,03868;82,94832
11170000;43,19;55,03868;82,94832
11400000;43,19;55,03868;82,94832
10960000;43,19;55,03868;82,94832
11400000;43,19;55,03868;82,94832
11430000;46,6;55,03868;82,94832
11090000;46,29;55,03868;82,94832
11200000;46,29;55,03868;82,94832
11200000;46,29;55,03868;82,94832
15590000;74,26;55,03868;82,94832
10840000;41,69;55,03868;82,94832
10840000;41,69;55,03868;82,94832
11030000;41,69;55,03868;82,94832
11030000;41,69;55,03868;82,94832
11030000;41,69;55,03868;82,94832
11550000;46,74;55,03868;82,94832
12000000;46,74;55,03868;82,94832
11790000;46,74;55,03868;82,94832
12000000;46,74;55,03868;82,94832
10980000;43,32;55,03868;82,94832
11090000;43,32;55,03868;82,94832
11190000;43,32;55,03868;82,94832
15790000;74,75;55,03868;82,94832
10670000;41,68;55,03868;82,94832
10840000;41,68;55,03868;82,94832
10840000;41,68;55,03868;82,94832
15810000;71,24;55,03868;82,94832
16090000;71,24;55,03868;82,94832
14750000;66,56;55,03868;82,94832
15320000;66,56;55,03868;82,94832
15210000;78,45;55,03868;82,94832
15800000;78,45;55,03868;82,94832
15500000;78,45;55,03868;82,94832
15800000;78,45;55,03868;82,94832
13330000;64,52;55,03868;82,94832
14890000;64,52;55,03868;82,94832
15190000;64,52;55,03868;82,94832
14160000;64,52;55,03868;82,94832
13790000;64,52;55,03868;82,94832
14290000;64,52;55,03868;82,94832
14890000;64,52;55,03868;82,94832
15190000;64,52;55,03868;82,94832
15340000;68,05;55,03868;82,94832
15600000;68,05;55,03868;82,94832
15600000;68,05;55,03868;82,94832
18090000;95,41;55,03868;82,94832
22650000;112,89;55,03868;82,94832
24090000;112,89;55,03868;82,94832
23850000;112,89;55,03868;82,94832
15220000;78,52;55,03868;82,94832
20350000;86,43;55,03868;82,94832
13710000;64,01;55,03868;82,94832
14800000;64,01;55,03868;82,94832
15100000;64,01;55,03868;82,94832
15100000;64,01;55,03868;82,94832
14800000;64,01;55,03868;82,94832
14230000;64,01;55,03868;82,94832
14620000;66,12;55,03868;82,94832
13370000;63,92;55,03868;82,94832
13930000;63,92;55,03868;82,94832
15040000;78,16;55,03868;82,94832
16270000;77,13;55,03868;82,94832
16590000;77,13;55,03868;82,94832
15010000;78,5;55,03868;82,94832
15060000;78,5;55,03868;82,94832
15810000;78,5;55,03868;82,94832
15510000;78,5;55,03868;82,94832
15510000;78,5;55,03868;82,94832
16740000;74,74;55,03868;82,94832
17230000;74,74;55,03868;82,94832
16900000;74,74;55,03868;82,94832
15210000;62,4;55,03868;82,94832
15210000;62,4;55,03868;82,94832
15550000;62,4;55,03868;82,94832
15270000;62,4;55,03868;82,94832
15550000;62,4;55,03868;82,94832
15550000;62,4;55,03868;82,94832
15270000;62,4;55,03868;82,94832
14090000;61,97;55,03868;82,94832
18760000;112,93;55,03868;82,94832
19360000;112,93;55,03868;82,94832
18950000;112,93;55,03868;82,94832
19550000;112,93;55,03868;82,94832
19550000;112,93;55,03868;82,94832
14660000;67,45;55,03868;82,94832
16170000;67,45;55,03868;82,94832
15850000;67,45;55,03868;82,94832
16340000;67,45;55,03868;82,94832
16030000;67,45;55,03868;82,94832
14720000;65,91;55,03868;82,94832
15590000;73,72;55,03868;82,94832
15860000;73,72;55,03868;82,94832
15050000;66,3;55,03868;82,94832
24890000;133,7;55,03868;82,94832
15970000;73,42;55,03868;82,94832
16290000;73,42;55,03868;82,94832
15040000;78,19;55,03868;82,94832
14750000;66,57;55,03868;82,94832
12980000;68,35;55,03868;82,94832
13980000;68,35;55,03868;82,94832
13260000;68,35;55,03868;82,94832
15230000;68,35;55,03868;82,94832
13960000;68,35;55,03868;82,94832
13710000;68,35;55,03868;82,94832
14680000;68,35;55,03868;82,94832
13680000;68,35;55,03868;82,94832
14940000;68,35;55,03868;82,94832
14680000;68,35;55,03868;82,94832
14410000;68,35;55,03868;82,94832
14680000;68,35;55,03868;82,94832
14940000;68,35;55,03868;82,94832
15720000;90,26;55,03868;82,94832
24730000;134,52;55,03868;82,94832
24060000;112,9;55,03868;82,94832
14950000;65,71;55,03868;82,94832
15220000;65,71;55,03868;82,94832
15500000;65,71;55,03868;82,94832
15220000;65,71;55,03868;82,94832
15500000;65,71;55,03868;82,94832
15500000;65,71;55,03868;82,94832
26190000;133,68;55,03868;82,94832
24750000;104,66;55,03868;82,94832
17250000;92,37;55,03868;82,94832
15500000;78,42;55,03868;82,94832
15760000;74,77;55,03868;82,94832
15890000;77,43;55,03868;82,94832
16160000;77,43;55,03868;82,94832
15720000;71,54;55,03868;82,94832
16090000;74,26;55,03868;82,94832
16390000;74,26;55,03868;82,94832
16250000;74,26;55,03868;82,94832
16250000;74,26;55,03868;82,94832
14830000;67,94;55,03868;82,94832
15390000;67,94;55,03868;82,94832
15390000;67,94;55,03868;82,94832
15100000;67,94;55,03868;82,94832
15390000;67,94;55,03868;82,94832
15390000;67,94;55,03868;82,94832
15470000;74,71;55,03868;82,94832
15620000;74,71;55,03868;82,94832
15620000;74,71;55,03868;82,94832
15760000;74,71;55,03868;82,94832
14500000;61,68;55,03868;82,94832
15020000;61,68;55,03868;82,94832
15020000;61,68;55,03868;82,94832
14760000;61,68;55,03868;82,94832
15020000;61,68;55,03868;82,94832
14760000;61,68;55,03868;82,94832
14660000;67,47;55,03868;82,94832
16540000;90,11;55,03868;82,94832
17440000;90,11;55,03868;82,94832
21480000;121,1;55,03868;82,94832
15570000;62,68;55,03868;82,94832
15760000;62,68;55,03868;82,94832
24100000;112,96;55,03868;82,94832
14660000;78,22;55,03868;82,94832
15770000;78,22;55,03868;82,94832
21390000;112,07;55,03868;82,94832
16710000;74,25;55,03868;82,94832
14680000;67,8;55,03868;82,94832
15040000;66,54;55,03868;82,94832
14500000;67,44;55,03868;82,94832
14500000;67,44;55,03868;82,94832
16370000;90,1;55,03868;82,94832
16720000;90,1;55,03868;82,94832
16720000;90,1;55,03868;82,94832
16720000;90,1;55,03868;82,94832
17620000;90,1;55,03868;82,94832
17620000;90,1;55,03868;82,94832
17620000;90,1;55,03868;82,94832
21530000;86,03;55,03868;82,94832
21370000;112;55,03868;82,94832
23450000;112;55,03868;82,94832
23290000;112;55,03868;82,94832
15760000;74,7;55,03868;82,94832
15730000;90,31;55,03868;82,94832
32790000;118,46;55,03868;82,94832
17240000;74,73;55,03868;82,94832
17240000;74,73;55,03868;82,94832
21700000;107,72;55,03868;82,94832
27600000;144,39;55,03868;82,94832
28090000;144,39;55,03868;82,94832
28090000;144,39;55,03868;82,94832
26330000;143,3;55,03868;82,94832
28050000;143,3;55,03868;82,94832
28050000;143,3;55,03868;82,94832
27560000;144,25;55,03868;82,94832
25450000;127,95;55,03868;82,94832
31420000;168,4;55,03868;82,94832
34090000;176,37;55,03868;82,94832
24090000;117,55;55,03868;82,94832
24320000;117,55;55,03868;82,94832
24090000;117,55;55,03868;82,94832
6000000;35,2;55,08697;82,93678
6000000;35,2;55,08697;82,93678
6000000;35,2;55,08697;82,93678
6000000;35,2;55,08697;82,93678
6000000;35,2;55,08697;82,93678
6000000;35,2;55,08697;82,93678
4950000;28,9;55,08697;82,93678
5750000;28,9;55,08697;82,93678
5150000;28,9;55,08697;82,93678
5350000;28,9;55,08697;82,93678
5950000;28,9;55,08697;82,93678
5350000;28,9;55,08697;82,93678
6050000;28,9;55,08697;82,93678
5550000;34,7;55,08697;82,93678
5750000;34,7;55,08697;82,93678
5650000;34,7;55,08697;82,93678
5850000;34,7;55,08697;82,93678
5750000;34,7;55,08697;82,93678
5650000;34,7;55,08697;82,93678
5850000;34,7;55,08697;82,93678
5400000;29;55,08697;82,93678
5400000;29;55,08697;82,93678
5400000;29;55,08697;82,93678
5400000;29;55,08697;82,93678
6100000;29;55,08697;82,93678
6100000;29;55,08697;82,93678
6100000;29;55,08697;82,93678
6100000;29;55,08697;82,93678
6700000;39,7;55,08697;82,93678
6700000;39,7;55,08697;82,93678
7700000;39,7;55,08697;82,93678
7700000;39,7;55,08697;82,93678
7700000;39,7;55,08697;82,93678
6400000;41;55,08697;82,93678
6500000;41;55,08697;82,93678
6600000;41;55,08697;82,93678
6500000;41;55,08697;82,93678
6600000;41;55,08697;82,93678
6600000;41;55,08697;82,93678
6400000;41;55,08697;82,93678
5950000;41,7;55,08697;82,93678
6400000;41,7;55,08697;82,93678
6650000;41,2;55,08697;82,93678
6650000;41,2;55,08697;82,93678
6650000;41,2;55,08697;82,93678
6700000;41,2;55,08697;82,93678
6700000;41,2;55,08697;82,93678
6700000;41,2;55,08697;82,93678
6050000;41,5;55,08697;82,93678
6500000;41,5;55,08697;82,93678
6600000;41,5;55,08697;82,93678
6650000;41,5;55,08697;82,93678
6600000;41,5;55,08697;82,93678
6650000;41,5;55,08697;82,93678
6600000;41,5;55,08697;82,93678
6650000;41,5;55,08697;82,93678
6700000;41,5;55,08697;82,93678
6700000;41,5;55,08697;82,93678
6600000;41,5;55,08697;82,93678
5950000;40,3;55,08697;82,93678
7550000;40,3;55,08697;82,93678
7200000;40,3;55,08697;82,93678
7650000;40,3;55,08697;82,93678
7450000;40,3;55,08697;82,93678
6300000;40,3;55,08697;82,93678
6500000;40,3;55,08697;82,93678
6500000;40,3;55,08697;82,93678
6400000;40,5;55,08697;82,93678
6950000;40,5;55,08697;82,93678
7700000;40,5;55,08697;82,93678
6550000;40,5;55,08697;82,93678
6500000;40,5;55,08697;82,93678
6550000;40,5;55,08697;82,93678
6550000;40,5;55,08697;82,93678
6550000;40,5;55,08697;82,93678
7700000;40,5;55,08697;82,93678
7300000;40,5;55,08697;82,93678
7500000;40,5;55,08697;82,93678
7500000;40,5;55,08697;82,93678
6650000;40,7;55,08697;82,93678
6650000;40,7;55,08697;82,93678
7550000;40,7;55,08697;82,93678
7550000;40,7;55,08697;82,93678
7550000;40,7;55,08697;82,93678
6400000;39,8;55,08697;82,93678
7400000;39,8;55,08697;82,93678
6600000;39,8;55,08697;82,93678
7600000;39,8;55,08697;82,93678
7500000;39,8;55,08697;82,93678
9200000;58,3;55,08697;82,93678
10000000;58,3;55,08697;82,93678
9200000;58,3;55,08697;82,93678
9200000;58,3;55,08697;82,93678
10550000;58,3;55,08697;82,93678
9200000;58,3;55,08697;82,93678
9200000;58,3;55,08697;82,93678
9300000;58,3;55,08697;82,93678
9300000;58,3;55,08697;82,93678
10550000;58,3;55,08697;82,93678
10550000;58,3;55,08697;82,93678
9200000;58,3;55,08697;82,93678
8900000;59,1;55,08697;82,93678
9200000;59,1;55,08697;82,93678
9200000;59,1;55,08697;82,93678
9200000;59,1;55,08697;82,93678
9200000;59,1;55,08697;82,93678
9100000;59,1;55,08697;82,93678
9000000;59,1;55,08697;82,93678
10300000;59,1;55,08697;82,93678
9200000;59,1;55,08697;82,93678
9100000;59,1;55,08697;82,93678
9100000;59,1;55,08697;82,93678
9200000;59,1;55,08697;82,93678
10450000;59,1;55,08697;82,93678
10550000;59,1;55,08697;82,93678
9100000;59,1;55,08697;82,93678
10850000;79,5;55,08697;82,93678
10950000;79,5;55,08697;82,93678
10950000;79,5;55,08697;82,93678
12750000;79,5;55,08697;82,93678
12850000;79,5;55,08697;82,93678
12850000;79,5;55,08697;82,93678
10600000;79,8;55,08697;82,93678
12500000;79,8;55,08697;82,93678
10800000;83,1;55,08697;82,93678
11500000;83,1;55,08697;82,93678
11500000;83,1;55,08697;82,93678
11500000;83,1;55,08697;82,93678
11500000;83,1;55,08697;82,93678
11500000;83,1;55,08697;82,93678
11500000;83,1;55,08697;82,93678
11500000;83,1;55,08697;82,93678
10750000;83,4;55,08697;82,93678
11450000;83,4;55,08697;82,93678
11450000;83,4;55,08697;82,93678
11350000;83,4;55,08697;82,93678
11350000;83,4;55,08697;82,93678
10990000;83,4;55,08697;82,93678
10990000;83,4;55,08697;82,93678
11450000;83,4;55,08697;82,93678
11000000;79,3;55,08697;82,93678
12200000;79,3;55,08697;82,93678
11000000;79,3;55,08697;82,93678
11000000;79,3;55,08697;82,93678
12900000;79,3;55,08697;82,93678
12900000;79,3;55,08697;82,93678
12900000;79,3;55,08697;82,93678
7100000;28;55,0403;82,94016
7100000;28;55,0403;82,94016
7100000;28;55,0403;82,94016
7100000;28;55,0403;82,94016
7100000;27,8;55,0403;82,94016
7100000;27,8;55,0403;82,94016
7200000;27,8;55,0403;82,94016
7200000;27,8;55,0403;82,94016
7100000;27,8;55,0403;82,94016
7700000;40;55,0403;82,94016
8400000;41;55,0403;82,94016
6700000;32,2;55,0403;82,94016
6800000;32,2;55,0403;82,94016
6800000;32,2;55,0403;82,94016
6800000;32,2;55,0403;82,94016
6800000;32,2;55,0403;82,94016
8300000;37,8;55,0403;82,94016
8400000;37,8;55,0403;82,94016
8400000;37,8;55,0403;82,94016
8400000;37,8;55,0403;82,94016
8400000;37,8;55,0403;82,94016
8700000;39;55,0403;82,94016
8700000;39;55,0403;82,94016
8800000;39;55,0403;82,94016
8650000;37,1;55,0403;82,94016
8750000;37,1;55,0403;82,94016
8650000;37,1;55,0403;82,94016
8650000;37,1;55,0403;82,94016
8750000;37,1;55,0403;82,94016
7600000;39,7;55,0403;82,94016
7700000;39,7;55,0403;82,94016
7700000;39,7;55,0403;82,94016
7700000;39,7;55,0403;82,94016
7800000;39,7;55,0403;82,94016
7700000;39,7;55,0403;82,94016
7700000;39,7;55,0403;82,94016
7800000;39,7;55,0403;82,94016
7800000;39,7;55,0403;82,94016
7700000;39,6;55,0403;82,94016
7800000;39,6;55,0403;82,94016
7800000;39,6;55,0403;82,94016
7800000;39,6;55,0403;82,94016
8100000;40,5;55,0403;82,94016
6800000;33,3;55,0403;82,94016
8800000;47,6;55,0403;82,94016
8800000;47,6;55,0403;82,94016
7800000;39,5;55,0403;82,94016
8100000;39,5;55,0403;82,94016
8100000;39,5;55,0403;82,94016
8500000;42,9;55,0403;82,94016
8450000;37,3;55,0403;82,94016
8650000;37,3;55,0403;82,94016
7100000;32,9;55,0403;82,94016
7200000;32,9;55,0403;82,94016
7200000;32,9;55,0403;82,94016
7200000;32,9;55,0403;82,94016
7200000;32,9;55,0403;82,94016
7100000;32,9;55,0403;82,94016
7500000;36,7;55,0403;82,94016
7500000;36,7;55,0403;82,94016
7500000;36,7;55,0403;82,94016
8500000;47,8;55,0403;82,94016
8500000;47,8;55,0403;82,94016
8600000;47,8;55,0403;82,94016
8600000;47,8;55,0403;82,94016
8600000;47,8;55,0403;82,94016
8500000;47,8;55,0403;82,94016
8500000;47,8;55,0403;82,94016
8500000;47,8;55,0403;82,94016
7600000;36,4;55,0403;82,94016
6700000;32,3;55,0403;82,94016
6800000;32,3;55,0403;82,94016
8800000;40,7;55,0403;82,94016
8900000;40,7;55,0403;82,94016
9150000;40,7;55,0403;82,94016
8800000;40,7;55,0403;82,94016
8900000;40,7;55,0403;82,94016
8900000;40,7;55,0403;82,94016
8400000;37,6;55,0403;82,94016
8400000;37,6;55,0403;82,94016
8500000;37,6;55,0403;82,94016
8500000;37,6;55,0403;82,94016
7600000;39,9;55,0403;82,94016
7700000;39,9;55,0403;82,94016
7700000;39,9;55,0403;82,94016
7700000;39,9;55,0403;82,94016
7700000;39,9;55,0403;82,94016
8900000;41,3;55,0403;82,94016
9000000;41,3;55,0403;82,94016
7500000;36,8;55,0403;82,94016
8600000;39,1;55,0403;82,94016
8700000;39,1;55,0403;82,94016
8700000;39,1;55,0403;82,94016
8100000;38;55,0403;82,94016
8600000;40,2;55,0403;82,94016
8600000;40,2;55,0403;82,94016
8600000;40,2;55,0403;82,94016
8400000;39,2;55,0403;82,94016
8700000;39,2;55,0403;82,94016
8550000;37,2;55,0403;82,94016
7500000;36,5;55,0403;82,94016
7500000;36,5;55,0403;82,94016
7600000;36,5;55,0403;82,94016
7500000;36,5;55,0403;82,94016
7500000;36,5;55,0403;82,94016
7600000;36,5;55,0403;82,94016
7500000;36,5;55,0403;82,94016
7500000;36,5;55,0403;82,94016
8300000;48,4;55,0403;82,94016
8500000;48,4;55,0403;82,94016
8850000;41,1;55,0403;82,94016
8300000;40,3;55,0403;82,94016
8600000;40,3;55,0403;82,94016
8900000;40,3;55,0403;82,94016
8400000;40,3;55,0403;82,94016
8900000;40,3;55,0403;82,94016
8900000;40,3;55,0403;82,94016
8600000;40,1;55,0403;82,94016
8600000;40,1;55,0403;82,94016
8700000;40,1;55,0403;82,94016
8700000;40,1;55,0403;82,94016
8090000;48,7;55,0403;82,94016
6900000;33,2;55,0403;82,94016
7100000;33,2;55,0403;82,94016
7100000;33,2;55,0403;82,94016
7100000;33,2;55,0403;82,94016
7800000;39,4;55,0403;82,94016
7900000;39,4;55,0403;82,94016
7900000;39,4;55,0403;82,94016
7800000;39,4;55,0403;82,94016
7800000;39,4;55,0403;82,94016
7800000;39,4;55,0403;82,94016
7900000;39,4;55,0403;82,94016
7800000;39,4;55,0403;82,94016
7800000;39,4;55,0403;82,94016
6800000;32,1;55,0403;82,94016
6800000;32,1;55,0403;82,94016
6800000;32,1;55,0403;82,94016
6800000;32,1;55,0403;82,94016
6800000;32,1;55,0403;82,94016
6800000;32,1;55,0403;82,94016
6800000;32,1;55,0403;82,94016
6800000;32,1;55,0403;82,94016
8400000;48,1;55,0403;82,94016
8500000;48,1;55,0403;82,94016
8500000;48,1;55,0403;82,94016
8500000;48,1;55,0403;82,94016
11950000;64;55,0403;82,94016
12000000;64;55,0403;82,94016
12000000;64;55,0403;82,94016
12000000;64;55,0403;82,94016
9200000;48;55,0403;82,94016
9200000;48;55,0403;82,94016
10800000;66,4;55,0403;82,94016
11100000;66,4;55,0403;82,94016
11100000;66,4;55,0403;82,94016
11000000;66,4;55,0403;82,94016
11100000;66,4;55,0403;82,94016
11100000;66,4;55,0403;82,94016
10900000;66,4;55,0403;82,94016
10100000;52,3;55,0403;82,94016
10900000;63;55,0403;82,94016
11000000;63;55,0403;82,94016
11000000;63;55,0403;82,94016
11100000;63;55,0403;82,94016
10800000;63,1;55,0403;82,94016
11100000;63,1;55,0403;82,94016
8990000;48,5;55,0403;82,94016
9300000;48,5;55,0403;82,94016
9300000;48,5;55,0403;82,94016
9400000;48,5;55,0403;82,94016
9600000;47,8;55,0403;82,94016
10700000;52,5;55,0403;82,94016
9500000;51,9;55,0403;82,94016
9100000;48,1;55,0403;82,94016
9200000;48,1;55,0403;82,94016
10900000;52,9;55,0403;82,94016
11000000;52,9;55,0403;82,94016
11000000;52,9;55,0403;82,94016
9500000;51,8;55,0403;82,94016
9600000;51,8;55,0403;82,94016
9600000;51,8;55,0403;82,94016
11800000;64,5;55,0403;82,94016
9300000;47,9;55,0403;82,94016
11400000;65,8;55,0403;82,94016
11100000;62,7;55,0403;82,94016
11300000;62,7;55,0403;82,94016
11300000;62,7;55,0403;82,94016
11200000;62,7;55,0403;82,94016
9600000;51,4;55,0403;82,94016
9600000;51,4;55,0403;82,94016
9600000;51,4;55,0403;82,94016
9700000;51,4;55,0403;82,94016
10300000;52,6;55,0403;82,94016
11100000;52,6;55,0403;82,94016
11100000;52,6;55,0403;82,94016
10200000;65,4;55,0403;82,94016
12000000;64,1;55,0403;82,94016
9300000;48,6;55,0403;82,94016
12000000;63,6;55,0403;82,94016
12100000;63,6;55,0403;82,94016
9400000;48,4;55,0403;82,94016
9700000;48,4;55,0403;82,94016
9500000;48,4;55,0403;82,94016
9200000;48,2;55,0403;82,94016
11100000;52,7;55,0403;82,94016
11100000;52,7;55,0403;82,94016
12100000;63,5;55,0403;82,94016
9500000;52;55,0403;82,94016
10000000;51,2;55,0403;82,94016
10100000;49,9;55,0403;82,94016
10200000;49,9;55,0403;82,94016
9950000;49,8;55,0403;82,94016
10200000;49,8;55,0403;82,94016
10200000;49,8;55,0403;82,94016
10200000;49,7;55,0403;82,94016
10200000;49,7;55,0403;82,94016
10300000;49,7;55,0403;82,94016
10300000;49,7;55,0403;82,94016
10200000;49,7;55,0403;82,94016
9500000;51,5;55,0403;82,94016
9500000;51,5;55,0403;82,94016
9600000;51,5;55,0403;82,94016
9500000;51,5;55,0403;82,94016
11100000;66,2;55,0403;82,94016
11200000;66,2;55,0403;82,94016
11300000;66,2;55,0403;82,94016
11200000;66,2;55,0403;82,94016
11300000;66,2;55,0403;82,94016
11200000;66,2;55,0403;82,94016
14150000;84,5;55,0403;82,94016
14150000;84,5;55,0403;82,94016
14250000;84,5;55,0403;82,94016
14250000;84,6;55,0403;82,94016
13850000;84,9;55,0403;82,94016
14050000;84,9;55,0403;82,94016
13950000;84,9;55,0403;82,94016
14150000;84,9;55,0403;82,94016
14150000;84,9;55,0403;82,94016
14150000;84,9;55,0403;82,94016
14150000;84,9;55,0403;82,94016
13500000;86,6;55,0403;82,94016
13600000;86,3;55,0403;82,94016
13700000;86,3;55,0403;82,94016
13700000;86,3;55,0403;82,94016
13600000;86,3;55,0403;82,94016
13600000;86,3;55,0403;82,94016
10990000;69,2;55,0403;82,94016
13300000;86,7;55,0403;82,94016
13500000;86,7;55,0403;82,94016
10500000;69,3;55,0403;82,94016
5180000;29,01;55,05011;82,99717
5340000;29,01;55,05011;82,99717
5240000;27,19;55,05011;82,99717
4250000;21,97;55,05011;82,99717
5240000;29,14;55,05011;82,99717
5300000;29,14;55,05011;82,99717
5240000;29,14;55,05011;82,99717
5510000;30,66;55,05011;82,99717
5610000;30,66;55,05011;82,99717
5560000;30,66;55,05011;82,99717
5690000;29,79;55,05011;82,99717
5560000;27,17;55,05011;82,99717
5650000;27,17;55,05011;82,99717
5650000;27,17;55,05011;82,99717
5560000;27,17;55,05011;82,99717
5560000;27,17;55,05011;82,99717
5290000;27,96;55,05011;82,99717
5350000;30,69;55,05011;82,99717
5480000;29,8;55,05011;82,99717
5690000;29,8;55,05011;82,99717
5690000;29,8;55,05011;82,99717
5690000;29,8;55,05011;82,99717
5690000;29,82;55,05011;82,99717
4190000;22,14;55,05011;82,99717
4190000;22,14;55,05011;82,99717
4000000;18,47;55,05011;82,99717
4100000;18,47;55,05011;82,99717
5450000;29,17;55,05011;82,99717
4330000;22,55;55,05011;82,99717
5400000;30,85;55,05011;82,99717
5500000;30,85;55,05011;82,99717
5450000;30,85;55,05011;82,99717
5450000;30,85;55,05011;82,99717
5400000;30,85;55,05011;82,99717
5290000;29,11;55,05011;82,99717
5610000;30,65;55,05011;82,99717
5240000;27,18;55,05011;82,99717
5290000;27,18;55,05011;82,99717
5450000;27,18;55,05011;82,99717
5450000;27,18;55,05011;82,99717
5450000;27,18;55,05011;82,99717
5290000;27,18;55,05011;82,99717
4350000;22,19;55,05011;82,99717
5490000;29,84;55,05011;82,99717
5240000;29,15;55,05011;82,99717
5580000;29,15;55,05011;82,99717
5290000;29,15;55,05011;82,99717
5240000;29,15;55,05011;82,99717
5350000;29,15;55,05011;82,99717
5740000;29,15;55,05011;82,99717
9740000;57,41;55,05011;82,99717
5680000;34,3;55,05011;82,99717
6080000;34,3;55,05011;82,99717
6080000;34,3;55,05011;82,99717
6180000;34,3;55,05011;82,99717
6180000;34,3;55,05011;82,99717
5800000;34,3;55,05011;82,99717
6080000;34,3;55,05011;82,99717
5970000;34,3;55,05011;82,99717
6180000;34,3;55,05011;82,99717
6600000;36,43;55,05011;82,99717
22560000;138,33;55,05011;82,99717
7190000;37,33;55,05011;82,99717
7820000;43,16;55,05011;82,99717
7730000;44,14;55,05011;82,99717
7810000;44,14;55,05011;82,99717
7730000;44,14;55,05011;82,99717
7810000;44,14;55,05011;82,99717
7730000;44,14;55,05011;82,99717
5970000;34,32;55,05011;82,99717
6080000;34,32;55,05011;82,99717
6080000;34,32;55,05011;82,99717
5970000;34,32;55,05011;82,99717
6180000;34,32;55,05011;82,99717
6080000;34,32;55,05011;82,99717
6610000;36,6;55,05011;82,99717
6730000;36,66;55,05011;82,99717
9900000;57,17;55,05011;82,99717
6620000;36,63;55,05011;82,99717
6620000;36,63;55,05011;82,99717
6730000;36,63;55,05011;82,99717
8250000;48,69;55,05011;82,99717
9620000;57,14;55,05011;82,99717
9620000;57,14;55,05011;82,99717
6610000;36,46;55,05011;82,99717
6700000;36,46;55,05011;82,99717
8610000;46,14;55,05011;82,99717
7260000;41,07;55,05011;82,99717
6600000;36,21;55,05011;82,99717
6600000;36,21;55,05011;82,99717
6600000;36,21;55,05011;82,99717
8200000;48,67;55,05011;82,99717
6600000;36,39;55,05011;82,99717
7260000;41,08;55,05011;82,99717
7260000;41,08;55,05011;82,99717
8000000;47,23;55,05011;82,99717
7820000;43,14;55,05011;82,99717
6610000;36,47;55,05011;82,99717
9590000;56,89;55,05011;82,99717
9710000;57,15;55,05011;82,99717
7020000;40,92;55,05011;82,99717
7070000;40,92;55,05011;82,99717
8210000;47,64;55,05011;82,99717
8210000;47,64;55,05011;82,99717
8120000;47,81;55,05011;82,99717
6790000;37,18;55,05011;82,99717
7910000;43,17;55,05011;82,99717
8250000;48,7;55,05011;82,99717
7710000;44,06;55,05011;82,99717
7170000;36,87;55,05011;82,99717
8210000;47,66;55,05011;82,99717
6810000;37,35;55,05011;82,99717
6940000;37,35;55,05011;82,99717
6100000;33,82;55,05011;82,99717
6810000;37,37;55,05011;82,99717
7070000;37,37;55,05011;82,99717
7070000;37,37;55,05011;82,99717
7070000;37,37;55,05011;82,99717
6940000;37,37;55,05011;82,99717
6620000;36,62;55,05011;82,99717
8270000;48,85;55,05011;82,99717
8300000;47,67;55,05011;82,99717
8300000;47,67;55,05011;82,99717
8300000;47,67;55,05011;82,99717
8170000;47,65;55,05011;82,99717
8260000;47,65;55,05011;82,99717
8260000;47,65;55,05011;82,99717
8260000;47,65;55,05011;82,99717
8260000;47,65;55,05011;82,99717
8210000;47,65;55,05011;82,99717
9940000;57,3;55,05011;82,99717
7130000;41,18;55,05011;82,99717
7130000;41,18;55,05011;82,99717
7130000;41,18;55,05011;82,99717
5740000;34,31;55,05011;82,99717
5850000;34,31;55,05011;82,99717
9550000;56,28;55,05011;82,99717
6940000;36,29;55,05011;82,99717
6940000;36,29;55,05011;82,99717
8010000;45,32;55,05011;82,99717
8960000;53,07;55,05011;82,99717
6700000;36,49;55,05011;82,99717
6610000;36,55;55,05011;82,99717
6610000;36,55;55,05011;82,99717
8270000;48,88;55,05011;82,99717
6320000;35,52;55,05011;82,99717
6790000;37,16;55,05011;82,99717
6910000;37,16;55,05011;82,99717
8220000;47,41;55,05011;82,99717
8220000;47,41;55,05011;82,99717
8220000;47,41;55,05011;82,99717
7990000;47,08;55,05011;82,99717
7740000;44,98;55,05011;82,99717
7740000;44,98;55,05011;82,99717
8220000;51,25;55,05011;82,99717
10290000;64,41;55,05011;82,99717
9790000;56;55,05011;82,99717
9900000;56;55,05011;82,99717
11300000;72,58;55,05011;82,99717
11310000;72,58;55,05011;82,99717
8290000;51,31;55,05011;82,99717
8290000;51,31;55,05011;82,99717
10920000;72,54;55,05011;82,99717
8630000;55,52;55,05011;82,99717
9260000;57,95;55,05011;82,99717
9260000;57,95;55,05011;82,99717
10180000;63,99;55,05011;82,99717
10180000;63,99;55,05011;82,99717
10180000;63,99;55,05011;82,99717
11300000;72,6;55,05011;82,99717
11300000;72,6;55,05011;82,99717
11310000;72,6;55,05011;82,99717
8070000;51,41;55,05011;82,99717
13940000;86,22;55,05011;82,99717
13970000;86,22;55,05011;82,99717
11950000;74,77;55,05011;82,99717
9830000;63,33;55,05011;82,99717
9860000;63,33;55,05011;82,99717
7570000;48;55,05011;82,99717
7630000;48;55,05011;82,99717
7630000;48;55,05011;82,99717
8590000;54,39;55,05011;82,99717
10100000;64,37;55,05011;82,99717
9620000;61,7;55,05011;82,99717
8620000;55,25;55,05011;82,99717
10290000;64,42;55,05011;82,99717
10450000;67,3;55,05011;82,99717
10440000;67,29;55,05011;82,99717
8280000;51,16;55,05011;82,99717
12660000;81,52;55,05011;82,99717
8070000;51,42;55,05011;82,99717
12850000;82,45;55,05011;82,99717
9140000;56,22;55,05011;82,99717
9140000;56,22;55,05011;82,99717
15920000;103,86;55,05011;82,99717
10260000;65,9;55,05011;82,99717
9630000;61,83;55,05011;82,99717
9630000;61,83;55,05011;82,99717
9630000;61,83;55,05011;82,99717
8130000;51,28;55,05011;82,99717
8220000;51,28;55,05011;82,99717
8220000;51,28;55,05011;82,99717
9430000;58,53;55,05011;82,99717
9430000;58,53;55,05011;82,99717
9430000;58,53;55,05011;82,99717
10070000;63,78;55,05011;82,99717
11630000;69,89;55,05011;82,99717
11120000;71,8;55,05011;82,99717
9840000;62,49;55,05011;82,99717
10000000;62,49;55,05011;82,99717
10100000;62,49;55,05011;82,99717
10100000;62,49;55,05011;82,99717
10100000;62,49;55,05011;82,99717
10530000;62,49;55,05011;82,99717
10950000;71,76;55,05011;82,99717
10950000;71,76;55,05011;82,99717
10950000;71,76;55,05011;82,99717
9120000;58,5;55,05011;82,99717
9330000;58,5;55,05011;82,99717
9190000;58,5;55,05011;82,99717
9230000;58,5;55,05011;82,99717
9190000;58,5;55,05011;82,99717
9230000;58,5;55,05011;82,99717
9190000;58,5;55,05011;82,99717
9130000;58,5;55,05011;82,99717
16040000;102,72;55,05011;82,99717
10030000;64,38;55,05011;82,99717
10030000;64,38;55,05011;82,99717
10100000;64,38;55,05011;82,99717
11160000;71,96;55,05011;82,99717
10740000;62,28;55,05011;82,99717
12480000;81,25;55,05011;82,99717
11920000;71,07;55,05011;82,99717
11140000;71,89;55,05011;82,99717
9330000;58,52;55,05011;82,99717
8830000;56,33;55,05011;82,99717
9040000;56,2;55,05011;82,99717
9620000;61,79;55,05011;82,99717
13520000;86,5;55,05011;82,99717
9690000;62,08;55,05011;82,99717
14940000;96,46;55,05011;82,99717
8560000;54,83;55,05011;82,99717
9790000;61,67;55,05011;82,99717
9090000;58,48;55,05011;82,99717
9260000;57,93;55,05011;82,99717
10180000;63,93;55,05011;82,99717
10910000;63,93;55,05011;82,99717
13310000;83,3;55,05011;82,99717
11050000;70,76;55,05011;82,99717
13540000;85,59;55,05011;82,99717
11130000;71,79;55,05011;82,99717
9260000;57,6;55,05011;82,99717
11150000;71,95;55,05011;82,99717
11270000;71,95;55,05011;82,99717
8130000;51,44;55,05011;82,99717
8220000;51,44;55,05011;82,99717
8150000;51,44;55,05011;82,99717
8220000;51,44;55,05011;82,99717
13240000;85,47;55,05011;82,99717
8220000;51,33;55,05011;82,99717
8220000;51,24;55,05011;82,99717
9110000;58,49;55,05011;82,99717
9110000;58,49;55,05011;82,99717
9330000;58,49;55,05011;82,99717
9110000;58,49;55,05011;82,99717
9230000;58,49;55,05011;82,99717
9590000;55,8;55,05011;82,99717
10000000;62,48;55,05011;82,99717
10000000;62,48;55,05011;82,99717
13490000;83,23;55,05011;82,99717
12450000;80,83;55,05011;82,99717
7340000;47,24;55,05011;82,99717
10260000;65,91;55,05011;82,99717
11770000;74,82;55,05011;82,99717
10350000;64,44;55,05011;82,99717
10350000;64,44;55,05011;82,99717
12540000;76,12;55,05011;82,99717
7930000;47,11;55,05011;82,99717
8500000;47,11;55,05011;82,99717
8350000;47,11;55,05011;82,99717
8350000;47,11;55,05011;82,99717
7930000;47,11;55,05011;82,99717
8500000;47,11;55,05011;82,99717
10100000;64,97;55,05011;82,99717
9330000;57,62;55,05011;82,99717
9330000;57,62;55,05011;82,99717
9330000;57,62;55,05011;82,99717
9850000;63,31;55,05011;82,99717
8690000;55,42;55,05011;82,99717
25210000;169,28;55,05011;82,99717
12190000;74,61;55,05011;82,99717
8330000;50,52;55,05011;82,99717
7300000;46,72;55,05011;82,99717
8650000;55,27;55,05011;82,99717
8690000;55,27;55,05011;82,99717
8650000;55,27;55,05011;82,99717
12280000;74,58;55,05011;82,99717
15480000;97,14;55,05011;82,99717
10980000;70,35;55,05011;82,99717
8290000;51,39;55,05011;82,99717
13400000;83,32;55,05011;82,99717
13310000;83,29;55,05011;82,99717
12660000;81,51;55,05011;82,99717
12750000;81,51;55,05011;82,99717
14950000;96,57;55,05011;82,99717
9980000;62,47;55,05011;82,99717
10260000;65,98;55,05011;82,99717
8280000;51,3;55,05011;82,99717
8440000;51,3;55,05011;82,99717
11130000;71,93;55,05011;82,99717
11130000;71,93;55,05011;82,99717
14850000;96,64;55,05011;82,99717
11510000;74,17;55,05011;82,99717
8430000;51,08;55,05011;82,99717
13990000;92,62;55,05011;82,99717
8980000;56,24;55,05011;82,99717
9040000;56,24;55,05011;82,99717
5765120;27,2;54,989888;82,843547
5770400;27,2;54,989888;82,843547
5675680;27,4;54,989888;82,843547
5870400;27,4;54,989888;82,843547
5675680;27,4;54,989888;82,843547
5675680;27,4;54,989888;82,843547
5720400;27,4;54,989888;82,843547
5870400;27,4;54,989888;82,843547
5870400;27,4;54,989888;82,843547
5920400;27,4;54,989888;82,843547
4600000;29,2;54,989888;82,843547
5220000;29,2;54,989888;82,843547
5220000;29,2;54,989888;82,843547
5220000;29,2;54,989888;82,843547
6489680;37,4;54,989888;82,843547
5504560;26,8;54,989888;82,843547
5604560;26,8;54,989888;82,843547
5596640;26,5;54,989888;82,843547
5596640;26,5;54,989888;82,843547
5696640;26,5;54,989888;82,843547
5646640;26,5;54,989888;82,843547
5646640;26,5;54,989888;82,843547
5696640;26,5;54,989888;82,843547
5796640;26,5;54,989888;82,843547
4600000;29,3;54,989888;82,843547
5220000;29,3;54,989888;82,843547
5220000;29,3;54,989888;82,843547
5551920;26,7;54,989888;82,843547
5601920;26,7;54,989888;82,843547
5601920;26,7;54,989888;82,843547
4650000;29,3;54,989888;82,843547
5270000;29,3;54,989888;82,843547
5270000;29,3;54,989888;82,843547
4650000;29,3;54,989888;82,843547
5270000;29,3;54,989888;82,843547
5220000;29,3;54,989888;82,843547
5628320;27,5;54,989888;82,843547
5678320;27,5;54,989888;82,843547
5723040;27,5;54,989888;82,843547
4600000;29,2;54,989888;82,843547
5220000;29,2;54,989888;82,843547
4600000;29,2;54,989888;82,843547
5220000;29,2;54,989888;82,843547
5170000;29,2;54,989888;82,843547
5596640;26,3;54,989888;82,843547
5696640;26,3;54,989888;82,843547
5596640;26,3;54,989888;82,843547
5767760;27,1;54,989888;82,843547
5817760;27,1;54,989888;82,843547
5767760;27,1;54,989888;82,843547
5599280;26,4;54,989888;82,843547
5699280;26,4;54,989888;82,843547
5699280;26,4;54,989888;82,843547
5749280;26,4;54,989888;82,843547
5765120;27;54,989888;82,843547
5915120;27;54,989888;82,843547
5815120;27;54,989888;82,843547
5599280;26,6;54,989888;82,843547
5699280;26,6;54,989888;82,843547
5649280;26,6;54,989888;82,843547
5649280;26,6;54,989888;82,843547
5628320;27,7;54,989888;82,843547
5728320;27,7;54,989888;82,843547
5728320;27,7;54,989888;82,843547
5728320;27,7;54,989888;82,843547
5728320;27,7;54,989888;82,843547
5767760;27,3;54,989888;82,843547
5767760;27,3;54,989888;82,843547
5767760;27,3;54,989888;82,843547
5850000;40,5;54,989888;82,843547
5850000;40,5;54,989888;82,843547
5300000;38,2;54,989888;82,843547
6200000;38,2;54,989888;82,843547
6250000;38,2;54,989888;82,843547
6250000;38,2;54,989888;82,843547
6250000;38,2;54,989888;82,843547
6250000;38,2;54,989888;82,843547
6250000;38,2;54,989888;82,843547
6850400;40;54,989888;82,843547
7407500;46,1;55,1024;82,94339
7862500;45,5;54,989888;82,843547
7342480;38,2;54,989888;82,843547
8002500;45,1;54,989888;82,843547
7860000;45,4;54,989888;82,843547
8110000;45,4;54,989888;82,843547
5050000;38,2;54,989888;82,843547
6250000;38,2;54,989888;82,843547
6250000;38,2;54,989888;82,843547
6250000;38,2;54,989888;82,843547
6250000;38,2;54,989888;82,843547
5300000;38,2;54,989888;82,843547
5300000;38,2;54,989888;82,843547
6250000;38,2;54,989888;82,843547
7995000;44,8;54,989888;82,843547
8005000;45,2;54,989888;82,843547
5600000;41,1;54,989888;82,843547
5700000;41,1;54,989888;82,843547
5700000;41,1;54,989888;82,843547
5700000;41,1;54,989888;82,843547
5600000;41,1;54,989888;82,843547
5700000;41,1;54,989888;82,843547
5650000;41,1;54,989888;82,843547
5650000;41,1;54,989888;82,843547
5650000;41,1;54,989888;82,843547
6600000;41,1;54,989888;82,843547
7174000;37,5;54,989888;82,843547
7174000;37,5;54,989888;82,843547
7174000;37,5;54,989888;82,843547
7224000;37,5;54,989888;82,843547
7857500;45,3;54,989888;82,843547
7430000;45;55,1024;82,94339
6968880;40,6;54,989888;82,843547
5350000;39,6;54,989888;82,843547
6340000;39,6;54,989888;82,843547
5350000;39,6;54,989888;82,843547
6340000;39,6;54,989888;82,843547
6290000;39,6;54,989888;82,843547
4900000;36,7;54,989888;82,843547
6500000;53,4;54,989888;82,843547
6750000;53,4;54,989888;82,843547
6650000;53,4;54,989888;82,843547
6650000;53,4;54,989888;82,843547
6750000;53,4;54,989888;82,843547
6750000;53,4;54,989888;82,843547
6650000;53,4;54,989888;82,843547
6600000;53,4;54,989888;82,843547
6700000;53,4;54,989888;82,843547
6700000;53,4;54,989888;82,843547
6600000;53,4;54,989888;82,843547
6750000;53,4;54,989888;82,843547
6650000;53,4;54,989888;82,843547
6600000;53,4;54,989888;82,843547
6600000;53,4;54,989888;82,843547
6700000;53,4;54,989888;82,843547
5900000;48,8;54,989888;82,843547
7340000;48,8;54,989888;82,843547
7340000;48,8;54,989888;82,843547
6150000;48,8;54,989888;82,843547
7340000;48,8;54,989888;82,843547
7340000;48,8;54,989888;82,843547
5850000;48,8;54,989888;82,843547
7240000;48,8;54,989888;82,843547
7290000;48,8;54,989888;82,843547
7290000;48,8;54,989888;82,843547
7290000;48,8;54,989888;82,843547
6950000;57,9;54,989888;82,843547
8390000;57,9;54,989888;82,843547
8340000;57,9;54,989888;82,843547
6950000;57,9;54,989888;82,843547
8390000;57,9;54,989888;82,843547
8390000;57,9;54,989888;82,843547
5400000;41,1;54,989888;82,843547
5700000;41,1;54,989888;82,843547
6950000;58,5;54,989888;82,843547
8360000;58,5;54,989888;82,843547
8410000;58,5;54,989888;82,843547
7000000;58,5;54,989888;82,843547
8410000;58,5;54,989888;82,843547
8410000;58,5;54,989888;82,843547
8410000;58,5;54,989888;82,843547
6900000;57,5;54,989888;82,843547
8350000;57,5;54,989888;82,843547
6900000;57,5;54,989888;82,843547
6900000;57,5;54,989888;82,843547
6900000;57,5;54,989888;82,843547
6900000;57,5;54,989888;82,843547
6900000;57,5;54,989888;82,843547
8250000;57,5;54,989888;82,843547
6900000;57,5;54,989888;82,843547
8350000;57,5;54,989888;82,843547
8300000;57,5;54,989888;82,843547
8300000;57,5;54,989888;82,843547
8300000;57,5;54,989888;82,843547
5100000;39,6;54,989888;82,843547
5350000;39,6;54,989888;82,843547
5350000;39,6;54,989888;82,843547
6340000;39,6;54,989888;82,843547
6340000;39,6;54,989888;82,843547
5350000;39,6;54,989888;82,843547
6290000;39,6;54,989888;82,843547
6340000;39,6;54,989888;82,843547
6950000;58,5;54,989888;82,843547
8410000;58,5;54,989888;82,843547
8410000;58,5;54,989888;82,843547
8410000;58,5;54,989888;82,843547
8340000;57,9;54,989888;82,843547
8390000;57,9;54,989888;82,843547
8390000;57,9;54,989888;82,843547
8390000;57,9;54,989888;82,843547
8390000;57,9;54,989888;82,843547
4900000;36,7;54,989888;82,843547
5400000;41,1;54,989888;82,843547
5650000;41,1;54,989888;82,843547
7050000;59,1;54,989888;82,843547
7100000;59,1;54,989888;82,843547
7000000;59,1;54,989888;82,843547
7050000;59,1;54,989888;82,843547
6200000;53,6;55,02593;82,81621
6100000;41,9;55,02593;82,81621
7105761;41,9;55,02593;82,81621
6350000;63,9;55,02593;82,81621
8480000;63,9;55,02593;82,81621
8480000;63,9;55,02593;82,81621
6350000;63,9;55,02593;82,81621
6400000;63,9;55,02593;82,81621
6350000;63,9;55,02593;82,81621
6400000;63,9;55,02593;82,81621
6450000;63,9;55,02593;82,81621
6400000;63,9;55,02593;82,81621
6500000;63,9;55,02593;82,81621
8430000;63,9;55,02593;82,81621
8430000;63,9;55,02593;82,81621
7817369;58,7;55,02513;82,81618
7950000;58,7;55,02513;82,81618
7900000;58,7;55,02513;82,81618
7850000;58,7;55,02513;82,81618
6600000;71,5;55,02593;82,81621
6650000;71,5;55,02593;82,81621
6650000;71,5;55,02593;82,81621
6650000;71,5;55,02593;82,81621
6650000;71,5;55,02593;82,81621
6650000;71,5;55,02593;82,81621
6700000;71,5;55,02593;82,81621
6700000;71,5;55,02593;82,81621
6600000;71,5;55,02593;82,81621
7990000;61,1;55,02513;82,81618
7990000;63,5;55,02513;82,81618
6300000;63,5;55,02567;82,8159
6300000;63,5;55,02567;82,8159
7200000;41,5;55,02593;82,81621
6300000;62,4;55,02593;82,81621
8510000;62,4;55,02593;82,81621
8560000;62,4;55,02593;82,81621
8570000;62,4;55,02593;82,81621
8510000;62,4;55,02593;82,81621
6900000;75,2;55,02593;82,81621
6900000;75,2;55,02593;82,81621
6950000;75,2;55,02593;82,81621
7000000;75,2;55,02593;82,81621
6950000;75,2;55,02593;82,81621
6950000;75,2;55,02593;82,81621
6400000;65;55,02593;82,81621
8450000;65;55,02593;82,81621
8500000;65;55,02593;82,81621
6400000;65;55,02593;82,81621
6400000;65;55,02593;82,81621
6400000;65;55,02593;82,81621
6450000;65;55,02593;82,81621
6450000;65;55,02593;82,81621
6500000;65;55,02593;82,81621
8500000;65;55,02593;82,81621
8600000;65;55,02593;82,81621
6550000;65;55,02567;82,8159
6600000;65;55,02567;82,8159
6000000;58,8;55,02593;82,81621
7820000;58,8;55,02593;82,81621
7880000;58,8;55,02593;82,81621
7000000;58,8;55,02593;82,81621
7920000;58,8;55,02593;82,81621
6500000;66,8;55,02567;82,8159
6600000;66,8;55,02567;82,8159
6500000;66,8;55,02567;82,8159
7850000;58,9;55,02513;82,81618
6700000;71,2;55,02567;82,8159
6750000;71,2;55,02567;82,8159
6550000;70,2;55,02567;82,8159
6750000;70,2;55,02567;82,8159
6700000;70,2;55,02567;82,8159
6750000;70,2;55,02567;82,8159
6550000;70,2;55,02567;82,8159
6650000;70,2;55,02567;82,8159
6700000;70,2;55,02567;82,8159
6750000;70,2;55,02567;82,8159
6700000;70,2;55,02567;82,8159
6650000;70,2;55,02567;82,8159
6600000;70,2;55,02567;82,8159
6600000;70,2;55,02567;82,8159
6800000;70,2;55,02567;82,8159
6750000;70,2;55,02567;82,8159
5900000;61;55,02513;82,81618
7250000;61;55,02513;82,81618
6300000;62,2;55,02593;82,81621
6350000;62,2;55,02593;82,81621
6450000;62,2;55,02593;82,81621
6400000;62,2;55,02593;82,81621
6050000;58,7;55,02593;82,81621
6050000;58,7;55,02593;82,81621
6050000;58,7;55,02593;82,81621
6500000;70,4;55,02567;82,8159
6550000;63,9;55,02567;82,8159
7260165;63,9;55,02567;82,8159
7900000;67;55,02567;82,8159
7900000;62,1;55,02513;82,81618
7900000;62,1;55,02513;82,81618
7000000;73,1;55,02567;82,8159
7100000;73,1;55,02567;82,8159
7000000;73,1;55,02567;82,8159
7700000;82;55,02513;82,81618
7750000;82;55,02513;82,81618
7900000;82;55,02513;82,81618
7750000;82;55,02513;82,81618
7750000;82;55,02513;82,81618
7750000;82;55,02513;82,81618
8320000;83,2;55,02567;82,8159
9300000;83,2;55,02567;82,8159
7900000;87,5;55,02513;82,81618
7950000;87,5;55,02513;82,81618
8300000;87,6;55,02593;82,81621
10960000;87,6;55,02593;82,81621
8300000;87,6;55,02593;82,81621
10960000;87,6;55,02593;82,81621
10960000;87,6;55,02593;82,81621
7500000;78,4;55,02593;82,81621
7500000;78,4;55,02593;82,81621
7500000;78,4;55,02593;82,81621
7500000;78,4;55,02593;82,81621
7500000;78,4;55,02593;82,81621
7500000;78,4;55,02593;82,81621
7500000;78,4;55,02593;82,81621
7900000;87,7;55,02513;82,81618
8300000;87,5;55,02593;82,81621
7650000;81;55,02513;82,81618
7700000;81;55,02513;82,81618
7700000;81;55,02513;82,81618
7750000;81;55,02513;82,81618
7700000;81;55,02513;82,81618
7700000;81;55,02513;82,81618
7900000;87,6;55,02513;82,81618
10200000;87,6;55,02513;82,81618
7900000;87,6;55,02513;82,81618
7500000;83,4;55,02567;82,8159
8000000;87,4;55,02513;82,81618
7650000;81,2;55,02513;82,81618
7650000;81,2;55,02513;82,81618
7650000;81,2;55,02513;82,81618
8500000;89,3;55,02567;82,8159
8600000;89,3;55,02567;82,8159
8300000;91;55,02513;82,81618
8350000;91;55,02513;82,81618
8800000;93,1;55,02567;82,8159
8350000;87,7;55,02567;82,8159
7650000;82,2;55,02513;82,81618
7700000;82,2;55,02513;82,81618
8350000;87,5;55,02567;82,8159
8750000;87,5;55,02567;82,8159
8300000;91,2;55,02513;82,81618
8300000;83;55,02567;82,8159
8300000;83;55,02567;82,8159
13500000;63,5;55,054718;82,950108
13500000;63,5;55,054718;82,950108
13500000;63,1;55,054718;82,950108
6090000;31,9;54,97782;82,87753
5690000;29,3;54,97771;82,87741
5690000;29,3;54,97771;82,87741
5690000;29,3;54,97771;82,87741
5690000;29,3;54,97771;82,87741
5790000;29,3;54,97771;82,87741
5790000;29,3;54,97771;82,87741
5790000;29,3;54,97771;82,87741
5790000;29,3;54,97771;82,87741
5790000;29,3;54,97771;82,87741
5790000;29,3;54,97771;82,87741
5790000;29,3;54,97771;82,87741
5990000;32,4;54,97782;82,87753
6090000;32,4;54,97782;82,87753
5990000;32,4;54,97782;82,87753
6490000;33,1;54,97771;82,87741
6590000;33,1;54,97771;82,87741
6590000;33,1;54,97771;82,87741
6590000;33,1;54,97771;82,87741
6590000;33,1;54,97771;82,87741
6590000;33,1;54,97771;82,87741
6590000;33,1;54,97771;82,87741
6590000;33,1;54,97771;82,87741
6590000;33,5;54,97771;82,87741
6690000;33,5;54,97771;82,87741
6690000;33,5;54,97771;82,87741
6590000;33,5;54,97771;82,87741
6590000;33,5;54,97771;82,87741
6690000;33,5;54,97771;82,87741
6690000;33,5;54,97771;82,87741
6090000;32,1;54,97782;82,87753
6190000;29,8;54,97771;82,87741
5750000;30,8;54,97782;82,87753
5990000;32;54,97782;82,87753
5990000;32;54,97782;82,87753
5990000;32;54,97782;82,87753
6090000;32;54,97782;82,87753
6290000;34,1;54,97782;82,87753
6990000;35,9;54,97782;82,87753
5390000;28,9;54,97782;82,87753
6190000;33,8;54,97782;82,87753
6150000;33,4;54,97782;82,87753
6090000;33,5;54,97782;82,87753
6150000;33,5;54,97782;82,87753
6090000;33,5;54,97782;82,87753
5990000;32,3;54,97782;82,87753
5690000;31;54,97782;82,87753
5750000;31;54,97782;82,87753
6910000;34,4;54,97782;82,87753
6910000;34,4;54,97782;82,87753
6950000;34,4;54,97782;82,87753
6950000;34,4;54,97782;82,87753
6910000;33,6;54,97782;82,87753
7250000;37,9;54,97782;82,87753
7250000;37,9;54,97782;82,87753
7350000;37,9;54,97782;82,87753
6910000;34,8;54,97782;82,87753
6950000;34,8;54,97782;82,87753
7410000;40,9;54,97782;82,87753
6910000;34,1;54,97782;82,87753
9090000;51,3;54,97782;82,87753
9190000;51,3;54,97782;82,87753
9090000;51,3;54,97782;82,87753
8690000;47,9;54,97782;82,87753
8190000;43,7;54,97771;82,87741
9190000;50,9;54,97782;82,87753
9190000;58,6;54,97771;82,87741
8090000;45,6;54,97771;82,87741
8090000;45,6;54,97771;82,87741
8490000;49,7;54,97771;82,87741
7690000;40,4;54,97771;82,87741
7690000;40,4;54,97771;82,87741
9090000;51,2;54,97782;82,87753
8690000;48;54,97782;82,87753
8690000;48;54,97782;82,87753
8690000;48;54,97782;82,87753
9650000;58,9;54,97782;82,87753
8190000;45,4;54,97782;82,87753
8290000;45,4;54,97782;82,87753
8190000;45,4;54,97782;82,87753
8290000;48,2;54,97771;82,87741
9590000;58,8;54,97782;82,87753
7650000;40,8;54,97771;82,87741
7650000;40,8;54,97771;82,87741
7650000;40,8;54,97771;82,87741
7650000;40,8;54,97771;82,87741
8290000;45,2;54,97782;82,87753
10350000;60,7;54,97771;82,87741
10350000;60,7;54,97771;82,87741
10630000;62,2;54,97782;82,87753
11130000;64,2;54,97782;82,87753
11130000;64,2;54,97782;82,87753
11230000;64,2;54,97782;82,87753
10390000;59,6;54,97782;82,87753
11290000;68,6;54,97771;82,87741
11290000;68,6;54,97771;82,87741
11230000;63,9;54,97782;82,87753
10190000;57,4;54,97782;82,87753
10190000;57,4;54,97782;82,87753
10190000;57,4;54,97782;82,87753
10290000;57,4;54,97782;82,87753
10290000;57,4;54,97782;82,87753
11290000;70,3;54,97771;82,87741
11450000;70,3;54,97771;82,87741
11450000;70,3;54,97771;82,87741
10390000;59,5;54,97782;82,87753
10490000;59,5;54,97782;82,87753
12150000;79,8;54,97771;82,87741
12290000;79,8;54,97771;82,87741
12290000;79,8;54,97771;82,87741
12350000;80,9;54,97771;82,87741
12350000;80,9;54,97771;82,87741
12490000;80,9;54,97771;82,87741
12490000;80,9;54,97771;82,87741
12490000;80,9;54,97771;82,87741
12490000;80,9;54,97771;82,87741
12490000;80,9;54,97771;82,87741
7107500;51,53;55,014458;82,942926
7107500;51,53;55,014458;82,942926
5836900;40,94;55,014458;82,942926
6030500;40,94;55,014458;82,942926
5971600;40,94;55,014458;82,942926
6109000;40,94;55,014458;82,942926
6128700;40,94;55,014458;82,942926
6148200;40,94;55,014458;82,942926
5971600;40,94;55,014458;82,942926
6010800;40,94;55,014458;82,942926
6167900;40,94;55,014458;82,942926
5950200;40,94;55,014458;82,942926
5893100;40,94;55,014458;82,942926
5971600;40,94;55,014458;82,942926
5971600;40,94;55,014458;82,942926
5991200;40,94;55,014458;82,942926
5991200;40,94;55,014458;82,942926
6010800;40,94;55,014458;82,942926
6010800;40,94;55,014458;82,942926
6010800;40,94;55,014458;82,942926
6030500;40,94;55,014458;82,942926
6030500;40,94;55,014458;82,942926
6050200;40,94;55,014458;82,942926
6050200;40,94;55,014458;82,942926
6050200;40,94;55,014458;82,942926
6069700;40,94;55,014458;82,942926
6069700;40,94;55,014458;82,942926
6069700;40,94;55,014458;82,942926
6089400;40,94;55,014458;82,942926
6089400;40,94;55,014458;82,942926
6089400;40,94;55,014458;82,942926
6109000;40,94;55,014458;82,942926
6109000;40,94;55,014458;82,942926
6128700;40,94;55,014458;82,942926
6128700;40,94;55,014458;82,942926
6148200;40,94;55,014458;82,942926
6167900;40,94;55,014458;82,942926
6167900;40,94;55,014458;82,942926
6167900;40,94;55,014458;82,942926
6187600;40,94;55,014458;82,942926
6187600;40,94;55,014458;82,942926
6187600;40,94;55,014458;82,942926
5893100;40,94;55,014458;82,942926
6148200;40,94;55,014458;82,942926
5950200;40,94;55,014458;82,942926
5836900;40,94;55,014458;82,942926
5893100;40,94;55,014458;82,942926
5893100;40,94;55,014458;82,942926
5971600;40,94;55,014458;82,942926
5971600;40,94;55,014458;82,942926
5991200;40,94;55,014458;82,942926
5991200;40,94;55,014458;82,942926
6010800;40,94;55,014458;82,942926
6010800;40,94;55,014458;82,942926
6030500;40,94;55,014458;82,942926
6030500;40,94;55,014458;82,942926
6030500;40,94;55,014458;82,942926
6050200;40,94;55,014458;82,942926
6050200;40,94;55,014458;82,942926
6050200;40,94;55,014458;82,942926
6069700;40,94;55,014458;82,942926
6069700;40,94;55,014458;82,942926
6069700;40,94;55,014458;82,942926
6089400;40,94;55,014458;82,942926
6089400;40,94;55,014458;82,942926
6089400;40,94;55,014458;82,942926
6109000;40,94;55,014458;82,942926
6109000;40,94;55,014458;82,942926
6109000;40,94;55,014458;82,942926
6128700;40,94;55,014458;82,942926
6128700;40,94;55,014458;82,942926
6128700;40,94;55,014458;82,942926
6148200;40,94;55,014458;82,942926
6148200;40,94;55,014458;82,942926
6148200;40,94;55,014458;82,942926
6167900;40,94;55,014458;82,942926
6167900;40,94;55,014458;82,942926
6187600;40,94;55,014458;82,942926
6187600;40,94;55,014458;82,942926
6187600;40,94;55,014458;82,942926
6018100;42,23;55,014458;82,942926
6265100;42,23;55,014458;82,942926
6379600;42,23;55,014458;82,942926
6136700;42,23;55,014458;82,942926
6245200;42,23;55,014458;82,942926
6018100;42,23;55,014458;82,942926
6018100;42,23;55,014458;82,942926
6076000;42,23;55,014458;82,942926
6076000;42,23;55,014458;82,942926
6025100;42,23;55,014458;82,942926
6096200;42,23;55,014458;82,942926
6096200;42,23;55,014458;82,942926
6045000;42,23;55,014458;82,942926
6116500;42,23;55,014458;82,942926
6116500;42,23;55,014458;82,942926
6136700;42,23;55,014458;82,942926
6136700;42,23;55,014458;82,942926
6085100;42,23;55,014458;82,942926
6157000;42,23;55,014458;82,942926
6157000;42,23;55,014458;82,942926
6105100;42,23;55,014458;82,942926
6177200;42,23;55,014458;82,942926
6197500;42,23;55,014458;82,942926
6145200;42,23;55,014458;82,942926
6217700;42,23;55,014458;82,942926
6217700;42,23;55,014458;82,942926
6165100;42,23;55,014458;82,942926
6237800;42,23;55,014458;82,942926
6237800;42,23;55,014458;82,942926
6185100;42,23;55,014458;82,942926
6258200;42,23;55,014458;82,942926
6205200;42,23;55,014458;82,942926
6278300;42,23;55,014458;82,942926
6278300;42,23;55,014458;82,942926
6225100;42,23;55,014458;82,942926
6298700;42,23;55,014458;82,942926
6298700;42,23;55,014458;82,942926
6245200;42,23;55,014458;82,942926
6318800;42,23;55,014458;82,942926
6318800;42,23;55,014458;82,942926
6265100;42,23;55,014458;82,942926
6339100;42,23;55,014458;82,942926
6339100;42,23;55,014458;82,942926
6285200;42,23;55,014458;82,942926
6359300;42,23;55,014458;82,942926
6359300;42,23;55,014458;82,942926
6379600;42,23;55,014458;82,942926
6379600;42,23;55,014458;82,942926
6018100;42,23;55,014458;82,942926
6076000;42,23;55,014458;82,942926
6076000;42,23;55,014458;82,942926
6025100;42,23;55,014458;82,942926
6096200;42,23;55,014458;82,942926
6096200;42,23;55,014458;82,942926
6045000;42,23;55,014458;82,942926
6116500;42,23;55,014458;82,942926
6116500;42,23;55,014458;82,942926
6136700;42,23;55,014458;82,942926
6085100;42,23;55,014458;82,942926
6157000;42,23;55,014458;82,942926
6157000;42,23;55,014458;82,942926
6105100;42,23;55,014458;82,942926
6177200;42,23;55,014458;82,942926
6197500;42,23;55,014458;82,942926
6145200;42,23;55,014458;82,942926
6217700;42,23;55,014458;82,942926
6217700;42,23;55,014458;82,942926
6165100;42,23;55,014458;82,942926
6237800;42,23;55,014458;82,942926
6237800;42,23;55,014458;82,942926
6185100;42,23;55,014458;82,942926
6258200;42,23;55,014458;82,942926
6205200;42,23;55,014458;82,942926
6278300;42,23;55,014458;82,942926
6278300;42,23;55,014458;82,942926
6225100;42,23;55,014458;82,942926
6298700;42,23;55,014458;82,942926
6318800;42,23;55,014458;82,942926
6318800;42,23;55,014458;82,942926
6339100;42,23;55,014458;82,942926
6339100;42,23;55,014458;82,942926
6285200;42,23;55,014458;82,942926
6359300;42,23;55,014458;82,942926
6359300;42,23;55,014458;82,942926
6379600;42,23;55,014458;82,942926
6379600;42,23;55,014458;82,942926
6379600;42,23;55,014458;82,942926
6298700;42,23;55,014458;82,942926
8461500;56,85;55,014458;82,942926
8461500;56,85;55,014458;82,942926
8372500;57;55,014458;82,942926
8372500;57;55,014458;82,942926
8400300;57;55,014458;82,942926
8400300;57;55,014458;82,942926
8845300;65,44;55,014458;82,942926
9052000;65,44;55,014458;82,942926
8845300;65,44;55,014458;82,942926
9052000;65,44;55,014458;82,942926
9081500;65,44;55,014458;82,942926
9111000;65,44;55,014458;82,942926
9140600;65,44;55,014458;82,942926
9170100;65,44;55,014458;82,942926
9199800;65,44;55,014458;82,942926
9258800;65,44;55,014458;82,942926
9288300;65,44;55,014458;82,942926
9081500;65,44;55,014458;82,942926
9111000;65,44;55,014458;82,942926
9140600;65,44;55,014458;82,942926
9170100;65,44;55,014458;82,942926
9199800;65,44;55,014458;82,942926
9258800;65,44;55,014458;82,942926
9288300;65,44;55,014458;82,942926
10303800;74,31;55,014458;82,942926
10303800;74,31;55,014458;82,942926
9872400;74,61;55,014458;82,942926
9872400;74,61;55,014458;82,942926
9906100;74,61;55,014458;82,942926
9939700;74,61;55,014458;82,942926
9973400;74,61;55,014458;82,942926
10006900;74,61;55,014458;82,942926
10040600;74,61;55,014458;82,942926
10074300;74,61;55,014458;82,942926
10107900;74,61;55,014458;82,942926
10141600;74,61;55,014458;82,942926
10175200;74,61;55,014458;82,942926
10208800;74,61;55,014458;82,942926
10242400;74,61;55,014458;82,942926
10276100;74,61;55,014458;82,942926
10309700;74,61;55,014458;82,942926
9906100;74,61;55,014458;82,942926
9939700;74,61;55,014458;82,942926
9973400;74,61;55,014458;82,942926
10006900;74,61;55,014458;82,942926
10040600;74,61;55,014458;82,942926
10074300;74,61;55,014458;82,942926
10107900;74,61;55,014458;82,942926
10141600;74,61;55,014458;82,942926
10175200;74,61;55,014458;82,942926
10208800;74,61;55,014458;82,942926
10242400;74,61;55,014458;82,942926
10276100;74,61;55,014458;82,942926
10309700;74,61;55,014458;82,942926
5031000;38,7;55,030187;82,920426
5108400;38,7;55,030187;82,920426
5069700;38,7;55,030187;82,920426
5005000;38,5;55,030187;82,920426
5082000;38,5;55,030187;82,920426
5043500;38,5;55,030187;82,920426
5043500;38,5;55,030187;82,920426
5043500;38,5;55,030187;82,920426
5043500;38,5;55,030187;82,920426
5005000;38,5;55,030187;82,920426
5082000;38,5;55,030187;82,920426
4699200;35,6;55,030187;82,920426
4699200;35,6;55,030187;82,920426
4631100;35,9;55,030187;82,920426
4979400;38,6;55,030187;82,920426
5095200;38,6;55,030187;82,920426
5056600;38,6;55,030187;82,920426
5018000;38,6;55,030187;82,920426
5018000;38,6;55,030187;82,920426
4992000;39;55,030187;82,920426
4966400;38,8;55,030187;82,920426
5082800;38,8;55,030187;82,920426
5121600;38,8;55,030187;82,920426
4689800;35,8;55,030187;82,920426
5018100;38,9;55,030187;82,920426
5018100;38,9;55,030187;82,920426
5068800;38,4;55,030187;82,920426
5068800;38,4;55,030187;82,920426
5068800;38,4;55,030187;82,920426
5068800;38,4;55,030187;82,920426
7091200;55,4;55,030187;82,920426
7091200;55,4;55,030187;82,920426
7091200;55,4;55,030187;82,920426
7091200;55,4;55,030187;82,920426
7091200;55,4;55,030187;82,920426
6993000;55,5;55,030187;82,920426
7048500;55,5;55,030187;82,920426
7048500;55,5;55,030187;82,920426
8786000;76,4;55,030187;82,920426
8856000;73,8;55,030187;82,920426
8856000;73,8;55,030187;82,920426
9204000;76,7;55,030187;82,920426
9204000;76,7;55,030187;82,920426
8868000;73,9;55,030187;82,920426
8732000;74;55,030187;82,920426
8806000;74;55,030187;82,920426
8806000;74;55,030187;82,920426
9139200;76,8;55,030187;82,920426
9074200;76,9;55,030187;82,920426
9151100;76,9;55,030187;82,920426
10490000;50,7;54,86766;83,08202
8550000;41,6;54,86766;83,08202
8590000;41,6;54,86766;83,08202
9190000;41,6;54,86766;83,08202
9190000;41,6;54,86766;83,08202
8890000;42,8;54,86766;83,08202
10590000;50,6;54,86766;83,08202
7690000;29,4;54,86766;83,08202
7890000;29,4;54,86766;83,08202
7890000;29,4;54,86766;83,08202
7790000;29,4;54,86766;83,08202
9190000;47,6;54,86766;83,08202
9450000;47,6;54,86766;83,08202
10290000;47,6;54,86766;83,08202
9690000;47,6;54,86766;83,08202
10490000;47,6;54,86766;83,08202
9890000;47,6;54,86766;83,08202
9490000;47,6;54,86766;83,08202
9290000;41,5;54,86766;83,08202
8790000;41,3;54,86766;83,08202
9090000;42,5;54,86766;83,08202
9590000;42,5;54,86766;83,08202
9890000;48,6;54,86766;83,08202
10590000;48,6;54,86766;83,08202
9890000;48,6;54,86766;83,08202
10190000;48,6;54,86766;83,08202
8290000;36,1;54,86766;83,08202
8490000;36,1;54,86766;83,08202
8490000;36,1;54,86766;83,08202
8790000;36;54,86766;83,08202
8890000;36;54,86766;83,08202
8790000;37,7;54,86766;83,08202
8990000;37,7;54,86766;83,08202
8990000;37,7;54,86766;83,08202
9090000;37,7;54,86766;83,08202
10490000;46,6;54,86766;83,08202
10690000;46,6;54,86766;83,08202
10690000;46,6;54,86766;83,08202
8290000;42,6;54,86766;83,08202
8690000;42,6;54,86766;83,08202
8790000;42,6;54,86766;83,08202
12790000;70,9;54,86766;83,08202
13090000;70,9;54,86766;83,08202
12090000;61,7;54,86766;83,08202
12390000;61,7;54,86766;83,08202
12190000;61,7;54,86766;83,08202
12790000;61,7;54,86766;83,08202
12590000;63,3;54,86766;83,08202
13390000;63,3;54,86766;83,08202
13290000;63,3;54,86766;83,08202
12890000;63,3;54,86766;83,08202
12790000;65,4;54,86766;83,08202
12390000;66,1;54,86766;83,08202
12490000;66,1;54,86766;83,08202
12190000;64,1;54,86766;83,08202
12690000;65;54,86766;83,08202
12490000;60,6;54,86766;83,08202
12890000;60,6;54,86766;83,08202
12590000;60,6;54,86766;83,08202
10590000;47,7;54,86766;83,08202
10990000;47,7;54,86766;83,08202
12990000;64;54,86766;83,08202
13090000;64;54,86766;83,08202
13090000;64;54,86766;83,08202
13390000;64;54,86766;83,08202
12390000;61,2;54,86766;83,08202
12890000;61,2;54,86766;83,08202
11890000;53,9;54,86766;83,08202
11290000;54,4;54,86766;83,08202
13490000;63,8;54,86766;83,08202
12790000;65,6;54,86766;83,08202
15090000;76,4;54,86766;83,08202
17900000;106,7;54,86766;83,08202
18590000;100;54,86766;83,08202
18890000;100;54,86766;83,08202
9170000;38,44;55,018029;82,933063
9190000;38,44;55,018029;82,933063
9210000;38,44;55,018029;82,933063
9330000;38,44;55,018029;82,933063
9710000;40,6;55,018029;82,933063
9740000;40,6;55,018029;82,933063
9770000;40,6;55,018029;82,933063
9800000;40,6;55,018029;82,933063
9860000;40,6;55,018029;82,933063
9890000;40,6;55,018029;82,933063
9920000;40,6;55,018029;82,933063
9950000;40,6;55,018029;82,933063
9350000;38,1;55,018029;82,933063
9390000;38,1;55,018029;82,933063
9430000;38,1;55,018029;82,933063
9510000;38,1;55,018029;82,933063
9530000;38,1;55,018029;82,933063
9550000;38,1;55,018029;82,933063
11020000;48,62;55,018029;82,933063
11050000;48,62;55,018029;82,933063
11105000;48,62;55,018029;82,933063
11155000;48,62;55,018029;82,933063
11215000;48,62;55,018029;82,933063
11305000;48,62;55,018029;82,933063
10010000;42,2;55,018029;82,933063
10040000;42,2;55,018029;82,933063
10120000;42,2;55,018029;82,933063
10150000;42,2;55,018029;82,933063
10180000;42,2;55,018029;82,933063
9950000;46,08;55,018029;82,933063
10190000;46,08;55,018029;82,933063
10220000;46,08;55,018029;82,933063
10280000;46,08;55,018029;82,933063
10310000;46,08;55,018029;82,933063
12550000;61,1;55,018029;82,933063
12580000;61,1;55,018029;82,933063
12610000;61,1;55,018029;82,933063
12640000;61,1;55,018029;82,933063
12670000;61,1;55,018029;82,933063
12730000;61,1;55,018029;82,933063
12760000;61,1;55,018029;82,933063
12815000;61,1;55,018029;82,933063
11366000;54,58;55,018029;82,933063
11396000;54,58;55,018029;82,933063
11430000;54,58;55,018029;82,933063
11490000;54,58;55,018029;82,933063
11580000;54,58;55,018029;82,933063
11640000;54,58;55,018029;82,933063
11700000;54,58;55,018029;82,933063
11670000;54,58;55,018029;82,933063
10660000;45,4;55,018029;82,933063
10690000;45,4;55,018029;82,933063
10720000;45,4;55,018029;82,933063
10750000;45,4;55,018029;82,933063
10780000;45,4;55,018029;82,933063
10860000;45,4;55,018029;82,933063
10890000;45,4;55,018029;82,933063
10920000;45,4;55,018029;82,933063
10980000;45,4;55,018029;82,933063
11360000;47,3;55,018029;82,933063
12165000;61,57;55,018029;82,933063
12285000;61,57;55,018029;82,933063
12315000;61,57;55,018029;82,933063
12345000;61,57;55,018029;82,933063
12465000;61,57;55,018029;82,933063
12525000;61,57;55,018029;82,933063
12195000;61,57;55,018029;82,933063
11750000;54,2;55,018029;82,933063
11780000;54,2;55,018029;82,933063
11810000;54,2;55,018029;82,933063
11840000;54,2;55,018029;82,933063
11870000;54,2;55,018029;82,933063
11930000;54,2;55,018029;82,933063
9690000;41,88;55,018029;82,933063
9720000;41,88;55,018029;82,933063
9940000;41,88;55,018029;82,933063
9970000;41,88;55,018029;82,933063
10170000;45,66;55,018029;82,933063
10430000;45,66;55,018029;82,933063
10490000;45,66;55,018029;82,933063
10520000;45,66;55,018029;82,933063
10630000;45,66;55,018029;82,933063
9430000;42,44;55,018029;82,933063
9460000;42,44;55,018029;82,933063
9490000;42,44;55,018029;82,933063
9600000;42,44;55,018029;82,933063
9630000;42,44;55,018029;82,933063
9660000;42,44;55,018029;82,933063
9720000;42,44;55,018029;82,933063
9750000;42,44;55,018029;82,933063
9810000;42,44;55,018029;82,933063
10370000;45,6;55,018029;82,933063
10460000;45,6;55,018029;82,933063
10490000;45,6;55,018029;82,933063
10520000;45,6;55,018029;82,933063
10550000;45,6;55,018029;82,933063
9660000;41,6;55,018029;82,933063
12740000;59,52;55,018029;82,933063
12770000;59,52;55,018029;82,933063
12800000;59,52;55,018029;82,933063
12830000;59,52;55,018029;82,933063
12860000;59,52;55,018029;82,933063
15215000;74,4;55,018029;82,933063
15235000;74,4;55,018029;82,933063
15255000;74,4;55,018029;82,933063
15275000;74,4;55,018029;82,933063
15305000;74,4;55,018029;82,933063
15405000;74,4;55,018029;82,933063
15425000;74,4;55,018029;82,933063
15445000;74,4;55,018029;82,933063
15385000;74,4;55,018029;82,933063
15325000;74,4;55,018029;82,933063
15465000;74,4;55,018029;82,933063
12950000;59,3;55,018029;82,933063
22869600;99,2;55,018029;82,933063
3368400;24,06;54,98588;82,77077
3368400;24,06;54,98588;82,77077
3368400;24,06;54,98588;82,77077
3368400;24,06;54,98588;82,77077
3368400;24,06;54,98588;82,77077
3368400;24,06;54,98588;82,77077
3368400;24,06;54,98588;82,77077
3368400;24,06;54,98588;82,77077
3368400;24,06;54,98588;82,77077
3368400;24,06;54,98588;82,77077
3368400;24,06;54,98588;82,77077
3368400;24,06;54,98588;82,77077
3368400;24,06;54,98588;82,77077
3368400;24,06;54,98588;82,77077
3368400;24,06;54,98588;82,77077
3368400;24,06;54,98588;82,77077
3705300;26,85;54,98588;82,77077
3705300;26,85;54,98588;82,77077
3705300;26,85;54,98588;82,77077
3705300;26,85;54,98588;82,77077
3705300;26,85;54,98588;82,77077
3705300;26,85;54,98588;82,77077
3705300;26,85;54,98588;82,77077
3705300;26,85;54,98588;82,77077
3712200;26,9;54,98588;82,77077
3712200;26,9;54,98588;82,77077
3712200;26,9;54,98588;82,77077
3712200;26,9;54,98588;82,77077
3712200;26,9;54,98588;82,77077
3579680;26,74;54,986804;82,783888
3273000;21,82;54,98588;82,77077
3273000;21,82;54,98588;82,77077
3273000;21,82;54,98588;82,77077
3273000;21,82;54,98588;82,77077
3273000;21,82;54,98588;82,77077
3273000;21,82;54,98588;82,77077
3273000;21,82;54,98588;82,77077
3273000;21,82;54,98588;82,77077
3273000;21,82;54,98588;82,77077
3273000;21,82;54,98588;82,77077
3273000;21,82;54,98588;82,77077
3273000;21,82;54,98588;82,77077
3273000;21,82;54,98588;82,77077
3273000;21,82;54,98588;82,77077
3273000;21,82;54,98588;82,77077
3375400;24,11;54,98588;82,77077
3375400;24,11;54,98588;82,77077
3375400;24,11;54,98588;82,77077
3375400;24,11;54,98588;82,77077
3375400;24,11;54,98588;82,77077
3375400;24,11;54,98588;82,77077
3375400;24,11;54,98588;82,77077
3375400;24,11;54,98588;82,77077
3375400;24,11;54,98588;82,77077
3375400;24,11;54,98588;82,77077
4748800;39,19;54,986804;82,783888
4752800;39,19;54,986804;82,783888
4752800;39,19;54,986804;82,783888
4752800;39,19;54,986804;82,783888
4752800;39,19;54,986804;82,783888
4752800;39,19;54,986804;82,783888
4752800;39,19;54,986804;82,783888
4752800;39,19;54,986804;82,783888
4752800;39,19;54,986804;82,783888
4597500;36,78;54,98588;82,77077
4597500;36,78;54,98588;82,77077
4597500;36,78;54,98588;82,77077
4597500;36,78;54,98588;82,77077
4597500;36,78;54,98588;82,77077
4597500;36,78;54,98588;82,77077
4597500;36,78;54,98588;82,77077
4597500;36,78;54,98588;82,77077
4603750;36,83;54,98588;82,77077
4603750;36,83;54,98588;82,77077
4603750;36,83;54,98588;82,77077
4603750;36,83;54,98588;82,77077
4697337;45,61;54,986048;82,781351
4697337;45,61;54,986048;82,781351
4520560;36,72;54,986804;82,783888
4566560;36,72;54,986804;82,783888
4566560;36,72;54,986804;82,783888
4566560;36,72;54,986804;82,783888
4561000;45,61;54,98588;82,77077
4561000;45,61;54,98588;82,77077
4912500;39,3;54,98588;82,77077
4912500;39,3;54,98588;82,77077
4912500;39,3;54,98588;82,77077
4912500;39,3;54,98588;82,77077
4912500;39,3;54,98588;82,77077
4912500;39,3;54,98588;82,77077
4912500;39,3;54,98588;82,77077
4912500;39,3;54,98588;82,77077
4262625;37,89;54,98588;82,77077
4758800;39,24;54,986804;82,783888
4758800;39,24;54,986804;82,783888
4758800;39,24;54,986804;82,783888
4758800;39,24;54,986804;82,783888
4758800;39,24;54,986804;82,783888
4808840;45,61;54,986284;82,7856
4918750;39,35;54,98588;82,77077
4918750;39,35;54,98588;82,77077
4918750;39,35;54,98588;82,77077
4918750;39,35;54,98588;82,77077
4918750;39,35;54,98588;82,77077
3796000;37,96;54,98588;82,77077
4313024;37,89;54,986048;82,781351
4269173;39,38;54,986048;82,781351
4293159;39,38;54,986284;82,7856
4473780;45,61;54,986804;82,783888
4514410;36,67;54,986804;82,783888
4861000;36,67;54,986804;82,783888
4293159;37,96;54,986284;82,7856
4260500;39,3;54,986048;82,781351
4260500;39,3;54,986048;82,781351
4260500;39,3;54,986048;82,781351
4260500;39,3;54,986048;82,781351
4260500;39,3;54,986048;82,781351
4260500;39,3;54,986048;82,781351
4289694;39,19;54,986284;82,7856
4289694;39,19;54,986284;82,7856
4265920;39,35;54,986048;82,781351
4265920;39,35;54,986048;82,781351
4265920;39,35;54,986048;82,781351
4265920;39,35;54,986048;82,781351
4293159;39,24;54,986284;82,7856
4293159;39,24;54,986284;82,7856
4365614;47,6;54,986048;82,781351
4743435;47,6;54,986048;82,781351
4662675;45,05;54,98588;82,77077
5180750;45,05;54,98588;82,77077
5180750;45,05;54,98588;82,77077
5180750;45,05;54,98588;82,77077
5180750;45,05;54,98588;82,77077
5180750;45,05;54,98588;82,77077
5180750;45,05;54,98588;82,77077
5180750;45,05;54,98588;82,77077
4662675;45,05;54,98588;82,77077
4662675;45,05;54,98588;82,77077
5180750;45,05;54,98588;82,77077
5180750;45,05;54,98588;82,77077
5180750;45,05;54,98588;82,77077
5180750;45,05;54,98588;82,77077
4662675;45,05;54,98588;82,77077
5180750;45,05;54,98588;82,77077
5180750;45,05;54,98588;82,77077
5180750;45,05;54,98588;82,77077
5180750;45,05;54,98588;82,77077
5180750;45,05;54,98588;82,77077
5180750;45,05;54,98588;82,77077
5180750;45,05;54,98588;82,77077
5180750;45,05;54,98588;82,77077
5180750;45,05;54,98588;82,77077
5180750;45,05;54,98588;82,77077
4662675;45,05;54,98588;82,77077
5180750;45,05;54,98588;82,77077
5180750;45,05;54,98588;82,77077
5180750;45,05;54,98588;82,77077
5180750;45,05;54,98588;82,77077
4662675;45,05;54,98588;82,77077
5180750;45,05;54,98588;82,77077
6147800;52,1;54,98588;82,77077
6147800;52,1;54,98588;82,77077
6147800;52,1;54,98588;82,77077
6147800;52,1;54,98588;82,77077
6147800;52,1;54,98588;82,77077
6147800;52,1;54,98588;82,77077
6147800;52,1;54,98588;82,77077
6147800;52,1;54,98588;82,77077
4547000;45,47;54,986048;82,781351
6100000;49;54,986048;82,781351
6100000;49;54,986048;82,781351
6100000;49;54,986048;82,781351
5815100;52,41;54,986804;82,783888
5815100;52,41;54,986804;82,783888
5815100;52,41;54,986804;82,783888
5815100;52,41;54,986804;82,783888
5815100;52,41;54,986804;82,783888
5815100;52,41;54,986804;82,783888
5815100;52,41;54,986804;82,783888
4900725;47,35;54,98588;82,77077
5445250;47,35;54,98588;82,77077
5445250;47,35;54,98588;82,77077
5445250;47,35;54,98588;82,77077
5445250;47,35;54,98588;82,77077
5445250;47,35;54,98588;82,77077
4822065;46,59;54,98588;82,77077
4822065;46,59;54,98588;82,77077
5357850;46,59;54,98588;82,77077
5357850;46,59;54,98588;82,77077
5357850;46,59;54,98588;82,77077
5357850;46,59;54,98588;82,77077
5357850;46,59;54,98588;82,77077
5357850;46,59;54,98588;82,77077
5357850;46,59;54,98588;82,77077
5357850;46,59;54,98588;82,77077
5357850;46,59;54,98588;82,77077
5357850;46,59;54,98588;82,77077
5357850;46,59;54,98588;82,77077
4822065;46,59;54,98588;82,77077
5357850;46,59;54,98588;82,77077
5357850;46,59;54,98588;82,77077
6729068;64,54;54,986284;82,7856
4558140;44,04;54,98588;82,77077
5064600;44,04;54,98588;82,77077
5064600;44,04;54,98588;82,77077
5064600;44,04;54,98588;82,77077
5064600;44,04;54,98588;82,77077
5064600;44,04;54,98588;82,77077
5064600;44,04;54,98588;82,77077
5064600;44,04;54,98588;82,77077
5064600;44,04;54,98588;82,77077
5064600;44,04;54,98588;82,77077
5064600;44,04;54,98588;82,77077
5064600;44,04;54,98588;82,77077
5064600;44,04;54,98588;82,77077
5064600;44,04;54,98588;82,77077
5064600;44,04;54,98588;82,77077
5064600;44,04;54,98588;82,77077
5064600;44,04;54,98588;82,77077
5108850;43,99;54,986804;82,783888
5108850;43,99;54,986804;82,783888
5108850;43,99;54,986804;82,783888
5108850;43,99;54,986804;82,783888
5108850;43,99;54,986804;82,783888
5108850;43,99;54,986804;82,783888
5108850;43,99;54,986804;82,783888
5108850;43,99;54,986804;82,783888
5108850;43,99;54,986804;82,783888
5108850;43,99;54,986804;82,783888
5108850;43,99;54,986804;82,783888
4872697;46,82;54,986048;82,781351
4919527;46,82;54,986048;82,781351
4872711;46,82;54,986048;82,781351
4872711;46,82;54,986048;82,781351
4919527;46,82;54,986048;82,781351
4919527;46,82;54,986048;82,781351
4919527;46,82;54,986048;82,781351
4919527;46,82;54,986048;82,781351
4919527;46,82;54,986048;82,781351
4919527;46,82;54,986048;82,781351
4872711;46,82;54,986048;82,781351
4872711;46,82;54,986048;82,781351
4872711;46,82;54,986048;82,781351
4653487;46,48;54,986284;82,7856
4653487;46,48;54,986284;82,7856
4653487;46,48;54,986284;82,7856
4653487;46,48;54,986284;82,7856
4653487;46,48;54,986284;82,7856
4653487;46,48;54,986284;82,7856
4653487;46,48;54,986284;82,7856
4653487;46,48;54,986284;82,7856
4653487;46,48;54,986284;82,7856
4653487;46,48;54,986284;82,7856
4653487;46,48;54,986284;82,7856
4653487;46,48;54,986284;82,7856
4653487;46,48;54,986284;82,7856
4653487;46,48;54,986284;82,7856
4653487;46,48;54,986284;82,7856
4653487;46,48;54,986284;82,7856
4653487;46,48;54,986284;82,7856
5054940;48,84;54,98588;82,77077
5616600;48,84;54,98588;82,77077
5616600;48,84;54,98588;82,77077
5616600;48,84;54,98588;82,77077
5616600;48,84;54,98588;82,77077
5616600;48,84;54,98588;82,77077
5616600;48,84;54,98588;82,77077
5616600;48,84;54,98588;82,77077
5616600;48,84;54,98588;82,77077
4546701;46,6;54,986048;82,781351
4896410;46,6;54,986048;82,781351
4896410;46,6;54,986048;82,781351
4896410;46,6;54,986048;82,781351
4896410;46,6;54,986048;82,781351
4896410;46,6;54,986048;82,781351
4924780;46,87;54,986048;82,781351
4924780;46,87;54,986048;82,781351
7305000;58,04;54,986804;82,783888
7305000;58,04;54,986804;82,783888
7305000;58,04;54,986804;82,783888
7305000;58,04;54,986804;82,783888
7305000;58,04;54,986804;82,783888
7305000;58,04;54,986804;82,783888
4246720;46,16;54,98588;82,77077
4438743;45,47;54,986284;82,7856
4250665;43,45;54,986048;82,781351
4565430;43,45;54,986048;82,781351
4565430;43,45;54,986048;82,781351
4250665;43,45;54,986048;82,781351
4400000;44,81;54,986048;82,781351
5680000;44,81;54,986048;82,781351
5680000;44,81;54,986048;82,781351
4663524;44,81;54,986048;82,781351
4663524;44,81;54,986048;82,781351
5680000;44,81;54,986048;82,781351
4663524;44,81;54,986048;82,781351
4663524;44,81;54,986048;82,781351
4663524;44,81;54,986048;82,781351
5680000;44,81;54,986048;82,781351
4663524;44,81;54,986048;82,781351
4663524;44,81;54,986048;82,781351
4663524;44,81;54,986048;82,781351
4663524;44,81;54,986048;82,781351
4663524;44,81;54,986048;82,781351
4663524;44,81;54,986048;82,781351
4663524;44,81;54,986048;82,781351
4663524;44,81;54,986048;82,781351
4663524;44,81;54,986048;82,781351
4663524;44,81;54,986048;82,781351
4663524;44,81;54,986048;82,781351
4227977;42,47;54,986048;82,781351
4225560;45,93;54,98588;82,77077
6656200;57,88;54,98588;82,77077
6656200;57,88;54,98588;82,77077
6656200;57,88;54,98588;82,77077
6656200;57,88;54,98588;82,77077
6656200;57,88;54,98588;82,77077
6656200;57,88;54,98588;82,77077
6656200;57,88;54,98588;82,77077
4646485;47,6;54,986284;82,7856
4646485;47,6;54,986284;82,7856
4564350;44,1;54,98588;82,77077
5071500;44,1;54,98588;82,77077
4564350;44,1;54,98588;82,77077
4564350;44,1;54,98588;82,77077
5071500;44,1;54,98588;82,77077
5071500;44,1;54,98588;82,77077
5071500;44,1;54,98588;82,77077
5071500;44,1;54,98588;82,77077
5071500;44,1;54,98588;82,77077
5071500;44,1;54,98588;82,77077
5071500;44,1;54,98588;82,77077
5071500;44,1;54,98588;82,77077
4564350;44,1;54,98588;82,77077
5071500;44,1;54,98588;82,77077
5097950;43,93;54,986804;82,783888
5101950;43,93;54,986804;82,783888
5101950;43,93;54,986804;82,783888
5101950;43,93;54,986804;82,783888
5101950;43,93;54,986804;82,783888
5101950;43,93;54,986804;82,783888
5101950;43,93;54,986804;82,783888
5101950;43,93;54,986804;82,783888
5101950;43,93;54,986804;82,783888
5101950;43,93;54,986804;82,783888
5101950;43,93;54,986804;82,783888
5101950;43,93;54,986804;82,783888
5101950;43,93;54,986804;82,783888
5101950;43,93;54,986804;82,783888
5101950;43,93;54,986804;82,783888
6509250;65,75;54,98588;82,77077
7232500;65,75;54,98588;82,77077
7232500;65,75;54,98588;82,77077
7232500;65,75;54,98588;82,77077
7232500;65,75;54,98588;82,77077
7232500;65,75;54,98588;82,77077
7232500;65,75;54,98588;82,77077
7232500;65,75;54,98588;82,77077
7232500;65,75;54,98588;82,77077
7232500;65,75;54,98588;82,77077
7232500;65,75;54,98588;82,77077
6509250;65,75;54,98588;82,77077
7232500;65,75;54,98588;82,77077
7232500;65,75;54,98588;82,77077
7232500;65,75;54,98588;82,77077
7232500;65,75;54,98588;82,77077
7232500;65,75;54,98588;82,77077
7232500;65,75;54,98588;82,77077
4233620;42,69;54,986804;82,783888
4775988;48,95;54,986048;82,781351
6100000;48,95;54,986048;82,781351
4878000;48,95;54,986048;82,781351
4878000;48,95;54,986048;82,781351
4878000;48,95;54,986048;82,781351
4878000;48,95;54,986048;82,781351
4878000;48,95;54,986048;82,781351
4878000;48,95;54,986048;82,781351
4775988;48,95;54,986048;82,781351
4775988;48,95;54,986048;82,781351
4018560;43,68;54,98588;82,77077
7040000;58,25;54,986804;82,783888
6516180;65,82;54,98588;82,77077
7240200;65,82;54,98588;82,77077
7240200;65,82;54,98588;82,77077
7240200;65,82;54,98588;82,77077
7240200;65,82;54,98588;82,77077
7240200;65,82;54,98588;82,77077
7240200;65,82;54,98588;82,77077
7240200;65,82;54,98588;82,77077
7240200;65,82;54,98588;82,77077
7240200;65,82;54,98588;82,77077
7240200;65,82;54,98588;82,77077
5932440;54,93;54,98588;82,77077
6591600;54,93;54,98588;82,77077
6591600;54,93;54,98588;82,77077
6591600;54,93;54,98588;82,77077
6591600;54,93;54,98588;82,77077
6591600;54,93;54,98588;82,77077
6591600;54,93;54,98588;82,77077
6591600;54,93;54,98588;82,77077
6591600;54,93;54,98588;82,77077
6591600;54,93;54,98588;82,77077
6591600;54,93;54,98588;82,77077
6591600;54,93;54,98588;82,77077
6591600;54,93;54,98588;82,77077
6591600;54,93;54,98588;82,77077
7298750;57,99;54,986804;82,783888
7298750;57,99;54,986804;82,783888
7298750;57,99;54,986804;82,783888
7298750;57,99;54,986804;82,783888
7298750;57,99;54,986804;82,783888
7298750;57,99;54,986804;82,783888
7298750;57,99;54,986804;82,783888
7298750;57,99;54,986804;82,783888
6141900;52,05;54,98588;82,77077
6141900;52,05;54,98588;82,77077
6141900;52,05;54,98588;82,77077
6141900;52,05;54,98588;82,77077
6141900;52,05;54,98588;82,77077
6141900;52,05;54,98588;82,77077
6141900;52,05;54,98588;82,77077
6141900;52,05;54,98588;82,77077
6141900;52,05;54,98588;82,77077
6141900;52,05;54,98588;82,77077
6141900;52,05;54,98588;82,77077
6141900;52,05;54,98588;82,77077
6141900;52,05;54,98588;82,77077
6141900;52,05;54,98588;82,77077
6141900;52,05;54,98588;82,77077
6141900;52,05;54,98588;82,77077
4753981;46,16;54,986048;82,781351
6661950;57,93;54,98588;82,77077
6661950;57,93;54,98588;82,77077
6661950;57,93;54,98588;82,77077
6661950;57,93;54,98588;82,77077
6661950;57,93;54,98588;82,77077
5060115;48,89;54,98588;82,77077
5622350;48,89;54,98588;82,77077
5622350;48,89;54,98588;82,77077
5622350;48,89;54,98588;82,77077
5622350;48,89;54,98588;82,77077
5622350;48,89;54,98588;82,77077
5821700;52,47;54,986804;82,783888
5821700;52,47;54,986804;82,783888
5821700;52,47;54,986804;82,783888
5821700;52,47;54,986804;82,783888
5821700;52,47;54,986804;82,783888
4894515;47,29;54,98588;82,77077
5438350;47,29;54,98588;82,77077
5438350;47,29;54,98588;82,77077
5438350;47,29;54,98588;82,77077
5438350;47,29;54,98588;82,77077
5438350;47,29;54,98588;82,77077
5438350;47,29;54,98588;82,77077
5438350;47,29;54,98588;82,77077
5438350;47,29;54,98588;82,77077
6536970;66,03;54,98588;82,77077
7403400;68,55;54,98588;82,77077
8226000;68,55;54,98588;82,77077
8226000;68,55;54,98588;82,77077
7403400;68,55;54,98588;82,77077
8226000;68,55;54,98588;82,77077
8226000;68,55;54,98588;82,77077
8226000;68,55;54,98588;82,77077
8226000;68,55;54,98588;82,77077
8226000;68,55;54,98588;82,77077
8226000;68,55;54,98588;82,77077
8226000;68,55;54,98588;82,77077
8226000;68,55;54,98588;82,77077
8226000;68,55;54,98588;82,77077
8226000;68,55;54,98588;82,77077
8226000;68,55;54,98588;82,77077
8298950;71,78;54,986804;82,783888
8304700;71,78;54,986804;82,783888
5905664;62,56;54,98588;82,77077
6246720;57,84;54,98588;82,77077
6940800;57,84;54,98588;82,77077
6940800;57,84;54,98588;82,77077
6940800;57,84;54,98588;82,77077
6940800;57,84;54,98588;82,77077
6940800;57,84;54,98588;82,77077
6940800;57,84;54,98588;82,77077
6940800;57,84;54,98588;82,77077
6940800;57,84;54,98588;82,77077
6246720;57,84;54,98588;82,77077
6940800;57,84;54,98588;82,77077
6940800;57,84;54,98588;82,77077
6940800;57,84;54,98588;82,77077
6940800;57,84;54,98588;82,77077
6940800;57,84;54,98588;82,77077
7308360;67,67;54,98588;82,77077
6977600;57,73;54,986804;82,783888
6977600;57,73;54,986804;82,783888
6977600;57,73;54,986804;82,783888
6977600;57,73;54,986804;82,783888
6977600;57,73;54,986804;82,783888
6977600;57,73;54,986804;82,783888
6977600;57,73;54,986804;82,783888
6977600;57,73;54,986804;82,783888
6977600;57,73;54,986804;82,783888
6977600;57,73;54,986804;82,783888
6977600;57,73;54,986804;82,783888
6977600;57,73;54,986804;82,783888
6977600;57,73;54,986804;82,783888
6977600;57,73;54,986804;82,783888
6977600;57,73;54,986804;82,783888
6977600;57,73;54,986804;82,783888
6977600;57,73;54,986804;82,783888
7920600;68,44;54,986804;82,783888
7920600;68,44;54,986804;82,783888
7920600;68,44;54,986804;82,783888
7920600;68,44;54,986804;82,783888
8746920;80,99;54,98588;82,77077
9718800;80,99;54,98588;82,77077
9718800;80,99;54,98588;82,77077
9718800;80,99;54,98588;82,77077
8746920;80,99;54,98588;82,77077
9718800;80,99;54,98588;82,77077
9718800;80,99;54,98588;82,77077
9718800;80,99;54,98588;82,77077
9718800;80,99;54,98588;82,77077
9718800;80,99;54,98588;82,77077
9718800;80,99;54,98588;82,77077
9718800;80,99;54,98588;82,77077
9718800;80,99;54,98588;82,77077
9718800;80,99;54,98588;82,77077
9718800;80,99;54,98588;82,77077
8757720;81,09;54,98588;82,77077
7976880;73,86;54,98588;82,77077
8863200;73,86;54,98588;82,77077
8863200;73,86;54,98588;82,77077
8863200;73,86;54,98588;82,77077
8863200;73,86;54,98588;82,77077
8863200;73,86;54,98588;82,77077
8863200;73,86;54,98588;82,77077
8863200;73,86;54,98588;82,77077
8863200;73,86;54,98588;82,77077
8863200;73,86;54,98588;82,77077
8863200;73,86;54,98588;82,77077
8863200;73,86;54,98588;82,77077
8863200;73,86;54,98588;82,77077
8863200;73,86;54,98588;82,77077
8257920;44,16;55,076546;82,92426
8257920;44,16;55,076546;82,92426
8586100;45,19;55,076546;82,92426
9036100;45,19;55,076546;82,92426
9036100;45,19;55,076546;82,92426
9036100;45,19;55,076546;82,92426
9036100;45,19;55,076546;82,92426
9036100;45,19;55,076546;82,92426
9036100;45,19;55,076546;82,92426
8586100;45,19;55,076546;82,92426
8586100;45,19;55,076546;82,92426
8586100;45,19;55,076546;82,92426
8586100;45,19;55,076546;82,92426
8586100;45,19;55,076546;82,92426
8586100;45,19;55,076546;82,92426
8586100;45,19;55,076546;82,92426
8586100;45,19;55,076546;82,92426
8586100;45,19;55,076546;82,92426
8586100;45,19;55,076546;82,92426
8586100;45,19;55,076546;82,92426
8586100;45,19;55,076546;82,92426
8289710;44,33;55,076546;82,92426
8336460;44,58;55,076546;82,92426
8336460;44,58;55,076546;82,92426
8336460;44,58;55,076546;82,92426
8336460;44,58;55,076546;82,92426
8336460;44,58;55,076546;82,92426
8336460;44,58;55,076546;82,92426
8336460;44,58;55,076546;82,92426
8336460;44,58;55,076546;82,92426
16374840;89,48;55,076546;82,92426
16374840;89,48;55,076546;82,92426
4632580;31,73;55,01989;82,980533
5090210;33,71;55,01989;82,980533
5090210;33,71;55,01989;82,980533
4659240;28,41;55,01989;82,980533
4659240;28,41;55,01989;82,980533
4705600;27,2;55,01989;82,980533
4675640;28,51;55,01989;82,980533
4727250;28,65;55,01989;82,980533
5127030;33,51;55,01989;82,980533
5127030;33,51;55,01989;82,980533
5127030;33,51;55,01989;82,980533
6730800;42,6;55,01989;82,980533
6175900;40,9;55,01989;82,980533
6673680;42,78;55,01989;82,980533
6529420;47,66;55,01989;82,980533
6844360;49,24;55,01989;82,980533
6992080;49,24;55,01989;82,980533
6992080;49,24;55,01989;82,980533
6992080;49,24;55,01989;82,980533
6992080;49,24;55,01989;82,980533
6992080;49,24;55,01989;82,980533
6992080;49,24;55,01989;82,980533
6410700;41,9;55,01989;82,980533
6494500;41,9;55,01989;82,980533
6494500;41,9;55,01989;82,980533
6494500;41,9;55,01989;82,980533
6494500;41,9;55,01989;82,980533
6438240;42,08;55,01989;82,980533
8395500;55,97;55,01989;82,980533
8906610;56,73;55,01989;82,980533
7453260;52,86;55,01989;82,980533
8828800;56,96;55,01989;82,980533
7413780;52,58;55,01989;82,980533
7518940;52,58;55,01989;82,980533
7518940;52,58;55,01989;82,980533
7518940;52,58;55,01989;82,980533
7518940;52,58;55,01989;82,980533
10948800;91,24;55,01989;82,980533
11222520;91,24;55,01989;82,980533
11040040;91,24;55,01989;82,980533
11222520;91,24;55,01989;82,980533
11222520;91,24;55,01989;82,980533
11222520;91,24;55,01989;82,980533
11222520;91,24;55,01989;82,980533
11222520;91,24;55,01989;82,980533
11218830;91,21;55,01989;82,980533
11218830;91,21;55,01989;82,980533
11218830;91,21;55,01989;82,980533
11218830;91,21;55,01989;82,980533
10579880;89,66;55,01989;82,980533
11396250;91,17;55,01989;82,980533
11396250;91,17;55,01989;82,980533
11396250;91,17;55,01989;82,980533
6265200;41,6;54,97581;83,08749
6764400;41,6;54,97581;83,08749
6764400;41,6;54,97581;83,08749
6764400;41,6;54,97581;83,08749
6764400;41,6;54,97581;83,08749
5752100;37,1;54,97581;83,08749
5900500;37,1;54,97581;83,08749
5900500;37,1;54,97581;83,08749
5900500;37,1;54,97581;83,08749
5900500;37,1;54,97581;83,08749
5900500;37,1;54,97581;83,08749
6048900;37,1;54,97581;83,08749
5662500;37,5;54,97581;83,08749
5812500;37,5;54,97581;83,08749
5812500;37,5;54,97581;83,08749
5662500;37,5;54,97581;83,08749
5812500;37,5;54,97581;83,08749
5662500;37,5;54,97581;83,08749
5812500;37,5;54,97581;83,08749
6235300;40,3;54,97581;83,08749
6557700;40,3;54,97581;83,08749
6396500;40,3;54,97581;83,08749
6396500;40,3;54,97581;83,08749
6396500;40,3;54,97581;83,08749
6396500;40,3;54,97581;83,08749
6396500;40,3;54,97581;83,08749
5721900;36,9;54,97581;83,08749
5869500;36,9;54,97581;83,08749
5869500;36,9;54,97581;83,08749
5869500;36,9;54,97581;83,08749
5721900;36,9;54,97581;83,08749
5869500;36,9;54,97581;83,08749
5869500;36,9;54,97581;83,08749
5869500;36,9;54,97581;83,08749
5869500;36,9;54,97581;83,08749
6017100;36,9;54,97581;83,08749
5869500;36,9;54,97581;83,08749
5869500;36,9;54,97581;83,08749
5869500;36,9;54,97581;83,08749
6017100;36,9;54,97581;83,08749
5706600;37,8;54,97581;83,08749
5706600;37,8;54,97581;83,08749
5969400;36,6;54,97581;83,08749
5969400;36,6;54,97581;83,08749
5969400;36,6;54,97581;83,08749
5969400;36,6;54,97581;83,08749
6492000;42;54,97581;83,08749
6828000;42;54,97581;83,08749
6660000;42;54,97581;83,08749
6660000;42;54,97581;83,08749
6660000;42;54,97581;83,08749
6660000;42;54,97581;83,08749
6660000;42;54,97581;83,08749
6255600;38,4;54,97581;83,08749
6255600;38,4;54,97581;83,08749
6255600;38,4;54,97581;83,08749
6255600;38,4;54,97581;83,08749
6039000;39;54,97581;83,08749
6039000;39;54,97581;83,08749
6039000;39;54,97581;83,08749
6573600;40,4;54,97581;83,08749
6573600;40,4;54,97581;83,08749
6573600;40,4;54,97581;83,08749
6573600;40,4;54,97581;83,08749
5937600;36,4;54,97581;83,08749
5937600;36,4;54,97581;83,08749
5937600;36,4;54,97581;83,08749
5937600;36,4;54,97581;83,08749
5368500;35,5;54,97581;83,08749
5993700;38,7;54,97581;83,08749
6303300;38,7;54,97581;83,08749
6148500;38,7;54,97581;83,08749
6148500;38,7;54,97581;83,08749
6148500;38,7;54,97581;83,08749
6148500;38,7;54,97581;83,08749
6148500;38,7;54,97581;83,08749
5721300;37,9;54,97581;83,08749
6382800;42,4;54,97581;83,08749
6552400;42,4;54,97581;83,08749
6552400;42,4;54,97581;83,08749
6552400;42,4;54,97581;83,08749
6552400;42,4;54,97581;83,08749
6382800;42,4;54,97581;83,08749
6310800;40,8;54,97581;83,08749
6474000;40,8;54,97581;83,08749
6474000;40,8;54,97581;83,08749
6474000;40,8;54,97581;83,08749
6474000;40,8;54,97581;83,08749
6474000;40,8;54,97581;83,08749
6474000;40,8;54,97581;83,08749
6474000;40,8;54,97581;83,08749
6474000;40,8;54,97581;83,08749
6474000;40,8;54,97581;83,08749
6310800;40,8;54,97581;83,08749
6637200;40,8;54,97581;83,08749
6637200;40,8;54,97581;83,08749
6474000;40,8;54,97581;83,08749
6551500;41,3;54,97581;83,08749
6551500;41,3;54,97581;83,08749
6551500;41,3;54,97581;83,08749
6551500;41,3;54,97581;83,08749
6551500;41,3;54,97581;83,08749
6716700;41,3;54,97581;83,08749
6295700;40,7;54,97581;83,08749
6295700;40,7;54,97581;83,08749
6295700;40,7;54,97581;83,08749
5647800;37,4;54,97581;83,08749
5797400;37,4;54,97581;83,08749
5797400;37,4;54,97581;83,08749
5797400;37,4;54,97581;83,08749
6279900;41,7;54,97581;83,08749
6446700;41,7;54,97581;83,08749
6446700;41,7;54,97581;83,08749
6446700;41,7;54,97581;83,08749
6177000;41;54,97581;83,08749
6669000;41;54,97581;83,08749
6669000;41;54,97581;83,08749
6669000;41;54,97581;83,08749
6669000;41;54,97581;83,08749
6206400;41,2;54,97581;83,08749
6371200;41,2;54,97581;83,08749
6206400;41,2;54,97581;83,08749
6371200;41,2;54,97581;83,08749
6371200;41,2;54,97581;83,08749
6371200;41,2;54,97581;83,08749
6371200;41,2;54,97581;83,08749
6371200;41,2;54,97581;83,08749
5633100;37,3;54,97581;83,08749
5782300;37,3;54,97581;83,08749
5782300;37,3;54,97581;83,08749
5782300;37,3;54,97581;83,08749
5633100;37,3;54,97581;83,08749
5633100;37,3;54,97581;83,08749
5782300;37,3;54,97581;83,08749
6265500;40,5;54,97581;83,08749
6589500;40,5;54,97581;83,08749
6589500;40,5;54,97581;83,08749
6427500;40,5;54,97581;83,08749
6427500;40,5;54,97581;83,08749
6427500;40,5;54,97581;83,08749
6427500;40,5;54,97581;83,08749
6589500;40,5;54,97581;83,08749
6589500;40,5;54,97581;83,08749
6427500;40,5;54,97581;83,08749
5619600;34,4;54,97581;83,08749
5619600;34,4;54,97581;83,08749
5619600;34,4;54,97581;83,08749
5619600;34,4;54,97581;83,08749
5619600;34,4;54,97581;83,08749
5619600;34,4;54,97581;83,08749
5619600;34,4;54,97581;83,08749
5619600;34,4;54,97581;83,08749
6541800;40,2;54,97581;83,08749
6541800;40,2;54,97581;83,08749
6541800;40,2;54,97581;83,08749
6541800;40,2;54,97581;83,08749
6510000;40;54,97581;83,08749
6510000;40;54,97581;83,08749
6510000;40;54,97581;83,08749
6510000;40;54,97581;83,08749
5985300;36,7;54,97581;83,08749
5985300;36,7;54,97581;83,08749
5985300;36,7;54,97581;83,08749
5985300;36,7;54,97581;83,08749
5528500;34,7;54,97581;83,08749
5667300;34,7;54,97581;83,08749
5528500;34,7;54,97581;83,08749
5528500;34,7;54,97581;83,08749
5528500;34,7;54,97581;83,08749
5667300;34,7;54,97581;83,08749
5528500;34,7;54,97581;83,08749
5528500;34,7;54,97581;83,08749
5528500;34,7;54,97581;83,08749
5528500;34,7;54,97581;83,08749
5528500;34,7;54,97581;83,08749
6338700;42,1;54,97581;83,08749
6426900;42,7;54,97581;83,08749
8932800;56,3;54,97581;83,08749
8932800;56,3;54,97581;83,08749
8932800;56,3;54,97581;83,08749
8932800;56,3;54,97581;83,08749
7710000;52,5;54,97581;83,08749
7710000;52,5;54,97581;83,08749
7710000;52,5;54,97581;83,08749
8401200;57,3;54,97581;83,08749
8401200;57,3;54,97581;83,08749
8464800;53,3;54,97581;83,08749
8464800;53,3;54,97581;83,08749
8464800;53,3;54,97581;83,08749
8464800;53,3;54,97581;83,08749
8487600;57,9;54,97581;83,08749
8156800;54,1;54,97581;83,08749
8156800;54,1;54,97581;83,08749
8156800;54,1;54,97581;83,08749
7801600;51,7;54,97581;83,08749
8008400;51,7;54,97581;83,08749
8008400;51,7;54,97581;83,08749
8215200;51,7;54,97581;83,08749
8008400;51,7;54,97581;83,08749
8008400;51,7;54,97581;83,08749
8008400;51,7;54,97581;83,08749
7801600;51,7;54,97581;83,08749
8215200;51,7;54,97581;83,08749
8008400;51,7;54,97581;83,08749
8008400;51,7;54,97581;83,08749
8008400;51,7;54,97581;83,08749
8008400;51,7;54,97581;83,08749
8008400;51,7;54,97581;83,08749
8068000;53,5;54,97581;83,08749
8282000;53,5;54,97581;83,08749
8282000;53,5;54,97581;83,08749
8496000;53,5;54,97581;83,08749
8282000;53,5;54,97581;83,08749
8282000;53,5;54,97581;83,08749
8282000;53,5;54,97581;83,08749
7905200;52,4;54,97581;83,08749
8526800;56,6;54,97581;83,08749
8753200;56,6;54,97581;83,08749
8979600;56,6;54,97581;83,08749
8753200;56,6;54,97581;83,08749
8753200;56,6;54,97581;83,08749
8753200;56,6;54,97581;83,08749
8753200;56,6;54,97581;83,08749
8168400;51,4;54,97581;83,08749
8168400;51,4;54,97581;83,08749
8168400;51,4;54,97581;83,08749
8168400;51,4;54,97581;83,08749
8168400;51,4;54,97581;83,08749
8168400;51,4;54,97581;83,08749
8168400;51,4;54,97581;83,08749
8168400;51,4;54,97581;83,08749
8082800;53,6;54,97581;83,08749
8297200;53,6;54,97581;83,08749
8297200;53,6;54,97581;83,08749
8511600;53,6;54,97581;83,08749
8297200;53,6;54,97581;83,08749
8082800;53,6;54,97581;83,08749
8297200;53,6;54,97581;83,08749
8297200;53,6;54,97581;83,08749
8297200;53,6;54,97581;83,08749
8297200;53,6;54,97581;83,08749
8297200;53,6;54,97581;83,08749
8297200;53,6;54,97581;83,08749
8297200;53,6;54,97581;83,08749
8511600;53,6;54,97581;83,08749
8449200;53,2;54,97581;83,08749
8449200;53,2;54,97581;83,08749
8449200;53,2;54,97581;83,08749
8449200;53,2;54,97581;83,08749
8449200;53,2;54,97581;83,08749
8449200;53,2;54,97581;83,08749
8449200;53,2;54,97581;83,08749
8449200;53,2;54,97581;83,08749
8314800;56,7;54,97581;83,08749
8358000;57;54,97581;83,08749
8586000;57;54,97581;83,08749
8586000;57;54,97581;83,08749
8586000;57;54,97581;83,08749
8358000;57;54,97581;83,08749
8586000;57;54,97581;83,08749
7652400;52,1;54,97581;83,08749
7860800;52,1;54,97581;83,08749
7652400;52,1;54,97581;83,08749
7860800;52,1;54,97581;83,08749
7860800;52,1;54,97581;83,08749
7860800;52,1;54,97581;83,08749
7860800;52,1;54,97581;83,08749
7860800;52,1;54,97581;83,08749
7860800;52,1;54,97581;83,08749
7860800;52,1;54,97581;83,08749
7623600;51,9;54,97581;83,08749
7623600;51,9;54,97581;83,08749
8127200;53,9;54,97581;83,08749
8127200;53,9;54,97581;83,08749
8127200;53,9;54,97581;83,08749
8444400;57,6;54,97581;83,08749
8444400;57,6;54,97581;83,08749
8674800;57,6;54,97581;83,08749
7926000;54;54,97581;83,08749
8142000;54;54,97581;83,08749
8142000;54;54,97581;83,08749
8142000;54;54,97581;83,08749
8142000;54;54,97581;83,08749
7926000;54;54,97581;83,08749
7926000;54;54,97581;83,08749
13328000;83,3;54,97581;83,08749
12896000;80,6;54,97581;83,08749
12768000;79,8;54,97581;83,08749
12768000;79,8;54,97581;83,08749
12768000;79,8;54,97581;83,08749
12768000;79,8;54,97581;83,08749
13200000;82,5;54,97581;83,08749
13200000;82,5;54,97581;83,08749
13200000;82,5;54,97581;83,08749
13200000;82,5;54,97581;83,08749
4680000;25,8;55,07522;82,92318
5585000;25,8;55,07522;82,92318
5707000;25,8;55,07522;82,92318
5707000;25,8;55,07522;82,92318
5707000;25,8;55,07522;82,92318
5832000;25,8;55,07522;82,92318
5832000;25,8;55,07522;82,92318
5832000;25,8;55,07522;82,92318
6110000;25,8;55,07522;82,92318
6110000;25,8;55,07522;82,92318
4720000;25,8;55,07522;82,92318
4720000;25,8;55,07522;82,92318
4720000;25,8;55,07522;82,92318
4760000;25,8;55,07522;82,92318
4990000;25,8;55,07522;82,92318
4990000;25,8;55,07522;82,92318
4820000;25,8;55,07522;82,92318
4840000;25,8;55,07522;82,92318
4840000;25,8;55,07522;82,92318
4840000;25,8;55,07522;82,92318
6210000;25,8;55,07522;82,92318
6210000;25,8;55,07522;82,92318
6230000;25,8;55,07522;82,92318
6250000;25,8;55,07522;82,92318
6250000;25,8;55,07522;82,92318
5585000;25,8;55,07522;82,92318
5585000;25,8;55,07522;82,92318
5585000;25,8;55,07522;82,92318
5585000;25,8;55,07522;82,92318
5585000;25,8;55,07522;82,92318
6230000;25,8;55,07522;82,92318
4990000;25,8;55,07522;82,92318
4990000;25,8;55,07522;82,92318
5585000;25,8;55,07522;82,92318
6230000;25,8;55,07522;82,92318
5585000;25,8;55,07522;82,92318
4680000;25,8;55,07522;82,92318
6210000;25,8;55,07522;82,92318
4720000;25,8;55,07522;82,92318
5585000;25,8;55,07522;82,92318
6250000;25,8;55,07522;82,92318
4810000;25,63;55,07522;82,92318
5660000;25,63;55,07522;82,92318
5780000;25,63;55,07522;82,92318
5905000;25,63;55,07522;82,92318
6155000;25,63;55,07522;82,92318
6300000;25,63;55,07522;82,92318
6320000;25,63;55,07522;82,92318
6265000;25,63;55,07522;82,92318
5660000;25,63;55,07522;82,92318
4600000;25,37;55,07522;82,92318
5490000;25,37;55,07522;82,92318
5490000;25,37;55,07522;82,92318
5490000;25,37;55,07522;82,92318
5490000;25,37;55,07522;82,92318
5595000;25,37;55,07522;82,92318
5593000;25,37;55,07522;82,92318
5615000;25,37;55,07522;82,92318
5615000;25,37;55,07522;82,92318
5615000;25,37;55,07522;82,92318
5615000;25,37;55,07522;82,92318
5615000;25,37;55,07522;82,92318
5717000;25,37;55,07522;82,92318
5717000;25,37;55,07522;82,92318
5717000;25,37;55,07522;82,92318
5740000;25,37;55,07522;82,92318
5740000;25,37;55,07522;82,92318
5740000;25,37;55,07522;82,92318
5740000;25,37;55,07522;82,92318
5740000;25,37;55,07522;82,92318
5842000;25,37;55,07522;82,92318
5842000;25,37;55,07522;82,92318
5892000;25,37;55,07522;82,92318
5997000;25,37;55,07522;82,92318
5967000;25,37;55,07522;82,92318
6017000;25,37;55,07522;82,92318
6017000;25,37;55,07522;82,92318
6017000;25,37;55,07522;82,92318
6017000;25,37;55,07522;82,92318
6092000;25,37;55,07522;82,92318
6092000;25,37;55,07522;82,92318
4640000;25,37;55,07522;82,92318
4640000;25,37;55,07522;82,92318
4640000;25,37;55,07522;82,92318
4640000;25,37;55,07522;82,92318
4680000;25,37;55,07522;82,92318
5870000;25,37;55,07522;82,92318
4740000;25,37;55,07522;82,92318
4910000;25,37;55,07522;82,92318
4910000;25,37;55,07522;82,92318
4600000;25,37;55,07522;82,92318
4600000;25,37;55,07522;82,92318
4760000;25,37;55,07522;82,92318
6130000;25,37;55,07522;82,92318
6130000;25,37;55,07522;82,92318
6130000;25,37;55,07522;82,92318
6130000;25,37;55,07522;82,92318
6250000;25,37;55,07522;82,92318
6150000;25,37;55,07522;82,92318
6150000;25,37;55,07522;82,92318
6150000;25,37;55,07522;82,92318
6270000;25,37;55,07522;82,92318
6270000;25,37;55,07522;82,92318
6170000;25,37;55,07522;82,92318
6170000;25,37;55,07522;82,92318
6170000;25,37;55,07522;82,92318
5490000;25,37;55,07522;82,92318
5490000;25,37;55,07522;82,92318
5490000;25,37;55,07522;82,92318
5490000;25,37;55,07522;82,92318
5595000;25,37;55,07522;82,92318
5490000;25,37;55,07522;82,92318
5595000;25,37;55,07522;82,92318
5595000;25,37;55,07522;82,92318
4760000;25,37;55,07522;82,92318
4910000;25,37;55,07522;82,92318
6130000;25,37;55,07522;82,92318
6170000;25,37;55,07522;82,92318
4760000;25,37;55,07522;82,92318
4910000;25,37;55,07522;82,92318
5490000;25,37;55,07522;82,92318
4910000;25,37;55,07522;82,92318
6017000;25,37;55,07522;82,92318
6092000;25,37;55,07522;82,92318
5997000;25,37;55,07522;82,92318
5490000;25,37;55,07522;82,92318
6210000;25,37;55,07522;82,92318
5490000;25,37;55,07522;82,92318
5892000;25,37;55,07522;82,92318
5892000;25,37;55,07522;82,92318
6170000;25,37;55,07522;82,92318
5490000;25,37;55,07522;82,92318
4760000;25,37;55,07522;82,92318
5842000;25,37;55,07522;82,92318
5490000;25,37;55,07522;82,92318
5595000;25,37;55,07522;82,92318
5593000;25,37;55,07522;82,92318
5490000;25,37;55,07522;82,92318
4600000;25,37;55,07522;82,92318
5967000;25,37;55,07522;82,92318
4790000;25,56;55,07522;82,92318
5641000;25,56;55,07522;82,92318
5765000;25,56;55,07522;82,92318
5890000;25,56;55,07522;82,92318
6140000;25,56;55,07522;82,92318
5645000;25,56;55,07522;82,92318
6280000;25,56;55,07522;82,92318
6300000;25,56;55,07522;82,92318
4900000;26,21;55,07522;82,92318
5785000;26,21;55,07522;82,92318
5785000;26,21;55,07522;82,92318
5785000;26,21;55,07522;82,92318
5785000;26,21;55,07522;82,92318
5785000;26,21;55,07522;82,92318
5785000;26,21;55,07522;82,92318
5907000;26,21;55,07522;82,92318
5907000;26,21;55,07522;82,92318
5907000;26,21;55,07522;82,92318
6032000;26,21;55,07522;82,92318
6032000;26,21;55,07522;82,92318
6032000;26,21;55,07522;82,92318
6032000;26,21;55,07522;82,92318
6032000;26,21;55,07522;82,92318
6032000;26,21;55,07522;82,92318
6282000;26,21;55,07522;82,92318
6282000;26,21;55,07522;82,92318
6282000;26,21;55,07522;82,92318
6282000;26,21;55,07522;82,92318
4910000;26,21;55,07522;82,92318
4910000;26,21;55,07522;82,92318
4910000;26,21;55,07522;82,92318
4910000;26,21;55,07522;82,92318
4910000;26,21;55,07522;82,92318
4910000;26,21;55,07522;82,92318
5270000;26,21;55,07522;82,92318
6400000;26,21;55,07522;82,92318
4930000;26,21;55,07522;82,92318
5785000;26,21;55,07522;82,92318
5270000;26,21;55,07522;82,92318
5270000;26,21;55,07522;82,92318
5270000;26,21;55,07522;82,92318
4900000;26,21;55,07522;82,92318
6400000;26,21;55,07522;82,92318
6400000;26,21;55,07522;82,92318
6400000;26,21;55,07522;82,92318
6400000;26,21;55,07522;82,92318
6400000;26,21;55,07522;82,92318
6420000;26,21;55,07522;82,92318
6420000;26,21;55,07522;82,92318
6440000;26,21;55,07522;82,92318
6440000;26,21;55,07522;82,92318
6440000;26,21;55,07522;82,92318
6440000;26,21;55,07522;82,92318
5895000;26,21;55,07522;82,92318
5895000;26,21;55,07522;82,92318
5785000;26,21;55,07522;82,92318
5785000;26,21;55,07522;82,92318
5785000;26,21;55,07522;82,92318
5785000;26,21;55,07522;82,92318
5785000;26,21;55,07522;82,92318
5785000;26,21;55,07522;82,92318
5785000;26,21;55,07522;82,92318
5895000;26,21;55,07522;82,92318
4900000;26,21;55,07522;82,92318
4910000;26,21;55,07522;82,92318
5270000;26,21;55,07522;82,92318
5270000;26,21;55,07522;82,92318
4910000;26,21;55,07522;82,92318
6400000;26,21;55,07522;82,92318
4900000;26,21;55,07522;82,92318
5270000;26,21;55,07522;82,92318
5895000;26,21;55,07522;82,92318
6440000;26,21;55,07522;82,92318
4910000;26,21;55,07522;82,92318
5270000;26,21;55,07522;82,92318
6420000;26,21;55,07522;82,92318
4900000;26,21;55,07522;82,92318
4900000;26,21;55,07522;82,92318
6400000;26,21;55,07522;82,92318
4910000;26,21;55,07522;82,92318
5785000;26,21;55,07522;82,92318
5785000;26,21;55,07522;82,92318
5785000;26,21;55,07522;82,92318
5785000;26,21;55,07522;82,92318
6282000;26,21;55,07522;82,92318
6282000;26,21;55,07522;82,92318
6032000;26,21;55,07522;82,92318
5907000;26,21;55,07522;82,92318
6400000;26,21;55,07522;82,92318
5585000;25,81;55,07522;82,92318
5585000;25,81;55,07522;82,92318
5834000;25,81;55,07522;82,92318
6112000;25,81;55,07522;82,92318
6210000;25,81;55,07522;82,92318
6230000;25,81;55,07522;82,92318
6250000;25,81;55,07522;82,92318
5585000;25,81;55,07522;82,92318
5709000;25,81;55,07522;82,92318
4320000;31,9;55,173806;82,95166
4660000;32,5;55,173806;82,95166
4660000;32,5;55,173806;82,95166
4660000;32,5;55,173806;82,95166
4660000;32,5;55,173806;82,95166
4470000;32,8;55,173806;82,95166
6370000;53,4;55,173806;82,95166
5560000;45,4;55,173806;82,95166
5560000;45,4;55,173806;82,95166
5560000;45,4;55,173806;82,95166
5560000;45,4;55,173806;82,95166
5560000;45,4;55,173806;82,95166
5740000;47;55,173806;82,95166
5740000;47;55,173806;82,95166
5740000;47;55,173806;82,95166
5620000;47,2;55,173806;82,95166
5200000;38;55,173806;82,95166
5200000;38;55,173806;82,95166
5200000;38;55,173806;82,95166
5200000;38;55,173806;82,95166
5200000;38;55,173806;82,95166
5200000;38;55,173806;82,95166
5200000;38;55,173806;82,95166
5200000;38;55,173806;82,95166
5200000;38;55,173806;82,95166
5200000;38;55,173806;82,95166
5200000;38;55,173806;82,95166
5200000;38;55,173806;82,95166
5200000;38;55,173806;82,95166
5200000;38;55,173806;82,95166
5200000;38;55,173806;82,95166
5200000;38;55,173806;82,95166
5440000;45,6;55,173806;82,95166
5530000;45,6;55,173806;82,95166
5490000;45,6;55,173806;82,95166
5580000;45,6;55,173806;82,95166
5580000;45,6;55,173806;82,95166
5580000;45,6;55,173806;82,95166
5580000;45,6;55,173806;82,95166
5580000;45,6;55,173806;82,95166
5580000;45,6;55,173806;82,95166
5570000;45,5;55,173806;82,95166
5640000;45,5;55,173806;82,95166
5640000;45,5;55,173806;82,95166
5640000;45,5;55,173806;82,95166
5640000;45,5;55,173806;82,95166
5640000;45,5;55,173806;82,95166
5640000;45,5;55,173806;82,95166
5640000;45,5;55,173806;82,95166
5640000;45,5;55,173806;82,95166
5570000;45,5;55,173806;82,95166
5570000;45,5;55,173806;82,95166
5570000;45,5;55,173806;82,95166
5500000;45,7;55,173806;82,95166
7510000;60,7;55,173806;82,95166
7510000;60,7;55,173806;82,95166
7510000;60,7;55,173806;82,95166
7510000;60,7;55,173806;82,95166
7510000;60,7;55,173806;82,95166
7510000;60,7;55,173806;82,95166
7470000;62,5;55,173806;82,95166
7410000;61;55,173806;82,95166
7440000;62,2;55,173806;82,95166
9610000;84,9;55,173806;82,95166
10040000;84,9;55,173806;82,95166
9610000;84,9;55,173806;82,95166
9610000;84,9;55,173806;82,95166
9610000;84,9;55,173806;82,95166
8020000;68,5;55,173806;82,95166
8130000;68,3;55,173806;82,95166
8130000;68,3;55,173806;82,95166
8130000;68,3;55,173806;82,95166
8130000;68,3;55,173806;82,95166
5100000;27,2;54,989888;82,843547
5100000;28,5;54,989888;82,843547
4300000;29,4;54,989888;82,843547
4800000;29,4;54,989888;82,843547
4800000;29,4;54,989888;82,843547
4300000;29,4;54,989888;82,843547
5000000;29,4;54,989888;82,843547
5000000;29,4;54,989888;82,843547
4500000;29,4;54,989888;82,843547
4700000;29,4;54,989888;82,843547
4500000;29,4;54,989888;82,843547
4600000;29,4;54,989888;82,843547
4700000;29,4;54,989888;82,843547
4400000;29,4;54,989888;82,843547
6110000;41,1;54,989888;82,843547
6185000;41,1;54,989888;82,843547
6335000;41,1;54,989888;82,843547
6635000;41,1;54,989888;82,843547
5500000;36,8;54,989888;82,843547
5600000;36,8;54,989888;82,843547
5900000;36,8;54,989888;82,843547
6000000;40,4;54,989888;82,843547
5745000;39,1;54,989888;82,843547
6120000;39,1;54,989888;82,843547
5820000;39,1;54,989888;82,843547
5895000;39,1;54,989888;82,843547
5970000;39,1;54,989888;82,843547
6195000;39,1;54,989888;82,843547
6045000;39,1;54,989888;82,843547
6350000;39,1;54,989888;82,843547
8200000;71,4;54,989888;82,843547
8500000;71,4;54,989888;82,843547
8200000;71,4;54,989888;82,843547
9650000;71,4;54,989888;82,843547
8350000;71,4;54,989888;82,843547
8650000;71,4;54,989888;82,843547
9250000;71,4;54,989888;82,843547
8850000;71,4;54,989888;82,843547
9050000;71,4;54,989888;82,843547
7200000;55,2;54,989888;82,843547
7200000;55,2;54,989888;82,843547
8350000;55,2;54,989888;82,843547
7550000;55,2;54,989888;82,843547
7600000;55,2;54,989888;82,843547
7450000;55,2;54,989888;82,843547
7900000;55,2;54,989888;82,843547
7900000;55,2;54,989888;82,843547
7450000;55,2;54,989888;82,843547
7600000;55,2;54,989888;82,843547
7550000;55,2;54,989888;82,843547
7750000;55,2;54,989888;82,843547
7750000;55,2;54,989888;82,843547
8350000;55,2;54,989888;82,843547
8200000;61,8;54,989888;82,843547
10551200;61,8;54,989888;82,843547
9100000;74,4;54,989888;82,843547
9650000;74,4;54,989888;82,843547
9250000;74,4;54,989888;82,843547
10300000;74,4;54,989888;82,843547
9300000;74,4;54,989888;82,843547
9650000;74,4;54,989888;82,843547
10300000;74,4;54,989888;82,843547
9600000;74,4;54,989888;82,843547
9350000;74,4;54,989888;82,843547
9250000;74,4;54,989888;82,843547
9100000;74,4;54,989888;82,843547
8750000;76,4;54,989888;82,843547
10100000;76,4;54,989888;82,843547
9230000;76,4;54,989888;82,843547
9760000;76,4;54,989888;82,843547
9080000;76,4;54,989888;82,843547
9420000;76,4;54,989888;82,843547
17050000;77,5;55,020643;82,938389
15600000;78;55,020643;82,938389
17160000;78;55,020643;82,938389
17204000;78,2;55,020643;82,938389
17182000;78,1;55,020643;82,938389
13248000;57,6;55,020643;82,938389
13777000;59,9;55,020643;82,938389
16610000;75,5;55,020643;82,938389
16610000;75,5;55,020643;82,938389
16610000;75,5;55,020643;82,938389
16720000;76;55,020643;82,938389
16676000;75,8;55,020643;82,938389
16676000;75,8;55,020643;82,938389
16654000;75,7;55,020643;82,938389
16654000;75,7;55,020643;82,938389
17468000;79,4;55,020643;82,938389
16830000;76,5;55,020643;82,938389
4996000;27,27;54,96551;82,94516
5430000;27,27;54,96551;82,94516
5430000;27,27;54,96551;82,94516
5430000;27,27;54,96551;82,94516
5540000;27,27;54,96551;82,94516
5097000;27,27;54,96551;82,94516
4999000;27,27;54,96551;82,94516
5540000;27,27;54,96551;82,94516
5430000;27,27;54,96551;82,94516
5000000;27,51;54,96551;82,94516
5520000;27,51;54,96551;82,94516
6130000;27,73;54,96551;82,94516
6210000;27,73;54,96551;82,94516
6734000;46,41;54,96551;82,94516
7160000;46,41;54,96551;82,94516
7320000;46,41;54,96551;82,94516
7370000;46,41;54,96551;82,94516
7370000;46,41;54,96551;82,94516
6587000;46,59;54,96551;82,94516
7160000;46,59;54,96551;82,94516
7210000;46,59;54,96551;82,94516
8330000;46,59;54,96551;82,94516
6256000;39,29;54,96551;82,94516
6750000;39,29;54,96551;82,94516
6800000;39,29;54,96551;82,94516
6688000;46,48;54,96551;82,94516
7220000;46,48;54,96551;82,94516
6541000;46,57;54,96551;82,94516
7110000;46,57;54,96551;82,94516
7060000;46,57;54,96551;82,94516
7110000;46,57;54,96551;82,94516
7110000;46,57;54,96551;82,94516
6600000;46,57;54,96551;82,94516
6750000;39,31;54,96551;82,94516
6800000;39,31;54,96551;82,94516
6800000;39,31;54,96551;82,94516
6688000;46,26;54,96551;82,94516
7210000;46,26;54,96551;82,94516
7270000;46,26;54,96551;82,94516
7420000;46,26;54,96551;82,94516
5990000;39,31;54,96551;82,94516
6750000;39,31;54,96551;82,94516
6850000;39,31;54,96551;82,94516
6850000;39,31;54,96551;82,94516
6850000;39,31;54,96551;82,94516
7060000;46,72;54,96551;82,94516
7160000;46,48;54,96551;82,94516
6826000;46,41;54,96551;82,94516
7370000;46,41;54,96551;82,94516
7370000;46,41;54,96551;82,94516
7420000;46,41;54,96551;82,94516
6210000;39,29;54,96551;82,94516
6850000;39,29;54,96551;82,94516
6850000;39,29;54,96551;82,94516
6910000;39,29;54,96551;82,94516
6910000;39,29;54,96551;82,94516
6910000;39,29;54,96551;82,94516
7060000;46,72;54,96551;82,94516
7160000;46,72;54,96551;82,94516
7240000;48,19;54,96551;82,94516
6500000;46,57;54,96551;82,94516
7160000;46,57;54,96551;82,94516
7160000;46,57;54,96551;82,94516
7404630;46,57;54,96551;82,94516
6650000;46,57;54,96551;82,94516
8510000;46,57;54,96551;82,94516
6688000;46,3;54,96551;82,94516
7361700;46,3;54,96551;82,94516
6688000;46,3;54,96551;82,94516
7361700;46,3;54,96551;82,94516
7361700;46,3;54,96551;82,94516
7270000;46,3;54,96551;82,94516
7361700;46,3;54,96551;82,94516
7361700;46,3;54,96551;82,94516
7361700;46,3;54,96551;82,94516
7361700;46,3;54,96551;82,94516
7361700;46,3;54,96551;82,94516
7361700;46,3;54,96551;82,94516
7420000;46,3;54,96551;82,94516
7361700;46,3;54,96551;82,94516
7420000;46,3;54,96551;82,94516
6587000;48,19;54,96551;82,94516
6633000;48,19;54,96551;82,94516
7320000;48;54,96551;82,94516
7320000;48;54,96551;82,94516
7320000;48;54,96551;82,94516
7320000;48;54,96551;82,94516
7420000;48;54,96551;82,94516
7420000;48;54,96551;82,94516
6700000;48,24;54,96551;82,94516
7320000;48,24;54,96551;82,94516
6734000;48,24;54,96551;82,94516
8480000;48,24;54,96551;82,94516
6734000;46,3;54,96551;82,94516
7210000;46,3;54,96551;82,94516
7320000;46,3;54,96551;82,94516
7370000;46,3;54,96551;82,94516
6750000;39,51;54,96551;82,94516
7270000;46,26;54,96551;82,94516
6734000;48;54,96551;82,94516
6826000;48;54,96551;82,94516
7470000;48;54,96551;82,94516
7110000;46,59;54,96551;82,94516
7110000;46,59;54,96551;82,94516
7210000;46,59;54,96551;82,94516
7210000;46,59;54,96551;82,94516
7210000;46,59;54,96551;82,94516
7270000;46,59;54,96551;82,94516
9840000;69,46;54,96551;82,94516
9940000;69,46;54,96551;82,94516
11540000;69,46;54,96551;82,94516
11580000;75,94;54,96551;82,94516
7060000;46,57;54,96551;82,94516
10090000;69,13;54,96551;82,94516
10090000;69,13;54,96551;82,94516
10140000;69,13;54,96551;82,94516
10360000;69,13;54,96551;82,94516
10140000;69,13;54,96551;82,94516
6495000;46,72;54,96551;82,94516
6599000;46,48;54,96551;82,94516
7390320;46,48;54,96551;82,94516
7270000;46,41;54,96551;82,94516
7320000;46,41;54,96551;82,94516
9300000;69,13;54,96551;82,94516
9940000;69,13;54,96551;82,94516
9620000;69,56;54,96551;82,94516
9730000;69,56;54,96551;82,94516
9840000;75,41;54,96551;82,94516
9890000;75,41;54,96551;82,94516
7270000;46,41;54,96551;82,94516
7270000;46,41;54,96551;82,94516
7220000;46,63;54,96551;82,94516
6780000;46,26;54,96551;82,94516
7420000;46,26;54,96551;82,94516
7420000;46,26;54,96551;82,94516
7420000;46,26;54,96551;82,94516
7270000;46,26;54,96551;82,94516
7270000;46,26;54,96551;82,94516
6587000;46,63;54,96551;82,94516
7060000;46,72;54,96551;82,94516
7160000;46,72;54,96551;82,94516
12730000;98,42;54,96551;82,94516
13518400;99,4;54,96551;82,94516
13434080;98,78;54,96551;82,94516
13434080;98,78;54,96551;82,94516
13517040;99,39;54,96551;82,94516
13517040;99,39;54,96551;82,94516
11199000;97,95;54,96551;82,94516
12880000;97,95;54,96551;82,94516
12980000;97,95;54,96551;82,94516
12980000;97,95;54,96551;82,94516
11990000;104,6;54,96551;82,94516
12730000;97,95;54,96551;82,94516
12780000;97,95;54,96551;82,94516
12830000;97,95;54,96551;82,94516
12880000;97,95;54,96551;82,94516
12780000;97,95;54,96551;82,94516
13650000;104,13;54,96551;82,94516
13650000;104,13;54,96551;82,94516
13760000;104,13;54,96551;82,94516
10410000;73,05;54,96551;82,94516
10670000;73,24;54,96551;82,94516
13572800;99,8;54,96551;82,94516
10460000;73,05;54,96551;82,94516
12500000;99,39;54,96551;82,94516
12730000;98,45;54,96551;82,94516
11300000;98,42;54,96551;82,94516
11300000;98,42;54,96551;82,94516
12730000;98,42;54,96551;82,94516
11599000;98,42;54,96551;82,94516
15660000;125,86;54,96551;82,94516
17422800;145,19;54,96551;82,94516
14256000;145,2;54,96551;82,94516
18540000;144,56;54,96551;82,94516
17420000;145,19;54,96551;82,94516
16480000;132,21;54,96551;82,94516
15660000;125,86;54,96551;82,94516
6780000;32,49;55,04732;82,96621
6780000;32,49;55,04732;82,96621
6780000;32,49;55,04732;82,96621
6920000;32,49;55,04732;82,96621
6920000;32,49;55,04732;82,96621
6920000;32,49;55,04732;82,96621
6920000;32,49;55,04732;82,96621
6920000;32,49;55,04732;82,96621
6920000;32,49;55,04732;82,96621
7720000;32,49;55,04732;82,96621
4850000;22,09;55,04732;82,96621
4950000;22,09;55,04732;82,96621
4950000;22,09;55,04732;82,96621
4950000;22,09;55,04732;82,96621
4950000;22,09;55,04732;82,96621
4950000;22,09;55,04732;82,96621
4950000;22,09;55,04732;82,96621
5050000;22,09;55,04732;82,96621
5050000;22,09;55,04732;82,96621
5050000;22,09;55,04732;82,96621
5050000;22,09;55,04732;82,96621
5050000;22,09;55,04732;82,96621
5050000;22,09;55,04732;82,96621
5050000;22,09;55,04732;82,96621
5760000;22,09;55,04732;82,96621
4850000;22,09;55,04732;82,96621
4950000;22,09;55,04732;82,96621
4950000;22,09;55,04732;82,96621
4950000;22,09;55,04732;82,96621
5050000;22,09;55,04732;82,96621
5690000;26,15;55,04732;82,96621
5690000;26,15;55,04732;82,96621
5690000;26,15;55,04732;82,96621
5830000;26,15;55,04732;82,96621
5830000;26,15;55,04732;82,96621
5830000;26,15;55,04732;82,96621
5830000;26,15;55,04732;82,96621
5830000;26,15;55,04732;82,96621
6630000;26,15;55,04732;82,96621
5690000;26,15;55,04732;82,96621
5830000;26,15;55,04732;82,96621
5830000;26,15;55,04732;82,96621
5830000;26,15;55,04732;82,96621
7600000;41,49;55,04732;82,96621
7600000;41,49;55,04732;82,96621
7730000;41,49;55,04732;82,96621
7730000;41,49;55,04732;82,96621
7730000;41,49;55,04732;82,96621
7730000;41,49;55,04732;82,96621
7830000;41,49;55,04732;82,96621
7830000;41,49;55,04732;82,96621
8600000;41,49;55,04732;82,96621
7730000;41,49;55,04732;82,96621
7720000;42,72;55,04732;82,96621
7820000;42,72;55,04732;82,96621
7820000;42,72;55,04732;82,96621
7920000;42,72;55,04732;82,96621
7920000;42,72;55,04732;82,96621
8720000;42,72;55,04732;82,96621
7820000;42,72;55,04732;82,96621
7820000;42,72;55,04732;82,96621
7920000;42,72;55,04732;82,96621
7920000;42,72;55,04732;82,96621
7920000;42,72;55,04732;82,96621
9270000;51,89;55,04732;82,96621
9370000;51,89;55,04732;82,96621
9270000;51,89;55,04732;82,96621
9470000;51,89;55,04732;82,96621
9470000;51,89;55,04732;82,96621
9470000;51,89;55,04732;82,96621
9470000;51,89;55,04732;82,96621
9470000;51,89;55,04732;82,96621
9470000;51,89;55,04732;82,96621
9470000;51,89;55,04732;82,96621
10250000;51,89;55,04732;82,96621
9370000;51,89;55,04732;82,96621
7870000;42,27;55,04732;82,96621
7870000;42,27;55,04732;82,96621
7970000;42,27;55,04732;82,96621
7970000;42,27;55,04732;82,96621
8110000;42,27;55,04732;82,96621
8110000;42,27;55,04732;82,96621
8110000;42,27;55,04732;82,96621
7870000;42,27;55,04732;82,96621
7970000;42,27;55,04732;82,96621
7970000;42,27;55,04732;82,96621
8110000;42,27;55,04732;82,96621
8110000;42,27;55,04732;82,96621
8110000;42,27;55,04732;82,96621
8110000;42,27;55,04732;82,96621
8910000;42,27;55,04732;82,96621
7690000;42,1;55,04732;82,96621
7890000;42,1;55,04732;82,96621
7890000;42,1;55,04732;82,96621
7890000;42,1;55,04732;82,96621
7890000;42,1;55,04732;82,96621
7890000;42,1;55,04732;82,96621
8670000;42,1;55,04732;82,96621
11100000;53,36;55,04763;82,965917
11825000;56,47;55,04763;82,965917
11855000;56,47;55,04763;82,965917
10860000;64,39;55,04732;82,96621
10860000;64,39;55,04732;82,96621
10860000;64,39;55,04732;82,96621
10860000;64,39;55,04732;82,96621
10960000;64,39;55,04732;82,96621
10960000;64,39;55,04732;82,96621
10960000;64,39;55,04732;82,96621
10960000;64,39;55,04732;82,96621
11100000;64,39;55,04732;82,96621
11100000;64,39;55,04732;82,96621
11100000;64,39;55,04732;82,96621
11100000;64,39;55,04732;82,96621
11100000;64,39;55,04732;82,96621
11100000;64,39;55,04732;82,96621
11880000;64,39;55,04732;82,96621
13325000;68,58;55,04763;82,965917
13355000;68,58;55,04763;82,965917
12050000;73,03;55,04732;82,96621
12050000;73,03;55,04732;82,96621
12150000;73,03;55,04732;82,96621
12150000;73,03;55,04732;82,96621
12150000;73,03;55,04732;82,96621
12150000;73,03;55,04732;82,96621
12150000;73,03;55,04732;82,96621
12150000;73,03;55,04732;82,96621
12150000;73,03;55,04732;82,96621
12250000;73,03;55,04732;82,96621
12250000;73,03;55,04732;82,96621
12250000;73,03;55,04732;82,96621
12050000;73,03;55,04732;82,96621
12050000;73,03;55,04732;82,96621
12150000;73,03;55,04732;82,96621
12150000;73,03;55,04732;82,96621
12150000;73,03;55,04732;82,96621
12250000;73,03;55,04732;82,96621
12250000;73,03;55,04732;82,96621
12250000;73,03;55,04732;82,96621
5390000;28,3;54,98186;82,86136
5600000;28,3;54,98186;82,86136
5350000;27,86;54,98186;82,86136
5390000;28,45;54,98186;82,86136
5390000;28,45;54,98186;82,86136
7050000;36,75;54,98186;82,86136
7450000;36,75;54,98186;82,86136
7560000;36,87;54,98183;82,86124
8200000;36,87;54,98183;82,86124
7560000;36,86;54,98183;82,86124
6950000;36,86;54,98186;82,86136
7300000;44,17;54,98186;82,86136
9205500;53,64;54,98183;82,86124
9205500;53,64;54,98183;82,86124
11447500;76,06;54,98183;82,86124
10412000;68,95;54,98183;82,86124
10687500;68,95;54,98183;82,86124
10687500;68,95;54,98183;82,86124
10687500;68,95;54,98183;82,86124
10687500;68,95;54,98183;82,86124
9310000;54,56;54,98183;82,86124
7130000;46,4;54,98186;82,86136
7960000;46,4;54,98186;82,86136
7960000;46,4;54,98186;82,86136
7960000;46,4;54,98186;82,86136
7380000;44,18;54,98186;82,86136
7380000;44,18;54,98186;82,86136
8750000;43,91;54,98183;82,86124
8700000;54,68;54,98186;82,86136
7300000;44,13;54,98186;82,86136
9390000;66,84;54,98186;82,86136
7960000;46,41;54,98186;82,86136
10580000;68,29;54,98186;82,86136
9250000;54,82;54,98186;82,86136
9350000;54,82;54,98186;82,86136
9250000;54,82;54,98186;82,86136
10564000;71,62;54,98183;82,86124
10849000;71,62;54,98183;82,86124
10580000;68,59;54,98186;82,86136
12673000;85,36;54,98183;82,86124
15600000;85,36;54,98183;82,86124
10150000;71,05;54,98186;82,86136
10480000;75,71;54,98186;82,86136
11550000;84,61;54,98186;82,86136
11550000;84,61;54,98186;82,86136
11550000;84,61;54,98186;82,86136
10744500;71,64;54,98183;82,86124
10290000;67,77;54,98186;82,86136
10290000;67,77;54,98186;82,86136
9800000;68,02;54,98186;82,86136
10050000;71,25;54,98186;82,86136
10050000;71,25;54,98186;82,86136
10050000;71,25;54,98186;82,86136
10050000;71,25;54,98186;82,86136
13390000;97,46;54,98186;82,86136
6492500;26,5;55,018295;82,938974
6816000;28,4;55,018295;82,938974
6232500;27,7;55,018295;82,938974
6232500;27,7;55,018295;82,938974
6509500;27,7;55,018295;82,938974
6509500;27,7;55,018295;82,938974
6232500;27,7;55,018295;82,938974
6371000;27,7;55,018295;82,938974
6325000;27,5;55,018295;82,938974
10920000;54,6;55,018295;82,938974
11193000;54,6;55,018295;82,938974
12012000;54,6;55,018295;82,938974
11214000;53,4;55,018295;82,938974
11620000;58,1;55,018295;82,938974
12369000;58,9;55,018295;82,938974
11800000;59;55,018295;82,938974
11800000;59;55,018295;82,938974
10700000;53,5;55,018295;82,938974
10700000;53,5;55,018295;82,938974
10700000;53,5;55,018295;82,938974
6000000;33;55,08278;82,96571
6000000;33;55,08278;82,96571
6000000;33;55,08278;82,96571
6000000;33;55,08278;82,96571
6050000;33;55,08278;82,96571
6950000;40,3;55,08278;82,96571
7000000;40,3;55,08278;82,96571
7500000;48,4;55,08278;82,96571
7500000;48,4;55,08278;82,96571
7300000;47,2;55,08278;82,96571
9550000;60,3;55,08278;82,96571
9600000;60,3;55,08278;82,96571
9600000;60,3;55,08278;82,96571
9600000;60,3;55,08278;82,96571
9650000;60,3;55,08278;82,96571
9650000;60,3;55,08278;82,96571
9550000;60,3;55,08278;82,96571
9550000;60,3;55,08278;82,96571
9600000;60,3;55,08278;82,96571
9600000;60,5;55,08278;82,96571
11200000;76,2;55,08278;82,96571
9750000;65,5;55,08278;82,96571
9800000;65,5;55,08278;82,96571
9850000;65,5;55,08278;82,96571
9800000;65,5;55,08278;82,96571
9800000;65,5;55,08278;82,96571
9750000;65,5;55,08278;82,96571
9750000;65,5;55,08278;82,96571
9800000;65,3;55,08278;82,96571
9850000;65,3;55,08278;82,96571
9800000;65,3;55,08278;82,96571
11250000;75,7;55,08278;82,96571
11150000;75,9;55,08278;82,96571
11150000;75,9;55,08278;82,96571
11250000;75,9;55,08278;82,96571
11200000;75,9;55,08278;82,96571
11200000;75,9;55,08278;82,96571
11200000;75,9;55,08278;82,96571
11150000;75,9;55,08278;82,96571
11200000;75,9;55,08278;82,96571
9750000;65,4;55,08278;82,96571
13500000;84,3;55,08278;82,96571
4790040;26,76;55,021101;82,968892
4816800;26,76;55,021101;82,968892
4870320;26,76;55,021101;82,968892
4870320;26,76;55,021101;82,968892
4870320;26,76;55,021101;82,968892
4870320;26,76;55,021101;82,968892
4870320;26,76;55,021101;82,968892
4816800;26,76;55,021101;82,968892
4760640;27,36;55,021101;82,968892
4847400;26,93;55,021101;82,968892
4847400;26,93;55,021101;82,968892
4741930;27,41;55,021101;82,968892
4741930;27,41;55,021101;82,968892
4352100;26,7;55,021101;82,968892
4405500;26,7;55,021101;82,968892
5040780;28,97;55,021101;82,968892
5176800;28,76;55,021101;82,968892
5176800;28,76;55,021101;82,968892
5137080;28,86;55,021101;82,968892
4851000;26,95;55,021101;82,968892
4851000;26,95;55,021101;82,968892
6530480;39,82;55,021101;82,968892
6788550;40,65;55,021101;82,968892
6692400;39,6;55,021101;82,968892
6168320;39,04;55,021101;82,968892
8771610;62,21;55,021101;82,968892
9377580;64,23;55,021101;82,968892
9634500;64,23;55,021101;82,968892
9634500;64,23;55,021101;82,968892
9377580;64,23;55,021101;82,968892
9506040;64,23;55,021101;82,968892
9634500;64,23;55,021101;82,968892
9383420;64,27;55,021101;82,968892
9383420;64,27;55,021101;82,968892
9383420;64,27;55,021101;82,968892
9884000;70,6;55,021101;82,968892
11911680;93,06;55,021101;82,968892
9892400;70,66;55,021101;82,968892
9892400;70,66;55,021101;82,968892
10787150;89,15;55,021101;82,968892
11927040;93,18;55,021101;82,968892
11927040;93,18;55,021101;82,968892
11923200;93,15;55,021101;82,968892
11923200;93,15;55,021101;82,968892
12118600;93,22;55,021101;82,968892
12118600;93,22;55,021101;82,968892
12118600;93,22;55,021101;82,968892
10019520;70,56;55,021101;82,968892
10019520;70,56;55,021101;82,968892
10019520;70,56;55,021101;82,968892
10019520;70,56;55,021101;82,968892
8570000;30,7;55,047105;82,908356
9180000;34;55,047105;82,908356
9490000;34;55,047105;82,908356
8570000;30,3;55,047105;82,908356
9390000;34,4;55,047105;82,908356
10100000;34,4;55,047105;82,908356
8370000;29,1;55,047105;82,908356
14280000;45,8;55,047105;82,908356
10000000;35,8;55,047105;82,908356
12450000;49;55,047105;82,908356
12550000;45,5;55,047105;82,908356
11840000;47,6;55,047105;82,908356
12140000;47,6;55,047105;82,908356
11530000;47,8;55,047105;82,908356
11220000;39,8;55,047105;82,908356
13770000;49,1;55,047105;82,908356
11840000;45,6;55,047105;82,908356
12960000;45,6;55,047105;82,908356
12850000;47,4;55,047105;82,908356
12240000;48,8;55,047105;82,908356
18700000;75,7;55,047105;82,908356
18400000;75,6;55,047105;82,908356
16120000;62,7;55,047105;82,908356
15510000;56,3;55,047105;82,908356
13570000;56,8;55,047105;82,908356
15710000;60,8;55,047105;82,908356
20710000;82,8;55,047105;82,908356
15100000;56,6;55,047105;82,908356
19490000;82,1;55,047105;82,908356
20910000;82,1;55,047105;82,908356
14080000;52,8;55,047105;82,908356
14690000;56,9;55,047105;82,908356
15300000;61,2;55,047105;82,908356
17800000;75,8;55,047105;82,908356
19890000;82,2;55,047105;82,908356
14390000;56,7;55,047105;82,908356
28050000;114,2;55,047105;82,908356
31420000;114,1;55,047105;82,908356
36720000;133,1;55,047105;82,908356
6800000;25,1;55,02982;82,901413
8100000;35,3;55,02982;82,901413
8300000;35,3;55,02982;82,901413
8130000;35,3;55,02982;82,901413
8400000;35,3;55,02982;82,901413
8250000;35,3;55,02982;82,901413
8350000;35,3;55,02982;82,901413
8550000;35,3;55,02982;82,901413
8450000;35,3;55,02982;82,901413
8500000;35,3;55,02982;82,901413
9050000;35,3;55,02982;82,901413
8000000;30,5;55,02982;82,901413
8350000;30,5;55,02982;82,901413
7300000;31,6;55,02982;82,901413
7680000;31,6;55,02982;82,901413
7400000;31,6;55,02982;82,901413
8560000;31,6;55,02982;82,901413
7740000;31,6;55,02982;82,901413
7650000;31,6;55,02982;82,901413
7710000;31,6;55,02982;82,901413
7910000;31,6;55,02982;82,901413
7970000;31,6;55,02982;82,901413
7940000;31,6;55,02982;82,901413
8030000;31,6;55,02982;82,901413
8060000;31,6;55,02982;82,901413
7490000;31,6;55,02982;82,901413
8000000;31,6;55,02982;82,901413
7620000;31,6;55,02982;82,901413
7880000;31,6;55,02982;82,901413
9400000;42,3;55,02982;82,901413
9700000;42,3;55,02982;82,901413
9650000;42,3;55,02982;82,901413
9600000;42,3;55,02982;82,901413
9900000;42,3;55,02982;82,901413
9950000;42,3;55,02982;82,901413
10000000;42,3;55,02982;82,901413
10050000;42,3;55,02982;82,901413
9550000;42,3;55,02982;82,901413
9850000;42,3;55,02982;82,901413
10400000;41,59;55,02982;82,901413
10430000;41,59;55,02982;82,901413
10670000;41,59;55,02982;82,901413
10520000;41,59;55,02982;82,901413
10550000;41,59;55,02982;82,901413
10640000;41,59;55,02982;82,901413
10490000;41,59;55,02982;82,901413
11300000;41,59;55,02982;82,901413
10580000;41,59;55,02982;82,901413
10460000;41,59;55,02982;82,901413
10610000;41,59;55,02982;82,901413
7290000;30,2;55,02982;82,901413
7760000;30,2;55,02982;82,901413
8260000;30,2;55,02982;82,901413
7900000;30,2;55,02982;82,901413
8100000;30,2;55,02982;82,901413
7610000;30,2;55,02982;82,901413
7440000;30,2;55,02982;82,901413
7550000;30,2;55,02982;82,901413
7320000;30,2;55,02982;82,901413
7580000;30,2;55,02982;82,901413
7350000;30,2;55,02982;82,901413
7380000;30,2;55,02982;82,901413
7470000;30,2;55,02982;82,901413
7500000;30,2;55,02982;82,901413
7950000;30,2;55,02982;82,901413
7670000;30,2;55,02982;82,901413
7700000;30,2;55,02982;82,901413
7730000;30,2;55,02982;82,901413
7640000;30,2;55,02982;82,901413
8100000;30,2;55,02982;82,901413
7530000;30,2;55,02982;82,901413
7950000;30,2;55,02982;82,901413
8110000;37,3;55,02982;82,901413
8170000;37,3;55,02982;82,901413
8500000;37,3;55,02982;82,901413
8200000;37,3;55,02982;82,901413
8300000;37,3;55,02982;82,901413
8400000;37,3;55,02982;82,901413
8450000;37,3;55,02982;82,901413
8500000;37,3;55,02982;82,901413
8350000;37,3;55,02982;82,901413
8600000;37,3;55,02982;82,901413
9150000;37,3;55,02982;82,901413
9600000;38,16;55,02982;82,901413
9840000;38,16;55,02982;82,901413
9690000;38,16;55,02982;82,901413
9720000;38,16;55,02982;82,901413
9780000;38,16;55,02982;82,901413
9870000;38,16;55,02982;82,901413
9750000;38,16;55,02982;82,901413
9630000;38,16;55,02982;82,901413
9810000;38,16;55,02982;82,901413
9660000;38,16;55,02982;82,901413
9100000;36;55,02982;82,901413
14200000;59,5;55,02982;82,901413
10550000;52,1;55,02982;82,901413
10600000;53,5;55,02982;82,901413
10750000;53,5;55,02982;82,901413
9800000;49,5;55,02982;82,901413
10600000;52,6;55,02982;82,901413
10800000;52,6;55,02982;82,901413
10850000;52,6;55,02982;82,901413
10900000;52,6;55,02982;82,901413
10700000;52,6;55,02982;82,901413
11000000;52,6;55,02982;82,901413
10500000;45,9;55,02982;82,901413
10100000;50,8;55,02982;82,901413
10900000;50,8;55,02982;82,901413
11150000;55,4;55,02982;82,901413
11750000;55,4;55,02982;82,901413
10750000;54,2;55,02982;82,901413
11650000;54,2;55,02982;82,901413
11700000;54,2;55,02982;82,901413
11250000;54,2;55,02982;82,901413
11400000;54,2;55,02982;82,901413
11200000;54,2;55,02982;82,901413
11300000;54,2;55,02982;82,901413
11350000;54,2;55,02982;82,901413
11600000;54,2;55,02982;82,901413
11750000;54,2;55,02982;82,901413
11450000;54,2;55,02982;82,901413
12450000;54,2;55,02982;82,901413
9600000;41,9;55,02982;82,901413
9800000;41,9;55,02982;82,901413
9900000;41,9;55,02982;82,901413
10150000;41,9;55,02982;82,901413
9950000;41,9;55,02982;82,901413
10100000;41,9;55,02982;82,901413
9600000;41,9;55,02982;82,901413
13600000;55,32;55,02982;82,901413
13630000;55,32;55,02982;82,901413
13690000;55,32;55,02982;82,901413
13720000;55,32;55,02982;82,901413
13870000;55,32;55,02982;82,901413
13810000;55,32;55,02982;82,901413
13750000;55,32;55,02982;82,901413
13840000;55,32;55,02982;82,901413
13660000;55,32;55,02982;82,901413
13780000;55,32;55,02982;82,901413
13500000;53,8;55,02982;82,901413
19700000;78,79;55,02982;82,901413
20150000;78,79;55,02982;82,901413
19750000;78,79;55,02982;82,901413
19800000;78,79;55,02982;82,901413
20100000;78,79;55,02982;82,901413
19900000;78,79;55,02982;82,901413
19850000;78,79;55,02982;82,901413
19950000;78,79;55,02982;82,901413
20050000;78,79;55,02982;82,901413
20000000;78,79;55,02982;82,901413
21200000;78,79;55,02982;82,901413
19150000;76,57;55,02982;82,901413
19200000;76,57;55,02982;82,901413
26300000;100,85;55,02982;82,901413
19250000;76,62;55,02982;82,901413
19300000;76,62;55,02982;82,901413
19350000;76,62;55,02982;82,901413
19400000;76,62;55,02982;82,901413
19450000;76,62;55,02982;82,901413
19550000;76,62;55,02982;82,901413
19600000;76,62;55,02982;82,901413
20650000;76,62;55,02982;82,901413
19500000;76,62;55,02982;82,901413
6276520;40,17;54,85268;82,97885
5780000;30,75;54,85268;82,97885
6382600;39,6;54,85268;82,97885
5895330;39,39;54,85268;82,97885
5934720;39,39;54,85268;82,97885
5895330;39,39;54,85268;82,97885
6080700;37,05;54,85268;82,97885
6159920;36,57;54,85268;82,97885
6615080;40,52;54,85268;82,97885
4350600;24,17;54,85268;82,97885
5800000;30,29;54,85268;82,97885
6030000;38,5;54,85268;82,97885
6435920;40,07;54,85268;82,97885
5964480;38,84;54,85268;82,97885
5781800;39,84;54,85268;82,97885
5281320;32,22;54,85268;82,97885
6098250;39,75;54,85268;82,97885
5957800;38,64;54,85268;82,97885
6704360;40,06;54,85268;82,97885
5998400;38,92;54,85268;82,97885
7651940;52,02;54,85268;82,97885
7770500;51,77;54,85268;82,97885
9019740;59,69;54,85268;82,97885
8368800;58,9;54,85268;82,97885
8427700;58,9;54,85268;82,97885
8422700;58,9;54,85268;82,97885
8924630;64,17;54,85268;82,97885
8924630;64,17;54,85268;82,97885
8421800;60,12;54,85268;82,97885
6556440;43,76;54,85268;82,97885
6519000;43,5;54,85268;82,97885
7108550;48,99;54,85268;82,97885
7157540;48,99;54,85268;82,97885
9563490;69,77;54,85268;82,97885
9842570;69,77;54,85268;82,97885
9703030;69,77;54,85268;82,97885
10730730;78,29;54,85268;82,97885
10610600;78,55;54,85268;82,97885
10767720;78,55;54,85268;82,97885
10846280;78,55;54,85268;82,97885
8841230;63,57;54,85268;82,97885
8810650;63,35;54,85268;82,97885
9064050;63,35;54,85268;82,97885
8937350;63,35;54,85268;82,97885
10600000;59,35;54,85268;82,97885
12889300;75,79;54,85268;82,97885
13972200;82,15;54,85268;82,97885
9580280;66,96;54,85268;82,97885
9681310;70,63;54,85268;82,97885
9933060;74,09;54,85268;82,97885
10081240;74,09;54,85268;82,97885
9933060;74,09;54,85268;82,97885
10081240;74,09;54,85268;82,97885
10611540;77,43;54,85268;82,97885
10688960;77,43;54,85268;82,97885
10688960;77,43;54,85268;82,97885
10400000;59,67;54,85268;82,97885
10697000;79,19;54,85268;82,97885
3919660;24,8;55,10525;82,97184
3932080;24,8;55,10525;82,97184
3932080;24,8;55,10525;82,97184
4201000;28,8;55,10525;82,97184
4229000;28,8;55,10525;82,97184
4272500;28,8;55,10525;82,97184
4332000;28,8;55,10525;82,97184
4360000;28,8;55,10525;82,97184
4392500;28,8;55,10525;82,97184
4420500;28,8;55,10525;82,97184
4463000;28,8;55,10525;82,97184
4605382;32;55,10525;82,97184
4693426;32;55,10525;82,97184
4759666;32;55,10525;82,97184
4503308;30,5;55,10525;82,97184
4558278;30,5;55,10525;82,97184
4595446;30,5;55,10525;82,97184
4639790;30,5;55,10525;82,97184
4676958;30,5;55,10525;82,97184
4760264;30,5;55,10525;82,97184
5133800;30,5;55,10525;82,97184
5594895;42;55,10525;82,97184
5672160;42;55,10525;82,97184
5710365;42;55,10525;82,97184
5766705;42;55,10525;82,97184
5791275;42;55,10525;82,97184
5818545;42;55,10525;82,97184
5911245;42;55,10525;82,97184
5338935;38,1;55,10525;82,97184
5357655;38,1;55,10525;82,97184
5389470;38,1;55,10525;82,97184
5407650;38,1;55,10525;82,97184
5462190;38,1;55,10525;82,97184
5010435;36,1;55,10525;82,97184
5140395;36,1;55,10525;82,97184
5167665;36,1;55,10525;82,97184
5197680;36,1;55,10525;82,97184
5238585;36,1;55,10525;82,97184
5056000;36,1;55,10525;82,97184
5505300;41,8;55,10525;82,97184
5568480;41,8;55,10525;82,97184
5644620;41,8;55,10525;82,97184
5739435;41,8;55,10525;82,97184
5773995;41,8;55,10525;82,97184
5810355;41,8;55,10525;82,97184
5911470;41,8;55,10525;82,97184
5720850;41,8;55,10525;82,97184
5648130;42,7;55,10525;82,97184
5803200;42,7;55,10525;82,97184
6479150;42,7;55,10525;82,97184
5863050;42,7;55,10525;82,97184
5890320;42,7;55,10525;82,97184
5997060;42,7;55,10525;82,97184
5648535;42,7;55,10525;82,97184
5666715;42,7;55,10525;82,97184
5687640;42,7;55,10525;82,97184
5742180;42,7;55,10525;82,97184
5803965;42,7;55,10525;82,97184
5817600;42,7;55,10525;82,97184
5835780;42,7;55,10525;82,97184
5916690;42,7;55,10525;82,97184
5998500;42,7;55,10525;82,97184
6368220;49,2;55,10525;82,97184
6455745;49,2;55,10525;82,97184
6492105;49,2;55,10525;82,97184
6542100;49,2;55,10525;82,97184
6587550;49,2;55,10525;82,97184
6626610;49,2;55,10525;82,97184
6672060;49,2;55,10525;82,97184
6726600;49,2;55,10525;82,97184
5170410;38;55,10525;82,97184
5204970;38;55,10525;82,97184
5239485;38;55,10525;82,97184
5274045;38;55,10525;82,97184
5310405;38;55,10525;82,97184
5357655;38;55,10525;82,97184
5384925;38;55,10525;82,97184
5429475;38;55,10525;82,97184
7028415;59,4;55,10525;82,97184
7306560;59,4;55,10525;82,97184
7399260;59,4;55,10525;82,97184
7110000;59,4;55,10525;82,97184
7164000;59,4;55,10525;82,97184
7218000;59,4;55,10525;82,97184
6471945;52,2;55,10525;82,97184
6566760;52,2;55,10525;82,97184
6614145;52,2;55,10525;82,97184
6637545;52,2;55,10525;82,97184
6659325;52,2;55,10525;82,97184
6682095;52,2;55,10525;82,97184
6761925;52,2;55,10525;82,97184
6541200;54,2;55,10525;82,97184
6719805;54,2;55,10525;82,97184
6757965;54,2;55,10525;82,97184
6259410;47,6;55,10525;82,97184
6300315;47,6;55,10525;82,97184
6345765;47,6;55,10525;82,97184
6373035;47,6;55,10525;82,97184
6403005;47,6;55,10525;82,97184
6439365;47,6;55,10525;82,97184
6475725;47,6;55,10525;82,97184
6562080;51,6;55,10525;82,97184
6585705;51,6;55,10525;82,97184
6655725;51,6;55,10525;82,97184
6726600;51,6;55,10525;82,97184
6816600;57,6;55,10525;82,97184
6868440;57,6;55,10525;82,97184
6921135;57,6;55,10525;82,97184
6943860;57,6;55,10525;82,97184
6973875;57,6;55,10525;82,97184
6987510;57,6;55,10525;82,97184
7003845;57,6;55,10525;82,97184
7040205;57,6;55,10525;82,97184
7078410;57,6;55,10525;82,97184
6468300;53,8;55,10525;82,97184
6566400;53,8;55,10525;82,97184
6592095;53,8;55,10525;82,97184
6615450;53,8;55,10525;82,97184
6655545;53,8;55,10525;82,97184
6682995;53,8;55,10525;82,97184
6752520;53,8;55,10525;82,97184
6564825;54,6;55,10525;82,97184
6613920;54,6;55,10525;82,97184
6662970;54,6;55,10525;82,97184
6712065;54,6;55,10525;82,97184
6734790;54,6;55,10525;82,97184
6761160;54,6;55,10525;82,97184
6797520;54,6;55,10525;82,97184
6859350;54,6;55,10525;82,97184
8785980;75,2;55,10525;82,97184
8820090;75,2;55,10525;82,97184
8854200;75,2;55,10525;82,97184
8888310;75,2;55,10525;82,97184
8913780;75,2;55,10525;82,97184
8939205;75,2;55,10525;82,97184
8964675;75,2;55,10525;82,97184
8940015;75,2;55,10525;82,97184
9051840;75,2;55,10525;82,97184
9164565;75,2;55,10525;82,97184
8717040;74,9;55,10525;82,97184
8750970;74,9;55,10525;82,97184
8785890;74,9;55,10525;82,97184
8820045;74,9;55,10525;82,97184
8854695;74,9;55,10525;82,97184
8880030;74,9;55,10525;82,97184
8904375;74,9;55,10525;82,97184
8927325;74,9;55,10525;82,97184
9153630;74,9;55,10525;82,97184
10144500;74,9;55,10525;82,97184
8097390;69;55,10525;82,97184
8097390;69;55,10525;82,97184
8250120;69;55,10525;82,97184
8347365;69;55,10525;82,97184
8410995;69;55,10525;82,97184
8682255;74,6;55,10525;82,97184
8819730;74,6;55,10525;82,97184
8842770;74,6;55,10525;82,97184
8869590;74,6;55,10525;82,97184
8915490;74,6;55,10525;82,97184
4662000;42;54,93201;82,930519
7134600;51,7;54,93201;82,930519
7134600;51,7;54,93201;82,930519
4904200;43,4;54,93201;82,930519
4904200;43,4;54,93201;82,930519
4904200;43,4;54,93201;82,930519
5989200;43,4;54,93201;82,930519
5851200;42,4;54,93201;82,930519
5851200;42,4;54,93201;82,930519
4892900;43,3;54,93201;82,930519
4892900;43,3;54,93201;82,930519
4892900;43,3;54,93201;82,930519
4892900;43,3;54,93201;82,930519
4892900;43,3;54,93201;82,930519
4892900;43,3;54,93201;82,930519
8358300;75,3;54,93201;82,930519
8358300;75,3;54,93201;82,930519
8358300;75,3;54,93201;82,930519
8358300;75,3;54,93201;82,930519
8011500;73,5;54,93201;82,930519
7989700;73,3;54,93201;82,930519
8305000;75,5;54,93201;82,930519
8380500;75,5;54,93201;82,930519
8380500;75,5;54,93201;82,930519
8380500;75,5;54,93201;82,930519
8380500;75,5;54,93201;82,930519
6748800;60,8;54,93201;82,930519
8058600;72,6;54,93201;82,930519
9537500;87,5;54,93201;82,930519
9537500;87,5;54,93201;82,930519
9298800;86,1;54,93201;82,930519
9592000;88;54,93201;82,930519
9680000;88;54,93201;82,930519
9592000;88;54,93201;82,930519
9223500;85,8;54,93201;82,930519
9266500;86,2;54,93201;82,930519
6950000;25,91;54,989888;82,843547
7100000;26,75;54,989888;82,843547
8000000;35,96;54,989888;82,843547
8300000;35,96;54,989888;82,843547
8200000;35,96;54,989888;82,843547
8300000;35,96;54,989888;82,843547
8500000;35,96;54,989888;82,843547
8600000;35,96;54,989888;82,843547
8600000;35,96;54,989888;82,843547
8300000;35,96;54,989888;82,843547
8200000;35,96;54,989888;82,843547
8400000;35,96;54,989888;82,843547
8500000;35,96;54,989888;82,843547
7250000;30,91;54,989888;82,843547
7850000;30,91;54,989888;82,843547
7750000;30,91;54,989888;82,843547
7650000;30,91;54,989888;82,843547
7750000;30,91;54,989888;82,843547
7550000;30,91;54,989888;82,843547
7550000;30,91;54,989888;82,843547
7600000;30,26;54,989888;82,843547
7900000;30,26;54,989888;82,843547
7800000;30,26;54,989888;82,843547
7800000;30,26;54,989888;82,843547
7700000;30,26;54,989888;82,843547
7800000;30,26;54,989888;82,843547
7800000;30,26;54,989888;82,843547
7900000;30,26;54,989888;82,843547
7500000;30,48;54,989888;82,843547
7600000;30,48;54,989888;82,843547
7600000;30,48;54,989888;82,843547
7500000;30,48;54,989888;82,843547
7600000;30,48;54,989888;82,843547
8950000;41,9;54,989888;82,843547
9150000;41,9;54,989888;82,843547
9150000;41,9;54,989888;82,843547
9050000;41,9;54,989888;82,843547
9050000;41,9;54,989888;82,843547
9250000;40,55;54,989888;82,843547
9250000;40,55;54,989888;82,843547
9350000;40,55;54,989888;82,843547
9050000;41,74;54,989888;82,843547
9050000;41,74;54,989888;82,843547
9150000;41,74;54,989888;82,843547
9150000;41,74;54,989888;82,843547
8900000;38,88;54,989888;82,843547
9000000;38,88;54,989888;82,843547
9000000;38,88;54,989888;82,843547
9000000;38,88;54,989888;82,843547
9100000;38,88;54,989888;82,843547
9000000;38,88;54,989888;82,843547
9100000;38,88;54,989888;82,843547
9900000;50,36;54,989888;82,843547
10500000;50,36;54,989888;82,843547
10200000;50,36;54,989888;82,843547
10600000;50,36;54,989888;82,843547
10500000;50,36;54,989888;82,843547
9900000;50,36;54,989888;82,843547
10000000;50,36;54,989888;82,843547
10100000;50,36;54,989888;82,843547
10300000;50,36;54,989888;82,843547
10400000;50,36;54,989888;82,843547
10500000;50,36;54,989888;82,843547
10000000;50,36;54,989888;82,843547
10100000;50,36;54,989888;82,843547
10600000;50,36;54,989888;82,843547
10200000;50,36;54,989888;82,843547
10200000;50,36;54,989888;82,843547
8900000;40,82;54,989888;82,843547
9200000;40,82;54,989888;82,843547
9100000;40,82;54,989888;82,843547
9100000;40,82;54,989888;82,843547
9000000;40,82;54,989888;82,843547
9100000;40,82;54,989888;82,843547
9100000;40,82;54,989888;82,843547
9200000;40,82;54,989888;82,843547
10650000;50,23;54,989888;82,843547
10650000;50,23;54,989888;82,843547
10750000;50,23;54,989888;82,843547
10750000;50,23;54,989888;82,843547
9250000;41,07;54,989888;82,843547
9350000;41,07;54,989888;82,843547
9450000;41,07;54,989888;82,843547
9350000;41,07;54,989888;82,843547
9350000;41,07;54,989888;82,843547
9450000;41,07;54,989888;82,843547
9350000;41,07;54,989888;82,843547
11650000;63,99;54,989888;82,843547
11750000;63,99;54,989888;82,843547
12050000;63,99;54,989888;82,843547
11750000;63,99;54,989888;82,843547
12150000;63,99;54,989888;82,843547
12250000;63,99;54,989888;82,843547
11950000;63,99;54,989888;82,843547
11950000;63,99;54,989888;82,843547
12150000;63,99;54,989888;82,843547
11750000;63,99;54,989888;82,843547
13750000;68,94;54,989888;82,843547
13850000;68,94;54,989888;82,843547
13750000;68,94;54,989888;82,843547
13850000;68,94;54,989888;82,843547
15050000;95,78;54,989888;82,843547
15150000;95,78;54,989888;82,843547
15250000;95,78;54,989888;82,843547
15550000;95,78;54,989888;82,843547
12800000;66,97;54,989888;82,843547
12800000;66,97;54,989888;82,843547
17000000;89,9;54,989888;82,843547
17100000;89,9;54,989888;82,843547
17100000;89,9;54,989888;82,843547
17400000;91,71;54,989888;82,843547
17400000;91,71;54,989888;82,843547
17600000;91,71;54,989888;82,843547
17600000;91,71;54,989888;82,843547
17150000;89,74;54,989888;82,843547
17150000;89,74;54,989888;82,843547
17350000;89,74;54,989888;82,843547
17350000;89,74;54,989888;82,843547
15550000;95,64;54,989888;82,843547
15700000;95,64;54,989888;82,843547
15550000;95,64;54,989888;82,843547
15850000;95,64;54,989888;82,843547
13900000;72,1;54,989888;82,843547
13900000;72,1;54,989888;82,843547
14100000;72,1;54,989888;82,843547
14100000;72,1;54,989888;82,843547
13600000;81,35;54,989888;82,843547
13600000;81,35;54,989888;82,843547
13900000;81,35;54,989888;82,843547
13750000;81,35;54,989888;82,843547
13750000;81,35;54,989888;82,843547
12900000;66,84;54,989888;82,843547
13100000;66,84;54,989888;82,843547
12900000;66,84;54,989888;82,843547
13100000;66,84;54,989888;82,843547
17600000;96,33;54,989888;82,843547
17800000;96,33;54,989888;82,843547
17600000;96,33;54,989888;82,843547
17800000;96,33;54,989888;82,843547
19050000;109,98;54,989888;82,843547
19350000;109,98;54,989888;82,843547
19200000;109,98;54,989888;82,843547
19050000;109,98;54,989888;82,843547
19050000;109,98;54,989888;82,843547
19350000;109,98;54,989888;82,843547
19200000;109,98;54,989888;82,843547
15500000;108,1;55,07544293;82,91092614
13000000;85,4;55,07544293;82,91092614
14410000;96,2;55,07544293;82,91092614
4750000;28,6;54,944068;82,90054
4850000;28,6;54,944068;82,90054
4850000;28,6;54,944068;82,90054
4750000;28,6;54,944068;82,90054
4750000;28,6;54,944068;82,90054
5100000;30,9;54,944068;82,90054
5150000;30,9;54,944068;82,90054
5100000;30,9;54,944068;82,90054
5150000;30,9;54,944068;82,90054
5700000;43,1;54,944068;82,90054
5950000;43,1;54,944068;82,90054
5450000;38,7;54,944068;82,90054
5550000;38,4;54,944068;82,90054
5650000;38,4;54,944068;82,90054
5650000;38,4;54,944068;82,90054
5550000;38,4;54,944068;82,90054
5000000;31,2;54,944068;82,90054
5100000;31,2;54,944068;82,90054
5000000;31,2;54,944068;82,90054
5100000;31,2;54,944068;82,90054
5000000;31,2;54,944068;82,90054
4750000;28,6;54,944068;82,90054
4850000;28,6;54,944068;82,90054
4750000;28,6;54,944068;82,90054
4850000;28,6;54,944068;82,90054
4750000;28,6;54,944068;82,90054
5250000;38,6;54,944068;82,90054
5750000;38,6;54,944068;82,90054
5750000;38,6;54,944068;82,90054
5750000;38,6;54,944068;82,90054
5750000;38,6;54,944068;82,90054
5450000;38,6;54,944068;82,90054
5650000;38,6;54,944068;82,90054
5650000;38,6;54,944068;82,90054
5650000;38,6;54,944068;82,90054
5650000;38,6;54,944068;82,90054
6100000;42,9;54,944068;82,90054
6200000;42,9;54,944068;82,90054
6100000;42,9;54,944068;82,90054
6100000;42,9;54,944068;82,90054
6100000;42,9;54,944068;82,90054
6200000;42,9;54,944068;82,90054
6200000;42,9;54,944068;82,90054
5550000;38,4;54,944068;82,90054
5650000;38,4;54,944068;82,90054
5650000;38,4;54,944068;82,90054
5650000;38,4;54,944068;82,90054
5650000;38,4;54,944068;82,90054
5550000;38,4;54,944068;82,90054
5550000;38,4;54,944068;82,90054
5650000;38,4;54,944068;82,90054
5750000;38,4;54,944068;82,90054
5600000;38,8;54,944068;82,90054
5600000;38,8;54,944068;82,90054
5600000;38,8;54,944068;82,90054
5700000;38,8;54,944068;82,90054
5700000;43,1;54,944068;82,90054
5500000;38,9;54,944068;82,90054
7900000;61,2;54,944068;82,90054
8000000;61,2;54,944068;82,90054
6550000;43,1;54,944068;82,90054
6150000;42,6;54,944068;82,90054
6250000;42,6;54,944068;82,90054
6250000;42,6;54,944068;82,90054
6150000;42,6;54,944068;82,90054
6150000;42,6;54,944068;82,90054
6250000;42,5;54,944068;82,90054
6250000;42,5;54,944068;82,90054
6300000;42,5;54,944068;82,90054
6100000;42,6;54,944068;82,90054
7900000;61;54,944068;82,90054
7900000;61;54,944068;82,90054
8830000;61;54,944068;82,90054
5950000;42,7;54,944068;82,90054
6250000;42,7;54,944068;82,90054
6150000;42,7;54,944068;82,90054
6150000;42,7;54,944068;82,90054
6250000;42,7;54,944068;82,90054
6150000;42,7;54,944068;82,90054
5750000;42,8;54,944068;82,90054
8500000;67,2;54,944068;82,90054
9470000;67,2;54,944068;82,90054
8500000;67,2;54,944068;82,90054
9470000;67,2;54,944068;82,90054
9050000;74,7;54,944068;82,90054
9250000;74,7;54,944068;82,90054
9050000;74,7;54,944068;82,90054
9050000;74,7;54,944068;82,90054
9250000;74,7;54,944068;82,90054
5650000;44,1;55,11605;82,92702
5650000;44,1;55,11605;82,92702
6550000;41,1;55,11554;82,92592
7465621;41,1;55,11554;82,92592
7500000;41,1;55,11554;82,92592
6850000;41,6;55,11605;82,92702
6850000;41,6;55,11605;82,92702
6850000;41,6;55,11605;82,92702
6850000;41,6;55,11605;82,92702
6705000;55,3;55,1154;82,92738
5500000;40,5;55,11554;82,92592
6740000;40,5;55,11554;82,92592
6740000;40,5;55,11554;82,92592
6690000;40,5;55,11554;82,92592
6690000;40,5;55,11554;82,92592
6800000;53,7;55,1154;82,92738
6850000;53,7;55,1154;82,92738
7100000;53,7;55,1154;82,92738
6000000;41,3;55,1154;82,92738
6450000;41,3;55,1154;82,92738
6000000;41,3;55,1154;82,92738
6100000;41,3;55,1154;82,92738
6000000;41,3;55,1154;82,92738
6100000;41,3;55,1154;82,92738
6200000;47,7;55,1154;82,92738
5600000;41,2;55,11605;82,92702
5600000;41,2;55,11605;82,92702
5600000;41,2;55,11605;82,92702
5600000;41,2;55,11605;82,92702
6950000;53,5;55,1154;82,92738
7000000;53,5;55,1154;82,92738
6389671;37,9;55,108376;82,950917
5600000;41,5;55,11605;82,92702
5700000;41,5;55,11605;82,92702
5700000;41,5;55,11605;82,92702
5600000;41,5;55,11605;82,92702
5650000;41,5;55,11605;82,92702
5650000;41,5;55,11605;82,92702
5650000;41,5;55,11605;82,92702
5650000;41,5;55,11605;82,92702
5600000;41,4;55,11605;82,92702
5600000;41,4;55,11605;82,92702
6850000;41,4;55,11605;82,92702
6850000;41,4;55,11605;82,92702
7050000;41,6;55,1154;82,92738
7050000;41,6;55,1154;82,92738
5000000;32,7;55,1154;82,92738
6000000;41;55,1154;82,92738
6000000;41;55,1154;82,92738
6100000;41;55,1154;82,92738
5500000;40,4;55,11554;82,92592
5550000;40,4;55,11554;82,92592
5600000;40,4;55,11554;82,92592
5550000;40,4;55,11554;82,92592
5500000;40,4;55,11554;82,92592
6000000;41,4;55,1154;82,92738
6000000;41,4;55,1154;82,92738
6200000;48,9;55,1154;82,92738
7500000;68,3;55,108376;82,950917
7600000;68,3;55,108376;82,950917
7500000;68,3;55,108376;82,950917
7500000;68,3;55,108376;82,950917
7550000;68,3;55,108376;82,950917
7550000;68,3;55,108376;82,950917
7600000;68,3;55,108376;82,950917
7600000;68,3;55,108376;82,950917
5900000;41,6;55,11605;82,92702
7050000;41,6;55,11605;82,92702
6000000;41,6;55,11605;82,92702
5900000;41,6;55,11605;82,92702
7050000;41,6;55,11605;82,92702
5900000;41,6;55,11605;82,92702
5900000;41,6;55,11605;82,92702
6000000;41,6;55,11605;82,92702
5800000;41,5;55,11554;82,92592
5900000;41,5;55,11554;82,92592
5900000;41,5;55,11554;82,92592
7170000;41,5;55,11554;82,92592
7120000;41,5;55,11554;82,92592
7170000;41,5;55,11554;82,92592
7170000;41,5;55,11554;82,92592
8000000;72,9;55,1154;82,92738
7500000;68,2;55,11554;82,92592
7700000;68,2;55,11554;82,92592
7600000;68,2;55,11554;82,92592
7150000;65,7;55,108376;82,950917
7200000;65,7;55,108376;82,950917
7450000;68,4;55,11554;82,92592
9520000;68,4;55,11554;82,92592
9520000;68,4;55,11554;82,92592
9320000;68,4;55,11554;82,92592
9320000;68,4;55,11554;82,92592
9370000;68,4;55,11554;82,92592
9370000;68,4;55,11554;82,92592
9370000;68,4;55,11554;82,92592
9470000;68,4;55,11554;82,92592
9470000;68,4;55,11554;82,92592
9520000;68,4;55,11554;82,92592
7400000;66,4;55,108376;82,950917
7450000;66,4;55,108376;82,950917
5700000;41,7;55,11554;82,92592
5700000;41,7;55,11554;82,92592
5750000;41,7;55,11554;82,92592
6950000;41,7;55,11554;82,92592
6950000;41,7;55,11554;82,92592
7500000;68,3;55,11554;82,92592
7550000;68,3;55,11554;82,92592
7700000;68,3;55,11554;82,92592
7600000;68,3;55,11554;82,92592
7500000;68,3;55,11554;82,92592
5750000;41,6;55,11554;82,92592
5750000;41,6;55,11554;82,92592
6930000;41,6;55,11554;82,92592
6930000;41,6;55,11554;82,92592
7030000;41,6;55,11554;82,92592
5800000;41,6;55,11554;82,92592
6100000;41,4;55,1154;82,92738
5900000;41,4;55,11605;82,92702
7050000;41,4;55,11605;82,92702
5900000;41,4;55,11605;82,92702
5900000;41,4;55,11605;82,92702
5900000;41,4;55,11605;82,92702
5950000;41,4;55,11605;82,92702
7050000;41,4;55,11605;82,92702
5900000;41,4;55,11605;82,92702
5950000;41,4;55,11605;82,92702
5900000;41,4;55,11605;82,92702
7050000;41,4;55,11605;82,92702
7050000;41,4;55,11605;82,92702
7900000;73,1;55,1154;82,92738
9836000;71,2;55,11605;82,92702
9836000;71,2;55,11605;82,92702
7400000;65,8;55,108376;82,950917
7450000;65,8;55,108376;82,950917
6000000;42;55,11554;82,92592
6000000;42;55,11554;82,92592
7430000;42;55,11554;82,92592
6500000;42;55,11554;82,92592
7050000;65,9;55,108376;82,950917
7750000;63,9;55,1154;82,92738
7350000;66;55,108376;82,950917
7350000;66;55,108376;82,950917
7350000;66;55,108376;82,950917
7400000;66;55,108376;82,950917
9330000;63,9;55,11605;82,92702
9330000;63,9;55,11605;82,92702
9330000;63,9;55,11605;82,92702
9330000;63,9;55,11605;82,92702
7650000;64,9;55,11605;82,92702
9390000;64,9;55,11605;82,92702
9390000;64,9;55,11605;82,92702
7650000;64,9;55,11605;82,92702
9390000;64,9;55,11605;82,92702
9390000;64,9;55,11605;82,92702
9385000;66;55,11554;82,92592
9385000;66;55,11554;82,92592
9450000;66;55,11554;82,92592
9450000;66;55,11554;82,92592
8000000;64,3;55,1154;82,92738
8000000;63,6;55,1154;82,92738
7350000;66,6;55,108376;82,950917
7350000;66,6;55,108376;82,950917
7350000;66,6;55,108376;82,950917
7400000;66,6;55,108376;82,950917
7200000;65,6;55,108376;82,950917
7250000;65,6;55,108376;82,950917
7300000;65,6;55,108376;82,950917
7300000;65,6;55,108376;82,950917
7500000;65,8;55,11554;82,92592
7600000;65,8;55,11554;82,92592
7400000;64;55,11605;82,92702
7400000;64;55,11605;82,92702
9390000;64;55,11605;82,92702
9390000;64;55,11605;82,92702
9390000;64;55,11605;82,92702
9390000;64;55,11605;82,92702
9390000;64;55,11605;82,92702
9390000;64;55,11605;82,92702
9600000;70,3;55,11605;82,92702
9600000;70,3;55,11605;82,92702
9600000;70,3;55,11605;82,92702
9600000;70,3;55,11605;82,92702
9600000;70,3;55,11605;82,92702
9600000;70,3;55,11605;82,92702
7650000;63,8;55,11605;82,92702
9430000;63,8;55,11605;82,92702
9430000;63,8;55,11605;82,92702
9430000;63,8;55,11605;82,92702
7700000;63,8;55,11605;82,92702
7650000;63,8;55,11605;82,92702
7700000;63,8;55,11605;82,92702
9430000;63,8;55,11605;82,92702
9430000;63,8;55,11605;82,92702
9430000;63,8;55,11605;82,92702
9800000;96;55,108376;82,950917
12450000;93,8;55,11605;82,92702
12450000;93,8;55,11605;82,92702
12450000;93,8;55,11605;82,92702
12450000;93,8;55,11605;82,92702
12450000;93,8;55,11605;82,92702
12450000;93,8;55,11605;82,92702
12450000;93,8;55,11605;82,92702
12450000;93,8;55,11605;82,92702
12450000;93,8;55,11605;82,92702
12450000;93,8;55,11605;82,92702
9400000;85,9;55,11554;82,92592
11610000;85,9;55,11554;82,92592
11660000;85,9;55,11554;82,92592
11710000;85,9;55,11554;82,92592
11760000;85,9;55,11554;82,92592
9700000;96,1;55,108376;82,950917
9700000;96,1;55,108376;82,950917
11554000;83;55,1154;82,92738
11554000;83;55,1154;82,92738
12350000;89,7;55,1154;82,92738
8900000;59,2;55,11605;82,92702
8900000;59,2;55,11605;82,92702
8900000;59,2;55,11605;82,92702
8900000;59,2;55,11605;82,92702
8900000;59,2;55,11605;82,92702
8900000;59,2;55,11605;82,92702
8000000;66,4;55,11554;82,92592
9400000;94;55,11605;82,92702
9400000;94;55,11605;82,92702
9700000;85,7;55,11554;82,92592
9750000;85,7;55,11554;82,92592
8200000;66,9;55,11554;82,92592
8200000;66,9;55,11554;82,92592
8200000;66,9;55,11554;82,92592
11637000;82,5;55,1154;82,92738
11637000;82,5;55,1154;82,92738
9800000;93,7;55,11605;82,92702
9900000;93,7;55,11605;82,92702
9800000;93,7;55,11605;82,92702
9900000;93,7;55,11605;82,92702
10223892;42,65;55,019365;82,933422
10444235;42,65;55,019365;82,933422
10185499;53,09;55,019365;82,933422
10185499;53,09;55,019365;82,933422
10185499;53,09;55,019365;82,933422
10185499;53,09;55,019365;82,933422
10350669;53,09;55,019365;82,933422
11066407;53,09;55,019365;82,933422
11176520;53,09;55,019365;82,933422
11341691;53,09;55,019365;82,933422
11616974;53,09;55,019365;82,933422
11672031;53,09;55,019365;82,933422
11947315;53,09;55,019365;82,933422
12222599;53,09;55,019365;82,933422
12497882;53,09;55,019365;82,933422
9625550;52,98;55,019365;82,933422
13850859;56,5;55,019365;82,933422
14155944;56,5;55,019365;82,933422
14461029;56,5;55,019365;82,933422
9330006;46,73;55,019365;82,933422
9475032;46,73;55,019365;82,933422
10194587;49,59;55,019365;82,933422
10446928;49,59;55,019365;82,933422
11732335;60,13;55,019365;82,933422
12030110;60,13;55,019365;82,933422
9295768;39,64;55,019365;82,933422
9509957;39,64;55,019365;82,933422
9724144;39,64;55,019365;82,933422
10110035;47,17;55,019365;82,933422
10354239;47,17;55,019365;82,933422
9273495;48,43;55,019365;82,933422
9273495;48,43;55,019365;82,933422
9367706;49,2;55,019365;82,933422
10994940;56,56;55,019365;82,933422
10994940;56,56;55,019365;82,933422
9541560;49,12;55,019365;82,933422
10439413;39,55;55,019365;82,933422
8987948;46,96;55,019365;82,933422
8987948;46,96;55,019365;82,933422
10178679;48,68;55,019365;82,933422
10430627;48,68;55,019365;82,933422
15575290;64,78;55,019365;82,933422
9143915;42,75;55,019365;82,933422
9364782;42,75;55,019365;82,933422
9585650;42,75;55,019365;82,933422
9666250;53,2;55,019365;82,933422
9344200;50,06;55,019365;82,933422
9613790;46,7;55,019365;82,933422
9758721;46,7;55,019365;82,933422
10000274;46,7;55,019365;82,933422
9266775;47,07;55,019365;82,933422
9266775;47,07;55,019365;82,933422
9266775;47,07;55,019365;82,933422
9413093;47,07;55,019365;82,933422
10575295;49,74;55,019365;82,933422
9350224;49,66;55,019365;82,933422
9602933;49,66;55,019365;82,933422
9602933;49,66;55,019365;82,933422
9754558;49,66;55,019365;82,933422
9602933;49,66;55,019365;82,933422
9900009;49,63;55,019365;82,933422
10051540;49,63;55,019365;82,933422
9591309;47,26;55,019365;82,933422
9738115;47,26;55,019365;82,933422
9884921;47,26;55,019365;82,933422
9595950;48,79;55,019365;82,933422
9595950;48,79;55,019365;82,933422
9696960;48,79;55,019365;82,933422
9898980;48,79;55,019365;82,933422
10050495;48,79;55,019365;82,933422
9349253;48,82;55,019365;82,933422
9601935;48,82;55,019365;82,933422
9110325;50,12;55,019365;82,933422
10390817;41,19;55,019365;82,933422
10635884,6;41,19;55,019365;82,933422
10880951,4;41,19;55,019365;82,933422
11126017,1;41,19;55,019365;82,933422
9970200;56,42;55,019365;82,933422
10471986;46,65;55,019365;82,933422
10713276;46,65;55,019365;82,933422
11260722;56,97;55,019365;82,933422
11445324;56,97;55,019365;82,933422
11629926;56,97;55,019365;82,933422
9340400;50,04;55,019365;82,933422
9340400;50,04;55,019365;82,933422
12311325;60,05;55,019365;82,933422
12608700;60,05;55,019365;82,933422
9190965;46,76;55,019365;82,933422
10757700;60,34;55,019365;82,933422
10757700;60,34;55,019365;82,933422
11116290;60,34;55,019365;82,933422
11295585;60,34;55,019365;82,933422
11474880;60,34;55,019365;82,933422
9592958;48,8;55,019365;82,933422
9592958;48,8;55,019365;82,933422
12042019;56,6;55,019365;82,933422
10132563;49,9;55,019365;82,933422
10442744;49,9;55,019365;82,933422
10701227;49,9;55,019365;82,933422
10959711;49,9;55,019365;82,933422
11218195;49,9;55,019365;82,933422
11476679;49,9;55,019365;82,933422
11735162;49,9;55,019365;82,933422
12895225;60;55,019365;82,933422
13192350;60;55,019365;82,933422
13489475;60;55,019365;82,933422
12641904;56,55;55,019365;82,933422
12947264;56,55;55,019365;82,933422
13252624;56,55;55,019365;82,933422
13557984;56,55;55,019365;82,933422
10758992;49,81;55,019365;82,933422
10926230,7;49,81;55,019365;82,933422
11093469,2;49,81;55,019365;82,933422
11260707,7;49,81;55,019365;82,933422
11539437,8;49,81;55,019365;82,933422
11818167,9;49,81;55,019365;82,933422
10281894;46,88;55,019365;82,933422
11009387;46,88;55,019365;82,933422
10525919;54,3;55,019365;82,933422
9414900;53,25;55,019365;82,933422
10525919;49,51;55,019365;82,933422
10718581;39,71;55,019365;82,933422
9621885;48,97;55,019365;82,933422
10077659;48,97;55,019365;82,933422
10229583;48,97;55,019365;82,933422
10482791;48,97;55,019365;82,933422
10735998;48,97;55,019365;82,933422
9794862;42,7;55,019365;82,933422
10015467;42,7;55,019365;82,933422
13450421;65,04;55,019365;82,933422
13791802,5;65,04;55,019365;82,933422
14133184,26;65,04;55,019365;82,933422
14474565;65,04;55,019365;82,933422
13572227;55,08;55,019365;82,933422
14183589,3;55,08;55,019365;82,933422
14489270,11;55,08;55,019365;82,933422
11578868;55,55;55,019365;82,933422
11876621,09;55,55;55,019365;82,933422
12065138,88;55,55;55,019365;82,933422
14374105;74,36;55,019365;82,933422
12434363;59,7;55,019365;82,933422
14016358,4;59,7;55,019365;82,933422
14354917,5;59,7;55,019365;82,933422
14693477,7;59,7;55,019365;82,933422
11111760;56,78;55,019365;82,933422
11296956;56,78;55,019365;82,933422
11482152;56,78;55,019365;82,933422
11667348;56,78;55,019365;82,933422
11852544;56,78;55,019365;82,933422
12161204;56,78;55,019365;82,933422
11111760;56,78;55,019365;82,933422
13041644;65,15;55,019365;82,933422
13098097;74,43;55,019365;82,933422
13098097;74,43;55,019365;82,933422
13241246;74,43;55,019365;82,933422
13943000;74,43;55,019365;82,933422
14162000;74,43;55,019365;82,933422
13451180;67,29;55,019365;82,933422
13784130;67,29;55,019365;82,933422
10729152;53,99;55,019365;82,933422
10567462;54,02;55,019365;82,933422
12673807;55,16;55,019365;82,933422
12979938,45;55,16;55,019365;82,933422
13286069,08;55,16;55,019365;82,933422
12794880;67,34;55,019365;82,933422
13128080;67,34;55,019365;82,933422
12388121;55,25;55,019365;82,933422
15232222;64,78;55,019365;82,933422
15918358,68;64,78;55,019365;82,933422
17158930;76,29;55,019365;82,933422
17536880;76,29;55,019365;82,933422
12078130;67,43;55,019365;82,933422
12278320;67,43;55,019365;82,933422
12478510;67,43;55,019365;82,933422
14110720;67,26;55,019365;82,933422
11132240;54,88;55,019365;82,933422
13523211;64,81;55,019365;82,933422
13866440,49;64,81;55,019365;82,933422
14209669,22;64,81;55,019365;82,933422
14552897,94;64,81;55,019365;82,933422
14896126,67;64,81;55,019365;82,933422
13235807;74,4;55,019365;82,933422
13235807;74,4;55,019365;82,933422
16359698;70,98;55,019365;82,933422
15554180;83,8;55,019365;82,933422
16050590;83,8;55,019365;82,933422
16298795;83,8;55,019365;82,933422
16712470;83,8;55,019365;82,933422
17126145;83,8;55,019365;82,933422
15785195;83,7;55,019365;82,933422
16033130;83,7;55,019365;82,933422
15324660;69,88;55,019365;82,933422
18693000;104,88;55,019365;82,933422
15304028;71,34;55,019365;82,933422
15548241;71,34;55,019365;82,933422
15792454;71,34;55,019365;82,933422
18667800;104,74;55,019365;82,933422
19186350;104,74;55,019365;82,933422
19186350;104,74;55,019365;82,933422
17574000;76,47;55,019365;82,933422
17574000;76,47;55,019365;82,933422
17410900;77,79;55,019365;82,933422
17794400;77,79;55,019365;82,933422
13240120;70,17;55,019365;82,933422
14609448;83,87;55,019365;82,933422
16654750;77,84;55,019365;82,933422
17038500;77,84;55,019365;82,933422
14534100;81,74;55,019365;82,933422
16967610;86,85;55,019365;82,933422
14233500;80,02;55,019365;82,933422
13954160;69,93;55,019365;82,933422
14644960;69,93;55,019365;82,933422
14990360;69,93;55,019365;82,933422
19926480;86,61;55,019365;82,933422
18731700;105,1;55,019365;82,933422
18645725;86,64;55,019365;82,933422
18677700;104,8;55,019365;82,933422
19196525;104,8;55,019365;82,933422
19196525;104,8;55,019365;82,933422
19196525;104,8;55,019365;82,933422
18217160;86,65;55,019365;82,933422
19076460;86,65;55,019365;82,933422
19506110;86,65;55,019365;82,933422
15138648;86,54;55,019365;82,933422
15138648;86,54;55,019365;82,933422
15559166;86,54;55,019365;82,933422
15658460;69,83;55,019365;82,933422
16003360;69,83;55,019365;82,933422
18762560;70,88;55,019365;82,933422
19166925;70,88;55,019365;82,933422
19571291;70,88;55,019365;82,933422
16687220;83,66;55,019365;82,933422
15897600;77,89;55,019365;82,933422
16281600;77,89;55,019365;82,933422
14919325;81,64;55,019365;82,933422
15098076;86,28;55,019365;82,933422
16219010;83,07;55,019365;82,933422
16213120;86,96;55,019365;82,933422
16471840;86,96;55,019365;82,933422
16730560;86,96;55,019365;82,933422
14740425;78,25;55,019365;82,933422
14971950;78,25;55,019365;82,933422
15203475;78,25;55,019365;82,933422
16752686;70,93;55,019365;82,933422
17157341;70,93;55,019365;82,933422
17561995;70,93;55,019365;82,933422
17966649;70,93;55,019365;82,933422
18371303;70,93;55,019365;82,933422
17369980;86,71;55,019365;82,933422
17799930;86,71;55,019365;82,933422
12536895;70;55,019365;82,933422
12536895;70;55,019365;82,933422
14528700;81,71;55,019365;82,933422
14632380;84;55,019365;82,933422
15038835;84;55,019365;82,933422
31023357;142,42;55,019365;82,933422
21899031;105,49;55,019365;82,933422
22438416;105,49;55,019365;82,933422
22977801;105,49;55,019365;82,933422
26655032;110,67;55,019365;82,933422
20832420;105,55;55,019365;82,933422
21372120;105,55;55,019365;82,933422
52557600;227,65;55,019365;82,933422
5100000;30;54,96077539;82,83953106
5100000;30;54,96077539;82,83953106
4500000;29,1;55,030187;82,920426
4000000;30;54,96158125;82,83630526
4600000;30;54,96158125;82,83630526
3900000;25,7;54,96156917;82,83739827
3900000;25,7;54,96156917;82,83739827
3900000;25,7;54,96156917;82,83739827
3900000;29,1;54,96077539;82,83953106
3900000;25,7;54,96077539;82,83953106
4500000;25,7;54,96077539;82,83953106
3900000;25,7;54,96077539;82,83953106
4500000;25,7;54,96077539;82,83953106
4500000;25,7;54,96077539;82,83953106
4600000;30;54,96156917;82,83739827
5100000;30;54,96156917;82,83739827
5600000;30;54,96156917;82,83739827
3900000;25,7;54,96158125;82,83630526
3900000;25,7;54,96158125;82,83630526
5850000;37;54,96156917;82,83739827
4400000;36,89;55,0246755;82,80351156
4400000;36,88;55,0246755;82,80351156
4400000;36,88;55,0246755;82,80351156
4800000;39,88;55,0246755;82,80351156
6700000;58,2;55,0246755;82,80351156
7500000;58,2;55,0246755;82,80351156
6700000;58,2;55,0246755;82,80351156
10150000;66,8;54,99935;83,00591
10150000;66,8;54,99935;83,00591
10150000;66,8;54,99935;83,00591
10220000;66,8;54,99935;83,00591
10300000;66,8;54,99935;83,00591
10220000;66,8;54,99935;83,00591
10150000;66,8;54,99935;83,00591
10150000;66,8;54,99935;83,00591
10220000;66,8;54,99935;83,00591
10300000;66,8;54,99935;83,00591
10150000;66,8;54,99935;83,00591
10220000;66,8;54,99935;83,00591
10030000;68,35;54,99935;83,00591
10250000;68,35;54,99935;83,00591
10120000;68,35;54,99935;83,00591
10120000;68,35;54,99935;83,00591
10120000;68,35;54,99935;83,00591
10120000;68,35;54,99935;83,00591
10030000;68,35;54,99935;83,00591
10120000;68,35;54,99935;83,00591
10120000;68,35;54,99935;83,00591
10250000;68,35;54,99935;83,00591
10250000;68,35;54,99935;83,00591
10250000;68,35;54,99935;83,00591
9650000;68,59;54,99935;83,00591
10250000;68,59;54,99935;83,00591
10300000;68,59;54,99935;83,00591
10030000;68,59;54,99935;83,00591
10120000;68,59;54,99935;83,00591
10120000;68,59;54,99935;83,00591
10250000;68,59;54,99935;83,00591
10300000;68,59;54,99935;83,00591
10120000;68,59;54,99935;83,00591
10030000;68,59;54,99935;83,00591
10120000;68,59;54,99935;83,00591
10120000;68,59;54,99935;83,00591
10120000;68,59;54,99935;83,00591
9750000;68,59;54,99935;83,00591
9750000;68,59;54,99935;83,00591
9650000;68,59;54,99935;83,00591
9650000;68,59;54,99935;83,00591
9890000;68,59;54,99935;83,00591
9750000;68,59;54,99935;83,00591
10030000;68,59;54,99935;83,00591
9890000;68,59;54,99935;83,00591
9750000;68,59;54,99935;83,00591
10030000;68,59;54,99935;83,00591
10250000;68,59;54,99935;83,00591
9650000;68,59;54,99935;83,00591
10250000;68,59;54,99935;83,00591
9750000;68,59;54,99935;83,00591
9750000;68,59;54,99935;83,00591
5800000;30,29;55,04662;82,9718
5900000;30,26;55,04662;82,9718
5900000;30,26;55,04662;82,9718
5800000;30,44;55,04662;82,9718
4900000;26,27;55,04662;82,9718
5750000;29,21;55,04662;82,9718
5750000;29,21;55,04662;82,9718
5050000;25,08;55,04662;82,9718
5100000;25,08;55,04662;82,9718
5100000;25,08;55,04662;82,9718
5100000;25,08;55,04662;82,9718
5100000;25,08;55,04662;82,9718
5050000;25,08;55,04662;82,9718
5050000;25,98;55,04662;82,9718
5050000;25,98;55,04662;82,9718
5050000;25,98;55,04662;82,9718
5900000;30,31;55,04662;82,9718
4900000;25,61;55,04662;82,9718
5000000;25,22;55,04662;82,9718
5000000;25,22;55,04662;82,9718
4800000;23,04;55,04662;82,9718
5300000;27,31;55,04662;82,9718
5800000;30,56;55,04662;82,9718
4900000;25,36;55,04662;82,9718
5750000;29,15;55,04662;82,9718
5750000;29,15;55,04662;82,9718
6850000;36,22;55,04662;82,9718
6800000;35,01;55,04662;82,9718
6800000;35,06;55,04662;82,9718
6800000;34,96;55,04662;82,9718
6800000;34,96;55,04662;82,9718
6800000;34,96;55,04662;82,9718
6850000;36,27;55,04662;82,9718
6700000;35,48;55,04662;82,9718
6800000;35,02;55,04662;82,9718
7600000;43,49;55,04662;82,9718
9700000;59,15;55,04662;82,9718
11000000;72,17;55,04662;82,9718
9700000;59,13;55,04662;82,9718
12500000;90,86;55,04662;82,9718
12800000;89,84;55,04662;82,9718
8300000;64,4;54,988847;83,003395
8400000;64,4;54,988847;83,003395
8050000;62,5;54,988847;83,003395
9500000;80,7;54,988847;83,003395
9600000;80,7;54,988847;83,003395
22990000;165,4;55,013171;82,934925
41920000;270,8;55,013171;82,934925
31880000;203,8;55,013171;82,934925
31990000;203,1;55,013171;82,934925
42370000;264,9;55,013171;82,934925
42540000;293,7;55,013171;82,934925
155000000;479;55,013171;82,934925
4987500;24,54;55,03045;82,98158
7090000;40,32;55,03045;82,98158
7030000;40,44;55,03045;82,98158
7030000;40,44;55,03045;82,98158
8300000;49,83;55,03045;82,98158
7370000;44,66;55,03045;82,98158
7450000;44,66;55,03045;82,98158
7450000;44,66;55,03045;82,98158
7450000;44,66;55,03045;82,98158
7450000;44,66;55,03045;82,98158
7450000;44,66;55,03045;82,98158
7450000;44,66;55,03045;82,98158
7500000;44,66;55,03045;82,98158
7500000;44,66;55,03045;82,98158
7500000;44,66;55,03045;82,98158
7500000;44,66;55,03045;82,98158
7500000;44,66;55,03045;82,98158
7500000;44,66;55,03045;82,98158
7500000;44,54;55,03045;82,98158
7500000;44,54;55,03045;82,98158
7370000;44,7;55,03045;82,98158
7370000;44,7;55,03045;82,98158
7430000;44,7;55,03045;82,98158
7430000;44,7;55,03045;82,98158
7119000;40,68;55,03045;82,98158
7245000;40,68;55,03045;82,98158
7308000;40,68;55,03045;82,98158
7983100;49,95;55,03045;82,98158
8080000;49,95;55,03045;82,98158
8080000;49,95;55,03045;82,98158
8080000;49,95;55,03045;82,98158
8160000;49,95;55,03045;82,98158
8160000;49,95;55,03045;82,98158
8160000;49,95;55,03045;82,98158
8160000;49,95;55,03045;82,98158
8230000;49,95;55,03045;82,98158
8230000;49,95;55,03045;82,98158
8230000;49,95;55,03045;82,98158
8300000;49,95;55,03045;82,98158
9200000;53,8;55,03045;82,98158
9110000;53,92;55,03045;82,98158
9110000;53,92;55,03045;82,98158
9110000;53,92;55,03045;82,98158
9110000;53,92;55,03045;82,98158
11570000;42,65;55,06803;82,911183
11670000;43,15;55,06803;82,911183
11990000;43,55;55,0659;82,91151
12690000;48,3;55,0659;82,91151
16730000;68,65;55,06803;82,911183
15890000;68,15;55,0659;82,91151
14950000;55,85;55,0659;82,91151
14850000;54,65;55,0659;82,91151
14470000;61,9;55,06803;82,911183
16570000;63;55,0659;82,91151
13470000;50,65;55,06803;82,911183
12970000;50,35;55,06803;82,911183
14190000;64,1;55,0659;82,91151
15030000;63,3;55,06803;82,911183
16290000;68,45;55,0659;82,91151
14970000;62,8;55,06803;82,911183
16070000;68,35;55,0659;82,91151
16570000;71,5;55,0659;82,91151
15700000;69,6;55,0659;82,91151
18190000;77;55,0659;82,91151
16390000;69,7;55,0659;82,91151
21000000;73;55,06803;82,911183
15490000;68,7;55,0659;82,91151
17890000;70,1;55,0659;82,91151
15670000;69,8;55,0659;82,91151
7270000;27,3;55,06887;82,91548
7490000;32,3;55,06887;82,91548
7590000;32,3;55,06887;82,91548
7590000;32,3;55,06887;82,91548
7090000;26,8;55,06887;82,91548
7270000;26,7;55,06887;82,91548
7690000;26,7;55,06887;82,91548
7490000;26,7;55,06887;82,91548
7490000;26,7;55,06887;82,91548
20390000;112,3;55,06887;82,91548
9290000;42,8;55,06887;82,91548
9390000;42,8;55,06887;82,91548
9670000;42,8;55,06887;82,91548
9490000;42,8;55,06887;82,91548
9770000;42,8;55,06887;82,91548
9490000;40;55,06887;82,91548
9490000;40;55,06887;82,91548
9590000;40;55,06887;82,91548
9670000;40;55,06887;82,91548
9990000;39,7;55,06889;82,9156
10170000;39,7;55,06889;82,9156
8970000;39,9;55,06887;82,91548
9370000;39,9;55,06887;82,91548
9890000;39,9;55,06887;82,91548
10170000;39,9;55,06887;82,91548
10290000;39,9;55,06887;82,91548
10090000;39,9;55,06887;82,91548
10290000;39,9;55,06887;82,91548
10570000;48,6;55,06889;82,9156
12250000;48,6;55,06889;82,9156
11090000;48,6;55,06889;82,9156
10770000;48,6;55,06889;82,9156
12290000;47;55,06887;82,91548
10970000;48,5;55,06889;82,9156
11090000;48,5;55,06889;82,9156
11090000;48,5;55,06889;82,9156
11090000;55;55,06887;82,91548
11340000;55;55,06887;82,91548
11170000;47,6;55,06887;82,91548
20990000;114,9;55,06887;82,91548
11270000;54,9;55,06887;82,91548
11570000;54,9;55,06887;82,91548
11370000;54,9;55,06887;82,91548
11590000;54,9;55,06887;82,91548
12890000;63,5;55,06887;82,91548
13190000;63,5;55,06887;82,91548
13390000;63,5;55,06887;82,91548
12970000;63,5;55,06887;82,91548
13090000;63,5;55,06887;82,91548
12890000;57,4;55,06887;82,91548
13070000;57,4;55,06887;82,91548
13190000;57,4;55,06887;82,91548
12970000;57,4;55,06887;82,91548
11920000;46,2;55,06889;82,9156
12890000;47,2;55,06889;82,9156
12190000;54,7;55,06889;82,9156
10970000;55,2;55,06887;82,91548
11390000;56,5;55,06887;82,91548
12770000;52,9;55,06889;82,9156
14500000;52,9;55,06889;82,9156
12290000;58,8;55,06887;82,91548
12390000;47,8;55,06889;82,9156
19070000;90,1;55,06887;82,91548
26970000;99,6;55,06889;82,9156
20890000;98,1;55,06889;82,9156
26490000;133,3;55,06889;82,9156
14190000;70,2;55,06887;82,91548
14540000;70,2;55,06887;82,91548
14770000;70,2;55,06887;82,91548
14990000;80,5;55,06887;82,91548
15490000;80,5;55,06887;82,91548
15770000;80,5;55,06887;82,91548
15370000;80,5;55,06887;82,91548
15770000;74,6;55,06889;82,9156
19570000;95,5;55,06889;82,9156
18590000;87,6;55,06889;82,9156
18570000;87,8;55,06889;82,9156
14590000;76,4;55,06887;82,91548
15890000;76,4;55,06887;82,91548
15070000;76,4;55,06887;82,91548
15070000;76,4;55,06887;82,91548
14970000;76,4;55,06887;82,91548
15570000;76,4;55,06887;82,91548
14770000;76,4;55,06887;82,91548
15770000;76,4;55,06887;82,91548
15990000;76,4;55,06887;82,91548
15590000;73,1;55,06889;82,9156
18300000;73,1;55,06889;82,9156
14770000;75,5;55,06889;82,9156
16070000;80,3;55,06887;82,91548
16090000;80,3;55,06887;82,91548
17370000;84,7;55,06887;82,91548
17590000;84,7;55,06887;82,91548
17490000;84,7;55,06887;82,91548
16790000;84,7;55,06889;82,9156
17370000;84,7;55,06889;82,9156
20190000;105,8;55,06889;82,9156
14290000;73,4;55,06887;82,91548
17190000;87,3;55,06887;82,91548
33490000;166,7;55,06889;82,9156
8616000;29,6;54,86236;83,09161
7660000;29,71;54,86205;83,09116
7823000;29,71;54,86205;83,09116
8520000;31,8;54,86236;83,09161
8269000;31,9;54,86236;83,09161
8360000;31,9;54,86236;83,09161
7939000;29,66;54,86205;83,09116
9208000;35;54,86236;83,09161
9226000;35;54,86236;83,09161
8430000;32;54,86236;83,09161
9152000;34,8;54,86236;83,09161
8431000;31,7;54,86236;83,09161
9076000;34,7;54,86236;83,09161
9237000;34,7;54,86236;83,09161
8097000;32,06;54,86205;83,09116
8693000;34,84;54,86205;83,09116
8772000;34,84;54,86205;83,09116
8755000;34,84;54,86205;83,09116
8832000;34,84;54,86205;83,09116
8893000;34,84;54,86205;83,09116
8815000;34,84;54,86205;83,09116
8910000;34,84;54,86205;83,09116
8972000;34,84;54,86205;83,09116
7626000;32,13;54,86205;83,09116
8203000;32,13;54,86205;83,09116
8276000;32,13;54,86205;83,09116
8124000;32,13;54,86205;83,09116
8140000;32,13;54,86205;83,09116
8164000;32,13;54,86205;83,09116
11991000;49,42;54,86205;83,09116
13839000;46,3;54,86236;83,09161
12184000;47,1;54,86236;83,09161
11756000;46,1;54,86236;83,09161
11863000;46,1;54,86236;83,09161
12215000;47,57;54,86205;83,09116
14783000;49,78;54,86205;83,09116
12154000;49,28;54,86205;83,09116
12228000;49,28;54,86205;83,09116
12807000;49,2;54,86236;83,09161
12080000;46,9;54,86236;83,09161
11842000;46,2;54,86236;83,09161
12996000;50,5;54,86236;83,09161
12551000;48,4;54,86236;83,09161
13433000;54,95;54,86205;83,09116
13708000;54,95;54,86205;83,09116
13499000;54,95;54,86205;83,09116
13505000;54,95;54,86205;83,09116
13527000;54,95;54,86205;83,09116
11569000;47,26;54,86205;83,09116
11628000;47,26;54,86205;83,09116
11768000;47,26;54,86205;83,09116
11733000;47,26;54,86205;83,09116
11747000;47,28;54,86205;83,09116
11821000;47,28;54,86205;83,09116
11842000;47,28;54,86205;83,09116
11778000;47,28;54,86205;83,09116
11021000;46,22;54,86205;83,09116
11228000;46,22;54,86205;83,09116
11320000;46,22;54,86205;83,09116
11285000;46,22;54,86205;83,09116
11171000;46,22;54,86205;83,09116
12393000;47,2;54,86236;83,09161
13306000;47,2;54,86236;83,09161
12638000;48,8;54,86236;83,09161
12588000;49,3;54,86236;83,09161
12810000;49,3;54,86236;83,09161
13750000;49,3;54,86236;83,09161
11975000;47;54,86236;83,09161
12262000;47;54,86236;83,09161
11175000;49,47;54,86205;83,09116
11192000;49,47;54,86205;83,09116
11908000;49,47;54,86205;83,09116
12080000;49,47;54,86205;83,09116
12030000;49,47;54,86205;83,09116
12140000;49,47;54,86205;83,09116
11278000;46,19;54,86205;83,09116
12080000;46,8;54,86236;83,09161
12393000;46,8;54,86236;83,09161
12706000;55,03;54,86205;83,09116
13525000;55,03;54,86205;83,09116
12734000;55,03;54,86205;83,09116
13456000;55,03;54,86205;83,09116
13050000;55,03;54,86205;83,09116
13348000;55,03;54,86205;83,09116
13526000;55,03;54,86205;83,09116
12094000;49,39;54,86205;83,09116
11686000;46;54,86236;83,09161
11732000;46;54,86236;83,09161
11630000;45,9;54,86236;83,09161
11630000;45,9;54,86236;83,09161
10817000;45,8;54,86236;83,09161
16174000;54,7;54,86236;83,09161
12747000;49,4;54,86236;83,09161
21360000;95,87;54,86205;83,09116
21575000;95,87;54,86205;83,09116
21383000;95,87;54,86205;83,09116
21479000;95,87;54,86205;83,09116
21670000;95,87;54,86205;83,09116
28449000;97,22;54,86205;83,09116
16423000;67,91;54,86205;83,09116
16577000;67,91;54,86205;83,09116
16509000;67,91;54,86205;83,09116
17038000;68,8;54,86236;83,09161
14264000;60,42;54,86205;83,09116
14490000;60,42;54,86205;83,09116
14444000;60,42;54,86205;83,09116
14414000;60,42;54,86205;83,09116
14460000;60,42;54,86205;83,09116
18735000;67;54,86236;83,09161
22108000;79,9;54,86236;83,09161
18682000;80,54;54,86205;83,09116
18859000;80,54;54,86205;83,09116
18762000;80,54;54,86205;83,09116
23664000;79,97;54,86205;83,09116
14747000;60,5;54,86236;83,09161
19235000;80,1;54,86236;83,09161
19258000;80,1;54,86236;83,09161
19482000;80,5;54,86236;83,09161
16875000;68,6;54,86236;83,09161
16745000;67,8;54,86236;83,09161
16806000;67,4;54,86236;83,09161
17322000;80,7;54,86236;83,09161
18443000;79,11;54,86205;83,09116
18540000;79,11;54,86205;83,09116
18540000;79,11;54,86205;83,09116
14649000;68,08;54,86205;83,09116
16137000;68,08;54,86205;83,09116
15611000;68,08;54,86205;83,09116
15259000;68,08;54,86205;83,09116
16321000;68,08;54,86205;83,09116
16270000;68,08;54,86205;83,09116
15479000;68,08;54,86205;83,09116
16085000;68,08;54,86205;83,09116
14893000;68,08;54,86205;83,09116
19057000;80,2;54,86236;83,09161
16255000;67,7;54,86236;83,09161
16860000;67,7;54,86236;83,09161
16255000;67,7;54,86236;83,09161
18901000;80,52;54,86205;83,09116
18960000;80,52;54,86205;83,09116
17871000;80,66;54,86205;83,09116
18626000;80,66;54,86205;83,09116
18366000;80,66;54,86205;83,09116
18212000;80,66;54,86205;83,09116
18252000;80,66;54,86205;83,09116
18486000;80,66;54,86205;83,09116
17911000;80,66;54,86205;83,09116
18467000;80,66;54,86205;83,09116
18977000;80,3;54,86236;83,09161
15330000;60,1;54,86236;83,09161
15463000;60,1;54,86236;83,09161
21059000;90,7;54,86236;83,09161
21409000;92,7;54,86236;83,09161
20756000;90,4;54,86236;83,09161
20828000;90,4;54,86236;83,09161
21026000;90,4;54,86236;83,09161
20296000;90,37;54,86205;83,09116
20408000;90,37;54,86205;83,09116
20408000;90,37;54,86205;83,09116
23996000;89,8;54,86236;83,09161
19244000;90,57;54,86205;83,09116
20004000;90,57;54,86205;83,09116
19583000;90,57;54,86205;83,09116
20071000;90,57;54,86205;83,09116
20026000;90,57;54,86205;83,09116
19674000;90,57;54,86205;83,09116
20184000;90,57;54,86205;83,09116
21398000;91,7;54,86236;83,09161
20840000;90,3;54,86236;83,09161
21141000;90,3;54,86236;83,09161
21039000;90,3;54,86236;83,09161
6950000;25,2;55,039605;82,937181
12450000;47,9;55,039605;82,937181
10200000;38,4;55,039605;82,937181
10700000;44;55,039605;82,937181
11530000;44;55,039605;82,937181
11020000;44;55,039605;82,937181
11840000;46;55,039605;82,937181
11940000;45,7;55,039605;82,937181
5907213;33,93;54,98143;82,8319
5985252;33,93;54,98143;82,8319
6209190;33,93;54,98143;82,8319
6209190;33,93;54,98143;82,8319
6209190;33,93;54,98143;82,8319
6209190;33,93;54,98143;82,8319
6209190;33,93;54,98143;82,8319
6209190;33,93;54,98143;82,8319
4748528;25,64;54,98143;82,8319
4748528;25,64;54,98143;82,8319
4748528;25,64;54,98143;82,8319
4748528;25,64;54,98143;82,8319
4748528;25,64;54,98143;82,8319
4748528;25,64;54,98143;82,8319
5366088;30,42;54,98143;82,8319
5559255;30,42;54,98143;82,8319
5559255;30,42;54,98143;82,8319
5559255;30,42;54,98143;82,8319
5559255;30,42;54,98143;82,8319
5559255;30,42;54,98143;82,8319
5559255;30,42;54,98143;82,8319
5559255;30,42;54,98143;82,8319
5366088;30,42;54,98143;82,8319
5366088;30,42;54,98143;82,8319
4291812;24,33;54,98143;82,8319
4505916;24,33;54,98143;82,8319
4505916;24,33;54,98143;82,8319
4505916;24,33;54,98143;82,8319
4505916;24,33;54,98143;82,8319
4505916;24,33;54,98143;82,8319
4505916;24,33;54,98143;82,8319
4505916;24,33;54,98143;82,8319
4355070;24,33;54,98143;82,8319
4355070;24,33;54,98143;82,8319
6751745;39,05;54,98143;82,8319
6751745;39,05;54,98143;82,8319
6751745;39,05;54,98143;82,8319
6751745;39,05;54,98143;82,8319
6250050;36,55;54,98143;82,8319
6323150;36,55;54,98143;82,8319
6542450;36,55;54,98143;82,8319
6542450;36,55;54,98143;82,8319
6542450;36,55;54,98143;82,8319
6542450;36,55;54,98143;82,8319
6542450;36,55;54,98143;82,8319
6542450;36,55;54,98143;82,8319
6542450;36,55;54,98143;82,8319
6323150;36,55;54,98143;82,8319
6323150;36,55;54,98143;82,8319
6323150;36,55;54,98143;82,8319
6323150;36,55;54,98143;82,8319
7362360;48,12;54,98143;82,8319
7607772;48,12;54,98143;82,8319
7607772;48,12;54,98143;82,8319
7607772;48,12;54,98143;82,8319
7607772;48,12;54,98143;82,8319
7607772;48,12;54,98143;82,8319
7607772;48,12;54,98143;82,8319
7362360;48,12;54,98143;82,8319
7362360;48,12;54,98143;82,8319
7362360;48,12;54,98143;82,8319
7362360;48,12;54,98143;82,8319
6251280;34,16;54,98143;82,8319
6251280;34,16;54,98143;82,8319
6251280;34,16;54,98143;82,8319
6251280;34,16;54,98143;82,8319
6251280;34,16;54,98143;82,8319
6251280;34,16;54,98143;82,8319
6251280;34,16;54,98143;82,8319
6251280;34,16;54,98143;82,8319
6539400;36,33;54,98143;82,8319
6539400;36,33;54,98143;82,8319
6539400;36,33;54,98143;82,8319
6539400;36,33;54,98143;82,8319
8392960;53,12;54,98143;82,8319
10065090;68,47;54,98143;82,8319
10229418;68,47;54,98143;82,8319
10229418;68,47;54,98143;82,8319
10229418;68,47;54,98143;82,8319
10229418;68,47;54,98143;82,8319
10229418;68,47;54,98143;82,8319
10229418;68,47;54,98143;82,8319
10568345;68,47;54,98143;82,8319
10568345;68,47;54,98143;82,8319
10568345;68,47;54,98143;82,8319
10568345;68,47;54,98143;82,8319
10568345;68,47;54,98143;82,8319
10568345;68,47;54,98143;82,8319
9109722;57,62;54,98143;82,8319
9109722;57,62;54,98143;82,8319
9109722;57,62;54,98143;82,8319
9109722;57,62;54,98143;82,8319
9109722;57,62;54,98143;82,8319
9109722;57,62;54,98143;82,8319
9109722;57,62;54,98143;82,8319
8973055;59,15;54,98143;82,8319
9274720;59,15;54,98143;82,8319
9274720;59,15;54,98143;82,8319
9274720;59,15;54,98143;82,8319
9274720;59,15;54,98143;82,8319
9274720;59,15;54,98143;82,8319
8973055;59,15;54,98143;82,8319
11363765;79,19;54,98143;82,8319
11735958;79,19;54,98143;82,8319
11735958;79,19;54,98143;82,8319
11735958;79,19;54,98143;82,8319
11735958;79,19;54,98143;82,8319
12131908;79,19;54,98143;82,8319
12131908;79,19;54,98143;82,8319
12131908;79,19;54,98143;82,8319
12131908;79,19;54,98143;82,8319
12131908;79,19;54,98143;82,8319
12131908;79,19;54,98143;82,8319
5779440;20,94;55,05008;82,92831
5779440;20,94;55,05008;82,92831
5779440;20,94;55,05008;82,92831
5779440;20,94;55,05008;82,92831
6093540;20,94;55,05008;82,92831
6093540;20,94;55,05008;82,92831
6093540;20,94;55,05008;82,92831
5732520;20,77;55,05008;82,92831
5732520;20,77;55,05008;82,92831
5732520;20,77;55,05008;82,92831
5732520;20,77;55,05008;82,92831
5732520;20,77;55,05008;82,92831
5732520;20,77;55,05008;82,92831
5732520;20,77;55,05008;82,92831
5732520;20,77;55,05008;82,92831
5732520;20,77;55,05008;82,92831
5732520;20,77;55,05008;82,92831
5732520;20,77;55,05008;82,92831
6044070;20,77;55,05008;82,92831
6044070;20,77;55,05008;82,92831
6044070;20,77;55,05008;82,92831
6044070;20,77;55,05008;82,92831
6044070;20,77;55,05008;82,92831
6044070;20,77;55,05008;82,92831
5732520;20,77;55,05008;82,92831
5732520;20,77;55,05008;82,92831
6194580;20,58;55,05008;82,92831
6194580;20,58;55,05008;82,92831
5771160;20,91;55,05008;82,92831
5771160;20,91;55,05008;82,92831
5771160;20,91;55,05008;82,92831
6084810;20,91;55,05008;82,92831
6084810;20,91;55,05008;82,92831
5760120;20,87;55,05008;82,92831
5760120;20,87;55,05008;82,92831
5760120;20,87;55,05008;82,92831
5760120;20,87;55,05008;82,92831
5760120;20,87;55,05008;82,92831
5760120;20,87;55,05008;82,92831
5760120;20,87;55,05008;82,92831
5760120;20,87;55,05008;82,92831
5787720;20,97;55,05008;82,92831
5787720;20,97;55,05008;82,92831
5787720;20,97;55,05008;82,92831
5787720;20,97;55,05008;82,92831
6150880;20,78;55,05008;82,92831
6150880;20,78;55,05008;82,92831
6245750;20,75;55,05008;82,92831
6100560;20,61;55,05008;82,92831
6100560;20,61;55,05008;82,92831
6100560;20,61;55,05008;82,92831
6100560;20,61;55,05008;82,92831
5751840;20,84;55,05008;82,92831
5751840;20,84;55,05008;82,92831
5751840;20,84;55,05008;82,92831
5751840;20,84;55,05008;82,92831
5751840;20,84;55,05008;82,92831
5751840;20,84;55,05008;82,92831
5796000;21;55,05008;82,92831
5796000;21;55,05008;82,92831
5796000;21;55,05008;82,92831
5796000;21;55,05008;82,92831
5589000;20,25;55,05008;82,92831
5589000;20,25;55,05008;82,92831
5589000;20,25;55,05008;82,92831
5589000;20,25;55,05008;82,92831
5589000;20,25;55,05008;82,92831
5589000;20,25;55,05008;82,92831
5589000;20,25;55,05008;82,92831
5589000;20,25;55,05008;82,92831
5589000;20,25;55,05008;82,92831
5589000;20,25;55,05008;82,92831
5589000;20,25;55,05008;82,92831
5589000;20,25;55,05008;82,92831
5589000;20,25;55,05008;82,92831
5589000;20,25;55,05008;82,92831
5589000;20,25;55,05008;82,92831
5589000;20,25;55,05008;82,92831
5589000;20,25;55,05008;82,92831
5589000;20,25;55,05008;82,92831
5589000;20,25;55,05008;82,92831
5589000;20,25;55,05008;82,92831
5589000;20,25;55,05008;82,92831
5589000;20,25;55,05008;82,92831
5589000;20,25;55,05008;82,92831
5589000;20,25;55,05008;82,92831
5589000;20,25;55,05008;82,92831
5589000;20,25;55,05008;82,92831
5589000;20,25;55,05008;82,92831
5589000;20,25;55,05008;82,92831
5589000;20,25;55,05008;82,92831
5589000;20,25;55,05008;82,92831
5589000;20,25;55,05008;82,92831
5589000;20,25;55,05008;82,92831
5589000;20,25;55,05008;82,92831
5589000;20,25;55,05008;82,92831
5589000;20,25;55,05008;82,92831
5589000;20,25;55,05008;82,92831
5589000;20,25;55,05008;82,92831
5589000;20,25;55,05008;82,92831
5589000;20,25;55,05008;82,92831
5589000;20,25;55,05008;82,92831
5589000;20,25;55,05008;82,92831
5589000;20,25;55,05008;82,92831
5589000;20,25;55,05008;82,92831
5589000;20,25;55,05008;82,92831
5589000;20,25;55,05008;82,92831
5589000;20,25;55,05008;82,92831
5561400;20,15;55,05008;82,92831
5561400;20,15;55,05008;82,92831
5561400;20,15;55,05008;82,92831
5561400;20,15;55,05008;82,92831
5561400;20,15;55,05008;82,92831
5561400;20,15;55,05008;82,92831
5561400;20,15;55,05008;82,92831
5561400;20,15;55,05008;82,92831
5561400;20,15;55,05008;82,92831
5561400;20,15;55,05008;82,92831
5561400;20,15;55,05008;82,92831
5561400;20,15;55,05008;82,92831
5561400;20,15;55,05008;82,92831
5561400;20,15;55,05008;82,92831
5561400;20,15;55,05008;82,92831
5561400;20,15;55,05008;82,92831
5561400;20,15;55,05008;82,92831
5561400;20,15;55,05008;82,92831
5561400;20,15;55,05008;82,92831
5561400;20,15;55,05008;82,92831
5561400;20,15;55,05008;82,92831
5561400;20,15;55,05008;82,92831
5561400;20,15;55,05008;82,92831
5561400;20,15;55,05008;82,92831
5561400;20,15;55,05008;82,92831
5561400;20,15;55,05008;82,92831
5561400;20,15;55,05008;82,92831
5561400;20,15;55,05008;82,92831
5561400;20,15;55,05008;82,92831
5561400;20,15;55,05008;82,92831
5561400;20,15;55,05008;82,92831
5561400;20,15;55,05008;82,92831
5561400;20,15;55,05008;82,92831
5561400;20,15;55,05008;82,92831
5561400;20,15;55,05008;82,92831
5561400;20,15;55,05008;82,92831
5561400;20,15;55,05008;82,92831
5561400;20,15;55,05008;82,92831
5561400;20,15;55,05008;82,92831
5561400;20,15;55,05008;82,92831
5561400;20,15;55,05008;82,92831
5561400;20,15;55,05008;82,92831
5561400;20,15;55,05008;82,92831
5561400;20,15;55,05008;82,92831
5561400;20,15;55,05008;82,92831
5561400;20,15;55,05008;82,92831
5863650;20,15;55,05008;82,92831
5863650;20,15;55,05008;82,92831
5863650;20,15;55,05008;82,92831
5863650;20,15;55,05008;82,92831
5863650;20,15;55,05008;82,92831
5863650;20,15;55,05008;82,92831
5863650;20,15;55,05008;82,92831
5863650;20,15;55,05008;82,92831
5863650;20,15;55,05008;82,92831
5863650;20,15;55,05008;82,92831
5863650;20,15;55,05008;82,92831
5863650;20,15;55,05008;82,92831
5863650;20,15;55,05008;82,92831
5863650;20,15;55,05008;82,92831
5863650;20,15;55,05008;82,92831
5863650;20,15;55,05008;82,92831
5863650;20,15;55,05008;82,92831
5863650;20,15;55,05008;82,92831
5863650;20,15;55,05008;82,92831
5561400;20,15;55,05008;82,92831
5561400;20,15;55,05008;82,92831
5561400;20,15;55,05008;82,92831
5561400;20,15;55,05008;82,92831
5561400;20,15;55,05008;82,92831
5561400;20,15;55,05008;82,92831
5561400;20,15;55,05008;82,92831
5561400;20,15;55,05008;82,92831
5561400;20,15;55,05008;82,92831
5561400;20,15;55,05008;82,92831
5561400;20,15;55,05008;82,92831
5561400;20,15;55,05008;82,92831
5561400;20,15;55,05008;82,92831
5561400;20,15;55,05008;82,92831
5561400;20,15;55,05008;82,92831
5561400;20,15;55,05008;82,92831
5561400;20,15;55,05008;82,92831
5724240;20,74;55,05008;82,92831
5724240;20,74;55,05008;82,92831
5724240;20,74;55,05008;82,92831
6035340;20,74;55,05008;82,92831
6035340;20,74;55,05008;82,92831
6035340;20,74;55,05008;82,92831
5724240;20,74;55,05008;82,92831
5917040;19,99;55,05008;82,92831
6116940;19,99;55,05008;82,92831
6116940;19,99;55,05008;82,92831
6116940;19,99;55,05008;82,92831
6116940;19,99;55,05008;82,92831
5917040;19,99;55,05008;82,92831
6116940;19,99;55,05008;82,92831
6116940;19,99;55,05008;82,92831
9571680;31,28;55,05008;82,92831
9571680;31,28;55,05008;82,92831
8564010;31,37;55,05008;82,92831
8564010;31,37;55,05008;82,92831
8564010;31,37;55,05008;82,92831
8564010;31,37;55,05008;82,92831
8564010;31,37;55,05008;82,92831
8564010;31,37;55,05008;82,92831
8971820;31,37;55,05008;82,92831
8640450;31,65;55,05008;82,92831
8640450;31,65;55,05008;82,92831
8640450;31,65;55,05008;82,92831
8640450;31,65;55,05008;82,92831
11023040;37,24;55,05008;82,92831
11023040;37,24;55,05008;82,92831
9568620;31,27;55,05008;82,92831
9568620;31,27;55,05008;82,92831
8561280;31,36;55,05008;82,92831
8561280;31,36;55,05008;82,92831
8561280;31,36;55,05008;82,92831
8561280;31,36;55,05008;82,92831
8561280;31,36;55,05008;82,92831
8561280;31,36;55,05008;82,92831
8561280;31,36;55,05008;82,92831
8561280;31,36;55,05008;82,92831
8968960;31,36;55,05008;82,92831
10146240;37,44;55,05008;82,92831
10146240;37,44;55,05008;82,92831
10146240;37,44;55,05008;82,92831
10146240;37,44;55,05008;82,92831
10146240;37,44;55,05008;82,92831
10146240;37,44;55,05008;82,92831
10146240;37,44;55,05008;82,92831
10146240;37,44;55,05008;82,92831
10146240;37,44;55,05008;82,92831
8594040;31,48;55,05008;82,92831
8594040;31,48;55,05008;82,92831
8594040;31,48;55,05008;82,92831
8594040;31,48;55,05008;82,92831
10165210;37,51;55,05008;82,92831
10165210;37,51;55,05008;82,92831
10165210;37,51;55,05008;82,92831
10165210;37,51;55,05008;82,92831
11194190;37,19;55,05008;82,92831
11194190;37,19;55,05008;82,92831
8604960;31,52;55,05008;82,92831
8604960;31,52;55,05008;82,92831
8604960;31,52;55,05008;82,92831
8604960;31,52;55,05008;82,92831
8604960;31,52;55,05008;82,92831
8604960;31,52;55,05008;82,92831
8604960;31,52;55,05008;82,92831
8604960;31,52;55,05008;82,92831
9014720;31,52;55,05008;82,92831
9014720;31,52;55,05008;82,92831
9014720;31,52;55,05008;82,92831
9303280;31,43;55,05008;82,92831
9303280;31,43;55,05008;82,92831
11158070;37,07;55,05008;82,92831
11158070;37,07;55,05008;82,92831
8610420;31,54;55,05008;82,92831
8610420;31,54;55,05008;82,92831
8610420;31,54;55,05008;82,92831
8610420;31,54;55,05008;82,92831
8610420;31,54;55,05008;82,92831
8610420;31,54;55,05008;82,92831
8610420;31,54;55,05008;82,92831
8610420;31,54;55,05008;82,92831
9020440;31,54;55,05008;82,92831
9020440;31,54;55,05008;82,92831
9020440;31,54;55,05008;82,92831
11352600;37,1;55,05008;82,92831
11352600;37,1;55,05008;82,92831
10148950;37,45;55,05008;82,92831
10148950;37,45;55,05008;82,92831
10148950;37,45;55,05008;82,92831
10148950;37,45;55,05008;82,92831
10159790;37,49;55,05008;82,92831
10159790;37,49;55,05008;82,92831
10159790;37,49;55,05008;82,92831
10159790;37,49;55,05008;82,92831
10159790;37,49;55,05008;82,92831
10159790;37,49;55,05008;82,92831
10159790;37,49;55,05008;82,92831
10159790;37,49;55,05008;82,92831
10159790;37,49;55,05008;82,92831
10609670;37,49;55,05008;82,92831
10609670;37,49;55,05008;82,92831
10609670;37,49;55,05008;82,92831
8643180;31,66;55,05008;82,92831
8643180;31,66;55,05008;82,92831
8643180;31,66;55,05008;82,92831
8643180;31,66;55,05008;82,92831
10111010;37,31;55,05008;82,92831
10111010;37,31;55,05008;82,92831
10111010;37,31;55,05008;82,92831
10111010;37,31;55,05008;82,92831
10111010;37,31;55,05008;82,92831
10111010;37,31;55,05008;82,92831
10111010;37,31;55,05008;82,92831
10119140;37,34;55,05008;82,92831
10119140;37,34;55,05008;82,92831
10119140;37,34;55,05008;82,92831
10119140;37,34;55,05008;82,92831
10119140;37,34;55,05008;82,92831
10119140;37,34;55,05008;82,92831
10119140;37,34;55,05008;82,92831
10119140;37,34;55,05008;82,92831
10119140;37,34;55,05008;82,92831
9309200;31,45;55,05008;82,92831
10173340;37,54;55,05008;82,92831
10173340;37,54;55,05008;82,92831
10173340;37,54;55,05008;82,92831
10173340;37,54;55,05008;82,92831
8596770;31,49;55,05008;82,92831
8596770;31,49;55,05008;82,92831
8596770;31,49;55,05008;82,92831
8596770;31,49;55,05008;82,92831
10135400;37,4;55,05008;82,92831
10135400;37,4;55,05008;82,92831
10135400;37,4;55,05008;82,92831
10135400;37,4;55,05008;82,92831
18800000;113,6;54,989888;82,843547
18500000;111,3;54,989888;82,843547
5165000;29,6;54,989888;82,843547
5505000;29,4;54,989888;82,843547
6615000;29,4;54,989888;82,843547
5925000;32,9;54,989888;82,843547
7315000;32,9;54,989888;82,843547
5765000;31;54,989888;82,843547
7005000;31;54,989888;82,843547
15000000;85,5;54,989888;82,843547
13000000;69;54,989888;82,843547
5305000;31,2;54,989888;82,843547
5315000;27;54,989888;82,843547
6215000;27;54,989888;82,843547
6915000;39,8;54,989888;82,843547
9005000;39,8;54,989888;82,843547
6565000;40;54,989888;82,843547
7265000;42,1;54,989888;82,843547
9465000;42,1;54,989888;82,843547
6765000;42,5;54,989888;82,843547
6915000;42,5;54,989888;82,843547
6715000;42,3;54,989888;82,843547
7315000;42,3;54,989888;82,843547
6865000;42,3;54,989888;82,843547
9515000;42,3;54,989888;82,843547
27000000;162;54,989888;82,843547
6615000;38,8;54,989888;82,843547
7205000;38,6;54,989888;82,843547
7515000;45,1;54,989888;82,843547
7915000;45;54,989888;82,843547
9815000;45;54,989888;82,843547
9815000;60,3;54,989888;82,843547
12915000;60,3;54,989888;82,843547
8515000;53,4;54,989888;82,843547
9005000;53,4;54,989888;82,843547
11515000;53,4;54,989888;82,843547
14165000;67,4;54,989888;82,843547
9265000;60,5;54,989888;82,843547
9415000;60,5;54,989888;82,843547
10765000;66,3;54,989888;82,843547
10165000;66,4;54,989888;82,843547
10265000;66,4;54,989888;82,843547
11715000;72,9;54,989888;82,843547
15965000;73,3;54,989888;82,843547
11365000;73;54,989888;82,843547
11515000;73;54,989888;82,843547
10500000;27,79;55,05665;82,9123
13600000;39,5;55,05665;82,9123
13600000;40,02;55,05665;82,9123
13600000;40,02;55,05665;82,9123
13600000;40,02;55,05665;82,9123
13600000;39,85;55,05665;82,9123
13600000;39,85;55,05665;82,9123
7900000;28,3;55,05665;82,9123
9450000;28,3;55,05665;82,9123
10500000;28,3;55,05665;82,9123
10500000;28,3;55,05665;82,9123
13600000;39,55;55,05665;82,9123
13600000;39,1;55,05665;82,9123
7300000;29,21;55,05665;82,9123
7800000;29,21;55,05665;82,9123
7300000;29,21;55,05665;82,9123
9450000;29,21;55,05665;82,9123
7800000;29,21;55,05665;82,9123
7800000;29,21;55,05665;82,9123
7800000;29,21;55,05665;82,9123
7800000;29,21;55,05665;82,9123
7800000;28,22;55,05665;82,9123
9450000;28,22;55,05665;82,9123
8700000;23,33;55,05665;82,9123
9800000;23,33;55,05665;82,9123
8800000;23,33;55,05665;82,9123
9500000;23,33;55,05665;82,9123
8950000;23,33;55,05665;82,9123
9250000;23,33;55,05665;82,9123
16200000;58,37;55,05665;82,9123
33950000;77,1;55,05665;82,9123
13900000;39,66;55,05665;82,9123
13900000;39,66;55,05665;82,9123
7800000;28,81;55,05665;82,9123
9450000;28,81;55,05665;82,9123
10500000;28,81;55,05665;82,9123
10500000;28,81;55,05665;82,9123
8400000;28,99;55,05665;82,9123
8400000;28,99;55,05665;82,9123
7600000;23,55;55,05665;82,9123
8600000;23,55;55,05665;82,9123
7600000;23,55;55,05665;82,9123
10500000;27,99;55,05665;82,9123
9650000;28,98;55,05665;82,9123
10500000;28,98;55,05665;82,9123
9950000;28,98;55,05665;82,9123
10500000;28,98;55,05665;82,9123
10500000;28,98;55,05665;82,9123
7800000;28,02;55,05665;82,9123
9450000;28,02;55,05665;82,9123
8600000;23,46;55,05665;82,9123
9500000;23,46;55,05665;82,9123
8950000;23,46;55,05665;82,9123
9250000;23,46;55,05665;82,9123
9800000;23,46;55,05665;82,9123
10500000;28,58;55,05665;82,9123
6750000;23,69;55,05665;82,9123
7600000;23,69;55,05665;82,9123
8600000;23,69;55,05665;82,9123
7800000;29,03;55,05665;82,9123
7800000;29,03;55,05665;82,9123
17300000;56,6;55,05665;82,9123
18900000;56,6;55,05665;82,9123
17300000;56,6;55,05665;82,9123
18900000;56,6;55,05665;82,9123
20000000;56,28;55,05665;82,9123
4202112;26,5;55,11824;82,99618
4144452;26,6;55,11824;82,99618
4144452;26,6;55,11824;82,99618
5043576;35,9;55,11824;82,99618
5111187;35,9;55,11824;82,99618
5088681;35,9;55,11824;82,99618
5066175;35,9;55,11824;82,99618
5423200;35,9;55,11824;82,99618
5583069;40,5;55,11824;82,99618
5633940;40,5;55,11824;82,99618
5633940;40,5;55,11824;82,99618
5745819;40,5;55,11824;82,99618
5583069;40,5;55,11824;82,99618
4975470;37,5;55,11824;82,99618
5141319;37,5;55,11824;82,99618
5239713;37,7;55,11824;82,99618
5296536;37,7;55,11824;82,99618
5320158;37,7;55,11824;82,99618
5391117;37,7;55,11824;82,99618
5268078;37,7;55,11824;82,99618
5296536;37,7;55,11824;82,99618
4975314;35,1;55,11824;82,99618
5067849;35,1;55,11824;82,99618
5195631;35,1;55,11824;82,99618
6378870;48,9;55,11824;82,99618
5556060;41,8;55,11824;82,99618
5804316;41,8;55,11824;82,99618
5715036;41,8;55,11824;82,99618
4500000;33,6;55,11824;82,99618
4897659;33,6;55,11824;82,99618
4825956;33,6;55,11824;82,99618
4783734;33,6;55,11824;82,99618
4825956;33,6;55,11824;82,99618
4897659;33,6;55,11824;82,99618
4783734;33,6;55,11824;82,99618
4804845;33,6;55,11824;82,99618
5053100;33,6;55,11824;82,99618
4804845;33,6;55,11824;82,99618
5045343;36,8;55,11824;82,99618
5142342;36,8;55,11824;82,99618
5193120;36,8;55,11824;82,99618
5193120;36,8;55,11824;82,99618
5170056;36,8;55,11824;82,99618
5262498;36,8;55,11824;82,99618
4825305;34,5;55,11824;82,99618
4930860;36,5;55,11824;82,99618
5675232;41,7;55,11824;82,99618
4756020;33,2;55,11824;82,99618
4843533;33,2;55,11824;82,99618
4843533;33,2;55,11824;82,99618
4776852;33,2;55,11824;82,99618
4721703;33,4;55,11824;82,99618
5818173;41,9;55,11824;82,99618
6129000;47,1;55,11824;82,99618
6457455;47,1;55,11824;82,99618
6427881;47,1;55,11824;82,99618
6581610;47,1;55,11824;82,99618
6487029;47,1;55,11824;82,99618
6457455;47,1;55,11824;82,99618
5917600;40,7;55,11824;82,99618
5911173;42;55,11824;82,99618
5170242;37;55,11824;82,99618
5299700;37;55,11824;82,99618
5198142;37;55,11824;82,99618
5221392;37;55,11824;82,99618
5244642;37;55,11824;82,99618
5614400;37;55,11824;82,99618
5314299;37;55,11824;82,99618
6951006;50,7;55,11824;82,99618
6394413;52,4;55,11824;82,99618
7078788;52,4;55,11824;82,99618
7420600;52,4;55,11824;82,99618
6901158;52,4;55,11824;82,99618
6973512;52,4;55,11824;82,99618
6940683;52,4;55,11824;82,99618
6973512;52,4;55,11824;82,99618
8149100;56,1;55,11824;82,99618
7065303;52,3;55,11824;82,99618
7098132;52,3;55,11824;82,99618
7561800;52,3;55,11824;82,99618
8197950;61,6;55,11824;82,99618
8282952;61,6;55,11824;82,99618
8282952;61,6;55,11824;82,99618
8321640;61,6;55,11824;82,99618
8445423;61,6;55,11824;82,99618
7189458;52,2;55,11824;82,99618
8652348;67,3;55,11824;82,99618
8397621;63,4;55,11824;82,99618
6953889;52,8;55,11824;82,99618
6648105;53,4;55,11824;82,99618
7180344;53,4;55,11824;82,99618
7247397;53,4;55,11824;82,99618
7146864;53,4;55,11824;82,99618
7213917;53,4;55,11824;82,99618
7354719;53,4;55,11824;82,99618
7338072;56,8;55,11824;82,99618
8526612;66;55,11824;82,99618
7685706;55,5;55,11824;82,99618
7832088;55,5;55,11824;82,99618
6884046;49;55,11824;82,99618
7441900;49;55,11824;82,99618
7019361;49;55,11824;82,99618
6728736;50,8;55,11824;82,99618
6760635;50,8;55,11824;82,99618
7194000;50,8;55,11824;82,99618
6862656;50,8;55,11824;82,99618
10337322;83;55,11824;82,99618
10767200;80,4;55,11824;82,99618
9763575;83,8;55,11824;82,99618
10529553;83,7;55,11824;82,99618
10645152;83,7;55,11824;82,99618
11265600;83,7;55,11824;82,99618
10813296;83,7;55,11824;82,99618
10278267;85,1;55,11824;82,99618
10513836;86,6;55,11824;82,99618
10356387;84;55,11824;82,99618
10461849;84;55,11824;82,99618
9575220;82,6;55,11824;82,99618
9717105;82,6;55,11824;82,99618
10340856;82,2;55,11824;82,99618
10516254;82,2;55,11824;82,99618
10301796;82,3;55,11824;82,99618
10301796;82,3;55,11824;82,99618
9925704;78,9;55,11824;82,99618
10094127;78,9;55,11824;82,99618
10427800;78,9;55,11824;82,99618
10426695;81,5;55,11824;82,99618
10580238;81,5;55,11824;82,99618
10378614;82,5;55,11824;82,99618
10658265;82,5;55,11824;82,99618
10440738;82,5;55,11824;82,99618
10492539;82,5;55,11824;82,99618
10492539;82,5;55,11824;82,99618
9202600;40,6;55,054467;82,90171
9163440;40,7;55,054467;82,90171
12674250;65,4;55,054467;82,90171
11182000;59,1;55,054467;82,90171
9691580;45,9;55,054467;82,90171
10986000;57,8;55,054467;82,90171
9503000;44,9;55,054467;82,90171
9876000;49,8;55,054467;82,90171
11160000;58,7;55,054467;82,90171
11162000;59;55,054467;82,90171
11533632;59;55,054467;82,90171
12366900;69,9;55,054467;82,90171
9242550;41,2;55,054467;82,90171
9722736;45,3;55,054467;82,90171
9303840;43;55,054467;82,90171
9303840;43;55,054467;82,90171
24597120;168,8;55,054467;82,90171
26716800;180,6;55,054467;82,90171
16750601;86;55,054467;82,90171
16994088;87,7;55,054467;82,90171
26549760;170,7;55,054467;82,90171
31593600;196,9;55,054467;82,90171
23495040;155,3;55,054467;82,90171
26666880;167,4;55,054467;82,90171
26611200;170;55,054467;82,90171
7321000;32,21;55,01466;82,89127
5271000;25,8;55,01498;82,90071
5776000;27,85;55,01498;82,90071
5821000;27,85;55,01498;82,90071
5847000;27,85;55,01498;82,90071
5802000;27,85;55,01498;82,90071
5874000;27,85;55,01498;82,90071
5913000;27,85;55,01498;82,90071
5789000;27,85;55,01498;82,90071
5900000;27,85;55,01498;82,90071
5887000;27,85;55,01498;82,90071
5834000;27,85;55,01498;82,90071
6697000;36,57;55,01466;82,89127
7373000;36,57;55,01466;82,89127
7456000;36,57;55,01466;82,89127
7301000;36,57;55,01466;82,89127
7296000;36,57;55,01466;82,89127
7318000;36,57;55,01466;82,89127
5297000;24,13;55,01498;82,90071
5431000;24,13;55,01498;82,90071
5419000;24,13;55,01498;82,90071
5385000;24,13;55,01498;82,90071
5309000;24,13;55,01498;82,90071
5373000;24,13;55,01498;82,90071
5396000;24,13;55,01498;82,90071
5442000;24,13;55,01498;82,90071
5454000;24,13;55,01498;82,90071
5320000;24,13;55,01498;82,90071
5302000;24,9;55,01498;82,90071
5511000;24,9;55,01498;82,90071
5576000;24,9;55,01498;82,90071
5564000;24,9;55,01498;82,90071
5498000;26,75;55,01498;82,90071
5282000;24,6;55,01498;82,90071
5323000;24,6;55,01498;82,90071
5311000;24,6;55,01498;82,90071
5334000;24,6;55,01498;82,90071
5346000;24,6;55,01498;82,90071
5358000;24,6;55,01498;82,90071
5298000;24,56;55,01498;82,90071
5338000;24,56;55,01498;82,90071
5350000;24,56;55,01498;82,90071
5374000;24,56;55,01498;82,90071
5361000;24,56;55,01498;82,90071
5326000;24,56;55,01498;82,90071
4889000;25;55,01154;82,9045
5286000;25,76;55,01498;82,90071
5474000;28,8;55,01154;82,9045
5251000;25,26;55,01498;82,90071
5263000;25,26;55,01498;82,90071
5275000;25,26;55,01498;82,90071
5510000;25,25;55,01498;82,90071
5523000;25,25;55,01498;82,90071
5534000;25,25;55,01498;82,90071
5299000;24,25;55,01498;82,90071
5311000;24,25;55,01498;82,90071
5322000;24,25;55,01498;82,90071
5376000;24,25;55,01498;82,90071
5387000;24,25;55,01498;82,90071
5398000;24,25;55,01498;82,90071
5409000;24,25;55,01498;82,90071
5421000;24,25;55,01498;82,90071
5445000;24,25;55,01498;82,90071
5456000;24,25;55,01498;82,90071
5433000;24,25;55,01498;82,90071
5488000;28,6;55,01154;82,9045
5515000;28,6;55,01154;82,9045
5586000;28,6;55,01154;82,9045
5600000;28,6;55,01154;82,9045
5614000;28,6;55,01154;82,9045
5627000;28,6;55,01154;82,9045
5767000;28,6;55,01154;82,9045
5780000;28,6;55,01154;82,9045
5850000;28,6;55,01154;82,9045
5544000;28,6;55,01154;82,9045
5879000;28,6;55,01154;82,9045
5863000;28,6;55,01154;82,9045
5893000;28,6;55,01154;82,9045
5641000;28,6;55,01154;82,9045
5572000;28,6;55,01154;82,9045
5752000;28,6;55,01154;82,9045
7277000;33,27;55,01573;82,89842
4940000;24,6;55,01154;82,9045
4951000;24,6;55,01154;82,9045
5024000;24,6;55,01154;82,9045
5036000;24,6;55,01154;82,9045
5012000;24,6;55,01154;82,9045
4988000;24,6;55,01154;82,9045
4963000;24,6;55,01154;82,9045
4999000;24,6;55,01154;82,9045
6830000;34,24;55,01466;82,89127
6851000;34,24;55,01466;82,89127
6864000;34,24;55,01466;82,89127
5310000;24,94;55,01498;82,90071
5259000;25,3;55,01498;82,90071
5482000;28,4;55,01154;82,9045
5650000;28,4;55,01154;82,9045
5664000;28,4;55,01154;82,9045
5678000;28,4;55,01154;82,9045
5705000;28,4;55,01154;82,9045
5720000;28,4;55,01154;82,9045
5733000;28,4;55,01154;82,9045
5747000;28,4;55,01154;82,9045
5803000;28,4;55,01154;82,9045
5816000;28,4;55,01154;82,9045
5830000;28,4;55,01154;82,9045
5622000;28,4;55,01154;82,9045
5497000;28,4;55,01154;82,9045
6820000;33,33;55,01573;82,89842
4918000;24,7;55,01154;82,9045
4989000;24,7;55,01154;82,9045
5013000;24,7;55,01154;82,9045
4979000;24,7;55,01154;82,9045
5004000;24,7;55,01154;82,9045
5039000;24,7;55,01154;82,9045
5038000;24,7;55,01154;82,9045
5051000;24,7;55,01154;82,9045
5062000;24,7;55,01154;82,9045
5075000;24,7;55,01154;82,9045
5052000;24,7;55,01154;82,9045
5064000;24,7;55,01154;82,9045
5088000;24,7;55,01154;82,9045
4976000;24,7;55,01154;82,9045
5015000;24,7;55,01154;82,9045
5076000;24,7;55,01154;82,9045
4966000;24,7;55,01154;82,9045
5100000;24,7;55,01154;82,9045
6718000;32,75;55,01466;82,89127
5500000;24,65;55,01498;82,90071
5540000;24,65;55,01498;82,90071
5529000;24,65;55,01498;82,90071
5552000;24,65;55,01498;82,90071
5586000;24,65;55,01498;82,90071
5598000;24,65;55,01498;82,90071
5575000;24,65;55,01498;82,90071
5517000;24,65;55,01498;82,90071
5564000;24,65;55,01498;82,90071
7290000;33,26;55,01573;82,89842
5415000;25,95;55,01498;82,90071
5444000;25,95;55,01498;82,90071
5427000;25,95;55,01498;82,90071
7409000;33,41;55,01466;82,89127
7634000;35,86;55,01466;82,89127
5548000;25,08;55,01498;82,90071
5559000;25,08;55,01498;82,90071
5346000;27,4;55,01227;82,90313
6274000;27,4;55,01227;82,90313
6165000;27,4;55,01227;82,90313
5445000;27,4;55,01227;82,90313
6256000;27,4;55,01227;82,90313
6237000;27,4;55,01227;82,90313
6219000;27,4;55,01227;82,90313
6110000;27,4;55,01227;82,90313
6037000;27,4;55,01227;82,90313
6146000;27,4;55,01227;82,90313
6074000;27,4;55,01227;82,90313
5774000;28,11;55,01498;82,90071
5801000;28,11;55,01498;82,90071
5787000;28,11;55,01498;82,90071
5813000;28,11;55,01498;82,90071
9412000;50,33;55,01447;82,89171
9468000;50,33;55,01447;82,89171
9493000;50,33;55,01447;82,89171
10321000;50,33;55,01447;82,89171
9438000;50,33;55,01447;82,89171
9519000;50,33;55,01447;82,89171
7556000;37,78;55,01498;82,90071
7574000;37,78;55,01498;82,90071
9362000;50,3;55,01447;82,89171
8150000;39,86;55,01466;82,89127
8317000;44,09;55,01498;82,90071
8338000;44,09;55,01498;82,90071
8476000;43,24;55,01573;82,89842
8593000;43,84;55,01573;82,89842
8613000;43,84;55,01573;82,89842
7803000;49,8;55,01498;82,90071
8599000;49,8;55,01498;82,90071
8575000;49,8;55,01498;82,90071
8459000;49,8;55,01498;82,90071
8644000;49,8;55,01498;82,90071
8550000;49,8;55,01498;82,90071
8620000;49,8;55,01498;82,90071
8418000;42,76;55,01466;82,89127
8444000;42,76;55,01466;82,89127
8431000;42,76;55,01466;82,89127
8548000;42,76;55,01466;82,89127
8456000;42,76;55,01466;82,89127
7502000;36,85;55,01498;82,90071
7544000;36,85;55,01498;82,90071
7597000;36,85;55,01498;82,90071
7562000;36,85;55,01498;82,90071
7615000;36,85;55,01498;82,90071
7580000;36,85;55,01498;82,90071
8645000;49,67;55,01498;82,90071
8668000;49,67;55,01498;82,90071
8860000;49,67;55,01498;82,90071
8906000;49,67;55,01498;82,90071
8883000;49,67;55,01498;82,90071
8930000;49,67;55,01498;82,90071
8505000;43,09;55,01573;82,89842
8524000;43,09;55,01573;82,89842
8401000;41,42;55,01447;82,89171
8459000;41,42;55,01447;82,89171
9332000;41,42;55,01447;82,89171
7278000;35,8;55,01154;82,9045
7329000;35,8;55,01154;82,9045
7384000;35,8;55,01154;82,9045
7402000;35,8;55,01154;82,9045
7421000;35,8;55,01154;82,9045
7438000;35,8;55,01154;82,9045
7456000;35,8;55,01154;82,9045
7297000;35,8;55,01154;82,9045
7315000;35,8;55,01154;82,9045
7350000;35,8;55,01154;82,9045
7366000;35,8;55,01154;82,9045
7332000;35,8;55,01154;82,9045
7295000;35,8;55,01154;82,9045
7313000;35,8;55,01154;82,9045
7913000;36,88;55,01466;82,89127
8238000;41,64;55,01466;82,89127
8346000;41,64;55,01466;82,89127
8410000;41,64;55,01466;82,89127
7400000;36,1;55,01227;82,90313
7471000;36,1;55,01227;82,90313
7635000;36,1;55,01227;82,90313
7681000;36,1;55,01227;82,90313
7588000;36,1;55,01227;82,90313
7704000;36,1;55,01227;82,90313
7494000;36,1;55,01227;82,90313
7424000;36,1;55,01227;82,90313
7564000;36,1;55,01227;82,90313
8527000;42,59;55,01447;82,89171
8708000;42,59;55,01447;82,89171
8892000;42,59;55,01447;82,89171
8648000;42,59;55,01447;82,89171
8832000;42,59;55,01447;82,89171
8137000;39,64;55,01573;82,89842
7456000;36,92;55,01498;82,90071
8118000;40,42;55,01466;82,89127
8180000;40,42;55,01466;82,89127
8205000;40,42;55,01466;82,89127
8253000;42,03;55,01466;82,89127
8342000;42,03;55,01466;82,89127
8406000;42,03;55,01466;82,89127
8316000;42,03;55,01466;82,89127
8689000;44,38;55,01447;82,89171
8875000;44,38;55,01447;82,89171
8962000;44,38;55,01447;82,89171
8983000;44,38;55,01447;82,89171
8854000;44,38;55,01447;82,89171
8921000;44,38;55,01447;82,89171
8792000;44,38;55,01447;82,89171
8942000;44,38;55,01447;82,89171
8544000;43,58;55,01573;82,89842
8140000;41,36;55,01466;82,89127
8152000;41,36;55,01466;82,89127
8176000;41,36;55,01466;82,89127
8265000;41,36;55,01466;82,89127
8239000;41,36;55,01466;82,89127
8206000;41,68;55,01466;82,89127
8268000;41,68;55,01466;82,89127
8332000;41,68;55,01466;82,89127
8432000;42,69;55,01498;82,90071
8474000;42,69;55,01498;82,90071
8453000;42,69;55,01498;82,90071
8328000;44,93;55,01466;82,89127
9109000;44,93;55,01466;82,89127
9137000;44,93;55,01466;82,89127
9188000;44,93;55,01466;82,89127
9261000;44,93;55,01466;82,89127
9080000;44,93;55,01466;82,89127
8773000;44,46;55,01447;82,89171
8985000;44,46;55,01447;82,89171
8965000;44,46;55,01447;82,89171
8858000;44,46;55,01447;82,89171
8898000;44,46;55,01447;82,89171
8944000;44,46;55,01447;82,89171
8878000;44,46;55,01447;82,89171
8923000;44,46;55,01447;82,89171
8370000;44,96;55,01466;82,89127
7421000;36,62;55,01498;82,90071
7498000;36,62;55,01498;82,90071
7533000;36,62;55,01498;82,90071
7481000;36,62;55,01498;82,90071
7464000;36,62;55,01498;82,90071
7515000;36,62;55,01498;82,90071
8673000;39,56;55,01573;82,89842
8420000;43,89;55,01466;82,89127
8446000;43,89;55,01466;82,89127
8458000;43,89;55,01466;82,89127
8611000;43,89;55,01466;82,89127
8558000;43,89;55,01466;82,89127
8153000;39,88;55,01573;82,89842
8380000;42,43;55,01498;82,90071
8400000;42,43;55,01498;82,90071
8421000;42,43;55,01498;82,90071
7590000;41,3;55,01447;82,89171
8287000;41,3;55,01447;82,89171
8957000;41,3;55,01447;82,89171
8230000;41,3;55,01447;82,89171
8268000;41,3;55,01447;82,89171
8545000;41,89;55,01447;82,89171
8851000;41,89;55,01447;82,89171
9627000;41,89;55,01447;82,89171
8666000;41,89;55,01447;82,89171
8790000;41,89;55,01447;82,89171
8316000;41,26;55,01466;82,89127
8068000;43,56;55,01573;82,89842
8602000;43,56;55,01573;82,89842
7554000;40,67;55,01466;82,89127
8324000;40,67;55,01466;82,89127
8236000;40,67;55,01466;82,89127
8261000;40,67;55,01466;82,89127
8028000;43,88;55,01573;82,89842
9102000;50,52;55,01447;82,89171
9174000;50,52;55,01447;82,89171
9150000;50,52;55,01447;82,89171
8467000;40,3;55,01466;82,89127
8790000;51,7;55,01447;82,89171
7937000;37,33;55,01466;82,89127
8578000;43,86;55,01573;82,89842
7752000;41,63;55,01498;82,90071
8494000;44,31;55,01573;82,89842
8635000;47,91;55,01573;82,89842
9233000;47,91;55,01573;82,89842
9276000;47,91;55,01573;82,89842
8412000;45,69;55,01498;82,90071
8129000;38,83;55,01573;82,89842
8474000;42,28;55,01498;82,90071
8523000;42,28;55,01498;82,90071
8544000;42,28;55,01498;82,90071
8503000;42,28;55,01498;82,90071
8376000;45,52;55,01498;82,90071
8619000;43,55;55,01573;82,89842
8742000;44,63;55,01447;82,89171
8833000;44,63;55,01447;82,89171
8763000;44,63;55,01447;82,89171
8791000;44,63;55,01447;82,89171
8397000;42,52;55,01498;82,90071
8438000;42,52;55,01498;82,90071
8417000;42,52;55,01498;82,90071
8257000;38,89;55,01573;82,89842
8269000;38,89;55,01573;82,89842
7502000;37,12;55,01498;82,90071
8204000;41,48;55,01466;82,89127
8515000;39,57;55,01573;82,89842
6353000;36,4;55,01154;82,9045
6882000;36,4;55,01154;82,9045
6732000;39,2;55,01227;82,90313
7908000;39,2;55,01227;82,90313
7788000;39,2;55,01227;82,90313
7709000;39,2;55,01227;82,90313
7757000;39,2;55,01227;82,90313
7839000;39,2;55,01227;82,90313
7522000;39,2;55,01227;82,90313
7864000;39,2;55,01227;82,90313
7915000;39,2;55,01227;82,90313
7815000;39,2;55,01227;82,90313
7758000;39,2;55,01227;82,90313
7809000;39,2;55,01227;82,90313
7834000;39,2;55,01227;82,90313
7959000;39,2;55,01227;82,90313
7865000;39,2;55,01227;82,90313
7964000;39,2;55,01227;82,90313
7988000;39,2;55,01227;82,90313
8009000;39,2;55,01227;82,90313
8034000;39,2;55,01227;82,90313
7966000;39,2;55,01227;82,90313
8039000;39,2;55,01227;82,90313
7991000;39,2;55,01227;82,90313
7985000;39,2;55,01227;82,90313
7812000;39,2;55,01227;82,90313
7888000;39,2;55,01227;82,90313
7740000;39,2;55,01227;82,90313
7858000;39,2;55,01227;82,90313
6790000;39,2;55,01227;82,90313
7913000;39,2;55,01227;82,90313
7990000;39,2;55,01227;82,90313
8090000;39,2;55,01227;82,90313
7551000;39,2;55,01227;82,90313
7662000;39,2;55,01227;82,90313
7575000;39,2;55,01227;82,90313
6990000;39,2;55,01227;82,90313
7737000;39,2;55,01227;82,90313
7690000;39,2;55,01227;82,90313
7939000;39,2;55,01227;82,90313
7940000;39,2;55,01227;82,90313
8084000;39,2;55,01227;82,90313
7859000;39,2;55,01227;82,90313
7890000;39,2;55,01227;82,90313
6800000;39,2;55,01227;82,90313
7763000;39,2;55,01227;82,90313
7791000;39,2;55,01227;82,90313
8059000;39,2;55,01227;82,90313
7963000;39,2;55,01227;82,90313
7909000;39,2;55,01227;82,90313
6899000;39,2;55,01227;82,90313
7884000;39,2;55,01227;82,90313
9051000;43,48;55,01447;82,89171
7778000;42,07;55,01447;82,89171
9478000;42,07;55,01447;82,89171
8415000;42,07;55,01447;82,89171
8592000;42,07;55,01447;82,89171
8656000;42,07;55,01447;82,89171
6983000;35,9;55,01154;82,9045
7162000;35,9;55,01154;82,9045
7198000;35,9;55,01154;82,9045
7206000;35,9;55,01154;82,9045
7217000;35,9;55,01154;82,9045
7234000;35,9;55,01154;82,9045
7241000;35,9;55,01154;82,9045
7252000;35,9;55,01154;82,9045
7260000;35,9;55,01154;82,9045
7287000;35,9;55,01154;82,9045
7208000;35,9;55,01154;82,9045
7226000;35,9;55,01154;82,9045
7244000;35,9;55,01154;82,9045
7298000;35,9;55,01154;82,9045
7317000;35,9;55,01154;82,9045
7335000;35,9;55,01154;82,9045
7352000;35,9;55,01154;82,9045
7370000;35,9;55,01154;82,9045
7244000;35,9;55,01154;82,9045
7262000;35,9;55,01154;82,9045
7002000;35,9;55,01154;82,9045
7020000;35,9;55,01154;82,9045
7082000;35,9;55,01154;82,9045
7082000;35,9;55,01154;82,9045
7100000;35,9;55,01154;82,9045
7117000;35,9;55,01154;82,9045
7135000;35,9;55,01154;82,9045
7154000;35,9;55,01154;82,9045
7298000;35,9;55,01154;82,9045
7317000;35,9;55,01154;82,9045
7335000;35,9;55,01154;82,9045
7370000;35,9;55,01154;82,9045
7271000;35,9;55,01154;82,9045
7047000;35,9;55,01154;82,9045
7223000;35,9;55,01154;82,9045
7179000;35,9;55,01154;82,9045
7388000;35,9;55,01154;82,9045
7046000;35,9;55,01154;82,9045
7065000;35,9;55,01154;82,9045
7352000;35,9;55,01154;82,9045
7388000;35,9;55,01154;82,9045
7262000;35,9;55,01154;82,9045
7694000;43,03;55,01498;82,90071
8248000;43,03;55,01498;82,90071
8209000;43,03;55,01498;82,90071
8188000;43,03;55,01498;82,90071
8160000;43,03;55,01498;82,90071
7991000;43,16;55,01573;82,89842
8225000;41,58;55,01447;82,89171
9021000;41,58;55,01447;82,89171
8346000;41,58;55,01447;82,89171
8367000;41,58;55,01447;82,89171
7561000;36,51;55,01498;82,90071
7694000;36,51;55,01498;82,90071
7781000;36,51;55,01498;82,90071
7579000;36,51;55,01498;82,90071
7798000;36,51;55,01498;82,90071
7728000;36,51;55,01498;82,90071
7711000;36,51;55,01498;82,90071
7676000;36,51;55,01498;82,90071
7746000;36,51;55,01498;82,90071
7596000;36,51;55,01498;82,90071
7763000;36,51;55,01498;82,90071
8294000;39,62;55,01573;82,89842
8244000;43,15;55,01466;82,89127
8258000;43,15;55,01466;82,89127
8271000;43,15;55,01466;82,89127
8363000;43,15;55,01466;82,89127
8297000;43,15;55,01466;82,89127
7473000;38,02;55,01498;82,90071
7548000;38,25;55,01498;82,90071
7554000;38,25;55,01498;82,90071
7564000;38,25;55,01498;82,90071
8494000;43,99;55,01573;82,89842
8656000;42,44;55,01498;82,90071
9123000;48,34;55,01573;82,89842
7653000;43,27;55,01498;82,90071
6368000;36,5;55,01154;82,9045
7486000;39,1;55,01227;82,90313
7772000;39,1;55,01227;82,90313
7827000;39,1;55,01227;82,90313
7748000;39,1;55,01227;82,90313
7847000;39,1;55,01227;82,90313
7923000;39,1;55,01227;82,90313
8053000;39,1;55,01227;82,90313
7972000;39,1;55,01227;82,90313
8078000;39,1;55,01227;82,90313
7778000;39,1;55,01227;82,90313
7927000;39,1;55,01227;82,90313
7978000;39,1;55,01227;82,90313
7873000;39,1;55,01227;82,90313
8028000;39,1;55,01227;82,90313
7752000;39,1;55,01227;82,90313
7877000;39,1;55,01227;82,90313
7853000;39,1;55,01227;82,90313
7697000;39,1;55,01227;82,90313
7647000;39,1;55,01227;82,90313
8249000;39,79;55,01573;82,89842
8367000;42,59;55,01466;82,89127
8419000;42,59;55,01466;82,89127
8484000;42,59;55,01466;82,89127
8549000;42,59;55,01466;82,89127
8393000;42,59;55,01466;82,89127
7485000;36,28;55,01498;82,90071
7520000;36,28;55,01498;82,90071
7616000;36,28;55,01498;82,90071
7703000;36,28;55,01498;82,90071
7651000;36,28;55,01498;82,90071
7503000;36,28;55,01498;82,90071
7720000;36,28;55,01498;82,90071
7669000;36,28;55,01498;82,90071
7685000;36,28;55,01498;82,90071
7634000;36,28;55,01498;82,90071
7600000;36,28;55,01498;82,90071
8423000;43,61;55,01573;82,89842
7933000;44,55;55,01447;82,89171
8775000;44,55;55,01447;82,89171
8669000;44,55;55,01447;82,89171
8675000;44,55;55,01447;82,89171
8690000;44,55;55,01447;82,89171
8736000;44,55;55,01447;82,89171
8695000;44,55;55,01447;82,89171
7564000;37,44;55,01498;82,90071
7643000;37,44;55,01498;82,90071
7607000;37,44;55,01498;82,90071
7625000;37,44;55,01498;82,90071
7697000;37,44;55,01498;82,90071
7679000;37,44;55,01498;82,90071
7589000;37,44;55,01498;82,90071
7241000;46,6;55,01154;82,9045
8459000;42,2;55,01498;82,90071
8630000;42,2;55,01498;82,90071
8549000;42,2;55,01498;82,90071
8610000;42,2;55,01498;82,90071
8487000;42,2;55,01498;82,90071
8590000;42,2;55,01498;82,90071
8508000;42,2;55,01498;82,90071
8569000;42,2;55,01498;82,90071
8528000;42,2;55,01498;82,90071
7186000;39,8;55,01227;82,90313
8120000;39,77;55,01573;82,89842
8117000;41,01;55,01466;82,89127
8216000;39,85;55,01573;82,89842
7798000;44,67;55,01447;82,89171
8625000;44,67;55,01447;82,89171
8323000;43,92;55,01498;82,90071
8364000;43,92;55,01498;82,90071
8343000;43,92;55,01498;82,90071
8134000;39,87;55,01573;82,89842
10463000;58,42;55,01498;82,90071
10550000;58,42;55,01498;82,90071
10492000;58,42;55,01498;82,90071
10521000;58,42;55,01498;82,90071
9037000;50,67;55,01447;82,89171
9895000;50,67;55,01447;82,89171
9131000;50,67;55,01447;82,89171
9846000;50,67;55,01447;82,89171
9870000;50,67;55,01447;82,89171
9719000;64,08;55,01498;82,90071
10622000;64,08;55,01498;82,90071
10595000;64,08;55,01498;82,90071
9801000;64,08;55,01498;82,90071
11668000;69,62;55,01498;82,90071
11952000;69,62;55,01498;82,90071
11986000;69,62;55,01498;82,90071
12021000;69,62;55,01498;82,90071
10808000;61,74;55,01447;82,89171
10868000;61,74;55,01447;82,89171
10772000;58,28;55,01466;82,89127
9537000;62,21;55,01498;82,90071
10682000;57,97;55,01498;82,90071
10765000;57,97;55,01498;82,90071
10736000;57,97;55,01498;82,90071
10794000;57,97;55,01498;82,90071
8803000;57,1;55,01154;82,9045
7784000;51,3;55,01154;82,9045
11656000;64,52;55,01447;82,89171
11847000;64,52;55,01447;82,89171
11817000;64,52;55,01447;82,89171
12732000;64,52;55,01447;82,89171
11878000;64,52;55,01447;82,89171
11755000;64,52;55,01447;82,89171
11786000;64,52;55,01447;82,89171
11261000;64,48;55,01447;82,89171
11293000;64,48;55,01447;82,89171
11324000;64,48;55,01447;82,89171
11387000;64,48;55,01447;82,89171
10912000;61,4;55,01498;82,90071
11092000;61,4;55,01498;82,90071
11123000;61,4;55,01498;82,90071
11062000;61,4;55,01498;82,90071
10943000;61,4;55,01498;82,90071
11184000;61,4;55,01498;82,90071
11214000;61,4;55,01498;82,90071
10739000;59,28;55,01498;82,90071
10769000;59,28;55,01498;82,90071
10798000;59,28;55,01498;82,90071
10828000;59,28;55,01498;82,90071
10252000;65,1;55,01498;82,90071
10901000;65,1;55,01498;82,90071
10932000;65,1;55,01498;82,90071
10474000;62,94;55,01466;82,89127
11357000;62,94;55,01466;82,89127
11392000;62,94;55,01466;82,89127
11428000;62,94;55,01466;82,89127
11494000;62,94;55,01466;82,89127
11529000;62,94;55,01466;82,89127
9395000;56,8;55,01154;82,9045
9566000;56,8;55,01154;82,9045
9424000;56,8;55,01154;82,9045
9651000;56,8;55,01154;82,9045
9679000;56,8;55,01154;82,9045
9537000;56,8;55,01154;82,9045
9452000;56,8;55,01154;82,9045
9480000;56,8;55,01154;82,9045
9622000;56,8;55,01154;82,9045
10718000;59,67;55,01573;82,89842
9049000;54,3;55,01154;82,9045
9185000;54,3;55,01154;82,9045
9239000;54,3;55,01154;82,9045
9266000;54,3;55,01154;82,9045
9076000;54,3;55,01154;82,9045
9104000;54,3;55,01154;82,9045
9158000;54,3;55,01154;82,9045
9131000;54,3;55,01154;82,9045
16029000;100,15;55,01466;82,89127
12079000;95,7;55,01227;82,90313
15268000;95,7;55,01227;82,90313
14262000;95,7;55,01227;82,90313
14753000;95,7;55,01227;82,90313
14548000;95,7;55,01227;82,90313
14855000;95,7;55,01227;82,90313
15525000;95,7;55,01227;82,90313
15627000;95,7;55,01227;82,90313
15218000;95,7;55,01227;82,90313
15577000;95,7;55,01227;82,90313
14701000;95,7;55,01227;82,90313
14159000;95,7;55,01227;82,90313
14364000;95,7;55,01227;82,90313
14431000;95,7;55,01227;82,90313
14600000;95,7;55,01227;82,90313
12453000;95,7;55,01227;82,90313
14804000;95,7;55,01227;82,90313
15167000;95,7;55,01227;82,90313
12167000;95,7;55,01227;82,90313
14497000;95,7;55,01227;82,90313
15423000;95,7;55,01227;82,90313
15474000;95,7;55,01227;82,90313
15320000;95,7;55,01227;82,90313
15371000;95,7;55,01227;82,90313
15678000;95,7;55,01227;82,90313
10932000;61,57;55,01447;82,89171
10962000;61,57;55,01447;82,89171
10991000;61,57;55,01447;82,89171
11108000;61,57;55,01447;82,89171
10568000;60,21;55,01573;82,89842
10861000;61,98;55,01498;82,90071
10892000;61,98;55,01498;82,90071
10923000;61,98;55,01498;82,90071
11038000;59,27;55,01498;82,90071
11714000;67,07;55,01466;82,89127
11749000;67,07;55,01466;82,89127
11887000;67,07;55,01466;82,89127
11743000;67,07;55,01466;82,89127
11852000;67,07;55,01466;82,89127
11411000;65,01;55,01466;82,89127
11788000;65,01;55,01466;82,89127
11857000;65,01;55,01466;82,89127
11541000;65,01;55,01466;82,89127
10628000;49,98;55,01573;82,89842
9948000;64,16;55,01498;82,90071
10683000;64,16;55,01498;82,90071
10714000;64,16;55,01498;82,90071
10608000;64,16;55,01498;82,90071
10936000;70,21;55,01573;82,89842
9381000;59,9;55,01227;82,90313
10461000;59,9;55,01227;82,90313
10779000;59,9;55,01227;82,90313
10620000;59,9;55,01227;82,90313
10715000;59,9;55,01227;82,90313
10588000;59,9;55,01227;82,90313
9409000;59,9;55,01227;82,90313
10428000;59,9;55,01227;82,90313
10493000;59,9;55,01227;82,90313
10556000;59,9;55,01227;82,90313
10684000;59,9;55,01227;82,90313
10652000;59,9;55,01227;82,90313
11530000;67,4;55,01498;82,90071
10574000;66,34;55,01573;82,89842
11847000;73,95;55,01573;82,89842
10536000;61,38;55,01498;82,90071
10530000;58,14;55,01498;82,90071
10559000;58,14;55,01498;82,90071
10803000;58,14;55,01498;82,90071
10774000;58,14;55,01498;82,90071
11879000;74,23;55,01498;82,90071
11220000;62,83;55,01466;82,89127
10897000;58,98;55,01466;82,89127
10910000;58,98;55,01466;82,89127
10998000;58,98;55,01466;82,89127
11058000;58,98;55,01466;82,89127
10045000;68,8;55,01227;82,90313
11243000;68,8;55,01227;82,90313
11388000;68,8;55,01227;82,90313
11640000;68,8;55,01227;82,90313
11676000;68,8;55,01227;82,90313
11604000;68,8;55,01227;82,90313
11568000;68,8;55,01227;82,90313
11315000;68,8;55,01227;82,90313
11496000;68,8;55,01227;82,90313
11532000;68,8;55,01227;82,90313
11207000;68,8;55,01227;82,90313
11424000;68,8;55,01227;82,90313
13033000;77,83;55,01573;82,89842
13069000;77,83;55,01573;82,89842
11226000;72,05;55,01573;82,89842
8316000;55,2;55,01154;82,9045
12129000;76,95;55,01466;82,89127
13391000;76,95;55,01466;82,89127
13470000;76,95;55,01466;82,89127
13587000;76,95;55,01466;82,89127
13224000;76,95;55,01466;82,89127
13266000;76,95;55,01466;82,89127
13349000;76,95;55,01466;82,89127
11603000;62,54;55,01498;82,90071
11634000;62,54;55,01498;82,90071
11866000;62,54;55,01498;82,90071
11835000;62,54;55,01498;82,90071
11804000;62,54;55,01498;82,90071
11626000;69,15;55,01498;82,90071
11744000;69,15;55,01498;82,90071
11660000;69,15;55,01498;82,90071
11695000;69,15;55,01498;82,90071
11917000;69,15;55,01498;82,90071
11986000;69,15;55,01498;82,90071
11951000;69,15;55,01498;82,90071
8380000;49,5;55,01154;82,9045
8405000;49,5;55,01154;82,9045
8454000;49,5;55,01154;82,9045
8504000;49,5;55,01154;82,9045
8603000;49,5;55,01154;82,9045
8430000;49,5;55,01154;82,9045
8628000;49,5;55,01154;82,9045
8578000;49,5;55,01154;82,9045
10771000;58,8;55,01498;82,90071
11258000;58,8;55,01498;82,90071
11317000;58,8;55,01498;82,90071
11288000;58,8;55,01498;82,90071
10830000;58,8;55,01498;82,90071
10801000;58,8;55,01498;82,90071
11346000;58,8;55,01498;82,90071
10229000;57,39;55,01498;82,90071
10376000;57,39;55,01498;82,90071
10433000;57,39;55,01498;82,90071
10462000;57,39;55,01498;82,90071
10405000;57,39;55,01498;82,90071
10571000;69,61;55,01498;82,90071
11563000;69,61;55,01498;82,90071
11667000;69,61;55,01498;82,90071
11528000;69,61;55,01498;82,90071
11270000;69,61;55,01498;82,90071
11598000;69,61;55,01498;82,90071
8168000;49,6;55,01154;82,9045
8268000;49,6;55,01154;82,9045
8317000;49,6;55,01154;82,9045
8343000;49,6;55,01154;82,9045
8367000;49,6;55,01154;82,9045
8416000;49,6;55,01154;82,9045
8441000;49,6;55,01154;82,9045
8392000;49,6;55,01154;82,9045
12932000;78,13;55,01573;82,89842
10250000;60,51;55,01498;82,90071
10308000;60,51;55,01498;82,90071
10279000;60,51;55,01498;82,90071
10337000;60,51;55,01498;82,90071
11776000;68,18;55,01466;82,89127
11979000;68,18;55,01466;82,89127
11846000;68,18;55,01466;82,89127
11367000;64,29;55,01447;82,89171
11100000;63,38;55,01466;82,89127
11170000;63,38;55,01466;82,89127
11135000;63,38;55,01466;82,89127
12568000;78,82;55,01573;82,89842
12246000;71,82;55,01573;82,89842
12263000;71,82;55,01573;82,89842
10668000;59,72;55,01573;82,89842
8908000;64,4;55,01154;82,9045
9596000;60,52;55,01498;82,90071
10333000;60,52;55,01498;82,90071
10392000;60,52;55,01498;82,90071
10304000;60,52;55,01498;82,90071
10363000;60,52;55,01498;82,90071
12622000;73,87;55,01573;82,89842
11409000;70,08;55,01498;82,90071
11444000;70,08;55,01498;82,90071
11753000;70,08;55,01498;82,90071
11549000;70,08;55,01498;82,90071
11514000;70,08;55,01498;82,90071
11479000;70,08;55,01498;82,90071
11049000;63,05;55,01573;82,89842
11305000;64,49;55,01447;82,89171
11418000;64,49;55,01447;82,89171
10741000;58,31;55,01498;82,90071
11213000;71,7;55,01573;82,89842
11722000;69,68;55,01498;82,90071
12070000;69,68;55,01498;82,90071
11757000;69,68;55,01498;82,90071
12139000;69,68;55,01498;82,90071
12174000;69,68;55,01498;82,90071
12105000;69,68;55,01498;82,90071
11792000;69,68;55,01498;82,90071
10338000;60,41;55,01498;82,90071
10496000;60,41;55,01498;82,90071
10438000;60,41;55,01498;82,90071
10467000;60,41;55,01498;82,90071
10409000;60,41;55,01498;82,90071
11508000;69,61;55,01573;82,89842
10499000;57,12;55,01498;82,90071
10572000;57,12;55,01498;82,90071
10600000;57,12;55,01498;82,90071
10628000;57,12;55,01498;82,90071
11083000;63,43;55,01466;82,89127
11151000;63,43;55,01466;82,89127
11216000;63,43;55,01466;82,89127
11251000;63,43;55,01466;82,89127
11117000;63,43;55,01466;82,89127
13055000;77,7;55,01466;82,89127
8707000;54,1;55,01154;82,9045
8801000;54,1;55,01154;82,9045
8828000;54,1;55,01154;82,9045
8882000;54,1;55,01154;82,9045
8909000;54,1;55,01154;82,9045
8936000;54,1;55,01154;82,9045
8734000;54,1;55,01154;82,9045
8774000;54,1;55,01154;82,9045
8963000;54,1;55,01154;82,9045
10877000;60,47;55,01447;82,89171
11288000;60,47;55,01447;82,89171
11323000;60,47;55,01447;82,89171
10976000;60,47;55,01447;82,89171
12173000;60,47;55,01447;82,89171
10947000;60,47;55,01447;82,89171
10906000;60,47;55,01447;82,89171
11259000;60,47;55,01447;82,89171
11027000;60,47;55,01447;82,89171
11114000;60,47;55,01447;82,89171
11202000;60,47;55,01447;82,89171
11231000;60,47;55,01447;82,89171
10149000;55,37;55,01498;82,90071
10726000;55,37;55,01498;82,90071
10616000;55,37;55,01498;82,90071
10754000;55,37;55,01498;82,90071
10699000;55,37;55,01498;82,90071
10643000;55,37;55,01498;82,90071
10205000;55,37;55,01498;82,90071
10177000;55,37;55,01498;82,90071
10560000;55,37;55,01498;82,90071
10588000;55,37;55,01498;82,90071
10671000;55,37;55,01498;82,90071
10086000;59,49;55,01498;82,90071
10115000;59,49;55,01498;82,90071
10143000;59,49;55,01498;82,90071
12310000;71,93;55,01573;82,89842
11098000;61,56;55,01498;82,90071
11190000;61,56;55,01498;82,90071
11129000;61,56;55,01498;82,90071
11160000;61,56;55,01498;82,90071
12280000;74,84;55,01573;82,89842
11869000;69,46;55,01573;82,89842
10266000;60,71;55,01498;82,90071
12355000;78,29;55,01466;82,89127
13480000;78,29;55,01466;82,89127
13602000;78,29;55,01466;82,89127
13471000;78,29;55,01466;82,89127
13644000;78,29;55,01466;82,89127
10519000;70,07;55,01498;82,90071
11604000;70,07;55,01498;82,90071
11569000;70,07;55,01498;82,90071
11673000;70,07;55,01498;82,90071
11708000;70,07;55,01498;82,90071
11639000;70,07;55,01498;82,90071
11468000;70,07;55,01498;82,90071
11538000;70,07;55,01498;82,90071
10583000;70,07;55,01498;82,90071
10913000;56,32;55,01466;82,89127
10811000;63;55,01498;82,90071
11625000;63;55,01498;82,90071
11656000;63;55,01498;82,90071
14146000;88,13;55,01573;82,89842
10616000;64,15;55,01466;82,89127
11806000;64,15;55,01466;82,89127
11565000;64,15;55,01466;82,89127
11574000;64,15;55,01466;82,89127
11610000;64,15;55,01466;82,89127
11709000;64,15;55,01466;82,89127
11529000;64,15;55,01466;82,89127
8004000;54,7;55,01154;82,9045
12611000;78,05;55,01573;82,89842
11282000;73,5;55,01447;82,89171
13112000;73,5;55,01447;82,89171
14130000;73,5;55,01447;82,89171
12677000;73,5;55,01447;82,89171
11794000;73,5;55,01447;82,89171
12749000;73,5;55,01447;82,89171
12960000;73,5;55,01447;82,89171
12108000;72,1;55,01447;82,89171
13230000;72,1;55,01447;82,89171
12150000;72,1;55,01447;82,89171
12184000;72,1;55,01447;82,89171
12218000;72,1;55,01447;82,89171
10111000;50,05;55,01573;82,89842
10689000;57,86;55,01498;82,90071
10718000;57,86;55,01498;82,90071
11238000;57,86;55,01498;82,90071
11267000;57,86;55,01498;82,90071
10619000;56,67;55,01466;82,89127
10709000;63,98;55,01498;82,90071
11865000;68,71;55,01573;82,89842
11249000;65,53;55,01466;82,89127
13753000;85,9;55,01447;82,89171
13793000;85,9;55,01447;82,89171
13843000;85,9;55,01447;82,89171
8102000;49,4;55,01154;82,9045
8285000;49,4;55,01154;82,9045
8310000;49,4;55,01154;82,9045
8360000;49,4;55,01154;82,9045
8384000;49,4;55,01154;82,9045
8409000;49,4;55,01154;82,9045
8261000;49,4;55,01154;82,9045
8334000;49,4;55,01154;82,9045
8187000;49,4;55,01154;82,9045
8212000;49,4;55,01154;82,9045
9998000;55,76;55,01498;82,90071
10135000;55,76;55,01498;82,90071
10107000;55,76;55,01498;82,90071
10191000;55,76;55,01498;82,90071
10163000;55,76;55,01498;82,90071
10715000;58,66;55,01498;82,90071
11371000;58,66;55,01498;82,90071
10773000;58,66;55,01498;82,90071
11225000;58,66;55,01498;82,90071
11254000;58,66;55,01498;82,90071
11429000;58,66;55,01498;82,90071
11400000;58,66;55,01498;82,90071
10395000;58,41;55,01498;82,90071
10616000;58,41;55,01498;82,90071
10587000;58,41;55,01498;82,90071
10558000;58,41;55,01498;82,90071
12019000;69,34;55,01573;82,89842
11656000;65,97;55,01573;82,89842
10687000;59,16;55,01498;82,90071
10775000;59,16;55,01498;82,90071
10746000;59,16;55,01498;82,90071
10717000;59,16;55,01498;82,90071
12026000;72,97;55,01573;82,89842
11817000;67,34;55,01466;82,89127
9673000;61,26;55,01498;82,90071
10484000;61,26;55,01498;82,90071
8526000;56,9;55,01154;82,9045
9184000;56,9;55,01154;82,9045
9269000;56,9;55,01154;82,9045
9298000;56,9;55,01154;82,9045
9326000;56,9;55,01154;82,9045
9454000;56,9;55,01154;82,9045
9070000;56,9;55,01154;82,9045
9156000;56,9;55,01154;82,9045
9184000;56,9;55,01154;82,9045
9298000;56,9;55,01154;82,9045
9624000;56,9;55,01154;82,9045
9653000;56,9;55,01154;82,9045
9042000;56,9;55,01154;82,9045
9099000;56,9;55,01154;82,9045
9269000;56,9;55,01154;82,9045
9212000;56,9;55,01154;82,9045
8985000;56,9;55,01154;82,9045
9482000;56,9;55,01154;82,9045
9156000;56,9;55,01154;82,9045
9241000;56,9;55,01154;82,9045
10520000;56,06;55,01466;82,89127
8976000;53,9;55,01154;82,9045
9030000;53,9;55,01154;82,9045
9111000;53,9;55,01154;82,9045
9138000;53,9;55,01154;82,9045
9165000;53,9;55,01154;82,9045
9218000;53,9;55,01154;82,9045
9245000;53,9;55,01154;82,9045
9192000;53,9;55,01154;82,9045
9003000;53,9;55,01154;82,9045
9057000;53,9;55,01154;82,9045
11871000;70,74;55,01573;82,89842
8318000;54,4;55,01154;82,9045
8957000;54,4;55,01154;82,9045
9011000;54,4;55,01154;82,9045
8821000;54,4;55,01154;82,9045
8984000;54,4;55,01154;82,9045
11166000;62,66;55,01466;82,89127
10114000;49,27;55,01573;82,89842
9926000;59,7;55,01227;82,90313
10147000;59,7;55,01227;82,90313
10307000;59,7;55,01227;82,90313
10338000;59,7;55,01227;82,90313
10244000;59,7;55,01227;82,90313
10084000;59,7;55,01227;82,90313
10180000;59,7;55,01227;82,90313
10212000;59,7;55,01227;82,90313
10021000;59,7;55,01227;82,90313
8326000;57,7;55,01154;82,9045
11195000;61,56;55,01447;82,89171
12220000;61,56;55,01447;82,89171
11349000;61,56;55,01447;82,89171
11408000;61,56;55,01447;82,89171
11378000;61,56;55,01447;82,89171
11319000;61,56;55,01447;82,89171
11290000;61,56;55,01447;82,89171
13975000;86,26;55,01573;82,89842
14286000;77,88;55,01573;82,89842
15221000;84,38;55,01466;82,89127
18257000;102,13;55,01573;82,89842
18320000;102,13;55,01573;82,89842
13804000;88,58;55,01573;82,89842
13983000;85,74;55,01447;82,89171
14817000;85,74;55,01447;82,89171
14979000;85,74;55,01447;82,89171
15018000;85,74;55,01447;82,89171
16133000;85,74;55,01447;82,89171
14857000;85,74;55,01447;82,89171
14897000;85,74;55,01447;82,89171
15041000;88,5;55,01573;82,89842
19432000;101,98;55,01573;82,89842
14957000;89,06;55,01573;82,89842
13214000;78,08;55,01573;82,89842
13300000;78,08;55,01573;82,89842
18139000;112,84;55,01498;82,90071
18383000;102,03;55,01573;82,89842
13366000;78,09;55,01573;82,89842
11329000;78,4;55,01154;82,9045
11486000;78,4;55,01154;82,9045
11643000;78,4;55,01154;82,9045
11564000;78,4;55,01154;82,9045
11407000;78,4;55,01154;82,9045
11603000;78,4;55,01154;82,9045
16073000;97,37;55,01447;82,89171
18785000;123,54;55,01573;82,89842
12087000;71,79;55,01573;82,89842
14906000;87,6;55,01573;82,89842
16574000;96,79;55,01447;82,89171
16620000;96,79;55,01447;82,89171
16666000;96,79;55,01447;82,89171
16712000;96,79;55,01447;82,89171
18357000;96,79;55,01447;82,89171
16758000;96,79;55,01447;82,89171
16804000;96,79;55,01447;82,89171
16214000;96,84;55,01447;82,89171
16306000;96,84;55,01447;82,89171
16408000;96,84;55,01447;82,89171
16500000;96,84;55,01447;82,89171
16365000;102,18;55,01573;82,89842
18216000;102,18;55,01573;82,89842
17739000;122,91;55,01573;82,89842
13210000;85,75;55,01447;82,89171
14523000;85,75;55,01447;82,89171
14568000;85,75;55,01447;82,89171
14649000;85,75;55,01447;82,89171
13329000;85,75;55,01447;82,89171
17790000;102,28;55,01573;82,89842
17671000;123,29;55,01573;82,89842
13496000;77,85;55,01573;82,89842
15002000;85,28;55,01466;82,89127
15045000;85,28;55,01466;82,89127
12571000;78,02;55,01573;82,89842
13467000;78,02;55,01573;82,89842
12998000;82,19;55,01498;82,90071
13080000;82,19;55,01498;82,90071
13039000;82,19;55,01498;82,90071
13121000;82,19;55,01498;82,90071
18287000;130,27;55,01573;82,89842
12130000;71,66;55,01573;82,89842
14946000;88,54;55,01573;82,89842
16435000;102,33;55,01573;82,89842
17693000;102,33;55,01573;82,89842
17462000;102,33;55,01573;82,89842
13859000;87,69;55,01573;82,89842
14686000;88,66;55,01573;82,89842
16167000;97,39;55,01447;82,89171
16213000;97,39;55,01447;82,89171
19654000;159,68;55,01573;82,89842
18845000;142,13;55,01573;82,89842
20033000;161,31;55,01573;82,89842
5340000;21,56;54,99321;82,974008
5390000;21,56;54,99321;82,974008
5340000;21,56;54,99321;82,974008
5340000;21,56;54,99321;82,974008
5300000;21,06;54,99335;82,971189
8020000;32,88;54,99321;82,974008
8330000;32,88;54,99321;82,974008
8160000;32,88;54,99321;82,974008
8160000;32,88;54,99321;82,974008
8490000;32,88;54,99321;82,974008
8330000;32,88;54,99321;82,974008
6120000;24,29;54,99321;82,974008
6370000;24,37;54,99321;82,974008
5260000;21,05;54,99335;82,971189
5310000;21,05;54,99335;82,971189
5310000;21,05;54,99335;82,971189
5310000;21,05;54,99335;82,971189
5310000;21,05;54,99335;82,971189
5260000;21,05;54,99335;82,971189
5310000;21,05;54,99335;82,971189
5310000;21,05;54,99335;82,971189
5390000;21,55;54,99321;82,974008
8290000;35,74;54,99321;82,974008
8620000;35,74;54,99321;82,974008
8930000;35,74;54,99321;82,974008
8620000;35,74;54,99321;82,974008
8470000;35,74;54,99321;82,974008
8620000;35,74;54,99321;82,974008
8770000;35,74;54,99321;82,974008
8770000;35,74;54,99321;82,974008
8930000;35,74;54,99321;82,974008
8470000;35,74;54,99321;82,974008
8620000;35,74;54,99321;82,974008
8930000;35,74;54,99321;82,974008
8770000;35,74;54,99321;82,974008
6590000;23,8;54,993064;82,963006
6790000;23,8;54,993064;82,963006
6980000;23,8;54,993064;82,963006
5360000;20,67;54,99321;82,974008
5130000;21,45;54,99335;82,971189
6140000;24,39;54,99321;82,974008
8020000;32,87;54,99321;82,974008
8160000;32,87;54,99321;82,974008
8160000;32,87;54,99321;82,974008
8490000;32,87;54,99321;82,974008
8490000;32,87;54,99321;82,974008
8330000;32,87;54,99321;82,974008
6980000;27,45;54,993064;82,963006
7090000;27,45;54,993064;82,963006
7090000;27,45;54,993064;82,963006
7250000;22,46;54,993064;82,963006
6790000;27,62;54,993064;82,963006
6900000;27,62;54,993064;82,963006
6900000;27,62;54,993064;82,963006
5820000;20,42;54,993064;82,963006
5970000;20,42;54,993064;82,963006
6830000;27,61;54,993064;82,963006
6900000;27,61;54,993064;82,963006
6930000;26,33;54,993064;82,963006
7090000;24,23;54,993064;82,963006
7090000;24,23;54,993064;82,963006
9310000;48,53;54,993064;82,963006
10630000;49,91;54,99335;82,971189
20830000;139,2;54,99321;82,974008
21080000;134,1;54,99321;82,974008
9660000;48;54,993064;82,963006
10090000;48;54,993064;82,963006
10440000;48;54,993064;82,963006
9720000;47,86;54,993064;82,963006
11260000;61,15;54,99321;82,974008
11680000;61,15;54,99321;82,974008
11900000;61,15;54,99321;82,974008
11450000;61,15;54,99321;82,974008
11900000;61,15;54,99321;82,974008
15070000;115,49;54,993757;82,969512
15070000;115,49;54,993757;82,969512
9080000;45,65;54,993064;82,963006
8210000;35,64;54,993064;82,963006
8210000;35,64;54,993064;82,963006
9060000;50,13;54,99335;82,971189
9150000;50,13;54,99335;82,971189
9250000;43,1;54,99335;82,971189
12300000;63,58;54,993064;82,963006
9930000;50,7;54,993064;82,963006
18560000;147,4;54,99321;82,974008
9000000;44,92;54,993064;82,963006
9960000;47,56;54,993064;82,963006
9620000;50,02;54,993064;82,963006
16230000;131,6;54,99321;82,974008
9140000;43,02;54,99335;82,971189
11790000;65,63;54,993064;82,963006
9060000;44,89;54,993064;82,963006
19460000;152,7;54,99321;82,974008
12890000;66,57;54,99321;82,974008
8440000;39,9;54,99335;82,971189
9140000;48,4;54,99335;82,971189
9320000;48,4;54,99335;82,971189
9570000;49,73;54,99335;82,971189
9900000;51,83;54,993064;82,963006
12330000;63,56;54,993064;82,963006
9320000;48,43;54,99335;82,971189
14390000;115;54,99321;82,974008
9720000;45,04;54,993064;82,963006
10760000;46,82;54,993064;82,963006
9430000;46,95;54,993064;82,963006
16390000;130,9;54,99321;82,974008
8720000;43,86;54,99335;82,971189
7640000;39,92;54,99335;82,971189
18170000;137,1;54,99321;82,974008
8950000;44,01;54,993064;82,963006
11630000;57,85;54,993064;82,963006
17080000;136,1;54,99321;82,974008
17780000;136,1;54,99321;82,974008
8350000;43,11;54,99335;82,971189
9250000;43,11;54,99335;82,971189
8950000;43,11;54,99335;82,971189
10390000;57,99;54,993064;82,963006
10390000;57,99;54,993064;82,963006
10500000;57,99;54,993064;82,963006
8170000;35,5;54,993064;82,963006
8170000;35,5;54,993064;82,963006
8170000;35,5;54,993064;82,963006
12860000;65,64;54,993064;82,963006
8130000;35,63;54,993064;82,963006
14980000;112,9;54,99321;82,974008
14330000;106,55;54,993757;82,969512
12730000;65,65;54,993064;82,963006
8630000;43,83;54,99335;82,971189
8870000;43,83;54,99335;82,971189
9270000;44,77;54,993064;82,963006
9130000;48,52;54,993064;82,963006
9230000;48,52;54,993064;82,963006
9230000;48,52;54,993064;82,963006
10850000;47,23;54,993064;82,963006
13460000;77,48;54,993064;82,963006
17300000;106,81;54,99335;82,971189
20210000;128,37;54,99321;82,974008
12690000;75,93;54,99335;82,971189
12910000;75,93;54,99335;82,971189
11500000;72,3;54,99335;82,971189
12740000;72,3;54,99335;82,971189
11630000;72,3;54,99335;82,971189
11630000;72,3;54,99335;82,971189
13960000;68,36;54,993064;82,963006
13960000;68,36;54,993064;82,963006
25470000;170,5;54,99321;82,974008
14650000;92,05;54,99321;82,974008
12390000;74,01;54,993064;82,963006
21320000;126,6;54,99321;82,974008
14450000;96,74;54,99321;82,974008
20410000;103,46;54,993064;82,963006
18870000;121,11;54,993064;82,963006
19050000;121,11;54,993064;82,963006
19050000;121,11;54,993064;82,963006
13920000;77,92;54,993064;82,963006
13840000;68,38;54,993064;82,963006
15150000;93,73;54,99321;82,974008
15150000;93,73;54,99321;82,974008
15300000;93,73;54,99321;82,974008
25180000;128,48;54,993064;82,963006
15500000;90,86;54,993064;82,963006
12350000;66,87;54,99321;82,974008
14200000;87,29;54,99321;82,974008
14570000;74,4;54,993064;82,963006
12810000;72,35;54,99335;82,971189
12440000;71,39;54,993064;82,963006
24190000;129,46;54,99321;82,974008
20920000;157;54,99321;82,974008
16870000;106,44;54,99335;82,971189
13740000;79,69;54,99321;82,974008
14270000;79,69;54,99321;82,974008
14270000;79,69;54,99321;82,974008
14000000;79,69;54,99321;82,974008
18970000;101,09;54,993064;82,963006
21920000;151,06;54,99321;82,974008
13460000;72,03;54,993064;82,963006
15070000;95,11;54,99321;82,974008
12630000;75,03;54,99321;82,974008
13070000;75,03;54,99321;82,974008
12950000;75,03;54,99321;82,974008
25830000;167;54,99321;82,974008
14050000;83,96;54,99321;82,974008
12490000;73,99;54,993064;82,963006
12490000;73,99;54,993064;82,963006
22160000;136,9;54,99321;82,974008
15380000;88,26;54,993064;82,963006
15380000;88,26;54,993064;82,963006
15950000;88,04;54,993064;82,963006
14230000;71,73;54,993064;82,963006
20490000;135,33;54,99321;82,974008
24510000;134,56;54,99321;82,974008
20330000;104,89;54,993064;82,963006
13080000;79,48;54,99335;82,971189
15910000;107,97;54,99321;82,974008
16090000;107,97;54,99321;82,974008
15940000;107,97;54,99321;82,974008
12390000;73,97;54,993064;82,963006
12490000;73,97;54,993064;82,963006
12490000;73,97;54,993064;82,963006
21550000;140,57;54,993757;82,969512
14440000;93,93;54,99321;82,974008
19090000;120,21;54,993064;82,963006
19950000;126,81;54,99321;82,974008
13590000;83,49;54,99321;82,974008
11360000;72,23;54,99335;82,971189
12970000;77,09;54,99321;82,974008
21360000;141,74;54,99321;82,974008
21000000;160,53;54,99335;82,971189
12100000;72,16;54,993064;82,963006
13930000;91,94;54,99335;82,971189
23210000;121,81;54,993064;82,963006
17780000;128,97;54,993757;82,969512
18820000;118,51;54,993064;82,963006
19390000;118,51;54,993064;82,963006
16140000;94,42;54,993064;82,963006
10900000;68,23;54,99335;82,971189
15760000;102,29;54,99321;82,974008
15890000;102,29;54,99321;82,974008
12900000;74,71;54,99321;82,974008
13350000;74,71;54,99321;82,974008
13120000;74,71;54,99321;82,974008
12900000;74,71;54,99321;82,974008
14320000;84,68;54,99321;82,974008
13150000;76,65;54,993064;82,963006
13290000;76,65;54,993064;82,963006
13150000;76,65;54,993064;82,963006
16240000;108,6;54,99321;82,974008
13000000;83,52;54,99335;82,971189
15960000;81,29;54,993064;82,963006
24790000;154,55;54,99321;82,974008
18770000;118,1;54,993064;82,963006
13960000;74,44;54,993064;82,963006
13990000;84,69;54,99321;82,974008
14890000;97,61;54,99321;82,974008
15790000;86,23;54,993064;82,963006
27030000;149,46;54,99321;82,974008
16120000;103,97;54,99321;82,974008
16300000;103,97;54,99321;82,974008
11810000;66,88;54,99321;82,974008
16920000;113,8;54,993064;82,963006
21940000;136,2;54,99321;82,974008
12880000;72,45;54,99335;82,971189
20530000;135,7;54,99321;82,974008
12550000;67,26;54,993064;82,963006
14220000;71,23;54,993064;82,963006
15850000;100,57;54,99321;82,974008
12010000;71,83;54,99321;82,974008
12020000;71,88;54,993064;82,963006
13250000;75,98;54,993064;82,963006
12350000;66,86;54,99321;82,974008
12870000;72,31;54,99335;82,971189
11310000;70,95;54,993064;82,963006
12560000;73,09;54,993064;82,963006
15060000;93,43;54,99321;82,974008
23890000;125,51;54,993064;82,963006
15850000;88,97;54,993064;82,963006
15850000;88,97;54,993064;82,963006
17550000;89,54;54,993064;82,963006
17670000;89,54;54,993064;82,963006
14390000;73,59;54,993064;82,963006
24610000;151,93;54,993757;82,969512
25650000;171,8;54,99321;82,974008
14220000;95,53;54,99335;82,971189
18420000;119,05;54,993064;82,963006
13640000;87,49;54,99321;82,974008
13880000;87,49;54,99321;82,974008
13880000;87,49;54,99321;82,974008
14160000;87,49;54,99321;82,974008
14410000;87,49;54,99321;82,974008
18960000;112,66;54,993757;82,969512
17290000;106,74;54,99335;82,971189
20630000;135,53;54,99321;82,974008
24850000;160,85;54,99321;82,974008
25720000;165,1;54,99321;82,974008
16500000;115,19;54,99335;82,971189
16190000;106,37;54,99321;82,974008
13380000;81,92;54,99321;82,974008
13630000;81,92;54,99321;82,974008
13630000;81,92;54,99321;82,974008
13860000;81,92;54,99321;82,974008
13390000;81,92;54,99321;82,974008
12560000;73,05;54,993064;82,963006
19260000;106,61;54,993064;82,963006
13790000;84,25;54,99321;82,974008
27420000;155,64;54,99321;82,974008
15850000;94,81;54,993064;82,963006
16010000;94,81;54,993064;82,963006
14420000;75,66;54,993064;82,963006
14580000;75,66;54,993064;82,963006
14580000;75,66;54,993064;82,963006
11720000;79,05;54,99335;82,971189
12970000;79,05;54,99335;82,971189
21680000;127,76;54,99321;82,974008
12690000;77,49;54,99335;82,971189
13350000;73,58;54,99321;82,974008
13370000;73,58;54,99321;82,974008
10950000;68,5;54,99335;82,971189
11980000;67,86;54,99321;82,974008
18930000;118,07;54,993064;82,963006
23320000;152,21;54,99321;82,974008
12090000;72,83;54,99335;82,971189
15850000;88,96;54,993064;82,963006
28540000;162,53;54,993757;82,969512
25350000;140,98;54,99321;82,974008
23940000;124,93;54,99321;82,974008
8378550;38,97;55,04998;82,94201
8768250;38,97;55,04998;82,94201
8766000;38,96;55,04998;82,94201
7962570;34,47;55,04998;82,94201
8502000;39;55,04998;82,94201
8658000;39;55,04998;82,94201
8658000;39;55,04998;82,94201
7576600;35,24;55,04998;82,94201
7576600;35,24;55,04998;82,94201
7682320;35,24;55,04998;82,94201
7823280;35,24;55,04998;82,94201
6932530;33,17;55,04998;82,94201
7993680;35,06;55,04998;82,94201
7993680;35,06;55,04998;82,94201
7993680;35,06;55,04998;82,94201
7788720;38,18;55,04998;82,94201
8666880;39,04;55,04998;82,94201
8901120;39,04;55,04998;82,94201
6919990;33,11;55,04998;82,94201
8924740;39,49;55,04998;82,94201
7376640;32,64;55,04998;82,94201
6857200;27,65;55,04998;82,94201
6940150;27,65;55,04998;82,94201
6940150;27,65;55,04998;82,94201
6857200;27,65;55,04998;82,94201
7604550;35,37;55,04998;82,94201
7710660;35,37;55,04998;82,94201
7604550;35,37;55,04998;82,94201
7710660;35,37;55,04998;82,94201
7604550;35,37;55,04998;82,94201
7852140;35,37;55,04998;82,94201
7710660;35,37;55,04998;82,94201
7852140;35,37;55,04998;82,94201
7710660;35,37;55,04998;82,94201
7710660;35,37;55,04998;82,94201
7851200;35,05;55,04998;82,94201
7851200;35,05;55,04998;82,94201
7851200;35,05;55,04998;82,94201
7886250;35,05;55,04998;82,94201
7886250;35,05;55,04998;82,94201
7886250;35,05;55,04998;82,94201
8096550;35,05;55,04998;82,94201
10567800;39,14;55,04998;82,94201
7723520;34,48;55,04998;82,94201
7758000;34,48;55,04998;82,94201
7723520;34,48;55,04998;82,94201
7758000;34,48;55,04998;82,94201
7758000;34,48;55,04998;82,94201
7723520;34,48;55,04998;82,94201
7758000;34,48;55,04998;82,94201
8783160;41,43;55,04998;82,94201
8866020;41,43;55,04998;82,94201
8783160;41,43;55,04998;82,94201
8783160;41,43;55,04998;82,94201
8866020;41,43;55,04998;82,94201
8866020;41,43;55,04998;82,94201
8866020;41,43;55,04998;82,94201
7214320;29,09;55,04998;82,94201
7417950;29,09;55,04998;82,94201
7301590;29,09;55,04998;82,94201
7417950;29,09;55,04998;82,94201
7882560;35,19;55,04998;82,94201
7882560;35,19;55,04998;82,94201
7917750;35,19;55,04998;82,94201
7917750;35,19;55,04998;82,94201
7917750;35,19;55,04998;82,94201
7882560;35,19;55,04998;82,94201
7917750;35,19;55,04998;82,94201
9121200;41,46;55,04998;82,94201
8606640;39,48;55,04998;82,94201
8685600;39,48;55,04998;82,94201
8685600;39,48;55,04998;82,94201
8606640;39,48;55,04998;82,94201
8685600;39,48;55,04998;82,94201
8488440;41,61;55,04998;82,94201
8779710;41,61;55,04998;82,94201
8779710;41,61;55,04998;82,94201
8613270;41,61;55,04998;82,94201
8613270;41,61;55,04998;82,94201
8613270;41,61;55,04998;82,94201
8488440;41,61;55,04998;82,94201
8613270;41,61;55,04998;82,94201
8488440;41,61;55,04998;82,94201
8488440;41,61;55,04998;82,94201
8613270;41,61;55,04998;82,94201
7211840;29,08;55,04998;82,94201
7299080;29,08;55,04998;82,94201
7299080;29,08;55,04998;82,94201
7211840;29,08;55,04998;82,94201
8779500;39,02;55,04998;82,94201
8121960;35,16;55,04998;82,94201
6861470;32,83;55,04998;82,94201
8801810;39,47;55,04998;82,94201
8801810;39,47;55,04998;82,94201
8801810;39,47;55,04998;82,94201
8801810;39,47;55,04998;82,94201
6897520;30,52;55,04998;82,94201
6897520;30,52;55,04998;82,94201
6897520;30,52;55,04998;82,94201
7856880;34,46;55,04998;82,94201
7856880;34,46;55,04998;82,94201
7856880;34,46;55,04998;82,94201
7856880;34,46;55,04998;82,94201
8880600;38,95;55,04998;82,94201
8397900;39,06;55,04998;82,94201
8515080;39,06;55,04998;82,94201
8397900;39,06;55,04998;82,94201
8515080;39,06;55,04998;82,94201
8288940;39,66;55,04998;82,94201
8447580;39,66;55,04998;82,94201
8288940;39,66;55,04998;82,94201
8447580;39,66;55,04998;82,94201
8447580;39,66;55,04998;82,94201
8566560;39,66;55,04998;82,94201
7905000;38,75;55,04998;82,94201
7182240;34,53;55,04998;82,94201
7527540;34,53;55,04998;82,94201
7423950;34,53;55,04998;82,94201
7423950;34,53;55,04998;82,94201
7527540;34,53;55,04998;82,94201
7423950;34,53;55,04998;82,94201
7665660;34,53;55,04998;82,94201
7527540;34,53;55,04998;82,94201
7423950;34,53;55,04998;82,94201
7527540;34,53;55,04998;82,94201
7665660;34,53;55,04998;82,94201
8032440;35,23;55,04998;82,94201
8032440;35,23;55,04998;82,94201
8032440;35,23;55,04998;82,94201
8032440;35,23;55,04998;82,94201
9321040;31,49;55,04998;82,94201
8998990;41,47;55,04998;82,94201
8998990;41,47;55,04998;82,94201
8998990;41,47;55,04998;82,94201
8998990;41,47;55,04998;82,94201
8146390;40,13;55,04998;82,94201
8547690;40,13;55,04998;82,94201
8668080;40,13;55,04998;82,94201
8948990;40,13;55,04998;82,94201
8387170;40,13;55,04998;82,94201
8948990;40,13;55,04998;82,94201
8668080;40,13;55,04998;82,94201
8948990;40,13;55,04998;82,94201
8748340;40,13;55,04998;82,94201
8547690;40,13;55,04998;82,94201
8547690;40,13;55,04998;82,94201
8748340;40,13;55,04998;82,94201
8828600;40,13;55,04998;82,94201
8828600;40,13;55,04998;82,94201
8828600;40,13;55,04998;82,94201
9069380;40,13;55,04998;82,94201
8828600;40,13;55,04998;82,94201
14241370;56,29;55,04998;82,94201
8652600;39,33;55,04998;82,94201
8652600;39,33;55,04998;82,94201
8888580;39,33;55,04998;82,94201
8770590;39,33;55,04998;82,94201
8652600;39,33;55,04998;82,94201
8770590;39,33;55,04998;82,94201
8770590;39,33;55,04998;82,94201
8888580;39,33;55,04998;82,94201
13805400;65,74;55,04998;82,94201
13805400;65,74;55,04998;82,94201
13805400;65,74;55,04998;82,94201
13805400;65,74;55,04998;82,94201
8279990;37,13;55,04998;82,94201
8391380;37,13;55,04998;82,94201
8391380;37,13;55,04998;82,94201
13002000;66;55,04998;82,94201
13002000;66;55,04998;82,94201
13002000;66;55,04998;82,94201
13266000;66;55,04998;82,94201
13266000;66;55,04998;82,94201
13266000;66;55,04998;82,94201
13464000;66;55,04998;82,94201
13002000;66;55,04998;82,94201
13266000;66;55,04998;82,94201
13266000;66;55,04998;82,94201
13464000;66;55,04998;82,94201
14013270;65,79;55,04998;82,94201
9451200;42,96;55,04998;82,94201
9708960;42,96;55,04998;82,94201
9451200;42,96;55,04998;82,94201
9451200;42,96;55,04998;82,94201
9580080;42,96;55,04998;82,94201
9580080;42,96;55,04998;82,94201
9215800;41,89;55,04998;82,94201
9215800;41,89;55,04998;82,94201
9341470;41,89;55,04998;82,94201
8166400;37,12;55,04998;82,94201
8277760;37,12;55,04998;82,94201
8277760;37,12;55,04998;82,94201
8166400;37,12;55,04998;82,94201
12238080;63,74;55,04998;82,94201
11886720;61,91;55,04998;82,94201
9847000;43;55,04998;82,94201
13692500;54,77;55,04998;82,94201
9584660;42,41;55,04998;82,94201
9842420;42,98;55,04998;82,94201
9842420;42,98;55,04998;82,94201
13295460;62,42;55,04998;82,94201
9454520;44,18;55,04998;82,94201
9454520;44,18;55,04998;82,94201
9763780;44,18;55,04998;82,94201
9763780;44,18;55,04998;82,94201
9345930;41,91;55,04998;82,94201
9471660;41,91;55,04998;82,94201
9471660;41,91;55,04998;82,94201
9471660;41,91;55,04998;82,94201
8967200;40,76;55,04998;82,94201
9211760;40,76;55,04998;82,94201
9497080;40,76;55,04998;82,94201
9211760;40,76;55,04998;82,94201
9334040;40,76;55,04998;82,94201
9211760;40,76;55,04998;82,94201
9089480;40,76;55,04998;82,94201
9334040;40,76;55,04998;82,94201
9334040;40,76;55,04998;82,94201
9497080;40,76;55,04998;82,94201
11814940;55,21;55,04998;82,94201
11814940;55,21;55,04998;82,94201
11814940;55,21;55,04998;82,94201
11814940;55,21;55,04998;82,94201
8793400;39,97;55,04998;82,94201
8793400;39,97;55,04998;82,94201
9033220;39,97;55,04998;82,94201
8913310;39,97;55,04998;82,94201
8913310;39,97;55,04998;82,94201
8913310;39,97;55,04998;82,94201
8793400;39,97;55,04998;82,94201
9033220;39,97;55,04998;82,94201
13397500;53,59;55,04998;82,94201
12137400;55,17;55,04998;82,94201
8969400;40,77;55,04998;82,94201
9091710;40,77;55,04998;82,94201
8969400;40,77;55,04998;82,94201
9091710;40,77;55,04998;82,94201
13125000;62,5;55,04998;82,94201
13125000;62,5;55,04998;82,94201
13125000;62,5;55,04998;82,94201
13125000;62,5;55,04998;82,94201
13554800;65,8;55,04998;82,94201
13554800;65,8;55,04998;82,94201
13554800;65,8;55,04998;82,94201
13620600;65,8;55,04998;82,94201
13620600;65,8;55,04998;82,94201
13620600;65,8;55,04998;82,94201
13620600;65,8;55,04998;82,94201
9586770;42,99;55,04998;82,94201
9715740;42,99;55,04998;82,94201
9715740;42,99;55,04998;82,94201
12864700;62,45;55,04998;82,94201
12864700;62,45;55,04998;82,94201
12864700;62,45;55,04998;82,94201
12927150;62,45;55,04998;82,94201
12927150;62,45;55,04998;82,94201
12927150;62,45;55,04998;82,94201
12927150;62,45;55,04998;82,94201
8641600;39,28;55,04998;82,94201
8641600;39,28;55,04998;82,94201
8759440;39,28;55,04998;82,94201
8759440;39,28;55,04998;82,94201
8995120;39,28;55,04998;82,94201
8641600;39,28;55,04998;82,94201
8877280;39,28;55,04998;82,94201
8877280;39,28;55,04998;82,94201
8995120;39,28;55,04998;82,94201
8877280;39,28;55,04998;82,94201
13935240;55,08;55,04998;82,94201
11674920;65,96;55,04998;82,94201
9332400;42,42;55,04998;82,94201
9332400;42,42;55,04998;82,94201
9714180;42,42;55,04998;82,94201
9459660;42,42;55,04998;82,94201
9459660;42,42;55,04998;82,94201
9332400;42,42;55,04998;82,94201
12000530;62,83;55,04998;82,94201
12377510;62,83;55,04998;82,94201
12377510;62,83;55,04998;82,94201
12628830;62,83;55,04998;82,94201
12377510;62,83;55,04998;82,94201
12377510;62,83;55,04998;82,94201
12628830;62,83;55,04998;82,94201
12628830;62,83;55,04998;82,94201
12628830;62,83;55,04998;82,94201
12817320;62,83;55,04998;82,94201
12817320;62,83;55,04998;82,94201
9202600;41,83;55,04998;82,94201
9455200;42,4;55,04998;82,94201
9582400;42,4;55,04998;82,94201
9582400;42,4;55,04998;82,94201
9709600;42,4;55,04998;82,94201
8637200;39,26;55,04998;82,94201
8637200;39,26;55,04998;82,94201
9147580;39,26;55,04998;82,94201
9147580;39,26;55,04998;82,94201
8990540;39,26;55,04998;82,94201
8754980;39,26;55,04998;82,94201
8990540;39,26;55,04998;82,94201
8754980;39,26;55,04998;82,94201
8872760;39,26;55,04998;82,94201
8872760;39,26;55,04998;82,94201
8990540;39,26;55,04998;82,94201
8872760;39,26;55,04998;82,94201
8637200;39,26;55,04998;82,94201
8754980;39,26;55,04998;82,94201
19314020;79,81;55,04998;82,94201
12228480;61,76;55,04998;82,94201
12228480;61,76;55,04998;82,94201
12784320;61,76;55,04998;82,94201
12413760;61,76;55,04998;82,94201
12228480;61,76;55,04998;82,94201
12413760;61,76;55,04998;82,94201
12076020;60,99;55,04998;82,94201
12258990;60,99;55,04998;82,94201
12258990;60,99;55,04998;82,94201
12441960;60,99;55,04998;82,94201
12258990;60,99;55,04998;82,94201
12441960;60,99;55,04998;82,94201
12076020;60,99;55,04998;82,94201
12441960;60,99;55,04998;82,94201
18832800;78,47;55,04998;82,94201
15873440;90,19;55,04998;82,94201
16775340;90,19;55,04998;82,94201
17045910;90,19;55,04998;82,94201
16775340;90,19;55,04998;82,94201
16414580;90,19;55,04998;82,94201
16414580;90,19;55,04998;82,94201
16414580;90,19;55,04998;82,94201
16414580;90,19;55,04998;82,94201
16775340;90,19;55,04998;82,94201
16775340;90,19;55,04998;82,94201
17045910;90,19;55,04998;82,94201
18362400;76,51;55,04998;82,94201
12624480;63,76;55,04998;82,94201
12815760;63,76;55,04998;82,94201
13007040;63,76;55,04998;82,94201
13007040;63,76;55,04998;82,94201
13019280;63,82;55,04998;82,94201
12778110;61,73;55,04998;82,94201
13202880;64,72;55,04998;82,94201
13202880;64,72;55,04998;82,94201
17188090;89,99;55,04998;82,94201
17368070;89,99;55,04998;82,94201
17368070;89,99;55,04998;82,94201
17188090;89,99;55,04998;82,94201
17188090;89,99;55,04998;82,94201
17368070;89,99;55,04998;82,94201
12415770;61,77;55,04998;82,94201
12601080;61,77;55,04998;82,94201
12601080;61,77;55,04998;82,94201
12601080;61,77;55,04998;82,94201
12786390;61,77;55,04998;82,94201
20019360;85,92;55,04998;82,94201
13206600;63,8;55,04998;82,94201
12634380;63,81;55,04998;82,94201
12825810;63,81;55,04998;82,94201
12634380;63,81;55,04998;82,94201
12825810;63,81;55,04998;82,94201
15951520;76,69;55,04998;82,94201
16488350;76,69;55,04998;82,94201
16718420;76,69;55,04998;82,94201
16871800;76,69;55,04998;82,94201
16718420;76,69;55,04998;82,94201
16718420;76,69;55,04998;82,94201
16258280;76,69;55,04998;82,94201
16258280;76,69;55,04998;82,94201
16488350;76,69;55,04998;82,94201
15951520;76,69;55,04998;82,94201
15951520;76,69;55,04998;82,94201
16258280;76,69;55,04998;82,94201
16488350;76,69;55,04998;82,94201
18300000;51,2;55,08326;82,80471
14530000;49,8;55,08326;82,80471
16150000;49,8;55,08326;82,80471
13300000;44,17;55,08434;82,80689
13700000;44,17;55,08434;82,80689
15100000;46,7;55,08326;82,80471
15150000;46,7;55,08326;82,80471
67150000;142,2;55,08326;82,80471
31900000;67,4;55,08326;82,80471
16400000;51;55,08326;82,80471
17850000;51;55,08326;82,80471
16530000;51;55,08326;82,80471
18440000;51,6;55,08326;82,80471
25400000;79,34;55,084517;82,804452
13350000;40,9;55,08326;82,80471
15800000;40,9;55,08326;82,80471
21550000;60,5;55,08326;82,80471
16750000;60,3;55,08326;82,80471
16850000;60,3;55,08326;82,80471
17100000;60,3;55,08326;82,80471
15200000;53,98;55,08434;82,80689
27750000;57,9;55,08326;82,80471
16840000;51,3;55,08326;82,80471
17340000;51,3;55,08326;82,80471
18400000;51,3;55,08326;82,80471
18050000;51,3;55,08326;82,80471
19200000;53,7;55,08326;82,80471
14750000;45,5;55,08326;82,80471
15950000;45,5;55,08326;82,80471
15021000;45,5;55,08326;82,80471
16100000;56,32;55,08434;82,80689
16600000;56,32;55,08434;82,80689
17600000;83,39;55,08434;82,80689
16100000;45,2;55,08326;82,80471
24350000;68,3;55,08326;82,80471
26800000;102,52;55,08434;82,80689
19350000;68,4;55,08326;82,80471
20000000;68,4;55,08326;82,80471
20500000;68,4;55,08326;82,80471
58000000;122,8;55,08326;82,80471
24250000;93,6;55,08326;82,80471
28700000;93,6;55,08326;82,80471
31500000;88,3;55,08326;82,80471
18700000;69,49;55,08434;82,80689
31450000;88,2;55,08326;82,80471
33400000;93,7;55,08326;82,80471
20000000;72,9;55,08326;82,80471
22200000;72,9;55,08326;82,80471
20500000;72,9;55,08326;82,80471
20247000;72,9;55,08326;82,80471
18450000;67,1;55,08326;82,80471
31000000;99,68;55,08434;82,80689
29900000;108,15;55,08434;82,80689
35300000;108,15;55,08434;82,80689
33300000;108,15;55,08434;82,80689
29900000;113,8;55,08326;82,80471
25400000;100,13;55,08434;82,80689
27000000;100,13;55,08434;82,80689
23100000;83,1;55,08326;82,80471
25400000;83,1;55,08326;82,80471
39800000;159,68;55,08434;82,80689
32300000;113,77;55,08434;82,80689
26700000;88,1;55,08326;82,80471
27230000;88,1;55,08326;82,80471
27650000;88,1;55,08326;82,80471
29100000;88,1;55,08326;82,80471
25500000;100,48;55,08434;82,80689
27800000;100,48;55,08434;82,80689
27700000;100,48;55,08434;82,80689
26600000;100,48;55,08434;82,80689
49800000;138,96;55,084517;82,804452
96600000;258,52;55,084517;82,804452
96600000;258,52;55,084517;82,804452
91700000;255,75;55,084517;82,804452
100000000;278,63;55,084517;82,804452
38700000;154,16;55,08434;82,80689
29400000;113,8;55,08326;82,80471
4550000;33;54,926959;82,922498
4750000;34,8;54,926959;82,922498
4500000;33,4;54,927139;82,923443
5950000;53,3;54,927139;82,923443
5600000;45,6;54,926959;82,922498
6050000;53,5;54,927529;82,92453
6000000;53,4;54,927529;82,92453
5850000;53,9;54,926959;82,922498
5850000;53,9;54,926959;82,922498
6000000;53,4;54,927139;82,923443
5950000;53,3;54,926959;82,922498
5850000;53,7;54,926959;82,922498
6250000;53,4;54,926959;82,922498
6000000;53,6;54,927529;82,92453
5850000;54,1;54,926959;82,922498
6350000;54,1;54,926959;82,922498
6050000;54,1;54,926959;82,922498
6050000;53,3;54,927529;82,92453
23504000;90,4;55,066885;82,878395
22074000;84,9;55,066885;82,878395
26390000;101,5;55,066885;82,878395
26702000;102,7;55,066885;82,878395
27900000;77,5;55,066885;82,878395
27900000;77,5;55,066885;82,878395
27900000;77,5;55,066885;82,878395
26182000;100,7;55,066885;82,878395
26234000;100,7;55,066885;82,878395
23036000;88,6;55,066885;82,878395
26286000;101,1;55,066885;82,878395
26286000;101,1;55,066885;82,878395
27326000;105,1;55,066885;82,878395
25688000;98,8;55,066885;82,878395
27976000;108;55,066885;82,878395
27976000;108;55,066885;82,878395
25948000;99,8;55,066885;82,878395
30836000;118,6;55,066885;82,878395
29406000;113,1;55,066885;82,878395
29406000;113,1;55,066885;82,878395
40716000;113,1;55,066885;82,878395
40716000;113,1;55,066885;82,878395
23088000;88,8;55,066885;82,878395
27274000;104,9;55,066885;82,878395
27066000;104,1;55,066885;82,878395
37476000;104,1;55,066885;82,878395
26598000;102,3;55,066885;82,878395
25818000;99,3;55,066885;82,878395
26390000;101,5;55,066885;82,878395
38736000;107,6;55,066885;82,878395
38736000;107,6;55,066885;82,878395
26806000;103,1;55,066885;82,878395
26806000;103,1;55,066885;82,878395
27196000;104,6;55,066885;82,878395
26130000;100,5;55,066885;82,878395
23062000;88,7;55,066885;82,878395
23062000;88,7;55,066885;82,878395
25922000;99,7;55,066885;82,878395
30810000;118,5;55,066885;82,878395
42660000;118,5;55,066885;82,878395
26104000;100,4;55,066885;82,878395
36169200;100,47;55,066885;82,878395
58388000;162,05;55,066885;82,878395
31720000;122;55,066885;82,878395
44148000;169,8;55,066885;82,878395
8621100;59,9;55,010771;83,02335
10670000;79,6;55,04127;83,02344
9500000;80,1;55,04084;83,02407
9500000;80;55,04136;83,02258
9500000;79,8;55,04084;83,02407
10670000;79;55,04127;83,02344
10440000;80,5;55,04127;83,02344
5470000;38,1;54,98376;82,78511
5470000;38,1;54,98376;82,78511
3450000;21,5;54,98416;82,786549
5420000;38,1;54,98504;82,78659
5879485;38,1;54,98504;82,78659
3690000;21,4;54,98416;82,786549
4340000;29,6;54,98376;82,78511
4440000;29,6;54,98376;82,78511
4440000;29,6;54,98376;82,78511
4450000;29,6;54,98376;82,78511
4450000;29,6;54,98376;82,78511
4440000;29,6;54,98376;82,78511
4470000;29,6;54,98376;82,78511
4450000;29,6;54,98376;82,78511
4470000;29,6;54,98376;82,78511
4470000;29,6;54,98376;82,78511
4410000;29,6;54,98376;82,78511
4450000;29,6;54,98376;82,78511
4450000;29,6;54,98376;82,78511
4450000;29,6;54,98376;82,78511
4410000;29,6;54,98376;82,78511
4440000;29,6;54,98376;82,78511
4410000;29,6;54,98376;82,78511
4410000;29,6;54,98376;82,78511
4440000;29,6;54,98376;82,78511
4450000;29,6;54,98376;82,78511
4450000;29,6;54,98376;82,78511
4450000;29,6;54,98376;82,78511
4410000;29,6;54,98376;82,78511
4450000;29,6;54,98376;82,78511
4450000;29,6;54,98376;82,78511
4450000;29,6;54,98376;82,78511
4410000;29,6;54,98376;82,78511
4440000;29,6;54,98376;82,78511
4450000;29,6;54,98376;82,78511
4470000;29,6;54,98376;82,78511
4340000;29,6;54,98376;82,78511
4450000;29,6;54,98376;82,78511
4410000;29,6;54,98376;82,78511
4970000;32,4;54,98376;82,78511
5080000;32,4;54,98376;82,78511
5080000;32,4;54,98376;82,78511
5080000;32,4;54,98376;82,78511
5050000;32,4;54,98376;82,78511
5060000;32,4;54,98376;82,78511
5030000;32,4;54,98376;82,78511
4970000;32,4;54,98376;82,78511
5060000;32,4;54,98376;82,78511
5060000;32,4;54,98376;82,78511
5060000;32,4;54,98376;82,78511
5030000;32,4;54,98376;82,78511
5060000;32,4;54,98376;82,78511
5291507;32,4;54,98376;82,78511
5050000;32,4;54,98376;82,78511
5030000;32,4;54,98376;82,78511
5030000;32,4;54,98376;82,78511
5060000;32,4;54,98376;82,78511
5060000;32,4;54,98376;82,78511
5060000;32,4;54,98376;82,78511
5050000;32,4;54,98376;82,78511
5030000;32,4;54,98376;82,78511
5060000;32,4;54,98376;82,78511
5060000;32,4;54,98376;82,78511
5060000;32,4;54,98376;82,78511
5060000;32,4;54,98376;82,78511
5080000;32,4;54,98376;82,78511
5060000;32,4;54,98376;82,78511
5050000;32,4;54,98376;82,78511
5060000;32,4;54,98376;82,78511
5030000;32,4;54,98376;82,78511
3540000;22;54,984718;82,784892
3620000;22;54,984718;82,784892
3570000;22;54,984718;82,784892
3590000;22;54,984718;82,784892
3620000;22;54,984718;82,784892
3620000;22;54,984718;82,784892
3570000;22;54,984718;82,784892
3570000;22;54,984718;82,784892
3570000;22;54,984718;82,784892
3640000;22;54,984718;82,784892
3570000;22;54,984718;82,784892
3540000;22;54,984718;82,784892
3590000;22;54,984718;82,784892
3570000;22;54,984718;82,784892
3590000;22;54,984718;82,784892
3640000;22;54,984718;82,784892
3620000;22;54,984718;82,784892
3590000;22;54,984718;82,784892
3620000;22;54,984718;82,784892
3620000;22;54,984718;82,784892
3590000;22;54,984718;82,784892
3590000;22;54,984718;82,784892
3640000;22;54,984718;82,784892
3620000;22;54,984718;82,784892
3620000;22;54,984718;82,784892
3620000;22;54,984718;82,784892
3590000;22;54,984718;82,784892
3590000;22;54,984718;82,784892
3620000;22;54,984718;82,784892
3640000;22;54,984718;82,784892
3590000;22;54,984718;82,784892
3570000;22;54,984718;82,784892
3620000;22;54,984718;82,784892
3590000;22;54,984718;82,784892
3620000;22;54,984718;82,784892
3570000;22;54,984718;82,784892
3540000;22;54,984718;82,784892
3640000;22;54,984718;82,784892
3590000;22;54,984718;82,784892
3640000;22;54,984718;82,784892
3570000;22;54,984718;82,784892
3620000;22;54,984718;82,784892
3620000;22;54,984718;82,784892
3640000;22;54,984718;82,784892
3590000;22;54,984718;82,784892
3540000;22;54,984718;82,784892
3570000;22;54,984718;82,784892
3620000;22;54,984718;82,784892
3590000;22;54,984718;82,784892
3570000;22;54,984718;82,784892
3570000;22;54,984718;82,784892
3590000;22;54,984718;82,784892
3570000;22;54,984718;82,784892
3570000;22;54,984718;82,784892
3620000;22;54,984718;82,784892
3620000;22;54,984718;82,784892
3570000;22;54,984718;82,784892
3640000;22;54,984718;82,784892
3620000;22;54,984718;82,784892
3620000;22;54,984718;82,784892
3620000;22;54,984718;82,784892
3570000;22;54,984718;82,784892
3620000;22;54,984718;82,784892
3620000;22;54,984718;82,784892
3620000;22;54,984718;82,784892
3620000;22;54,984718;82,784892
3590000;22;54,984718;82,784892
3620000;22;54,984718;82,784892
3620000;22;54,984718;82,784892
3620000;22;54,984718;82,784892
3590000;22;54,984718;82,784892
3530000;21,6;54,98416;82,786549
3690000;21,6;54,98416;82,786549
5590000;40,7;54,98376;82,78511
5700000;40,7;54,98376;82,78511
5670000;40,7;54,98376;82,78511
5670000;40,7;54,98376;82,78511
5700000;40,7;54,98376;82,78511
5700000;40,7;54,98376;82,78511
5730000;40,7;54,98376;82,78511
5730000;40,7;54,98376;82,78511
5700000;40,7;54,98376;82,78511
5590000;40,7;54,98376;82,78511
5700000;40,7;54,98376;82,78511
5700000;40,7;54,98376;82,78511
5690000;40,7;54,98376;82,78511
5730000;40,7;54,98376;82,78511
5730000;40,7;54,98376;82,78511
5490000;38,3;54,98376;82,78511
5490000;38,3;54,98376;82,78511
5510000;38,3;54,98376;82,78511
5550000;38,3;54,98376;82,78511
5530000;38,3;54,98376;82,78511
5510000;38,3;54,98376;82,78511
5550000;38,3;54,98376;82,78511
5530000;38,3;54,98376;82,78511
5490000;38,3;54,98376;82,78511
5490000;38,3;54,98376;82,78511
5530000;38,3;54,98376;82,78511
5510000;38,3;54,98376;82,78511
5510000;38,3;54,98376;82,78511
5530000;38,3;54,98376;82,78511
5510000;38,3;54,98376;82,78511
5490000;38,3;54,98376;82,78511
5530000;38,3;54,98376;82,78511
5530000;38,3;54,98376;82,78511
5530000;38,3;54,98376;82,78511
5510000;38,3;54,98376;82,78511
5530000;38,3;54,98376;82,78511
5530000;38,3;54,98376;82,78511
5530000;38,3;54,98376;82,78511
5550000;38,3;54,98376;82,78511
5530000;38,3;54,98376;82,78511
5530000;38,3;54,98376;82,78511
5490000;38,3;54,98376;82,78511
5550000;38,3;54,98376;82,78511
5530000;38,3;54,98376;82,78511
5530000;38,3;54,98376;82,78511
5730000;39;54,98376;82,78511
5720000;39,8;54,984718;82,784892
5790000;39,8;54,984718;82,784892
5770000;39,8;54,984718;82,784892
5810000;39,8;54,984718;82,784892
5810000;39,8;54,984718;82,784892
5810000;39,8;54,984718;82,784892
5770000;39,8;54,984718;82,784892
5810000;39,8;54,984718;82,784892
5770000;39,8;54,984718;82,784892
5810000;39,8;54,984718;82,784892
5830000;39,8;54,984718;82,784892
5770000;39,8;54,984718;82,784892
5810000;39,8;54,984718;82,784892
5810000;39,8;54,984718;82,784892
5830000;39,8;54,984718;82,784892
5790000;39,8;54,984718;82,784892
5830000;39,8;54,984718;82,784892
5810000;39,8;54,984718;82,784892
5770000;39,8;54,984718;82,784892
5720000;39,8;54,984718;82,784892
5790000;39,8;54,984718;82,784892
5810000;39,8;54,984718;82,784892
5770000;39,8;54,984718;82,784892
5810000;39,8;54,984718;82,784892
5770000;39,8;54,984718;82,784892
5770000;39,8;54,984718;82,784892
5810000;39,8;54,984718;82,784892
5810000;39,8;54,984718;82,784892
5770000;39,8;54,984718;82,784892
5810000;39,8;54,984718;82,784892
5810000;39,8;54,984718;82,784892
5770000;39,8;54,984718;82,784892
5790000;39,8;54,984718;82,784892
5790000;39,8;54,984718;82,784892
5830000;39,8;54,984718;82,784892
5790000;39,8;54,984718;82,784892
7500000;59,1;54,984718;82,784892
7600000;59,1;54,984718;82,784892
7650000;59,1;54,984718;82,784892
7650000;59,1;54,984718;82,784892
7600000;59,1;54,984718;82,784892
7650000;59,1;54,984718;82,784892
7590000;59,1;54,984718;82,784892
7600000;59,1;54,984718;82,784892
7500000;59,1;54,984718;82,784892
7650000;59,1;54,984718;82,784892
7590000;59,1;54,984718;82,784892
7590000;59,1;54,984718;82,784892
7590000;59,1;54,984718;82,784892
7650000;59,1;54,984718;82,784892
7590000;59,1;54,984718;82,784892
7650000;59,1;54,984718;82,784892
7650000;59,1;54,984718;82,784892
7650000;59,1;54,984718;82,784892
7590000;59,1;54,984718;82,784892
7590000;59,1;54,984718;82,784892
7590000;59,1;54,984718;82,784892
7590000;59,1;54,984718;82,784892
7590000;59,1;54,984718;82,784892
7590000;59,1;54,984718;82,784892
7590000;59,1;54,984718;82,784892
7590000;59,1;54,984718;82,784892
7650000;59,1;54,984718;82,784892
7650000;59,1;54,984718;82,784892
7590000;59,1;54,984718;82,784892
7650000;59,1;54,984718;82,784892
7650000;59,1;54,984718;82,784892
7590000;59,1;54,984718;82,784892
7600000;59,1;54,984718;82,784892
7650000;59,1;54,984718;82,784892
7590000;59,1;54,984718;82,784892
6820000;52,7;54,98376;82,78511
6870000;52,7;54,98376;82,78511
6820000;52,7;54,98376;82,78511
6850000;52,7;54,98376;82,78511
6850000;52,7;54,98376;82,78511
6820000;52,7;54,98376;82,78511
6850000;52,7;54,98376;82,78511
6850000;52,7;54,98376;82,78511
6850000;52,7;54,98376;82,78511
6850000;52,7;54,98376;82,78511
6820000;52,7;54,98376;82,78511
6850000;52,7;54,98376;82,78511
6850000;52,7;54,98376;82,78511
6850000;52,7;54,98376;82,78511
6850000;52,7;54,98376;82,78511
6870000;52,7;54,98376;82,78511
6850000;52,7;54,98376;82,78511
6850000;52,7;54,98376;82,78511
6850000;52,7;54,98376;82,78511
6820000;52,7;54,98376;82,78511
6820000;52,7;54,98376;82,78511
6870000;52,7;54,98376;82,78511
6850000;52,7;54,98376;82,78511
6850000;52,7;54,98376;82,78511
6850000;52,7;54,98376;82,78511
6850000;52,7;54,98376;82,78511
6820000;52,7;54,98376;82,78511
6850000;52,7;54,98376;82,78511
6850000;52,7;54,98376;82,78511
6850000;52,7;54,98376;82,78511
6870000;52,7;54,98376;82,78511
7420000;53,9;54,98504;82,78659
7430000;53,9;54,98504;82,78659
7420000;53,9;54,98504;82,78659
6050000;49,2;54,984718;82,784892
6050000;49,2;54,984718;82,784892
6990000;55;54,98376;82,78511
7040000;55;54,98376;82,78511
7050000;55;54,98376;82,78511
7040000;55;54,98376;82,78511
7020000;55;54,98376;82,78511
7040000;55;54,98376;82,78511
7040000;55;54,98376;82,78511
7050000;55;54,98376;82,78511
6990000;55;54,98376;82,78511
7020000;55;54,98376;82,78511
7040000;55;54,98376;82,78511
7040000;55;54,98376;82,78511
7040000;55;54,98376;82,78511
7020000;55;54,98376;82,78511
7040000;55;54,98376;82,78511
7040000;55;54,98376;82,78511
7040000;55;54,98376;82,78511
7020000;55;54,98376;82,78511
7040000;55;54,98376;82,78511
7020000;55;54,98376;82,78511
7050000;55;54,98376;82,78511
7040000;55;54,98376;82,78511
7020000;55;54,98376;82,78511
6990000;55;54,98376;82,78511
7040000;55;54,98376;82,78511
7050000;55;54,98376;82,78511
7040000;55;54,98376;82,78511
7040000;55;54,98376;82,78511
7040000;55;54,98376;82,78511
7040000;55;54,98376;82,78511
6990000;55;54,98376;82,78511
7040000;55;54,98376;82,78511
7020000;55;54,98376;82,78511
7040000;55;54,98376;82,78511
7040000;55;54,98376;82,78511
7020000;55;54,98376;82,78511
6940000;55;54,98504;82,78659
6980000;55;54,98504;82,78659
6980000;55;54,98504;82,78659
6980000;55;54,98504;82,78659
7000000;55;54,98504;82,78659
7477789;55;54,98504;82,78659
7000000;55;54,98504;82,78659
7000000;55;54,98504;82,78659
6980000;55;54,98504;82,78659
7420000;53,9;54,98376;82,78511
7470000;53,9;54,98376;82,78511
7470000;53,9;54,98376;82,78511
7470000;53,9;54,98376;82,78511
7540000;53,9;54,98376;82,78511
7470000;53,9;54,98376;82,78511
7470000;53,9;54,98376;82,78511
7470000;53,9;54,98376;82,78511
7540000;53,9;54,98376;82,78511
7540000;53,9;54,98376;82,78511
7540000;53,9;54,98376;82,78511
7540000;53,9;54,98376;82,78511
7470000;53,9;54,98376;82,78511
7470000;53,9;54,98376;82,78511
7540000;53,9;54,98376;82,78511
7470000;53,9;54,98376;82,78511
7470000;53,9;54,98376;82,78511
7540000;53,9;54,98376;82,78511
7540000;53,9;54,98376;82,78511
7540000;53,9;54,98376;82,78511
7470000;53,9;54,98376;82,78511
7470000;53,9;54,98376;82,78511
7480000;53,9;54,98376;82,78511
7470000;53,9;54,98376;82,78511
7470000;53,9;54,98376;82,78511
7480000;53,9;54,98376;82,78511
7540000;53,9;54,98376;82,78511
7540000;53,9;54,98376;82,78511
7470000;53,9;54,98376;82,78511
7540000;53,9;54,98376;82,78511
7540000;53,9;54,98376;82,78511
7470000;53,9;54,98376;82,78511
7480000;53,9;54,98376;82,78511
7540000;53,9;54,98376;82,78511
7480000;53,9;54,98376;82,78511
5420000;39,3;54,984718;82,784892
5680000;39,3;54,984718;82,784892
5660000;39,3;54,984718;82,784892
5680000;39,3;54,984718;82,784892
5700000;39,3;54,984718;82,784892
5700000;39,3;54,984718;82,784892
5640000;39,3;54,984718;82,784892
5640000;39,3;54,984718;82,784892
5680000;39,3;54,984718;82,784892
5660000;39,3;54,984718;82,784892
5660000;39,3;54,984718;82,784892
5700000;39,3;54,984718;82,784892
5660000;39,3;54,984718;82,784892
5590000;39,3;54,984718;82,784892
5680000;39,3;54,984718;82,784892
5640000;39,3;54,984718;82,784892
5680000;39,3;54,984718;82,784892
5680000;39,3;54,984718;82,784892
5640000;39,3;54,984718;82,784892
5680000;39,3;54,984718;82,784892
5660000;39,3;54,984718;82,784892
5680000;39,3;54,984718;82,784892
5680000;39,3;54,984718;82,784892
5680000;39,3;54,984718;82,784892
5700000;39,3;54,984718;82,784892
5640000;39,3;54,984718;82,784892
5660000;39,3;54,984718;82,784892
5640000;39,3;54,984718;82,784892
5680000;39,3;54,984718;82,784892
5640000;39,3;54,984718;82,784892
5680000;39,3;54,984718;82,784892
5640000;39,3;54,984718;82,784892
5680000;39,3;54,984718;82,784892
5680000;39,3;54,984718;82,784892
7060000;39,3;54,984718;82,784892
5590000;39,3;54,984718;82,784892
8230000;65,3;54,984718;82,784892
8280000;65,3;54,984718;82,784892
8280000;65,3;54,984718;82,784892
8230000;65,3;54,984718;82,784892
8230000;65,3;54,984718;82,784892
8230000;65,3;54,984718;82,784892
8280000;65,3;54,984718;82,784892
8230000;65,3;54,984718;82,784892
8230000;65,3;54,984718;82,784892
8280000;65,3;54,984718;82,784892
8230000;65,3;54,984718;82,784892
8240000;65,3;54,984718;82,784892
8240000;65,3;54,984718;82,784892
8230000;65,3;54,984718;82,784892
8230000;65,3;54,984718;82,784892
8240000;65,3;54,984718;82,784892
8280000;65,3;54,984718;82,784892
8280000;65,3;54,984718;82,784892
8280000;65,3;54,984718;82,784892
8280000;65,3;54,984718;82,784892
8280000;65,3;54,984718;82,784892
8230000;65,3;54,984718;82,784892
8230000;65,3;54,984718;82,784892
8230000;65,3;54,984718;82,784892
8280000;65,3;54,984718;82,784892
8280000;65,3;54,984718;82,784892
8230000;65,3;54,984718;82,784892
8280000;65,3;54,984718;82,784892
8230000;65,3;54,984718;82,784892
8230000;65,3;54,984718;82,784892
8230000;65,3;54,984718;82,784892
8240000;65,3;54,984718;82,784892
8810000;82,7;54,98416;82,786549
9170000;82,7;54,98416;82,786549
9700000;83,2;54,984718;82,784892
9840000;83,2;54,984718;82,784892
9840000;83,2;54,984718;82,784892
9790000;83,2;54,984718;82,784892
9770000;83,2;54,984718;82,784892
9840000;83,2;54,984718;82,784892
9840000;83,2;54,984718;82,784892
9770000;83,2;54,984718;82,784892
9790000;83,2;54,984718;82,784892
9840000;83,2;54,984718;82,784892
9790000;83,2;54,984718;82,784892
9840000;83,2;54,984718;82,784892
9790000;83,2;54,984718;82,784892
9770000;83,2;54,984718;82,784892
9770000;83,2;54,984718;82,784892
9840000;83,2;54,984718;82,784892
9790000;83,2;54,984718;82,784892
9840000;83,2;54,984718;82,784892
9840000;83,2;54,984718;82,784892
9790000;83,2;54,984718;82,784892
9840000;83,2;54,984718;82,784892
9840000;83,2;54,984718;82,784892
9770000;83,2;54,984718;82,784892
9770000;83,2;54,984718;82,784892
9840000;83,2;54,984718;82,784892
9770000;83,2;54,984718;82,784892
9840000;83,2;54,984718;82,784892
9790000;83,2;54,984718;82,784892
9770000;83,2;54,984718;82,784892
9840000;83,2;54,984718;82,784892
9840000;83,2;54,984718;82,784892
9840000;83,2;54,984718;82,784892
9790000;83,2;54,984718;82,784892
9840000;83,2;54,984718;82,784892
9840000;83,2;54,984718;82,784892
8300000;64,8;54,98416;82,786549
39000000;110,5;55,017334;82,941368
38000000;114,6;55,017334;82,941368
26500000;78,2;55,017334;82,941368
39500000;111,8;55,017334;82,941368
4570720;27,4;55,093337;82,962311
6624900;44,6;55,093337;82,962311
4663175;28,5;55,093337;82,962311
6490400;44;55,093337;82,962311
6268675;40,5;55,093337;82,962311
4726540;29;55,093337;82,962311
4570720;27,3;55,093337;82,962311
4635825;28,4;55,093337;82,962311
8601840;56,3;55,093337;82,962311
11030000;66,3;54,976707;83,085513
10815000;67;54,976707;83,085513
16160000;137,6;54,976707;83,085513
16160000;137,8;54,976707;83,085513
9638600;68,77;55,001896;82,926185
9882000;68,77;55,001896;82,926185
9746700;68,77;55,001896;82,926185
9773800;68,77;55,001896;82,926185
9855000;68,77;55,001896;82,926185
9882000;68,77;55,001896;82,926185
9665600;68,77;55,001896;82,926185
9692600;68,77;55,001896;82,926185
9719700;68,77;55,001896;82,926185
9638600;68,77;55,001896;82,926185
9665600;68,77;55,001896;82,926185
9692600;68,77;55,001896;82,926185
9719700;68,77;55,001896;82,926185
9746700;68,77;55,001896;82,926185
9773800;68,77;55,001896;82,926185
9827900;68,77;55,001896;82,926185
9855000;68,77;55,001896;82,926185
9827900;68,77;55,001896;82,926185
9021900;63,84;55,001896;82,926185
9197700;63,84;55,001896;82,926185
9247800;63,84;55,001896;82,926185
9273000;63,84;55,001896;82,926185
9298100;63,84;55,001896;82,926185
9323200;63,84;55,001896;82,926185
9348300;63,84;55,001896;82,926185
9021900;63,84;55,001896;82,926185
9197700;63,84;55,001896;82,926185
9222800;63,84;55,001896;82,926185
9247800;63,84;55,001896;82,926185
9273000;63,84;55,001896;82,926185
9323200;63,84;55,001896;82,926185
9222800;63,84;55,001896;82,926185
9348300;63,84;55,001896;82,926185
9298100;63,84;55,001896;82,926185
9055900;64,47;55,001896;82,926185
9055900;64,47;55,001896;82,926185
10216100;69,86;55,001896;82,926185
10216100;69,86;55,001896;82,926185
9649200;64,77;55,001896;82,926185
9649200;64,77;55,001896;82,926185
9268600;64,78;55,001896;82,926185
9472200;64,78;55,001896;82,926185
9599600;64,78;55,001896;82,926185
9293900;64,78;55,001896;82,926185
9319400;64,78;55,001896;82,926185
9345000;64,78;55,001896;82,926185
9370300;64,78;55,001896;82,926185
9395800;64,78;55,001896;82,926185
9421400;64,78;55,001896;82,926185
9446800;64,78;55,001896;82,926185
9523200;64,78;55,001896;82,926185
9548700;64,78;55,001896;82,926185
9574100;64,78;55,001896;82,926185
9268600;64,78;55,001896;82,926185
9293900;64,78;55,001896;82,926185
9319400;64,78;55,001896;82,926185
9345000;64,78;55,001896;82,926185
9370300;64,78;55,001896;82,926185
9395800;64,78;55,001896;82,926185
9421400;64,78;55,001896;82,926185
9446800;64,78;55,001896;82,926185
9472200;64,78;55,001896;82,926185
9523200;64,78;55,001896;82,926185
9548700;64,78;55,001896;82,926185
9574100;64,78;55,001896;82,926185
9599600;64,78;55,001896;82,926185
9625100;64,78;55,001896;82,926185
9625100;64,78;55,001896;82,926185
9906300;68,75;55,001896;82,926185
9906300;68,75;55,001896;82,926185
9820100;69,98;55,001896;82,926185
10177800;69,98;55,001896;82,926185
10205400;69,98;55,001896;82,926185
9875200;69,98;55,001896;82,926185
9902700;69,98;55,001896;82,926185
9930200;69,98;55,001896;82,926185
9957700;69,98;55,001896;82,926185
9985300;69,98;55,001896;82,926185
10040300;69,98;55,001896;82,926185
10095300;69,98;55,001896;82,926185
10122800;69,98;55,001896;82,926185
9820100;69,98;55,001896;82,926185
9875200;69,98;55,001896;82,926185
9902700;69,98;55,001896;82,926185
9930200;69,98;55,001896;82,926185
9957700;69,98;55,001896;82,926185
9985300;69,98;55,001896;82,926185
10040300;69,98;55,001896;82,926185
10095300;69,98;55,001896;82,926185
10122800;69,98;55,001896;82,926185
10177800;69,98;55,001896;82,926185
10205400;69,98;55,001896;82,926185
9049000;61,35;55,001896;82,926185
9049000;61,35;55,001896;82,926185
9179000;65,39;55,001896;82,926185
9179000;65,39;55,001896;82,926185
9862200;70,5;55,001896;82,926185
9862200;70,5;55,001896;82,926185
9907000;68,56;55,001896;82,926185
9907000;68,56;55,001896;82,926185
11167600;85,09;55,001896;82,926185
11201000;85,09;55,001896;82,926185
11201000;85,09;55,001896;82,926185
11167600;85,09;55,001896;82,926185
10807200;85,43;55,001896;82,926185
11008800;85,43;55,001896;82,926185
11042400;85,43;55,001896;82,926185
11076000;85,43;55,001896;82,926185
11109600;85,43;55,001896;82,926185
11143200;85,43;55,001896;82,926185
10840800;85,43;55,001896;82,926185
10874400;85,43;55,001896;82,926185
10908000;85,43;55,001896;82,926185
10941600;85,43;55,001896;82,926185
10807200;85,43;55,001896;82,926185
10840800;85,43;55,001896;82,926185
10874400;85,43;55,001896;82,926185
10908000;85,43;55,001896;82,926185
10941600;85,43;55,001896;82,926185
11008800;85,43;55,001896;82,926185
11042400;85,43;55,001896;82,926185
11076000;85,43;55,001896;82,926185
11109600;85,43;55,001896;82,926185
11143200;85,43;55,001896;82,926185
11176800;85,43;55,001896;82,926185
11176800;85,43;55,001896;82,926185
9100000;67,14;54,97338104;82,92246246
9100000;67,14;54,97338104;82,92246246
9100000;67,14;54,97338104;82,92246246
9100000;67,14;54,97338104;82,92246246
9100000;67,14;54,97338104;82,92246246
7500000;29,6;55,06242;82,90673
7300000;29,7;55,06242;82,90673
10000000;43,3;55,06398;82,91018
11350000;51,8;55,06242;82,90673
7100000;26,8;55,06242;82,90673
7250000;26,8;55,06242;82,90673
7150000;26,8;55,06242;82,90673
7100000;26,8;55,06242;82,90673
7200000;27,7;55,06242;82,90673
7250000;27,7;55,06242;82,90673
7250000;27,7;55,06242;82,90673
7200000;27,7;55,06242;82,90673
7250000;27,7;55,06242;82,90673
9750000;43;55,06398;82,91018
7200000;28,6;55,06242;82,90673
7200000;28,6;55,06242;82,90673
7250000;28,6;55,06242;82,90673
7250000;28,6;55,06242;82,90673
7300000;28,6;55,06242;82,90673
7400000;29,5;55,06242;82,90673
7400000;29,5;55,06242;82,90673
7450000;28,1;55,06242;82,90673
9000000;33,8;55,06398;82,91018
11900000;58,8;55,06242;82,90673
9900000;43,3;55,06398;82,91018
9750000;49,1;55,06242;82,90673
9750000;49,1;55,06242;82,90673
9600000;48;55,06242;82,90673
9800000;48;55,06242;82,90673
10600000;53,5;55,06242;82,90673
10600000;53,5;55,06242;82,90673
10600000;53,6;55,06242;82,90673
7500000;38,7;55,026556;82,895409
8640000;34,5;55,026556;82,895409
8150000;34,6;55,026556;82,895409
8250000;34,9;55,026556;82,895409
9150000;34,9;55,026556;82,895409
8300000;34,7;55,026556;82,895409
7030000;36,2;55,026556;82,895409
7800000;31,5;55,026556;82,895409
8550000;31,5;55,026556;82,895409
8800000;31,5;55,026556;82,895409
7160000;34,3;55,026556;82,895409
7990000;34,3;55,026556;82,895409
7160000;34,3;55,026556;82,895409
7170000;34,3;55,026556;82,895409
7180000;34,3;55,026556;82,895409
7290000;34,3;55,026556;82,895409
8000000;34,3;55,026556;82,895409
7810000;32,8;55,026556;82,895409
7830000;32,8;55,026556;82,895409
6850000;35,3;55,026556;82,895409
7000000;34,9;55,026556;82,895409
8100000;34,9;55,026556;82,895409
7520000;34,9;55,026556;82,895409
8200000;34,9;55,026556;82,895409
8210000;34,9;55,026556;82,895409
8000000;32,1;55,026556;82,895409
6970000;32,4;55,026556;82,895409
6980000;32,4;55,026556;82,895409
7820000;32,4;55,026556;82,895409
7930000;32,4;55,026556;82,895409
7800000;32,4;55,026556;82,895409
6950000;33,6;55,026556;82,895409
7030000;33,6;55,026556;82,895409
7000000;31,1;55,026556;82,895409
7140000;31,1;55,026556;82,895409
7700000;31,1;55,026556;82,895409
7350000;31,1;55,026556;82,895409
7820000;31,1;55,026556;82,895409
8130000;31,1;55,026556;82,895409
8120000;31,1;55,026556;82,895409
7830000;31,1;55,026556;82,895409
7750000;31,1;55,026556;82,895409
7350000;30,1;55,026556;82,895409
8010000;30,1;55,026556;82,895409
8000000;30,1;55,026556;82,895409
7100000;35,8;55,026556;82,895409
7120000;35,8;55,026556;82,895409
7110000;35,8;55,026556;82,895409
8550000;35;55,026556;82,895409
8800000;35;55,026556;82,895409
7180000;33,3;55,026556;82,895409
8350000;38,6;55,026556;82,895409
8400000;38,6;55,026556;82,895409
6900000;33,8;55,026556;82,895409
7080000;34,5;55,026556;82,895409
8050000;34,5;55,026556;82,895409
7320000;34,5;55,026556;82,895409
8060000;34,5;55,026556;82,895409
8150000;34,5;55,026556;82,895409
7000000;32,1;55,026556;82,895409
8740000;36,2;55,026556;82,895409
8560000;32,2;55,026556;82,895409
6900000;35;55,026556;82,895409
7890000;35;55,026556;82,895409
6980000;35;55,026556;82,895409
7980000;35;55,026556;82,895409
7990000;35;55,026556;82,895409
7900000;35;55,026556;82,895409
7070000;35;55,026556;82,895409
7080000;35;55,026556;82,895409
8000000;35;55,026556;82,895409
7050000;35;55,026556;82,895409
6850000;26,6;55,026556;82,895409
7520000;32,7;55,026556;82,895409
8260000;32,7;55,026556;82,895409
8250000;32,7;55,026556;82,895409
6950000;35,6;55,026556;82,895409
8050000;35,6;55,026556;82,895409
8150000;35,6;55,026556;82,895409
8660000;32,9;55,026556;82,895409
7200000;33,9;55,026556;82,895409
6900000;36,5;55,026556;82,895409
8200000;35,2;55,026556;82,895409
8300000;36,6;55,026556;82,895409
8900000;36,6;55,026556;82,895409
8840000;36,6;55,026556;82,895409
8400000;36,6;55,026556;82,895409
8300000;36,6;55,026556;82,895409
8940000;36,5;55,026556;82,895409
8850000;32,5;55,026556;82,895409
8980000;37;55,026556;82,895409
7180000;35,4;55,026556;82,895409
10850000;53,7;55,026556;82,895409
10300000;51,6;55,026556;82,895409
13000000;65,8;55,026556;82,895409
16000000;81,9;55,026556;82,895409
13500000;69,2;55,026556;82,895409
10500000;54,1;55,026556;82,895409
12010000;54,1;55,026556;82,895409
12030000;54,1;55,026556;82,895409
12040000;54,1;55,026556;82,895409
10580000;54,1;55,026556;82,895409
12170000;54,1;55,026556;82,895409
12050000;54,1;55,026556;82,895409
10800000;53,9;55,026556;82,895409
10810000;53,9;55,026556;82,895409
10820000;53,9;55,026556;82,895409
10830000;53,9;55,026556;82,895409
14100000;68,5;55,026556;82,895409
11900000;47;55,026556;82,895409
10990000;52,9;55,026556;82,895409
12270000;52,9;55,026556;82,895409
12280000;52,9;55,026556;82,895409
11110000;52,9;55,026556;82,895409
13000000;65,8;55,026556;82,895409
16000000;81,9;55,026556;82,895409
11830000;58,9;55,026556;82,895409
13210000;58,9;55,026556;82,895409
13220000;58,9;55,026556;82,895409
10100000;51,9;55,026556;82,895409
11900000;63,4;55,026556;82,895409
11500000;60,1;55,026556;82,895409
13030000;60,1;55,026556;82,895409
13010000;60,1;55,026556;82,895409
13050000;60,1;55,026556;82,895409
12980000;60,1;55,026556;82,895409
11650000;59,9;55,026556;82,895409
11680000;59,9;55,026556;82,895409
11660000;59,9;55,026556;82,895409
11670000;59,9;55,026556;82,895409
16200000;84,8;55,026556;82,895409
12150000;62,8;55,026556;82,895409
12180000;62,8;55,026556;82,895409
12170000;62,8;55,026556;82,895409
12160000;62,8;55,026556;82,895409
11690000;59,5;55,026556;82,895409
12000000;63;55,026556;82,895409
13580000;63;55,026556;82,895409
13630000;63;55,026556;82,895409
13620000;63;55,026556;82,895409
13640000;63;55,026556;82,895409
13600000;63;55,026556;82,895409
12080000;63;55,026556;82,895409
13650000;63;55,026556;82,895409
13610000;63;55,026556;82,895409
22500000;96,6;55,026556;82,895409
11580000;60;55,026556;82,895409
13250000;60;55,026556;82,895409
13040000;60;55,026556;82,895409
12330000;61,6;55,026556;82,895409
13820000;61,6;55,026556;82,895409
13810000;61,6;55,026556;82,895409
12190000;62,4;55,026556;82,895409
16200000;84,8;55,026556;82,895409
24000000;113,9;55,026556;82,895409
25000000;119;55,026556;82,895409
21000000;90,7;55,026556;82,895409
27800000;139,1;55,0558647;82,91445462
23000000;91,7;55,0558647;82,91445462
24500000;91,7;55,0558647;82,91445462
23400000;91,7;55,0558647;82,91445462
24000000;91;55,0558647;82,91445462
18500000;91,5;55,0558647;82,91445462
20500000;103;55,0558647;82,91445462
20500000;102,6;55,0558647;82,91445462
19200000;100,9;55,0558647;82,91445462
20540000;101,3;55,0558647;82,91445462
21500000;102,5;55,0558647;82,91445462
21500000;102,5;55,0558647;82,91445462
19500000;100,3;55,0558647;82,91445462
24702000;86,4;55,024823;82,949139
28667000;103,4;55,024823;82,949139
27957000;103;55,024823;82,949139
27464000;103,2;55,024823;82,949139
15785000;71,2;55,024823;82,949139
15893000;71,2;55,024823;82,949139
31199000;119,2;55,024823;82,949139
13995000;63,7;55,024823;82,949139
16491000;71,8;55,024823;82,949139
23805000;86,4;55,024823;82,949139
27295000;103,3;55,024823;82,949139
23123000;80,9;55,024823;82,949139
32027000;118,7;55,024823;82,949139
27958000;102,9;55,024823;82,949139
25466000;112,5;55,024823;82,949139
25161000;112,2;55,024823;82,949139
18000000;82,87;55,04789;82,92403
17190000;82,89;55,04789;82,92403
27440000;140;55,048204;82,926263
35110000;341,3;55,048131;82,925386
35000000;127,8;55,04638;82,931029
6590000;33,52;55,0307;82,88865
6670000;33,52;55,0307;82,88865
6870000;33,52;55,0307;82,88865
6590000;33,58;55,0307;82,88865
6870000;33,58;55,0307;82,88865
6790000;33,58;55,0307;82,88865
6890000;33,58;55,0307;82,88865
6670000;33,58;55,0307;82,88865
8440000;41,67;55,0307;82,88865
8490000;41,67;55,0307;82,88865
8570000;41,67;55,0307;82,88865
6190000;30,25;55,0307;82,88865
6470000;30,25;55,0307;82,88865
15960000;98,8;55,030425;82,889261
6390000;29,85;55,0307;82,88865
6490000;29,85;55,0307;82,88865
6070000;30,38;55,0307;82,88865
6190000;30,38;55,0307;82,88865
6270000;30,38;55,0307;82,88865
6490000;30,38;55,0307;82,88865
6270000;27,96;55,0307;82,88865
6490000;27,96;55,0307;82,88865
6590000;27,96;55,0307;82,88865
6790000;27,96;55,0307;82,88865
8690000;46,96;55,0307;82,88865
9990000;46,96;55,0307;82,88865
10070000;46,96;55,0307;82,88865
9670000;46,96;55,0307;82,88865
8970000;46,96;55,0307;82,88865
8590000;42,61;55,0307;82,88865
8770000;42,61;55,0307;82,88865
11570000;56,07;55,0307;82,88865
10770000;46,93;55,0307;82,88865
10790000;46,93;55,0307;82,88865
8570000;40,22;55,0307;82,88865
8970000;40,22;55,0307;82,88865
9390000;41,76;55,0307;82,88865
9190000;41,66;55,0307;82,88865
9970000;44;55,030425;82,889261
9490000;41,68;55,0307;82,88865
9490000;53,46;55,0307;82,88865
10670000;53,46;55,0307;82,88865
10470000;53,46;55,0307;82,88865
10390000;53,46;55,0307;82,88865
10170000;53,46;55,0307;82,88865
9790000;53,46;55,0307;82,88865
10190000;53,46;55,0307;82,88865
10890000;52,63;55,0307;82,88865
11690000;52,63;55,0307;82,88865
11790000;52,63;55,0307;82,88865
12190000;52,63;55,0307;82,88865
11490000;52,63;55,0307;82,88865
12070000;60,83;55,0307;82,88865
12390000;62,66;55,0307;82,88865
12990000;62,66;55,0307;82,88865
12390000;61,27;55,0307;82,88865
9770000;58,17;55,0307;82,88865
10370000;58,17;55,0307;82,88865
10290000;58,17;55,0307;82,88865
10390000;58,17;55,0307;82,88865
10170000;58,17;55,0307;82,88865
9970000;58,17;55,0307;82,88865
10470000;58,17;55,0307;82,88865
10590000;59,64;55,0307;82,88865
10870000;59,64;55,0307;82,88865
10990000;59,64;55,0307;82,88865
11170000;59,64;55,0307;82,88865
10790000;59,64;55,0307;82,88865
10870000;59,64;55,0307;82,88865
9490000;54,17;55,0307;82,88865
10590000;54,17;55,0307;82,88865
10470000;54,17;55,0307;82,88865
10510000;54,17;55,0307;82,88865
9990000;54,17;55,0307;82,88865
10270000;54,17;55,0307;82,88865
9690000;54,17;55,0307;82,88865
8990000;48,1;55,0307;82,88865
9870000;48,1;55,0307;82,88865
9590000;48,1;55,0307;82,88865
9270000;48,1;55,0307;82,88865
9190000;48,1;55,0307;82,88865
12790000;57,3;55,030425;82,889261
11770000;54,68;55,0307;82,88865
11890000;54,68;55,0307;82,88865
11990000;54,68;55,0307;82,88865
12170000;54,68;55,0307;82,88865
13270000;61,6;55,030425;82,889261
14960000;93,4;55,030425;82,889261
15870000;82,97;55,0307;82,88865
12470000;74,54;55,0307;82,88865
13370000;74,54;55,0307;82,88865
13290000;74,54;55,0307;82,88865
12870000;74,54;55,0307;82,88865
13190000;74,54;55,0307;82,88865
12690000;74,54;55,0307;82,88865
13390000;74,54;55,0307;82,88865
16290000;93,5;55,030425;82,889261
15190000;92,7;55,030425;82,889261
16870000;75,92;55,0307;82,88865
17090000;75,92;55,0307;82,88865
16570000;95,6;55,030425;82,889261
11870000;66,59;55,0307;82,88865
12690000;66,59;55,0307;82,88865
12190000;66,59;55,0307;82,88865
12490000;66,59;55,0307;82,88865
11990000;66,59;55,0307;82,88865
12170000;66,59;55,0307;82,88865
14570000;76,15;55,0307;82,88865
15290000;76,15;55,0307;82,88865
13690000;83;55,0307;82,88865
14270000;83;55,0307;82,88865
14170000;83;55,0307;82,88865
14390000;83;55,0307;82,88865
14970000;83;55,0307;82,88865
14490000;83;55,0307;82,88865
13890000;83;55,0307;82,88865
14570000;83;55,0307;82,88865
12570000;72,93;55,0307;82,88865
13070000;72,93;55,0307;82,88865
13370000;72,93;55,0307;82,88865
13490000;72,93;55,0307;82,88865
13590000;72,93;55,0307;82,88865
13470000;72,93;55,0307;82,88865
12890000;72,93;55,0307;82,88865
12970000;72,93;55,0307;82,88865
12590000;74,74;55,0307;82,88865
12670000;74,74;55,0307;82,88865
13190000;74,74;55,0307;82,88865
12990000;74,74;55,0307;82,88865
13090000;74,74;55,0307;82,88865
12890000;74,74;55,0307;82,88865
12790000;74,74;55,0307;82,88865
10990000;59,64;55,0307;82,88865
26490000;127,88;55,0307;82,88865
17170000;75,92;55,0307;82,88865
11290000;56,01;55,0307;82,88865
23890000;113,06;55,0307;82,88865
24390000;113,06;55,0307;82,88865
15700000;96,2;55,030425;82,889261
15830000;96;55,030425;82,889261
6060000;33,4;55,1147;82,98
5100000;27,4;55,11471;82,979129
5210000;27,5;55,1147;82,98
5260000;27,5;55,1147;82,98
5260000;27,5;55,1147;82,98
5260000;27,5;55,1147;82,98
5260000;27,5;55,1147;82,98
5260000;27,5;55,1147;82,98
5260000;27,5;55,1147;82,98
5260000;27,5;55,1147;82,98
6060000;33,5;55,1147;82,98
6060000;33,5;55,1147;82,98
6060000;33,5;55,1147;82,98
6060000;33,5;55,1147;82,98
7510000;33,5;55,1147;82,98
6910000;46,2;55,1147;82,98
6960000;46,2;55,1147;82,98
6960000;46,2;55,1147;82,98
6960000;46,2;55,1147;82,98
6910000;46,2;55,1147;82,98
6910000;46,2;55,1147;82,98
6710000;39,8;55,1147;82,98
6960000;46,1;55,1147;82,98
7877000;54,6;55,1147;82,98
8170000;54,6;55,1147;82,98
8170000;54,6;55,1147;82,98
8170000;54,6;55,1147;82,98
6960000;47,5;55,1147;82,98
7370000;45,8;55,1147;82,98
7370000;45,8;55,1147;82,98
7370000;45,8;55,1147;82,98
7370000;45,8;55,1147;82,98
7370000;45,8;55,1147;82,98
7370000;45,8;55,1147;82,98
7370000;45,8;55,1147;82,98
7370000;45,8;55,1147;82,98
7370000;45,8;55,1147;82,98
7370000;45,8;55,1147;82,98
7370000;45,8;55,1147;82,98
7370000;45,8;55,1147;82,98
7370000;45,8;55,1147;82,98
7370000;45,8;55,1147;82,98
6640000;40,9;55,1147;82,98
7500000;40,9;55,1147;82,98
6960000;47,6;55,1147;82,98
6960000;47,6;55,1147;82,98
6960000;47,6;55,1147;82,98
6960000;47,6;55,1147;82,98
6960000;47,6;55,1147;82,98
6960000;47,6;55,1147;82,98
8780000;58,6;55,1147;82,98
8560000;68,2;55,113721;82,979552
8420000;56,8;55,1147;82,98
8470000;56,8;55,1147;82,98
8470000;56,8;55,1147;82,98
8420000;56,8;55,1147;82,98
8420000;56,8;55,1147;82,98
8420000;56,8;55,1147;82,98
8170000;54,5;55,1147;82,98
9030000;66,1;55,1147;82,98
8510000;56,7;55,1147;82,98
8510000;56,7;55,1147;82,98
8510000;56,7;55,1147;82,98
8510000;56,7;55,1147;82,98
8510000;56,7;55,1147;82,98
6940000;41,5;55,1147;82,98
6940000;41,5;55,1147;82,98
6940000;41,5;55,1147;82,98
6940000;41,5;55,1147;82,98
6940000;41,5;55,1147;82,98
6940000;41,5;55,1147;82,98
6940000;41,5;55,1147;82,98
6940000;41,5;55,1147;82,98
6940000;41,5;55,1147;82,98
6940000;41,5;55,1147;82,98
6940000;41,5;55,1147;82,98
9030000;66,3;55,1147;82,98
9030000;66,3;55,1147;82,98
9030000;66,3;55,1147;82,98
9030000;66,3;55,1147;82,98
9030000;66,3;55,1147;82,98
9030000;66,3;55,1147;82,98
9030000;66,3;55,1147;82,98
9030000;66,3;55,1147;82,98
9030000;66,3;55,1147;82,98
9030000;66,3;55,1147;82,98
9030000;66,3;55,1147;82,98
6790000;46,1;55,1147;82,98
6790000;46,1;55,1147;82,98
6790000;46,1;55,1147;82,98
6790000;46,2;55,1147;82,98
6790000;46,2;55,1147;82,98
6790000;46,2;55,1147;82,98
6790000;46,2;55,1147;82,98
6790000;46,2;55,1147;82,98
8780000;58,8;55,1147;82,98
8780000;58,8;55,1147;82,98
8780000;58,8;55,1147;82,98
8780000;58,8;55,1147;82,98
8780000;58,8;55,1147;82,98
8780000;58,8;55,1147;82,98
6790000;46,7;55,1147;82,98
9700000;73,9;55,1147;82,98
8620000;58,7;55,1147;82,98
8620000;58,7;55,1147;82,98
8620000;58,7;55,1147;82,98
8620000;58,7;55,1147;82,98
8620000;58,7;55,1147;82,98
8620000;58,7;55,1147;82,98
8620000;58,7;55,1147;82,98
10760000;81,8;55,113721;82,979552
8900000;67,3;55,11471;82,979129
9690000;73,8;55,1147;82,98
9690000;73,8;55,1147;82,98
9690000;73,8;55,1147;82,98
9690000;73,8;55,1147;82,98
9990000;81,5;55,113721;82,979552
10810000;82,3;55,113721;82,979552
9150000;64,8;55,113721;82,979552
5913000;42,19;54,94793342;82,96618823
5913000;42,19;54,94793342;82,96618823
5930900;42,19;54,94793342;82,96618823
5930900;42,19;54,94793342;82,96618823
5948800;42,19;54,94793342;82,96618823
5948800;42,19;54,94793342;82,96618823
5966700;42,19;54,94793342;82,96618823
5966700;42,19;54,94793342;82,96618823
6002500;42,19;54,94793342;82,96618823
6002500;42,19;54,94793342;82,96618823
6020500;42,19;54,94793342;82,96618823
6020500;42,19;54,94793342;82,96618823
5497700;46,16;54,94715946;82,96483117
5497700;46,16;54,94715946;82,96483117
5516900;46,16;54,94715946;82,96483117
5516900;46,16;54,94715946;82,96483117
5536200;46,16;54,94715946;82,96483117
5536200;46,16;54,94715946;82,96483117
5555600;46,16;54,94715946;82,96483117
5555600;46,16;54,94715946;82,96483117
5575000;46,16;54,94715946;82,96483117
5575000;46,16;54,94715946;82,96483117
5594500;46,16;54,94715946;82,96483117
5594500;46,16;54,94715946;82,96483117
5614100;46,16;54,94715946;82,96483117
5614100;46,16;54,94715946;82,96483117
5633800;46,16;54,94715946;82,96483117
5633800;46,16;54,94715946;82,96483117
5713100;46,16;54,94715946;82,96483117
5713100;46,16;54,94715946;82,96483117
5653500;46,16;54,94715946;82,96483117
5653500;46,16;54,94715946;82,96483117
5673300;46,16;54,94715946;82,96483117
5673300;46,16;54,94715946;82,96483117
5693100;46,16;54,94715946;82,96483117
5693100;46,16;54,94715946;82,96483117
5733100;46,16;54,94715946;82,96483117
5733100;46,16;54,94715946;82,96483117
5753100;46,16;54,94715946;82,96483117
5753100;46,16;54,94715946;82,96483117
5773300;46,16;54,94715946;82,96483117
5497700;46,16;54,94715946;82,96483117
5497700;46,16;54,94715946;82,96483117
5516900;46,16;54,94715946;82,96483117
5516900;46,16;54,94715946;82,96483117
5536200;46,16;54,94715946;82,96483117
5536200;46,16;54,94715946;82,96483117
5555600;46,16;54,94715946;82,96483117
5555600;46,16;54,94715946;82,96483117
5575000;46,16;54,94715946;82,96483117
5575000;46,16;54,94715946;82,96483117
5594500;46,16;54,94715946;82,96483117
5594500;46,16;54,94715946;82,96483117
5614100;46,16;54,94715946;82,96483117
5614100;46,16;54,94715946;82,96483117
5633800;46,16;54,94715946;82,96483117
5633800;46,16;54,94715946;82,96483117
5653500;46,16;54,94715946;82,96483117
5653500;46,16;54,94715946;82,96483117
5673300;46,16;54,94715946;82,96483117
5673300;46,16;54,94715946;82,96483117
5693100;46,16;54,94715946;82,96483117
5693100;46,16;54,94715946;82,96483117
5713100;46,16;54,94715946;82,96483117
5713100;46,16;54,94715946;82,96483117
5733100;46,16;54,94715946;82,96483117
5733100;46,16;54,94715946;82,96483117
5753100;46,16;54,94715946;82,96483117
5753100;46,16;54,94715946;82,96483117
5773300;46,16;54,94715946;82,96483117
5496500;46,15;54,94715946;82,96483117
5515700;46,15;54,94715946;82,96483117
5535000;46,15;54,94715946;82,96483117
5554400;46,15;54,94715946;82,96483117
5573800;46,15;54,94715946;82,96483117
5593300;46,15;54,94715946;82,96483117
5612900;46,15;54,94715946;82,96483117
5632600;46,15;54,94715946;82,96483117
5652300;46,15;54,94715946;82,96483117
5672000;46,15;54,94715946;82,96483117
5691900;46,15;54,94715946;82,96483117
5711800;46,15;54,94715946;82,96483117
5731800;46,15;54,94715946;82,96483117
5751900;46,15;54,94715946;82,96483117
5772000;46,15;54,94715946;82,96483117
5496500;46,15;54,94715946;82,96483117
5515700;46,15;54,94715946;82,96483117
5535000;46,15;54,94715946;82,96483117
5573800;46,15;54,94715946;82,96483117
5593300;46,15;54,94715946;82,96483117
5612900;46,15;54,94715946;82,96483117
5632600;46,15;54,94715946;82,96483117
5652300;46,15;54,94715946;82,96483117
5672000;46,15;54,94715946;82,96483117
5691900;46,15;54,94715946;82,96483117
5711800;46,15;54,94715946;82,96483117
5731800;46,15;54,94715946;82,96483117
5751900;46,15;54,94715946;82,96483117
5772000;46,15;54,94715946;82,96483117
5554400;46,15;54,94715946;82,96483117
5766800;48,42;54,94715946;82,96483117
5787000;48,42;54,94715946;82,96483117
5807300;48,42;54,94715946;82,96483117
5827600;48,42;54,94715946;82,96483117
5848000;48,42;54,94715946;82,96483117
5868500;48,42;54,94715946;82,96483117
5889000;48,42;54,94715946;82,96483117
5909600;48,42;54,94715946;82,96483117
5930300;48,42;54,94715946;82,96483117
5951000;48,42;54,94715946;82,96483117
5971900;48,42;54,94715946;82,96483117
5992800;48,42;54,94715946;82,96483117
6013700;48,42;54,94715946;82,96483117
6034800;48,42;54,94715946;82,96483117
6055900;48,42;54,94715946;82,96483117
5939800;42,59;54,94793342;82,96618823
5957800;42,59;54,94793342;82,96618823
5975700;42,59;54,94793342;82,96618823
6029700;42,59;54,94793342;82,96618823
6047600;42,59;54,94793342;82,96618823
5346400;44,89;54,94715946;82,96483117
5346400;44,89;54,94715946;82,96483117
5346400;44,89;54,94715946;82,96483117
5365100;44,89;54,94715946;82,96483117
5365100;44,89;54,94715946;82,96483117
5365100;44,89;54,94715946;82,96483117
5383900;44,89;54,94715946;82,96483117
5383900;44,89;54,94715946;82,96483117
5383900;44,89;54,94715946;82,96483117
5402700;44,89;54,94715946;82,96483117
5402700;44,89;54,94715946;82,96483117
5402700;44,89;54,94715946;82,96483117
5421600;44,89;54,94715946;82,96483117
5421600;44,89;54,94715946;82,96483117
5421600;44,89;54,94715946;82,96483117
5440600;44,89;54,94715946;82,96483117
5440600;44,89;54,94715946;82,96483117
5440600;44,89;54,94715946;82,96483117
5459700;44,89;54,94715946;82,96483117
5459700;44,89;54,94715946;82,96483117
5459700;44,89;54,94715946;82,96483117
5478800;44,89;54,94715946;82,96483117
5478800;44,89;54,94715946;82,96483117
5478800;44,89;54,94715946;82,96483117
5497900;44,89;54,94715946;82,96483117
5497900;44,89;54,94715946;82,96483117
5497900;44,89;54,94715946;82,96483117
5517200;44,89;54,94715946;82,96483117
5517200;44,89;54,94715946;82,96483117
5517200;44,89;54,94715946;82,96483117
5536500;44,89;54,94715946;82,96483117
5536500;44,89;54,94715946;82,96483117
5536500;44,89;54,94715946;82,96483117
5555900;44,89;54,94715946;82,96483117
5555900;44,89;54,94715946;82,96483117
5575300;44,89;54,94715946;82,96483117
5575300;44,89;54,94715946;82,96483117
5575300;44,89;54,94715946;82,96483117
5594800;44,89;54,94715946;82,96483117
5594800;44,89;54,94715946;82,96483117
5555900;44,89;54,94715946;82,96483117
5594800;44,89;54,94715946;82,96483117
5614400;44,89;54,94715946;82,96483117
5614400;44,89;54,94715946;82,96483117
5614400;44,89;54,94715946;82,96483117
5346400;44,89;54,94715946;82,96483117
5346400;44,89;54,94715946;82,96483117
5346400;44,89;54,94715946;82,96483117
5365100;44,89;54,94715946;82,96483117
5365100;44,89;54,94715946;82,96483117
5365100;44,89;54,94715946;82,96483117
5383900;44,89;54,94715946;82,96483117
5383900;44,89;54,94715946;82,96483117
5383900;44,89;54,94715946;82,96483117
5402700;44,89;54,94715946;82,96483117
5402700;44,89;54,94715946;82,96483117
5402700;44,89;54,94715946;82,96483117
5421600;44,89;54,94715946;82,96483117
5421600;44,89;54,94715946;82,96483117
5421600;44,89;54,94715946;82,96483117
5440600;44,89;54,94715946;82,96483117
5440600;44,89;54,94715946;82,96483117
5440600;44,89;54,94715946;82,96483117
5459700;44,89;54,94715946;82,96483117
5459700;44,89;54,94715946;82,96483117
5459700;44,89;54,94715946;82,96483117
5478800;44,89;54,94715946;82,96483117
5478800;44,89;54,94715946;82,96483117
5478800;44,89;54,94715946;82,96483117
5497900;44,89;54,94715946;82,96483117
5497900;44,89;54,94715946;82,96483117
5497900;44,89;54,94715946;82,96483117
5517200;44,89;54,94715946;82,96483117
5517200;44,89;54,94715946;82,96483117
5517200;44,89;54,94715946;82,96483117
5536500;44,89;54,94715946;82,96483117
5536500;44,89;54,94715946;82,96483117
5536500;44,89;54,94715946;82,96483117
5555900;44,89;54,94715946;82,96483117
5555900;44,89;54,94715946;82,96483117
5555900;44,89;54,94715946;82,96483117
5575300;44,89;54,94715946;82,96483117
5575300;44,89;54,94715946;82,96483117
5575300;44,89;54,94715946;82,96483117
5594800;44,89;54,94715946;82,96483117
5594800;44,89;54,94715946;82,96483117
5594800;44,89;54,94715946;82,96483117
5614400;44,89;54,94715946;82,96483117
5614400;44,89;54,94715946;82,96483117
5614400;44,89;54,94715946;82,96483117
5774500;46,17;54,94715946;82,96483117
5774500;46,17;54,94715946;82,96483117
5869100;42,39;54,94793342;82,96618823
5887100;42,39;54,94793342;82,96618823
5923000;42,39;54,94793342;82,96618823
6037200;42,39;54,94793342;82,96618823
6022900;42,29;54,94793342;82,96618823
6022900;42,29;54,94793342;82,96618823
5841200;42,79;54,94793342;82,96618823
5895400;42,79;54,94793342;82,96618823
5913500;42,79;54,94793342;82,96618823
5931700;42,79;54,94793342;82,96618823
5949600;42,79;54,94793342;82,96618823
5859300;42,79;54,94793342;82,96618823
5877300;42,79;54,94793342;82,96618823
5925800;42,49;54,94793342;82,96618823
5943700;42,49;54,94793342;82,96618823
5943700;42,49;54,94793342;82,96618823
5961700;42,49;54,94793342;82,96618823
5961700;42,49;54,94793342;82,96618823
5979600;42,49;54,94793342;82,96618823
5979600;42,49;54,94793342;82,96618823
6015500;42,49;54,94793342;82,96618823
6033500;42,49;54,94793342;82,96618823
6033500;42,49;54,94793342;82,96618823
6015500;42,49;54,94793342;82,96618823
5827600;42,69;54,94793342;82,96618823
5881700;42,69;54,94793342;82,96618823
5899700;42,69;54,94793342;82,96618823
5899700;42,69;54,94793342;82,96618823
5917700;42,69;54,94793342;82,96618823
5935700;42,69;54,94793342;82,96618823
5845600;42,69;54,94793342;82,96618823
5863600;42,69;54,94793342;82,96618823
5863600;42,69;54,94793342;82,96618823
5917700;42,69;54,94793342;82,96618823
5935700;42,69;54,94793342;82,96618823
6009700;41,99;54,94793342;82,96618823
6009700;41,99;54,94793342;82,96618823
7171600;62,09;54,94715946;82,96483117
7196700;62,09;54,94715946;82,96483117
7221900;62,09;54,94715946;82,96483117
7272500;62,09;54,94715946;82,96483117
7298000;62,09;54,94715946;82,96483117
7323500;62,09;54,94715946;82,96483117
7349100;62,09;54,94715946;82,96483117
7374900;62,09;54,94715946;82,96483117
7400700;62,09;54,94715946;82,96483117
7426600;62,09;54,94715946;82,96483117
7452600;62,09;54,94715946;82,96483117
7478600;62,09;54,94715946;82,96483117
7247100;62,09;54,94715946;82,96483117
6871300;59,49;54,94715946;82,96483117
6895300;59,49;54,94715946;82,96483117
6919400;59,49;54,94715946;82,96483117
6943700;59,49;54,94715946;82,96483117
6968000;59,49;54,94715946;82,96483117
6992400;59,49;54,94715946;82,96483117
7016800;59,49;54,94715946;82,96483117
7041400;59,49;54,94715946;82,96483117
7090800;59,49;54,94715946;82,96483117
7115600;59,49;54,94715946;82,96483117
7140500;59,49;54,94715946;82,96483117
7066000;59,49;54,94715946;82,96483117
7165500;59,49;54,94715946;82,96483117
7767000;67,25;54,94715946;82,96483117
7794200;67,25;54,94715946;82,96483117
7821500;67,25;54,94715946;82,96483117
7848800;67,25;54,94715946;82,96483117
7876300;67,25;54,94715946;82,96483117
7903900;67,25;54,94715946;82,96483117
7931500;67,25;54,94715946;82,96483117
7959300;67,25;54,94715946;82,96483117
7987100;67,25;54,94715946;82,96483117
8015100;67,25;54,94715946;82,96483117
8043200;67,25;54,94715946;82,96483117
8071300;67,25;54,94715946;82,96483117
8099600;67,25;54,94715946;82,96483117
8127900;67,25;54,94715946;82,96483117
7310600;63,52;54,94715946;82,96483117
7591200;62,81;54,94715946;82,96483117
7745700;67,3;54,94715946;82,96483117
7445600;61,6;54,94715946;82,96483117
7284800;63,07;54,94715946;82,96483117
7310300;63,07;54,94715946;82,96483117
7335800;63,07;54,94715946;82,96483117
7361500;63,07;54,94715946;82,96483117
7387300;63,07;54,94715946;82,96483117
7413100;63,07;54,94715946;82,96483117
7439100;63,07;54,94715946;82,96483117
7465100;63,07;54,94715946;82,96483117
7491300;63,07;54,94715946;82,96483117
7517500;63,07;54,94715946;82,96483117
7543800;63,07;54,94715946;82,96483117
7570200;63,07;54,94715946;82,96483117
7596700;63,07;54,94715946;82,96483117
6912900;60,06;54,94715946;82,96483117
8262900;59,89;54,94793342;82,96618823
8288800;59,89;54,94793342;82,96618823
7131300;59;54,94715946;82,96483117
8134700;60,29;54,94793342;82,96618823
8160500;60,29;54,94793342;82,96618823
8263900;60,29;54,94793342;82,96618823
8262200;60,09;54,94793342;82,96618823
7194300;62,51;54,94715946;82,96483117
9118900;74,8;54,94841687;82,96734314
7269800;66,7;54,94715946;82,96483117
7295200;66,7;54,94715946;82,96483117
7346400;66,7;54,94715946;82,96483117
7320700;66,7;54,94715946;82,96483117
7372100;66,7;54,94715946;82,96483117
7397900;66,7;54,94715946;82,96483117
7423800;66,7;54,94715946;82,96483117
7449700;66,7;54,94715946;82,96483117
7475800;66,7;54,94715946;82,96483117
7502000;66,7;54,94715946;82,96483117
7528200;66,7;54,94715946;82,96483117
7554600;66,7;54,94715946;82,96483117
7581000;66,7;54,94715946;82,96483117
7607600;66,7;54,94715946;82,96483117
7634200;66,7;54,94715946;82,96483117
8482900;77,83;54,94715946;82,96483117
7309400;66,83;54,94715946;82,96483117
7335000;66,83;54,94715946;82,96483117
7360700;66,83;54,94715946;82,96483117
7386400;66,83;54,94715946;82,96483117
7412300;66,83;54,94715946;82,96483117
7438200;66,83;54,94715946;82,96483117
7464300;66,83;54,94715946;82,96483117
7490400;66,83;54,94715946;82,96483117
7516600;66,83;54,94715946;82,96483117
7569300;66,83;54,94715946;82,96483117
7595800;66,83;54,94715946;82,96483117
7622400;66,83;54,94715946;82,96483117
7649100;66,83;54,94715946;82,96483117
9322100;72,99;54,94793342;82,96618823
9379500;72,99;54,94793342;82,96618823
9468300;72,99;54,94793342;82,96618823
9380600;72,99;54,94793342;82,96618823
9527500;72,99;54,94793342;82,96618823
9439200;72,99;54,94793342;82,96618823
9556900;72,99;54,94793342;82,96618823
9468400;72,99;54,94793342;82,96618823
9586500;72,99;54,94793342;82,96618823
9497600;72,99;54,94793342;82,96618823
9438700;72,99;54,94793342;82,96618823
9351300;72,99;54,94793342;82,96618823
8842900;77,26;54,94715946;82,96483117
9199500;73,19;54,94793342;82,96618823
9344800;73,19;54,94793342;82,96618823
9374500;73,19;54,94793342;82,96618823
7289400;66,88;54,94715946;82,96483117
8476500;77,5;54,94715946;82,96483117
8506200;77,5;54,94715946;82,96483117
8536000;77,5;54,94715946;82,96483117
8565800;77,5;54,94715946;82,96483117
8595800;77,5;54,94715946;82,96483117
8625900;77,5;54,94715946;82,96483117
8656100;77,5;54,94715946;82,96483117
8686400;77,5;54,94715946;82,96483117
8716800;77,5;54,94715946;82,96483117
8747300;77,5;54,94715946;82,96483117
8777900;77,5;54,94715946;82,96483117
8808600;77,5;54,94715946;82,96483117
8839500;77,5;54,94715946;82,96483117
9991575;54,5;54,99435;82,9596
6813280;34,58;54,99435;82,9596
6918640;34,58;54,99435;82,9596
8255020;43,22;54,99491;82,96037
8618760;48,42;54,99435;82,9596
6281000;31,04;54,99435;82,9596
10515960;55,64;54,99491;82,96037
6396975;32,26;54,99435;82,9596
6462585;32,26;54,99435;82,9596
6462585;32,26;54,99435;82,9596
9332400;56,28;54,99491;82,96037
8984720;47,56;54,99435;82,9596
7051080;34,53;54,99435;82,9596
7399758;35,61;54,99491;82,96037
7176900;37,81;54,99435;82,9596
6275000;30,83;54,99435;82,9596
8694330;47,23;54,99491;82,96037
7562000;37,63;54,99435;82,9596
6729600;34,69;54,99435;82,9596
8389730;46,41;54,99491;82,96037
8577210;46,41;54,99491;82,96037
8943300;46,63;54,99491;82,96037
6216335;31,01;54,99435;82,9596
6247890;31,01;54,99435;82,9596
6314415;30,87;54,99435;82,9596
6345830;30,87;54,99435;82,9596
8933340;52,86;54,99491;82,96037
9771300;53,76;54,99435;82,9596
7998500;42,22;54,99491;82,96037
8198400;42,26;54,99491;82,96037
10238130;53,84;54,99435;82,9596
8711530;47,6;54,99435;82,9596
8904050;47,6;54,99435;82,9596
6461000;31,76;54,99435;82,9596
6461000;31,76;54,99435;82,9596
6557915;31,76;54,99435;82,9596
6525610;31,76;54,99435;82,9596
6590220;31,76;54,99435;82,9596
6115205;31,17;54,99435;82,9596
7663250;37,2;54,99435;82,9596
7663250;37,2;54,99435;82,9596
10237440;54,49;54,99435;82,9596
7579710;37,34;54,99435;82,9596
6133310;31,07;54,99435;82,9596
10077810;54,52;54,99435;82,9596
10132880;54,52;54,99435;82,9596
6701300;34,91;54,99435;82,9596
11028500;62,54;54,99435;82,9596
11510370;64,12;54,99435;82,9596
12500100;73,07;54,99491;82,96037
12794220;73,07;54,99491;82,96037
12053250;67,84;54,99491;82,96037
11613000;73,5;54,99491;82,96037
11318170;62,75;54,99435;82,9596
11930685;66,86;54,99435;82,9596
12132900;66,86;54,99435;82,9596
11998090;66,86;54,99435;82,9596
13172000;72,93;54,99435;82,9596
13172000;72,93;54,99435;82,9596
13172000;72,93;54,99435;82,9596
12632060;77,26;54,99491;82,96037
12788980;77,26;54,99491;82,96037
11261280;63,21;54,99435;82,9596
11109405;62,29;54,99435;82,9596
11596830;71,26;54,99491;82,96037
11884950;71,26;54,99491;82,96037
12056040;74,04;54,99491;82,96037
12156320;68,54;54,99435;82,9596
12534340;68,54;54,99435;82,9596
12362635;68,54;54,99435;82,9596
12294460;68,54;54,99435;82,9596
12156320;68,54;54,99435;82,9596
12225390;68,54;54,99435;82,9596
9940620;57,13;54,99435;82,9596
24999888;146,45;54,99491;82,96037
10826865;62,84;54,99435;82,9596
12605120;70,55;54,99435;82,9596
12676740;70,55;54,99435;82,9596
12605120;70,55;54,99435;82,9596
12605120;70,55;54,99435;82,9596
13105080;72,97;54,99435;82,9596
13105080;72,97;54,99435;82,9596
13105080;72,97;54,99435;82,9596
13210200;72,85;54,99435;82,9596
11995200;71,23;54,99491;82,96037
24149400;141,28;54,99491;82,96037
10980270;62,63;54,99435;82,9596
11107360;62,63;54,99435;82,9596
10980270;62,63;54,99435;82,9596
10980270;62,63;54,99435;82,9596
11106480;62,63;54,99435;82,9596
11043375;62,63;54,99435;82,9596
11043375;62,63;54,99435;82,9596
10923220;62,82;54,99435;82,9596
12349680;73,51;54,99491;82,96037
9894430;53,84;54,99435;82,9596
10111890;53,84;54,99435;82,9596
9948795;53,84;54,99435;82,9596
9716400;53,51;54,99435;82,9596
9824360;53,51;54,99435;82,9596
9770380;53,51;54,99435;82,9596
9716400;53,51;54,99435;82,9596
11072250;62,07;54,99435;82,9596
12196560;67,21;54,99435;82,9596
10998626;63,25;54,99435;82,9596
11405880;61,93;54,99435;82,9596
11860880;67,25;54,99435;82,9596
11001070;63,23;54,99435;82,9596
11157930;62,21;54,99435;82,9596
12284250;74,06;54,99491;82,96037
10637440;60,44;54,99435;82,9596
9739800;53,79;54,99435;82,9596
10778850;62,93;54,99435;82,9596
11661480;67,02;54,99435;82,9596
11823875;67,02;54,99435;82,9596
11688745;67,02;54,99435;82,9596
11688745;67,02;54,99435;82,9596
11823875;67,02;54,99435;82,9596
10500300;56,49;54,99435;82,9596
10558635;56,49;54,99435;82,9596
13041600;73,03;54,99435;82,9596
10885860;63,66;54,99435;82,9596
9714330;53,8;54,99435;82,9596
11458095;64,19;54,99435;82,9596
10821735;62,81;54,99435;82,9596
10948305;62,81;54,99435;82,9596
10885020;62,81;54,99435;82,9596
10885020;62,81;54,99435;82,9596
10948305;62,81;54,99435;82,9596
12228600;67,61;54,99435;82,9596
12640800;67,61;54,99435;82,9596
12366000;67,61;54,99435;82,9596
12158080;68,06;54,99435;82,9596
12194780;67,42;54,99435;82,9596
12110000;68,18;54,99435;82,9596
18215070;101,86;54,99435;82,9596
12131000;68,3;54,99435;82,9596
16160200;94,17;54,99491;82,96037
18216840;96,89;54,99435;82,9596
12299800;68,08;54,99435;82,9596
15966720;82,63;54,99435;82,9596
16870140;88,21;54,99435;82,9596
16595800;97;54,99491;82,96037
11865480;65,19;54,99435;82,9596
11932140;65,19;54,99435;82,9596
15679950;94,14;54,99491;82,96037
15778300;94,16;54,99491;82,96037
17995250;101,78;54,99435;82,9596
18726045;107,78;54,99435;82,9596
25743100;148,59;54,99435;82,9596
20337240;118,03;54,99435;82,9596
5355000;45,07;54,965461;82,954749
5800000;43,18;54,965461;82,954749
6781600;39,2;55,09287;82,954285
8798700;63,3;55,09287;82,954285
8798700;63,3;55,09287;82,954285
8798700;63,3;55,09287;82,954285
7672800;55,6;55,09287;82,954285
7962600;57,7;55,09287;82,954285
7888000;54,4;55,09287;82,954285
7888000;54,4;55,09287;82,954285
7888000;54,4;55,09287;82,954285
7590000;55;55,09287;82,954285
8804400;63,8;55,09287;82,954285
9349350;69,9;55,09287;82,954285
9716100;69,9;55,09287;82,954285
8770900;63,1;55,09287;82,954285
8770900;63,1;55,09287;82,954285
11424000;84;55,09287;82,954285
11410400;83,9;55,09287;82,954285
11301600;83,1;55,09287;82,954285
11981600;88,1;55,09287;82,954285
10781900;78,7;55,09287;82,954285
11682400;85,9;55,09287;82,954285
13173600;99,8;55,09287;82,954285
7598300;41,1;55,014458;82,942926
7598300;41,1;55,014458;82,942926
8022100;39,2;55,014458;82,942926
8214200;39,2;55,014458;82,942926
8262100;39,2;55,014458;82,942926
8358000;39,2;55,014458;82,942926
8406000;39,2;55,014458;82,942926
8070100;39,2;55,014458;82,942926
8310200;39,2;55,014458;82,942926
8262100;39,2;55,014458;82,942926
8310200;39,2;55,014458;82,942926
8358000;39,2;55,014458;82,942926
8406000;39,2;55,014458;82,942926
8070100;39,2;55,014458;82,942926
8214200;39,2;55,014458;82,942926
8022100;39,2;55,014458;82,942926
7966500;39,4;55,014458;82,942926
7966500;39,4;55,014458;82,942926
10222500;56,1;55,014458;82,942926
10222500;56,1;55,014458;82,942926
9492400;49,7;55,014458;82,942926
9638500;49,7;55,014458;82,942926
9659900;49,7;55,014458;82,942926
9681400;49,7;55,014458;82,942926
9702700;49,7;55,014458;82,942926
9492400;49,7;55,014458;82,942926
9595900;49,7;55,014458;82,942926
9617300;49,7;55,014458;82,942926
9681400;49,7;55,014458;82,942926
9702700;49,7;55,014458;82,942926
9595900;49,7;55,014458;82,942926
9617300;49,7;55,014458;82,942926
9638500;49,7;55,014458;82,942926
9659900;49,7;55,014458;82,942926
8955100;43,4;55,014458;82,942926
9062800;43,4;55,014458;82,942926
9116600;43,4;55,014458;82,942926
9170400;43,4;55,014458;82,942926
9224100;43,4;55,014458;82,942926
9158600;43,4;55,014458;82,942926
9008900;43,4;55,014458;82,942926
8955100;43,4;55,014458;82,942926
9170400;43,4;55,014458;82,942926
9224100;43,4;55,014458;82,942926
9158600;43,4;55,014458;82,942926
9116600;43,4;55,014458;82,942926
9008900;43,4;55,014458;82,942926
9062800;43,4;55,014458;82,942926
10199100;55,7;55,014458;82,942926
10269000;55,7;55,014458;82,942926
10315400;55,7;55,014458;82,942926
10292200;55,7;55,014458;82,942926
10222500;55,7;55,014458;82,942926
10315400;55,7;55,014458;82,942926
10199100;55,7;55,014458;82,942926
10222500;55,7;55,014458;82,942926
10269000;55,7;55,014458;82,942926
10292200;55,7;55,014458;82,942926
8862100;49,5;55,014458;82,942926
8862100;49,5;55,014458;82,942926
9106400;44,6;55,014458;82,942926
9215900;44,6;55,014458;82,942926
9270600;44,6;55,014458;82,942926
9380100;44,6;55,014458;82,942926
9138600;44,6;55,014458;82,942926
9325400;44,6;55,014458;82,942926
9325400;44,6;55,014458;82,942926
9380100;44,6;55,014458;82,942926
9138600;44,6;55,014458;82,942926
9270600;44,6;55,014458;82,942926
9106400;44,6;55,014458;82,942926
9215900;44,6;55,014458;82,942926
9232000;42,4;55,014458;82,942926
9287100;42,4;55,014458;82,942926
9397400;42,4;55,014458;82,942926
9452600;42,4;55,014458;82,942926
9232000;42,4;55,014458;82,942926
9342100;42,4;55,014458;82,942926
9250800;42,4;55,014458;82,942926
9397400;42,4;55,014458;82,942926
9452600;42,4;55,014458;82,942926
9250800;42,4;55,014458;82,942926
9342100;42,4;55,014458;82,942926
9287100;42,4;55,014458;82,942926
10331500;55,4;55,014458;82,942926
10447100;55,4;55,014458;82,942926
10470200;55,4;55,014458;82,942926
10331500;55,4;55,014458;82,942926
10447100;55,4;55,014458;82,942926
10470200;55,4;55,014458;82,942926
10279900;52,6;55,014458;82,942926
10279900;52,6;55,014458;82,942926
8440100;42,2;55,014458;82,942926
8741000;42,2;55,014458;82,942926
8793200;42,2;55,014458;82,942926
8845700;42,2;55,014458;82,942926
8440100;42,2;55,014458;82,942926
8495400;42,2;55,014458;82,942926
8606200;42,2;55,014458;82,942926
8661400;42,2;55,014458;82,942926
8716800;42,2;55,014458;82,942926
8716800;42,2;55,014458;82,942926
8793200;42,2;55,014458;82,942926
8845700;42,2;55,014458;82,942926
8606200;42,2;55,014458;82,942926
8661400;42,2;55,014458;82,942926
8741000;42,2;55,014458;82,942926
8495400;42,2;55,014458;82,942926
9821200;54,3;55,014458;82,942926
9821200;54,3;55,014458;82,942926
8513500;42,5;55,014458;82,942926
8567800;42,5;55,014458;82,942926
8622300;42,5;55,014458;82,942926
8676600;42,5;55,014458;82,942926
8731100;42,5;55,014458;82,942926
8513500;42,5;55,014458;82,942926
8676600;42,5;55,014458;82,942926
8731100;42,5;55,014458;82,942926
8567800;42,5;55,014458;82,942926
8622300;42,5;55,014458;82,942926
8883400;49,3;55,014458;82,942926
9160300;49,3;55,014458;82,942926
9215700;49,3;55,014458;82,942926
9326400;49,3;55,014458;82,942926
8883400;49,3;55,014458;82,942926
8938800;49,3;55,014458;82,942926
8994100;49,3;55,014458;82,942926
9049500;49,3;55,014458;82,942926
9105000;49,3;55,014458;82,942926
8994100;49,3;55,014458;82,942926
9271100;49,3;55,014458;82,942926
9326400;49,3;55,014458;82,942926
9160300;49,3;55,014458;82,942926
9271100;49,3;55,014458;82,942926
8938800;49,3;55,014458;82,942926
9049500;49,3;55,014458;82,942926
9105000;49,3;55,014458;82,942926
9215700;49,3;55,014458;82,942926
11959200;73;55,014458;82,942926
11959200;73;55,014458;82,942926
14389600;84,8;55,014458;82,942926
14806100;84,8;55,014458;82,942926
15014200;84,8;55,014458;82,942926
15118400;84,8;55,014458;82,942926
14597800;84,8;55,014458;82,942926
14702000;84,8;55,014458;82,942926
14910100;84,8;55,014458;82,942926
15014200;84,8;55,014458;82,942926
15118400;84,8;55,014458;82,942926
14910100;84,8;55,014458;82,942926
14389600;84,8;55,014458;82,942926
14597800;84,8;55,014458;82,942926
14702000;84,8;55,014458;82,942926
14806100;84,8;55,014458;82,942926
12441100;65,2;55,014458;82,942926
12441100;65,2;55,014458;82,942926
23500000;67,9;55,025752;82,908415
21000000;61;55,025752;82,908415
27400000;128,9;55,025752;82,908415
32050000;121,2;55,025752;82,908415
32100000;121,2;55,025752;82,908415
34000000;121,2;55,025752;82,908415
35000000;121,2;55,025752;82,908415
36000000;121,2;55,025752;82,908415
33900000;126;55,025752;82,908415
28150000;121,8;55,025752;82,908415
28250000;121,8;55,025752;82,908415
31500000;121,8;55,025752;82,908415
31800000;121,8;55,025752;82,908415
31850000;121,8;55,025752;82,908415
31900000;121,8;55,025752;82,908415
28850000;121,8;55,025752;82,908415
31950000;121,8;55,025752;82,908415
29100000;121,8;55,025752;82,908415
28000000;129,9;55,025752;82,908415
28800000;129,9;55,025752;82,908415
28300000;129,9;55,025752;82,908415
8050000;46,7;55,057204;82,914884
8050000;46,7;55,057204;82,914884
8050000;46,7;55,057204;82,914884
8250000;46,7;55,057204;82,914884
8350000;46,7;55,057204;82,914884
8300000;46,7;55,057204;82,914884
8900000;52,7;55,057204;82,914884
10500000;52,7;55,057204;82,914884
8650000;50,1;55,057204;82,914884
8700000;50,1;55,057204;82,914884
8800000;50,1;55,057204;82,914884
8850000;50,1;55,057204;82,914884
8950000;50,1;55,057204;82,914884
6800000;34,1;55,057204;82,914884
8800000;52,5;55,057204;82,914884
8850000;52,5;55,057204;82,914884
6750000;34,2;55,057204;82,914884
8450000;50,5;55,057204;82,914884
6800000;33,9;55,057204;82,914884
8400000;46,5;55,057204;82,914884
8400000;46,5;55,057204;82,914884
6750000;32,5;55,057204;82,914884
7350000;38,6;55,057204;82,914884
6550000;27,7;55,057204;82,914884
6700000;27,7;55,057204;82,914884
6850000;33,8;55,057204;82,914884
6750000;33,3;55,057204;82,914884
6750000;33,3;55,057204;82,914884
6750000;34,3;55,057204;82,914884
9550000;47,2;55,057204;82,914884
6900000;37,1;55,057204;82,914884
7100000;37,1;55,057204;82,914884
6950000;37,1;55,057204;82,914884
8650000;49,9;55,057204;82,914884
8950000;49,9;55,057204;82,914884
8850000;49,8;55,057204;82,914884
8400000;50,2;55,057204;82,914884
6700000;33,4;55,057204;82,914884
6500000;29,8;55,057204;82,914884
7000000;36,8;55,057204;82,914884
7050000;36,8;55,057204;82,914884
7100000;36,8;55,057204;82,914884
7150000;36,7;55,057204;82,914884
7200000;36,7;55,057204;82,914884
7250000;36,5;55,057204;82,914884
8350000;46,4;55,057204;82,914884
8700000;50,4;55,057204;82,914884
8700000;50;55,057204;82,914884
8800000;50;55,057204;82,914884
6700000;32,4;55,057204;82,914884
9100000;52,2;55,057204;82,914884
9250000;52,2;55,057204;82,914884
9350000;52,2;55,057204;82,914884
9250000;52,2;55,057204;82,914884
7550000;38,5;55,057204;82,914884
7600000;38,5;55,057204;82,914884
7700000;38,5;55,057204;82,914884
6800000;33,2;55,057204;82,914884
8000000;46,9;55,057204;82,914884
8100000;46,9;55,057204;82,914884
8200000;46,9;55,057204;82,914884
8200000;46,8;55,057204;82,914884
8250000;46,8;55,057204;82,914884
6700000;33,1;55,057204;82,914884
6800000;33,1;55,057204;82,914884
7000000;33,1;55,057204;82,914884
8850000;52,4;55,057204;82,914884
8900000;52,4;55,057204;82,914884
9100000;52,4;55,057204;82,914884
9100000;52,4;55,057204;82,914884
9200000;52,4;55,057204;82,914884
8850000;52,4;55,057204;82,914884
9000000;52,4;55,057204;82,914884
7300000;39;55,057204;82,914884
7000000;37,4;55,057204;82,914884
8100000;47,1;55,057204;82,914884
8100000;47;55,057204;82,914884
8250000;47;55,057204;82,914884
8300000;47;55,057204;82,914884
9200000;52,3;55,057204;82,914884
9350000;52;55,057204;82,914884
6350000;30,5;55,057204;82,914884
7400000;38,9;55,057204;82,914884
7000000;36,9;55,057204;82,914884
8200000;36,9;55,057204;82,914884
7400000;38,7;55,057204;82,914884
7500000;38,7;55,057204;82,914884
9000000;52,1;55,057204;82,914884
7050000;36,6;55,057204;82,914884
7200000;36,6;55,057204;82,914884
7100000;36,6;55,057204;82,914884
7150000;36,6;55,057204;82,914884
7250000;36,4;55,057204;82,914884
8000000;46,4;55,057204;82,914884
8250000;46,4;55,057204;82,914884
12200000;74,7;55,057204;82,914884
12300000;74,4;55,057204;82,914884
17150000;102,6;55,057204;82,914884
8200000;46,1;55,057204;82,914884
14100000;75;55,057204;82,914884
8350000;45,9;55,057204;82,914884
27600000;153,9;55,057204;82,914884
8000000;46,5;55,057204;82,914884
28850000;163,9;55,057204;82,914884
12300000;74,6;55,057204;82,914884
8400000;45,6;55,057204;82,914884
8600000;45,6;55,057204;82,914884
8250000;45,8;55,057204;82,914884
8400000;45,8;55,057204;82,914884
8350000;45,8;55,057204;82,914884
8200000;46;55,057204;82,914884
8200000;46;55,057204;82,914884
9700000;76,1;55,053226;82,895798
8150000;37,45;55,081593;82,883795
8350000;37,45;55,081593;82,883795
8350000;37,45;55,081593;82,883795
8550000;37,45;55,081593;82,883795
8550000;37,45;55,081593;82,883795
8750000;37,45;55,081593;82,883795
50866775;241,59;55,081593;82,883795
53488122;254,04;55,081593;82,883795
50639381;240,51;55,081593;82,883795
63146050;299,91;55,081593;82,883795
19080800;74,5;55,081593;82,883795
8450000;39,57;55,081593;82,883795
8850000;39,57;55,081593;82,883795
8450000;39,57;55,081593;82,883795
8650000;39,57;55,081593;82,883795
8650000;39,57;55,081593;82,883795
8850000;39,57;55,081593;82,883795
17535200;68,13;55,081593;82,883795
23592128;112,05;55,081593;82,883795
23375261;111,02;55,081593;82,883795
51795300;246;55,081593;82,883795
8990000;45,9;55,081593;82,883795
8990000;45,9;55,081593;82,883795
9240000;45,9;55,081593;82,883795
9490000;45,9;55,081593;82,883795
9240000;45,9;55,081593;82,883795
9490000;45,9;55,081593;82,883795
7590000;33,1;55,081593;82,883795
7790000;33,1;55,081593;82,883795
7990000;33,1;55,081593;82,883795
7590000;33,1;55,081593;82,883795
7990000;33,1;55,081593;82,883795
8190000;33,1;55,081593;82,883795
7790000;33,1;55,081593;82,883795
23312096;110,72;55,081593;82,883795
11830000;66,18;55,081593;82,883795
11830000;66,18;55,081593;82,883795
12130000;66,18;55,081593;82,883795
12130000;66,18;55,081593;82,883795
12430000;66,18;55,081593;82,883795
12430000;66,18;55,081593;82,883795
12690000;63,38;55,081593;82,883795
11300000;62,07;55,081593;82,883795
11600000;62,07;55,081593;82,883795
11900000;62,07;55,081593;82,883795
11900000;62,07;55,081593;82,883795
12200000;62,07;55,081593;82,883795
22574500;83,5;55,081593;82,883795
30711900;125,95;55,081593;82,883795
11300000;62,35;55,081593;82,883795
12390000;69,38;55,081593;82,883795
12390000;69,38;55,081593;82,883795
12690000;69,38;55,081593;82,883795
12990000;69,38;55,081593;82,883795
12990000;69,38;55,081593;82,883795
10450000;59,27;55,081593;82,883795
10750000;59,27;55,081593;82,883795
11350000;59,27;55,081593;82,883795
10450000;59,27;55,081593;82,883795
10750000;59,27;55,081593;82,883795
11050000;59,27;55,081593;82,883795
11050000;59,27;55,081593;82,883795
13250000;76,73;55,081593;82,883795
13550000;76,73;55,081593;82,883795
13850000;76,73;55,081593;82,883795
13850000;76,73;55,081593;82,883795
13550000;76,73;55,081593;82,883795
15690000;89,35;55,081593;82,883795
39435800;162,63;55,081593;82,883795
14890000;90,15;55,081593;82,883795
17730000;90,15;55,081593;82,883795
14890000;90,15;55,081593;82,883795
15290000;90,15;55,081593;82,883795
15290000;90,15;55,081593;82,883795
14770000;85,8;55,081593;82,883795
15170000;85,8;55,081593;82,883795
15570000;85,8;55,081593;82,883795
16500000;85,8;55,081593;82,883795
15570000;85,8;55,081593;82,883795
15970000;85,8;55,081593;82,883795
15170000;85,8;55,081593;82,883795
16100000;103,81;55,081593;82,883795
16900000;103,81;55,081593;82,883795
16500000;103,81;55,081593;82,883795
12530000;70,74;55,081593;82,883795
12530000;70,74;55,081593;82,883795
12830000;70,74;55,081593;82,883795
12830000;70,74;55,081593;82,883795
13130000;70,74;55,081593;82,883795
12590000;69,42;55,081593;82,883795
12890000;69,42;55,081593;82,883795
12890000;69,42;55,081593;82,883795
13150000;69,42;55,081593;82,883795
12590000;69,42;55,081593;82,883795
13130000;71,21;55,081593;82,883795
13250000;78,82;55,081593;82,883795
13850000;78,82;55,081593;82,883795
15050000;78,82;55,081593;82,883795
13550000;78,82;55,081593;82,883795
13850000;78,82;55,081593;82,883795
14150000;78,82;55,081593;82,883795
13550000;78,82;55,081593;82,883795
41377000;159,49;55,081593;82,883795
16390000;99,15;55,081593;82,883795
16250000;106,45;55,081593;82,883795
16250000;106,45;55,081593;82,883795
16650000;106,45;55,081593;82,883795
17050000;106,45;55,081593;82,883795
17450000;106,45;55,081593;82,883795
16650000;106,45;55,081593;82,883795
17050000;106,45;55,081593;82,883795
14500000;74,17;55,081593;82,883795
37142700;135,33;55,081593;82,883795
15330000;97,73;55,081593;82,883795
15730000;97,73;55,081593;82,883795
15730000;97,73;55,081593;82,883795
16130000;97,73;55,081593;82,883795
16130000;97,73;55,081593;82,883795
16530000;97,73;55,081593;82,883795
42911100;176,31;55,081593;82,883795
16900000;103,55;55,081593;82,883795
15590000;99,54;55,081593;82,883795
15990000;99,54;55,081593;82,883795
15990000;99,54;55,081593;82,883795
16390000;99,54;55,081593;82,883795
15590000;99,54;55,081593;82,883795
12970000;73,93;55,081593;82,883795
12970000;73,93;55,081593;82,883795
13270000;73,93;55,081593;82,883795
13270000;73,93;55,081593;82,883795
13570000;73,93;55,081593;82,883795
17500000;106,44;55,081593;82,883795
38161600;155,69;55,081593;82,883795
16700000;106,56;55,081593;82,883795
16700000;106,56;55,081593;82,883795
17100000;106,56;55,081593;82,883795
17100000;106,56;55,081593;82,883795
17500000;106,56;55,081593;82,883795
44709700;182,46;55,081593;82,883795
48674900;186,14;55,081593;82,883795
4776000;32;55,164794;82,986034
4785000;32,5;55,164794;82,986034
4776000;32;55,164794;82,986034
4100000;31,8;55,164794;82,986034
4849400;33,3;55,164794;82,986034
4672400;31,8;55,164794;82,986034
4350000;31,2;55,164794;82,986034
4711600;31,2;55,164794;82,986034
4200000;32;55,164794;82,986034
4711600;31,2;55,164794;82,986034
4785000;32,5;55,164794;82,986034
5110000;45;55,164794;82,986034
7050000;77,7;55,164794;82,986034
7050000;77,7;55,164794;82,986034
4850000;41,9;55,164794;82,986034
7050000;77,7;55,164794;82,986034
6536000;52;55,164794;82,986034
6170000;66,8;55,164794;82,986034
6536000;52;55,164794;82,986034
7050000;77,7;55,164794;82,986034
7050000;77,7;55,164794;82,986034
6536000;52;55,164794;82,986034
5350000;47,6;55,164794;82,986034
6536000;52;55,164794;82,986034
4700000;40,6;55,164794;82,986034
7328200;59,9;55,164794;82,986034
7328200;59,9;55,164794;82,986034
7915000;67,5;55,164794;82,986034
7915000;67,5;55,164794;82,986034
6659400;53,3;55,164794;82,986034
7439400;63,3;55,164794;82,986034
7099400;58,3;55,164794;82,986034
7099400;58,3;55,164794;82,986034
5750000;53,8;55,164794;82,986034
7439400;63,3;55,164794;82,986034
5900000;55,7;55,164794;82,986034
7636200;65,9;55,164794;82,986034
7636200;65,9;55,164794;82,986034
7636200;65,9;55,164794;82,986034
7170000;77;55,164794;82,986034
6450000;65,9;55,164794;82,986034
5950000;56,4;55,164794;82,986034
7328200;59,9;55,164794;82,986034
6300000;63,3;55,164794;82,986034
7636200;65,9;55,164794;82,986034
6902600;55,7;55,164794;82,986034
7915000;67,5;55,164794;82,986034
7099400;58,3;55,164794;82,986034
7620000;85,3;55,164794;82,986034
7170000;82,7;55,164794;82,986034
7170000;82,7;55,164794;82,986034
7420000;87,3;55,164794;82,986034
7170000;82,7;55,164794;82,986034
7520000;87,3;55,164794;82,986034
7170000;82,7;55,164794;82,986034
7520000;87,3;55,164794;82,986034
7520000;87,3;55,164794;82,986034
7170000;82,7;55,164794;82,986034
7620000;85,3;55,164794;82,986034
7620000;85,3;55,164794;82,986034
7620000;85,3;55,164794;82,986034
9568260;40,3;55,054653;82,906857
9553450;40,7;55,054653;82,906857
9592700;40,7;55,054653;82,906857
9619680;40,7;55,054653;82,906857
9658880;40,7;55,054653;82,906857
9710450;40,7;55,054653;82,906857
9842310;40,5;55,054653;82,906857
13987500;67,3;55,054653;82,906857
14088216;67,3;55,054653;82,906857
14112500;67,3;55,054653;82,906857
14175000;67,3;55,054653;82,906857
14237500;67,3;55,054653;82,906857
14304576;67,3;55,054653;82,906857
14362500;67,3;55,054653;82,906857
14612500;67,3;55,054653;82,906857
13510920;67,7;55,054653;82,906857
13573820;67,7;55,054653;82,906857
13699620;67,7;55,054653;82,906857
13825420;67,7;55,054653;82,906857
13888320;67,7;55,054653;82,906857
13951220;67,7;55,054653;82,906857
13634280;68,5;55,054653;82,906857
13884680;68,5;55,054653;82,906857
13696880;68,5;55,054653;82,906857
13759480;68,5;55,054653;82,906857
13822080;68,5;55,054653;82,906857
13947280;68,5;55,054653;82,906857
10115600;44;55,054653;82,906857
10157400;44;55,054653;82,906857
11132800;49;55,054653;82,906857
11230800;49;55,054653;82,906857
11279800;49;55,054653;82,906857
11328800;49;55,054653;82,906857
11622800;49;55,054653;82,906857
11377800;49;55,054653;82,906857
11181800;49;55,054653;82,906857
11181800;49;55,054653;82,906857
11230800;49;55,054653;82,906857
11279800;49;55,054653;82,906857
11328800;49;55,054653;82,906857
11426800;49;55,054653;82,906857
13926580;68,1;55,054653;82,906857
14113180;68,1;55,054653;82,906857
14175380;68,1;55,054653;82,906857
14237580;68,1;55,054653;82,906857
14299780;68,1;55,054653;82,906857
9870840;40,4;55,054653;82,906857
10478000;43,8;55,054653;82,906857
14417480;81,4;55,054653;82,906857
10152000;44,1;55,054653;82,906857
10218400;44,1;55,054653;82,906857
10212400;44,1;55,054653;82,906857
10681320;49,2;55,054653;82,906857
10806012;49,2;55,054653;82,906857
10828920;49,2;55,054653;82,906857
10878120;49,2;55,054653;82,906857
10927320;49,2;55,054653;82,906857
11003292;49,2;55,054653;82,906857
11129040;49,2;55,054653;82,906857
10778502;49,2;55,054653;82,906857
10730520;49,2;55,054653;82,906857
10779720;49,2;55,054653;82,906857
10828920;49,2;55,054653;82,906857
10927320;49,2;55,054653;82,906857
11025720;49,2;55,054653;82,906857
11074920;49,2;55,054653;82,906857
10811580;49,8;55,054653;82,906857
10811580;49,8;55,054653;82,906857
16765276;85;55,054653;82,906857
16929466;85;55,054653;82,906857
16987506;85;55,054653;82,906857
17089556;85;55,054653;82,906857
17202396;85;55,054653;82,906857
17283616;85;55,054653;82,906857
17565136;85;55,054653;82,906857
16255647;89,8;55,054653;82,906857
17637860;124,8;55,054653;82,906857
17878924;124,8;55,054653;82,906857
16064000;85,5;55,054653;82,906857
16449536;85,5;55,054653;82,906857
16601886;85,5;55,054653;82,906857
17399852;87,6;55,054653;82,906857
17526572;87,6;55,054653;82,906857
17652512;87,6;55,054653;82,906857
17694612;87,6;55,054653;82,906857
17768052;87,6;55,054653;82,906857
17809502;87,6;55,054653;82,906857
18326272;87,6;55,054653;82,906857
17473692;87,6;55,054653;82,906857
16315490;88,5;55,054653;82,906857
14644530;107,8;55,054653;82,906857
14158960;99,2;55,054653;82,906857
16506776;85,1;55,054653;82,906857
16596986;85,1;55,054653;82,906857
13069750;59,2;55,054653;82,906857
13184750;59,2;55,054653;82,906857
13242250;59,2;55,054653;82,906857
13299750;59,2;55,054653;82,906857
16290480;89,4;55,054653;82,906857
16826340;89,4;55,054653;82,906857
17092020;109,8;55,054653;82,906857
22199790;96,9;55,054653;82,906857
22296690;96,9;55,054653;82,906857
22393590;96,9;55,054653;82,906857
16928730;89,1;55,054653;82,906857
17144705;89,1;55,054653;82,906857
17142975;89,1;55,054653;82,906857
17356320;89,1;55,054653;82,906857
22176880;96,8;55,054653;82,906857
22273680;96,8;55,054653;82,906857
22370480;96,8;55,054653;82,906857
22476564;96,8;55,054653;82,906857
17747730;88,8;55,054653;82,906857
16276770;85,3;55,054653;82,906857
16636179;85,3;55,054653;82,906857
16615499;85,3;55,054653;82,906857
16820089;85,3;55,054653;82,906857
16821420;88,3;55,054653;82,906857
16930072;88,3;55,054653;82,906857
16870460;88,3;55,054653;82,906857
17204792;88,3;55,054653;82,906857
17228632;88,3;55,054653;82,906857
17282562;88,3;55,054653;82,906857
28317060;135;55,054653;82,906857
28511680;135;55,054653;82,906857
28539350;135;55,054653;82,906857
28723200;135;55,054653;82,906857
25217522;114,2;55,054653;82,906857
27747305;130,1;55,054653;82,906857
27816950;130,1;55,054653;82,906857
27930795;130,1;55,054653;82,906857
28134340;130,1;55,054653;82,906857
24698520;114,8;55,054653;82,906857
24807420;114,8;55,054653;82,906857
25025220;114,8;55,054653;82,906857
27264435;128,5;55,054653;82,906857
27443150;128,5;55,054653;82,906857
27544140;128,5;55,054653;82,906857
27723505;128,5;55,054653;82,906857
27131535;128,8;55,054653;82,906857
27275940;128,8;55,054653;82,906857
27220650;128,8;55,054653;82,906857
27465330;128,8;55,054653;82,906857
23746800;103,9;55,054653;82,906857
23849600;103,9;55,054653;82,906857
23952400;103,9;55,054653;82,906857
23724390;110,2;55,054653;82,906857
23828490;110,2;55,054653;82,906857
23932590;110,2;55,054653;82,906857
23690000;104,4;55,054653;82,906857
23793000;104,4;55,054653;82,906857
23896000;104,4;55,054653;82,906857
23999000;104,4;55,054653;82,906857
51616950;227,2;55,054653;82,906857
8349000;36,3;55,019877;82,940531
17157000;81,7;55,019877;82,940531
17745000;84,5;55,019877;82,940531
17745000;84,5;55,019877;82,940531
17808000;84,8;55,019877;82,940531
13376000;60,8;55,019877;82,940531
5943444;29,3;54,97987;82,879601
6234673,5;29,3;54,97987;82,879601
6234673,5;29,3;54,97987;82,879601
5943444;29,3;54,97987;82,879601
6035932,5;29,3;54,97987;82,879601
6035932,5;29,3;54,97987;82,879601
6035932,5;29,3;54,97987;82,879601
5838700;29,5;54,97987;82,879601
5873000;30,6;54,97987;82,879601
5842650;27,7;54,97974;82,880338
6328800;27,7;54,97974;82,880338
6328800;27,7;54,97974;82,880338
5937200;27,7;54,97974;82,880338
6096700;27,7;54,97987;82,879601
6451750;27,7;54,97987;82,879601
6451750;27,7;54,97987;82,879601
6193200;27,7;54,97987;82,879601
6096700;27,7;54,97987;82,879601
6193200;27,7;54,97987;82,879601
6068500;30,2;54,97987;82,879601
6175500;30,2;54,97987;82,879601
6175500;30,2;54,97987;82,879601
6175500;30,2;54,97987;82,879601
6273000;30,2;54,97987;82,879601
6273000;30,2;54,97987;82,879601
6466500;30,2;54,97987;82,879601
6466500;30,2;54,97987;82,879601
6138050;29,1;54,97987;82,879601
6471550;29,1;54,97987;82,879601
6471550;29,1;54,97987;82,879601
6234550;29,1;54,97987;82,879601
6234550;29,1;54,97987;82,879601
6234550;29,1;54,97987;82,879601
7688900;41,8;54,97974;82,880338
8080500;41,8;54,97974;82,880338
8080500;41,8;54,97974;82,880338
8080500;41,8;54,97974;82,880338
8086300;45,6;54,97987;82,879601
9132600;45,6;54,97987;82,879601
8399950;45,6;54,97987;82,879601
8399950;45,6;54,97987;82,879601
8556250;45,6;54,97987;82,879601
8556250;45,6;54,97987;82,879601
8556250;45,6;54,97987;82,879601
8818100;45,6;54,97987;82,879601
9132600;45,6;54,97987;82,879601
8818100;45,6;54,97987;82,879601
8818100;45,6;54,97987;82,879601
8086300;45,6;54,97987;82,879601
7916000;45,4;54,97987;82,879601
8751500;45,4;54,97987;82,879601
8055000;45,4;54,97987;82,879601
8333500;45,4;54,97987;82,879601
8471500;45,4;54,97987;82,879601
8471500;45,4;54,97987;82,879601
8471500;45,4;54,97987;82,879601
8333500;45,4;54,97987;82,879601
8751500;45,4;54,97987;82,879601
7858500;46;54,97987;82,879601
7700500;41,4;54,97987;82,879601
7975000;41,4;54,97987;82,879601
8111000;41,4;54,97987;82,879601
8111000;41,4;54,97987;82,879601
8340500;41,4;54,97987;82,879601
8340500;41,4;54,97987;82,879601
7837500;41,4;54,97987;82,879601
8654000;41,4;54,97987;82,879601
8654000;41,4;54,97987;82,879601
8100500;41,4;54,97987;82,879601
8001000;46,2;54,97987;82,879601
7627000;42,1;54,97987;82,879601
9353700;51,7;54,97987;82,879601
10535400;51,7;54,97987;82,879601
9826750;51,7;54,97987;82,879601
9826750;51,7;54,97987;82,879601
10062250;51,7;54,97987;82,879601
10062250;51,7;54,97987;82,879601
10240850;51,7;54,97987;82,879601
10240850;51,7;54,97987;82,879601
10535400;51,7;54,97987;82,879601
10993650;66,1;54,97987;82,879601
12554550;66,1;54,97987;82,879601
11292100;66,1;54,97987;82,879601
11590500;66,1;54,97987;82,879601
11590500;66,1;54,97987;82,879601
11590500;66,1;54,97987;82,879601
11889950;66,1;54,97987;82,879601
11889950;66,1;54,97987;82,879601
11889950;66,1;54,97987;82,879601
12114250;66,1;54,97987;82,879601
12114250;66,1;54,97987;82,879601
12114250;66,1;54,97987;82,879601
8483200;50,3;54,97987;82,879601
9702000;50,3;54,97987;82,879601
8724500;50,3;54,97987;82,879601
8724500;50,3;54,97987;82,879601
8939500;50,3;54,97987;82,879601
9155500;50,3;54,97987;82,879601
9155500;50,3;54,97987;82,879601
9316500;50,3;54,97987;82,879601
9316500;50,3;54,97987;82,879601
9316500;50,3;54,97987;82,879601
9702000;50,3;54,97987;82,879601
8509500;50,3;54,97987;82,879601
8519000;51,6;54,97987;82,879601
8746700;57,2;54,97987;82,879601
9699800;57,2;54,97987;82,879601
9699800;57,2;54,97987;82,879601
8969150;57,2;54,97987;82,879601
9191550;57,2;54,97987;82,879601
9191550;57,2;54,97987;82,879601
9413950;57,2;54,97987;82,879601
8969150;57,2;54,97987;82,879601
9191550;57,2;54,97987;82,879601
9413950;57,2;54,97987;82,879601
9413950;57,2;54,97987;82,879601
10900100;59,4;54,97987;82,879601
11577700;59,4;54,97987;82,879601
10900100;59,4;54,97987;82,879601
11171100;59,4;54,97987;82,879601
11171100;59,4;54,97987;82,879601
10111200;62;54,97974;82,880338
10883400;62;54,97974;82,880338
11260150;62;54,97974;82,880338
11260150;62;54,97974;82,880338
11260150;62;54,97974;82,880338
8741953;50,7;54,97987;82,879601
9881186;50,7;54,97987;82,879601
9216136;50,7;54,97987;82,879601
9263841;50,7;54,97987;82,879601
9337349;50,7;54,97987;82,879601
9499546;50,7;54,97987;82,879601
9499546;50,7;54,97987;82,879601
9326821;50,7;54,97987;82,879601
8905090;50,7;54,97987;82,879601
10055550;54,8;54,97974;82,880338
10055550;54,8;54,97974;82,880338
10055550;54,8;54,97974;82,880338
10401250;54,8;54,97974;82,880338
10401250;54,8;54,97974;82,880338
10401250;54,8;54,97974;82,880338
10036000;52,4;54,97987;82,879601
10362000;52,4;54,97987;82,879601
10362000;52,4;54,97987;82,879601
7780150;38,8;54,97974;82,880338
8152200;38,8;54,97974;82,880338
8317150;38,8;54,97974;82,880338
8597600;38,8;54,97974;82,880338
8597600;38,8;54,97974;82,880338
10004800;60;54,97987;82,879601
8599778;51,4;54,97987;82,879601
10861700;66,7;54,97987;82,879601
12255000;76,8;54,97987;82,879601
13906550;76,8;54,97987;82,879601
13117800;76,8;54,97987;82,879601
13117800;76,8;54,97987;82,879601
13549200;76,8;54,97987;82,879601
13549200;76,8;54,97987;82,879601
13117800;76,8;54,97987;82,879601
13549200;76,8;54,97987;82,879601
12031700;77,7;54,97987;82,879601
11401000;54,2;54,97987;82,879601
11700000;54,2;54,97987;82,879601
12175000;54,2;54,97987;82,879601
12175000;54,2;54,97987;82,879601
10522800;64,6;54,97987;82,879601
11192500;63,9;54,97987;82,879601
11938300;63,9;54,97987;82,879601
11938300;63,9;54,97987;82,879601
11460400;63,9;54,97987;82,879601
11192500;63,9;54,97987;82,879601
11460400;63,9;54,97987;82,879601
13237550;79,7;54,97987;82,879601
13687250;79,7;54,97987;82,879601
13687250;79,7;54,97987;82,879601
13867900;79,7;54,97987;82,879601
13867900;79,7;54,97987;82,879601
14397850;79,7;54,97987;82,879601
14397850;79,7;54,97987;82,879601
12719650;77,6;54,97974;82,880338
13309400;77,6;54,97974;82,880338
13309400;77,6;54,97974;82,880338
13309400;77,6;54,97974;82,880338
14632350;77,6;54,97974;82,880338
14632350;77,6;54,97974;82,880338
14632350;77,6;54,97974;82,880338
13750250;77,6;54,97974;82,880338
8247150;40,23;55,05125;82,96893
8247150;40,23;55,05125;82,96893
7332000;35,25;55,05125;82,96893
7599350;37,07;55,05125;82,96893
8101600;39,52;55,05125;82,96893
8101600;39,52;55,05125;82,96893
8101600;39,52;55,05125;82,96893
8101600;39,52;55,05125;82,96893
8101600;39,52;55,05125;82,96893
11284160;63,04;55,05125;82,96893
11347200;63,04;55,05125;82,96893
11347200;63,04;55,05125;82,96893
11347200;63,04;55,05125;82,96893
11347200;63,04;55,05125;82,96893
11347200;63,04;55,05125;82,96893
11347200;63,04;55,05125;82,96893
11347200;63,04;55,05125;82,96893
11347200;63,04;55,05125;82,96893
11410240;63,04;55,05125;82,96893
11410240;63,04;55,05125;82,96893
11410240;63,04;55,05125;82,96893
11347200;63,04;55,05125;82,96893
11575980;59,67;55,05125;82,96893
11575980;59,67;55,05125;82,96893
11575980;59,67;55,05125;82,96893
11695320;59,67;55,05125;82,96893
11695320;59,67;55,05125;82,96893
11695320;59,67;55,05125;82,96893
11695320;59,67;55,05125;82,96893
11695320;59,67;55,05125;82,96893
11695320;59,67;55,05125;82,96893
11695320;59,67;55,05125;82,96893
11754990;59,67;55,05125;82,96893
11754990;59,67;55,05125;82,96893
11695320;59,67;55,05125;82,96893
11695320;59,67;55,05125;82,96893
11695320;59,67;55,05125;82,96893
13943400;82,02;55,05125;82,96893
14025420;82,02;55,05125;82,96893
14107440;82,02;55,05125;82,96893
14025420;82,02;55,05125;82,96893
14025420;82,02;55,05125;82,96893
13943400;82,02;55,05125;82,96893
14025420;82,02;55,05125;82,96893
7590000;39,35;54,97566;82,87778
7590000;39,39;54,97566;82,87778
7790000;39,39;54,97566;82,87778
14290000;83,7;54,975891;82,878186
7350000;28,4;54,99459;82,913035
7350000;28,4;54,99459;82,913035
7600000;28,4;54,99459;82,913035
7600000;28,4;54,99459;82,913035
7660000;28,1;54,99459;82,913035
7660000;28,1;54,99459;82,913035
7760000;28,1;54,99459;82,913035
7760000;28,1;54,99459;82,913035
7850000;27,5;54,995905;82,903572
7850000;27,5;54,995905;82,903572
6600000;23;54,995905;82,903572
6600000;23;54,995905;82,903572
7200400;27,9;54,99459;82,913035
7200400;27,9;54,99459;82,913035
7500000;26,5;54,995905;82,903572
7500000;26,5;54,995905;82,903572
7350000;27,8;54,99459;82,913035
7350000;27,8;54,99459;82,913035
7200400;28,5;54,99459;82,913035
7200400;28,5;54,99459;82,913035
8680000;36,9;54,995905;82,903572
9600000;36,9;54,995905;82,903572
9600000;36,9;54,995905;82,903572
8680000;36,9;54,995905;82,903572
8680000;35,9;54,99459;82,913035
8980000;35,9;54,99459;82,913035
8980000;35,9;54,99459;82,913035
8680000;35,9;54,99459;82,913035
8370000;35,8;54,99459;82,913035
8370000;35,8;54,99459;82,913035
9190000;36,8;54,995905;82,903572
9190000;36,8;54,995905;82,903572
8470000;35,6;54,99459;82,913035
8470000;35,6;54,99459;82,913035
8370000;32,8;54,995905;82,903572
8370000;32,8;54,995905;82,903572
10720000;45,7;54,99459;82,913035
12040000;45,7;54,99459;82,913035
10720000;45,7;54,99459;82,913035
12040000;45,7;54,99459;82,913035
12300000;54,3;54,99459;82,913035
14040000;54,3;54,99459;82,913035
14040000;54,3;54,99459;82,913035
12300000;54,3;54,99459;82,913035
11800000;51;54,995905;82,903572
11800000;51;54,995905;82,903572
10500000;40,7;54,995905;82,903572
10500000;40,7;54,995905;82,903572
11600000;51,9;54,995905;82,903572
11600000;51,9;54,995905;82,903572
11330000;40,6;54,995905;82,903572
11330000;40,6;54,995905;82,903572
10900000;41,7;54,99459;82,913035
10900000;41,7;54,99459;82,913035
10100000;41,8;54,99459;82,913035
10600000;41,8;54,99459;82,913035
10600000;41,8;54,99459;82,913035
10100000;41,8;54,99459;82,913035
11800000;51,7;54,995905;82,903572
11800000;51,7;54,995905;82,903572
12040000;54,7;54,99459;82,913035
14080000;54,7;54,99459;82,913035
13770000;54,7;54,99459;82,913035
12040000;54,7;54,99459;82,913035
14080000;54,7;54,99459;82,913035
13770000;54,7;54,99459;82,913035
10200000;39,1;54,995905;82,903572
10410000;39,1;54,995905;82,903572
10410000;39,1;54,995905;82,903572
10400000;39,1;54,995905;82,903572
10400000;39,1;54,995905;82,903572
10200000;39,1;54,995905;82,903572
11500000;51,2;54,995905;82,903572
11500000;51,2;54,995905;82,903572
12700000;51,2;54,995905;82,903572
12700000;51,2;54,995905;82,903572
12180000;46;54,99459;82,913035
12180000;46;54,99459;82,913035
12700000;54,4;54,99459;82,913035
12700000;54,4;54,99459;82,913035
10510000;45,6;54,99459;82,913035
10510000;45,6;54,99459;82,913035
10000000;38,9;54,995905;82,903572
10410000;38,9;54,995905;82,903572
10000000;38,9;54,995905;82,903572
10410000;38,9;54,995905;82,903572
16220000;85,1;54,99459;82,913035
16220000;85,1;54,99459;82,913035
15510000;84,8;54,99459;82,913035
15510000;84,8;54,99459;82,913035
12100000;51,1;54,995905;82,903572
12100000;51,1;54,995905;82,903572
10410000;45,8;54,99459;82,913035
10410000;45,8;54,99459;82,913035
12790000;59,5;54,99459;82,913035
12790000;59,5;54,99459;82,913035
16830000;77,1;54,995905;82,903572
16830000;77,1;54,995905;82,903572
14300000;59,2;54,995905;82,903572
14300000;59,2;54,995905;82,903572
15200000;59,2;54,995905;82,903572
15200000;59,2;54,995905;82,903572
15800000;65,4;54,995905;82,903572
15800000;65,4;54,995905;82,903572
14000000;60,8;54,99459;82,913035
14000000;60,8;54,99459;82,913035
14300000;60,5;54,99459;82,913035
14300000;60,5;54,99459;82,913035
13000000;54,4;54,99459;82,913035
13000000;54,4;54,99459;82,913035
15500000;65,2;54,995905;82,903572
15500000;65,2;54,995905;82,903572
15600000;59,6;54,995905;82,903572
15600000;59,6;54,995905;82,903572
14200000;59,3;54,995905;82,903572
14200000;59,3;54,995905;82,903572
15300000;60,7;54,995905;82,903572
15300000;60,7;54,995905;82,903572
15400000;66;54,995905;82,903572
15400000;66;54,995905;82,903572
16200000;65,8;54,995905;82,903572
16200000;65,8;54,995905;82,903572
15000000;59,5;54,995905;82,903572
15000000;59,5;54,995905;82,903572
14700000;65,7;54,995905;82,903572
14700000;65,7;54,995905;82,903572
13600000;54,3;54,99459;82,913035
13600000;54,3;54,99459;82,913035
30200000;123,3;54,99459;82,913035
30200000;123,3;54,99459;82,913035
22610000;87,9;54,995905;82,903572
22610000;87,9;54,995905;82,903572
30090000;139,2;54,99459;82,913035
30090000;139,2;54,99459;82,913035
5616200;26,75;55,055471;82,966263
5758500;26,75;55,055471;82,966263
5602000;25,2;55,055471;82,966263
6452300;29,92;55,055471;82,966263
6449100;30,62;55,055471;82,966263
7252718;44,6;55,055471;82,966263
7679200;39,45;55,055471;82,966263
7973600;38,75;55,055471;82,966263
11325800;60,95;55,055471;82,966263
11230700;62,45;55,055471;82,966263
12662600;77,72;55,055471;82,966263
10449100;61,55;55,055471;82,966263
10612800;61,55;55,055471;82,966263
10735600;61,55;55,055471;82,966263
11016300;61,55;55,055471;82,966263
10554300;61,55;55,055471;82,966263
10554300;61,55;55,055471;82,966263
10665600;63,25;55,055471;82,966263
10779700;63,25;55,055471;82,966263
10407500;61,65;55,055471;82,966263
10799600;63,05;55,055471;82,966263
10895400;63,05;55,055471;82,966263
11224800;63,05;55,055471;82,966263
10081700;58,99;55,055471;82,966263
10462800;58,99;55,055471;82,966263
10558100;58,99;55,055471;82,966263
11400000;58,99;55,055471;82,966263
10653300;58,99;55,055471;82,966263
10177000;58,99;55,055471;82,966263
10272300;58,99;55,055471;82,966263
11875000;58,19;55,055471;82,966263
4850000;22,18;54,98199;82,89444
4890000;22,18;54,98199;82,89444
4890000;22,18;54,98199;82,89444
5140000;22,18;54,98199;82,89444
5140000;22,18;54,98199;82,89444
5140000;22,18;54,98199;82,89444
5190000;22,18;54,98199;82,89444
4940000;22,18;54,98199;82,89444
5190000;22,18;54,98199;82,89444
5190000;22,18;54,98199;82,89444
5240000;22,18;54,98199;82,89444
5240000;22,18;54,98199;82,89444
5240000;22,18;54,98199;82,89444
5240000;22,18;54,98199;82,89444
5240000;22,18;54,98199;82,89444
5240000;22,18;54,98199;82,89444
4990000;22,18;54,98199;82,89444
4990000;22,18;54,98199;82,89444
4990000;22,18;54,98199;82,89444
4990000;22,18;54,98199;82,89444
4990000;22,18;54,98199;82,89444
4990000;22,18;54,98199;82,89444
4990000;22,18;54,98199;82,89444
4990000;22,18;54,98199;82,89444
4990000;22,18;54,98199;82,89444
4990000;22,18;54,98199;82,89444
4990000;22,18;54,98199;82,89444
4990000;22,18;54,98199;82,89444
4990000;22,18;54,98199;82,89444
4990000;22,18;54,98199;82,89444
5240000;22,18;54,98199;82,89444
5240000;22,18;54,98199;82,89444
5240000;22,18;54,98199;82,89444
5240000;22,18;54,98199;82,89444
5240000;22,18;54,98199;82,89444
4990000;22,18;54,98199;82,89444
5090000;22,18;54,98199;82,89444
4850000;22,18;54,98199;82,89444
4850000;22,18;54,98199;82,89444
4850000;22,18;54,98199;82,89444
4850000;22,18;54,98199;82,89444
4850000;22,18;54,98199;82,89444
4890000;22,18;54,98199;82,89444
4890000;22,18;54,98199;82,89444
4890000;22,18;54,98199;82,89444
4890000;22,18;54,98199;82,89444
4890000;22,18;54,98199;82,89444
5190000;22,18;54,98199;82,89444
5190000;22,18;54,98199;82,89444
5190000;22,18;54,98199;82,89444
5240000;22,18;54,98199;82,89444
4940000;22,18;54,98199;82,89444
4990000;22,18;54,98199;82,89444
5190000;22,18;54,98199;82,89444
5190000;22,18;54,98199;82,89444
5190000;22,18;54,98199;82,89444
5190000;22,18;54,98199;82,89444
5190000;22,18;54,98199;82,89444
5190000;22,18;54,98199;82,89444
5190000;22,18;54,98199;82,89444
5190000;22,18;54,98199;82,89444
4890000;22,18;54,98199;82,89444
4890000;22,18;54,98199;82,89444
4890000;22,18;54,98199;82,89444
4890000;22,18;54,98199;82,89444
4890000;22,18;54,98199;82,89444
4890000;22,18;54,98199;82,89444
4890000;22,18;54,98199;82,89444
4890000;22,18;54,98199;82,89444
4890000;22,18;54,98199;82,89444
4890000;22,18;54,98199;82,89444
4890000;22,18;54,98199;82,89444
4990000;22,18;54,98199;82,89444
4990000;22,18;54,98199;82,89444
4990000;22,18;54,98199;82,89444
4990000;22,18;54,98199;82,89444
4990000;22,18;54,98199;82,89444
4990000;22,18;54,98199;82,89444
5190000;22,18;54,98199;82,89444
5190000;22,18;54,98199;82,89444
5190000;22,18;54,98199;82,89444
5190000;22,18;54,98199;82,89444
5190000;22,18;54,98199;82,89444
5190000;22,18;54,98199;82,89444
5200000;22,18;54,98199;82,89444
5240000;22,18;54,98199;82,89444
4940000;22,18;54,98199;82,89444
5190000;22,18;54,98199;82,89444
5190000;22,18;54,98199;82,89444
4955000;24,03;54,98195;82,89451
5700000;24,03;54,98195;82,89451
5700000;24,03;54,98195;82,89451
5700000;24,03;54,98195;82,89451
11870000;50,88;54,98195;82,89451
11940000;50,88;54,98195;82,89451
12010000;50,88;54,98195;82,89451
12150000;50,88;54,98195;82,89451
12220000;50,88;54,98195;82,89451
12290000;50,88;54,98195;82,89451
12430000;50,88;54,98195;82,89451
12500000;50,88;54,98195;82,89451
12850000;50,88;54,98195;82,89451
12920000;50,88;54,98195;82,89451
8040000;34,23;54,98195;82,89451
8340000;34,23;54,98195;82,89451
8540000;34,23;54,98195;82,89451
8790000;34,23;54,98195;82,89451
8090000;34,23;54,98195;82,89451
5100000;24,95;54,98195;82,89451
5800000;24,95;54,98195;82,89451
5550000;24,95;54,98195;82,89451
6990000;25,93;54,98195;82,89451
7190000;25,93;54,98195;82,89451
6990000;25,96;54,98195;82,89451
7290000;25,96;54,98195;82,89451
7110000;25,96;54,98195;82,89451
7040000;25,96;54,98195;82,89451
7410000;25,96;54,98195;82,89451
7060000;25,96;54,98195;82,89451
5440000;26,01;54,98199;82,89444
5490000;26,01;54,98199;82,89444
5540000;26,01;54,98199;82,89444
5540000;26,01;54,98199;82,89444
11400000;54,34;54,98195;82,89451
13040000;54,34;54,98195;82,89451
12740000;54,34;54,98195;82,89451
13140000;54,34;54,98195;82,89451
13240000;54,34;54,98195;82,89451
13340000;54,34;54,98195;82,89451
13440000;54,34;54,98195;82,89451
13540000;54,34;54,98195;82,89451
13640000;54,34;54,98195;82,89451
14240000;54,34;54,98195;82,89451
7090000;25,95;54,98195;82,89451
7390000;25,95;54,98195;82,89451
7390000;25,95;54,98195;82,89451
4990000;23,87;54,98199;82,89444
5090000;23,87;54,98199;82,89444
7590000;29,35;54,98195;82,89451
8290000;29,35;54,98195;82,89451
8390000;29,35;54,98195;82,89451
15110000;61,53;54,98196;82,89449
15310000;61,53;54,98196;82,89449
15510000;61,53;54,98196;82,89449
15710000;61,53;54,98196;82,89449
15910000;61,53;54,98196;82,89449
16110000;61,53;54,98196;82,89449
16310000;61,53;54,98196;82,89449
18270000;74,83;54,98196;82,89449
18420000;74,83;54,98196;82,89449
18570000;74,83;54,98196;82,89449
18720000;74,83;54,98196;82,89449
18870000;74,83;54,98196;82,89449
19020000;74,83;54,98196;82,89449
19170000;74,83;54,98196;82,89449
11870000;45,09;54,98196;82,89449
12020000;45,09;54,98196;82,89449
12170000;45,09;54,98196;82,89449
12320000;45,09;54,98196;82,89449
32690000;146,21;54,98196;82,89449
33090000;146,21;54,98196;82,89449
32890000;146,21;54,98196;82,89449
33290000;146,21;54,98196;82,89449
33490000;146,21;54,98196;82,89449
33690000;146,21;54,98196;82,89449
33890000;146,21;54,98196;82,89449
10400000;40,31;54,98196;82,89449
10800000;40,31;54,98196;82,89449
10500000;40,31;54,98196;82,89449
10600000;40,31;54,98196;82,89449
10700000;40,31;54,98196;82,89449
10900000;40,31;54,98196;82,89449
11000000;40,31;54,98196;82,89449
10500000;41,65;54,98196;82,89449
11100000;41,65;54,98196;82,89449
10800000;41,65;54,98196;82,89449
10600000;41,65;54,98196;82,89449
10700000;41,65;54,98196;82,89449
10800000;41,65;54,98196;82,89449
10900000;41,65;54,98196;82,89449
11000000;41,65;54,98196;82,89449
10900000;41,65;54,98196;82,89449
10910000;42,91;54,98196;82,89449
11010000;42,91;54,98196;82,89449
11110000;42,91;54,98196;82,89449
11310000;42,91;54,98196;82,89449
11210000;42,91;54,98196;82,89449
18010000;73,09;54,98196;82,89449
18760000;73,09;54,98196;82,89449
18610000;73,09;54,98196;82,89449
18160000;73,09;54,98196;82,89449
18310000;73,09;54,98196;82,89449
18460000;73,09;54,98196;82,89449
10870000;43,49;54,98196;82,89449
10970000;43,49;54,98196;82,89449
11070000;43,49;54,98196;82,89449
11170000;43,49;54,98196;82,89449
11270000;43,49;54,98196;82,89449
11370000;43,49;54,98196;82,89449
11470000;43,49;54,98196;82,89449
10870000;43,49;54,98196;82,89449
10970000;43,49;54,98196;82,89449
11070000;43,49;54,98196;82,89449
11170000;43,49;54,98196;82,89449
11270000;43,49;54,98196;82,89449
11370000;43,49;54,98196;82,89449
11470000;43,49;54,98196;82,89449
28010000;121,27;54,98196;82,89449
28510000;121,27;54,98196;82,89449
28260000;121,27;54,98196;82,89449
28760000;121,27;54,98196;82,89449
29010000;121,27;54,98196;82,89449
29260000;121,27;54,98196;82,89449
29510000;121,27;54,98196;82,89449
23200000;99,1;54,98196;82,89449
23350000;99,1;54,98196;82,89449
23500000;99,1;54,98196;82,89449
23650000;99,1;54,98196;82,89449
23800000;99,1;54,98196;82,89449
23950000;99,1;54,98196;82,89449
24100000;99,1;54,98196;82,89449
9890000;51,06;54,98195;82,89451
9800000;60,39;54,98199;82,89444
10490000;60,39;54,98199;82,89444
10540000;60,39;54,98199;82,89444
10590000;60,39;54,98199;82,89444
10690000;60,39;54,98199;82,89444
10440000;60,39;54,98199;82,89444
10640000;60,39;54,98199;82,89444
8040000;47,9;54,98199;82,89444
8590000;47,9;54,98199;82,89444
9850000;49,05;54,98195;82,89451
11040000;49,05;54,98195;82,89451
11090000;49,05;54,98195;82,89451
11290000;49,05;54,98195;82,89451
11340000;49,05;54,98195;82,89451
11390000;49,05;54,98195;82,89451
23250000;101,39;54,98195;82,89451
19500000;86,22;54,98195;82,89451
29730000;133,77;54,98195;82,89451
6900000;29,03;55,013116;82,957515
6700000;27,41;55,013116;82,957515
6700000;27,41;55,013116;82,957515
8800000;38,79;55,013116;82,957515
9300000;45,89;55,013116;82,957515
11280000;62,02;55,013116;82,957515
9450000;48,28;55,013116;82,957515
9550000;48,28;55,013116;82,957515
12100000;61,75;55,013116;82,957515
12580000;61,75;55,013116;82,957515
12900000;72,87;55,013116;82,957515
12300000;68,37;55,013116;82,957515
13050000;67,78;55,013116;82,957515
13150000;67,78;55,013116;82,957515
13400000;67,78;55,013116;82,957515
13200000;67,78;55,013116;82,957515
15000000;67,79;55,013116;82,957515
13500000;72,18;55,013116;82,957515
13800000;72,18;55,013116;82,957515
13500000;72,18;55,013116;82,957515
13700000;72,18;55,013116;82,957515
14100000;72,18;55,013116;82,957515
14000000;72,18;55,013116;82,957515
16400000;74,6;55,013116;82,957515
15860000;85,3;55,013116;82,957515
17000000;85,3;55,013116;82,957515
15900000;85,3;55,013116;82,957515
24500000;114,37;55,013116;82,957515
26800000;122,81;55,013116;82,957515
24600000;113,39;55,013116;82,957515
22500000;104,15;55,013116;82,957515
14860000;86,44;55,013116;82,957515
4350000;39,1;54,99233827;82,8339015
4180000;39,2;54,99233827;82,8339015
3550000;27,3;54,99233827;82,8339015
4190000;37;54,99233827;82,8339015
4190000;37;54,99233827;82,8339015
4680000;44,5;54,99233827;82,8339015
3700000;27,2;54,99233827;82,8339015
8900000;48,9;55,047188;82,858989
10900000;61,7;55,047188;82,858989
11300000;61,7;55,047188;82,858989
10900000;61,6;55,047188;82,858989
11300000;61,9;55,047188;82,858989
12000000;61,1;55,047188;82,858989
10600000;61,8;55,047188;82,858989
9990000;60,2;55,047188;82,858989
11300000;62;55,047188;82,858989
13000000;74,8;55,047188;82,858989
14080000;74,8;55,047188;82,858989
14080000;74,8;55,047188;82,858989
12900000;75;55,047188;82,858989
13700000;75,2;55,047188;82,858989
13700000;74,9;55,047188;82,858989
14700000;74,9;55,047188;82,858989
13820000;75,1;55,047188;82,858989
13820000;75,1;55,047188;82,858989
14700000;74,4;55,047188;82,858989
6270000;25,57;54,86989;83,08241
6400000;25,57;54,86989;83,08241
6270000;25,57;54,86989;83,08241
8500000;40,21;54,87024;83,0836
10290000;40,21;54,87024;83,0836
9200000;42,27;54,87024;83,0836
10750000;42,27;54,87024;83,0836
8520000;39,34;54,86989;83,08241
8520000;39,34;54,86989;83,08241
8720000;39,34;54,86989;83,08241
10490000;46,52;54,87024;83,0836
10490000;46,52;54,87024;83,0836
10490000;46,52;54,87024;83,0836
11870000;46,52;54,87024;83,0836
10490000;46,52;54,87024;83,0836
9040000;42,08;54,86989;83,08241
9040000;42,08;54,86989;83,08241
9250000;42,08;54,86989;83,08241
11580000;56,95;54,86989;83,08241
11870000;56,95;54,86989;83,08241
11450000;44,77;54,87024;83,0836
12500000;53,17;54,87024;83,0836
13390000;53,17;54,87024;83,0836
9900000;45,98;54,87024;83,0836
11740000;45,98;54,87024;83,0836
8870000;41,16;54,86989;83,08241
9070000;41,16;54,86989;83,08241
8870000;41,16;54,86989;83,08241
8850000;41,09;54,86989;83,08241
9060000;41,09;54,86989;83,08241
8850000;41,09;54,86989;83,08241
15090000;62,36;54,87024;83,0836
13230000;65,84;54,86989;83,08241
13230000;65,84;54,86989;83,08241
13550000;65,84;54,86989;83,08241
14660000;73,59;54,86989;83,08241
14660000;73,59;54,86989;83,08241
15690000;79,18;54,86989;83,08241
15690000;79,18;54,86989;83,08241
15690000;79,18;54,86989;83,08241
14900000;64,64;54,87024;83,0836
15590000;64,64;54,87024;83,0836
13500000;67,31;54,86989;83,08241
13500000;67,31;54,86989;83,08241
17570000;89,31;54,86989;83,08241
17570000;89,31;54,86989;83,08241
17570000;89,31;54,86989;83,08241
6300000;23,01;54,989888;82,843547
6350000;23,01;54,989888;82,843547
6350000;23,01;54,989888;82,843547
6350000;23,01;54,989888;82,843547
6350000;23,01;54,989888;82,843547
6350000;23,01;54,989888;82,843547
6350000;23,01;54,989888;82,843547
6400000;23,01;54,989888;82,843547
6400000;23,01;54,989888;82,843547
6450000;23,28;54,989888;82,843547
6500000;23,28;54,989888;82,843547
6500000;23,28;54,989888;82,843547
6500000;23,28;54,989888;82,843547
6500000;23,28;54,989888;82,843547
6550000;23,28;54,989888;82,843547
6550000;23,28;54,989888;82,843547
6300000;22,49;54,989888;82,843547
6350000;22,49;54,989888;82,843547
6350000;22,49;54,989888;82,843547
6350000;22,49;54,989888;82,843547
6350000;22,49;54,989888;82,843547
6400000;22,49;54,989888;82,843547
6350000;22,49;54,989888;82,843547
10800000;67,61;54,989888;82,843547
10450000;59,63;54,989888;82,843547
10500000;59,63;54,989888;82,843547
10450000;59,63;54,989888;82,843547
10450000;59,63;54,989888;82,843547
10450000;59,63;54,989888;82,843547
10500000;59,63;54,989888;82,843547
10350000;56,38;54,989888;82,843547
10350000;56,38;54,989888;82,843547
10450000;56,38;54,989888;82,843547
10450000;56,38;54,989888;82,843547
10350000;59,48;54,989888;82,843547
10350000;59,48;54,989888;82,843547
10350000;59,48;54,989888;82,843547
10350000;59,48;54,989888;82,843547
10450000;59,48;54,989888;82,843547
10450000;59,48;54,989888;82,843547
11550000;67,58;54,989888;82,843547
11550000;67,58;54,989888;82,843547
11650000;67,58;54,989888;82,843547
9250000;65,34;54,978807;82,852096
9300000;65,34;54,978807;82,852096
8800000;58,4;54,978807;82,852096
8814000;56,7;54,97717132;83,0427692
8870700;56,7;54,97717132;83,0427692
8927400;56,7;54,97717132;83,0427692
8968300;56,6;54,97717132;83,0427692
6700000;41,1;54,965348;82,899892
6800000;41,1;54,965348;82,899892
7900000;41,1;54,965348;82,899892
6800000;41,1;54,965348;82,899892
6900000;41,1;54,965348;82,899892
6900000;41,1;54,965348;82,899892
7000000;41,1;54,965348;82,899892
7100000;41,1;54,965348;82,899892
7100000;41,1;54,965348;82,899892
7100000;41,1;54,965348;82,899892
7200000;41,1;54,965348;82,899892
7200000;41,1;54,965348;82,899892
7700000;41,1;54,965348;82,899892
7100000;41,1;54,965348;82,899892
7550000;47,7;54,965348;82,899892
6800000;47,9;54,965348;82,899892
7300000;47,9;54,965348;82,899892
7300000;47,9;54,965348;82,899892
7350000;47,9;54,965348;82,899892
7450000;47,9;54,965348;82,899892
7800000;40,9;54,965348;82,899892
6600000;41,4;54,965348;82,899892
6800000;41,4;54,965348;82,899892
7000000;41,4;54,965348;82,899892
6700000;41,4;54,965348;82,899892
6700000;41,4;54,965348;82,899892
6800000;41,4;54,965348;82,899892
6900000;41,4;54,965348;82,899892
8500000;59;54,965348;82,899892
8900000;59;54,965348;82,899892
9400000;70;54,965348;82,899892
9700000;70;54,965348;82,899892
9800000;70;54,965348;82,899892
9050000;71,6;54,965348;82,899892
9050000;71,6;54,965348;82,899892
9150000;71,6;54,965348;82,899892
9150000;71,6;54,965348;82,899892
9250000;71,6;54,965348;82,899892
7700000;53,5;54,965348;82,899892
7900000;53,5;54,965348;82,899892
7700000;53,5;54,965348;82,899892
7800000;53,5;54,965348;82,899892
7800000;53,5;54,965348;82,899892
7800000;53,5;54,965348;82,899892
7900000;53,5;54,965348;82,899892
8000000;53,5;54,965348;82,899892
8100000;53,5;54,965348;82,899892
9030000;53,5;54,965348;82,899892
7800000;53,5;54,965348;82,899892
9250000;71,4;54,965348;82,899892
9350000;71,4;54,965348;82,899892
9250000;71,4;54,965348;82,899892
9350000;71,4;54,965348;82,899892
9350000;71,4;54,965348;82,899892
9350000;71,4;54,965348;82,899892
9550000;71,4;54,965348;82,899892
9550000;71,4;54,965348;82,899892
9650000;69,6;54,965348;82,899892
9800000;69,6;54,965348;82,899892
9800000;69,6;54,965348;82,899892
8760000;58,4;54,965348;82,899892
8876800;58,4;54,965348;82,899892
9100000;58,4;54,965348;82,899892
9100000;58,4;54,965348;82,899892
9100000;58,4;54,965348;82,899892
9150000;70,2;54,965348;82,899892
9150000;70,2;54,965348;82,899892
9400000;70,2;54,965348;82,899892
8900000;57,5;54,965348;82,899892
8950000;57,5;54,965348;82,899892
9400000;69,9;54,965348;82,899892
10050000;83;54,965348;82,899892
10200000;83;54,965348;82,899892
10050000;83;54,965348;82,899892
10050000;83;54,965348;82,899892
10050000;83;54,965348;82,899892
10100000;83;54,965348;82,899892
10100000;83;54,965348;82,899892
10100000;83;54,965348;82,899892
10200000;83;54,965348;82,899892
10050000;83;54,965348;82,899892
10100000;83;54,965348;82,899892
10100000;83;54,965348;82,899892
10100000;83;54,965348;82,899892
10200000;82,8;54,965348;82,899892
10200000;82,8;54,965348;82,899892
10200000;82,8;54,965348;82,899892
10300000;82,8;54,965348;82,899892
10300000;82,8;54,965348;82,899892
10300000;82,8;54,965348;82,899892
5718100;27,1;55,06201;82,94264
5633700;26,7;55,06201;82,94264
5633700;26,7;55,06201;82,94264
5819000;25,3;55,06201;82,94264
5819000;25,3;55,06201;82,94264
5945500;25,3;55,06201;82,94264
5945500;25,3;55,06201;82,94264
5819000;25,3;55,06201;82,94264
5945500;25,3;55,06201;82,94264
5945500;25,3;55,06201;82,94264
6072000;25,3;55,06201;82,94264
5945500;25,3;55,06201;82,94264
5945500;25,3;55,06201;82,94264
5945500;25,3;55,06201;82,94264
6072000;25,3;55,06201;82,94264
5945500;25,3;55,06201;82,94264
6072000;25,3;55,06201;82,94264
5945500;25,3;55,06201;82,94264
6198500;25,3;55,06201;82,94264
6198500;25,3;55,06201;82,94264
6198500;25,3;55,06201;82,94264
5976000;24,9;55,06201;82,94264
5976000;24,9;55,06201;82,94264
5137900;26,9;55,06201;82,94264
6063000;28,2;55,06201;82,94264
5842600;26,2;55,06201;82,94264
5888000;25,6;55,06201;82,94264
5888000;25,6;55,06201;82,94264
5753400;25,8;55,06201;82,94264
7769500;37,9;55,06201;82,94264
8584000;46,4;55,06201;82,94264
8053500;41,3;55,06201;82,94264
8053500;41,3;55,06201;82,94264
8260000;41,3;55,06201;82,94264
8260000;41,3;55,06201;82,94264
8466500;41,3;55,06201;82,94264
8466500;41,3;55,06201;82,94264
8466500;41,3;55,06201;82,94264
8466500;41,3;55,06201;82,94264
8466500;41,3;55,06201;82,94264
8590400;41,3;55,06201;82,94264
8590400;41,3;55,06201;82,94264
8590400;41,3;55,06201;82,94264
8590400;41,3;55,06201;82,94264
8590400;41,3;55,06201;82,94264
8590400;41,3;55,06201;82,94264
8673000;41,3;55,06201;82,94264
8673000;41,3;55,06201;82,94264
8673000;41,3;55,06201;82,94264
8673000;41,3;55,06201;82,94264
8962100;41,3;55,06201;82,94264
8962100;41,3;55,06201;82,94264
8022000;42;55,06201;82,94264
8505700;41,9;55,06201;82,94264
8424500;41,5;55,06201;82,94264
8922500;41,5;55,06201;82,94264
8507500;41,5;55,06201;82,94264
8507500;41,5;55,06201;82,94264
8715000;41,5;55,06201;82,94264
10159500;52,1;55,06201;82,94264
10159500;52,1;55,06201;82,94264
10420000;52,1;55,06201;82,94264
10420000;52,1;55,06201;82,94264
10420000;52,1;55,06201;82,94264
10680500;52,1;55,06201;82,94264
10680500;52,1;55,06201;82,94264
10941000;52,1;55,06201;82,94264
10941000;52,1;55,06201;82,94264
10941000;52,1;55,06201;82,94264
7866000;41,4;55,06201;82,94264
8602500;46,5;55,06201;82,94264
7676000;40,4;55,06201;82,94264
7676000;40,4;55,06201;82,94264
7878000;40,4;55,06201;82,94264
8282000;40,4;55,06201;82,94264
8282000;40,4;55,06201;82,94264
8282000;40,4;55,06201;82,94264
8282000;40,4;55,06201;82,94264
8282000;40,4;55,06201;82,94264
8282000;40,4;55,06201;82,94264
8282000;40,4;55,06201;82,94264
8282000;40,4;55,06201;82,94264
8282000;40,4;55,06201;82,94264
8484000;40,4;55,06201;82,94264
8484000;40,4;55,06201;82,94264
8484000;40,4;55,06201;82,94264
8484000;40,4;55,06201;82,94264
8686000;40,4;55,06201;82,94264
8686000;40,4;55,06201;82,94264
8282000;40,4;55,06201;82,94264
8060200;42,2;55,06201;82,94264
8118000;39,6;55,06201;82,94264
8118000;39,6;55,06201;82,94264
8157600;39,6;55,06201;82,94264
8157600;39,6;55,06201;82,94264
8157600;39,6;55,06201;82,94264
8316000;39,6;55,06201;82,94264
8514000;39,6;55,06201;82,94264
8593200;39,6;55,06201;82,94264
8593200;39,6;55,06201;82,94264
8514000;39,6;55,06201;82,94264
7833000;37,3;55,06201;82,94264
7833000;37,3;55,06201;82,94264
7833000;37,3;55,06201;82,94264
7833000;37,3;55,06201;82,94264
7833000;37,3;55,06201;82,94264
7833000;37,3;55,06201;82,94264
8019500;37,3;55,06201;82,94264
8019500;37,3;55,06201;82,94264
8019500;37,3;55,06201;82,94264
7708000;37,6;55,06201;82,94264
7708000;37,6;55,06201;82,94264
7936500;42,9;55,06201;82,94264
8151000;42,9;55,06201;82,94264
7936500;42,9;55,06201;82,94264
8151000;42,9;55,06201;82,94264
8151000;42,9;55,06201;82,94264
8365500;42,9;55,06201;82,94264
8365500;42,9;55,06201;82,94264
8365500;42,9;55,06201;82,94264
8794500;42,9;55,06201;82,94264
8794500;42,9;55,06201;82,94264
8794500;42,9;55,06201;82,94264
8794500;42,9;55,06201;82,94264
8794500;42,9;55,06201;82,94264
8794500;42,9;55,06201;82,94264
8794500;42,9;55,06201;82,94264
9009000;42,9;55,06201;82,94264
9009000;42,9;55,06201;82,94264
9009000;42,9;55,06201;82,94264
9009000;42,9;55,06201;82,94264
9223500;42,9;55,06201;82,94264
9223500;42,9;55,06201;82,94264
8365500;42,9;55,06201;82,94264
8778000;46,2;55,06201;82,94264
8778000;46,2;55,06201;82,94264
9009000;46,2;55,06201;82,94264
9009000;46,2;55,06201;82,94264
9240000;46,2;55,06201;82,94264
9240000;46,2;55,06201;82,94264
9240000;46,2;55,06201;82,94264
9240000;46,2;55,06201;82,94264
9240000;46,2;55,06201;82,94264
9471000;46,2;55,06201;82,94264
9471000;46,2;55,06201;82,94264
9702000;46,2;55,06201;82,94264
9702000;46,2;55,06201;82,94264
9702000;46,2;55,06201;82,94264
8652000;41,2;55,06201;82,94264
8858000;41,2;55,06201;82,94264
8858000;41,2;55,06201;82,94264
8858000;41,2;55,06201;82,94264
7714000;40,6;55,06201;82,94264
7752000;40,8;55,06201;82,94264
8282400;40,8;55,06201;82,94264
7956000;40,8;55,06201;82,94264
7956000;40,8;55,06201;82,94264
8160000;40,8;55,06201;82,94264
8160000;40,8;55,06201;82,94264
8160000;40,8;55,06201;82,94264
8364000;40,8;55,06201;82,94264
8364000;40,8;55,06201;82,94264
8364000;40,8;55,06201;82,94264
8364000;40,8;55,06201;82,94264
8486400;40,8;55,06201;82,94264
8486400;40,8;55,06201;82,94264
8486400;40,8;55,06201;82,94264
8568000;40,8;55,06201;82,94264
8568000;40,8;55,06201;82,94264
8568000;40,8;55,06201;82,94264
8568000;40,8;55,06201;82,94264
8853600;40,8;55,06201;82,94264
8853600;40,8;55,06201;82,94264
11172000;58,8;55,06201;82,94264
11172000;58,8;55,06201;82,94264
8835500;43,1;55,06201;82,94264
10926000;60,7;55,06201;82,94264
10926000;60,7;55,06201;82,94264
10926000;60,7;55,06201;82,94264
10926000;60,7;55,06201;82,94264
10926000;60,7;55,06201;82,94264
10926000;60,7;55,06201;82,94264
11047400;60,7;55,06201;82,94264
11047400;60,7;55,06201;82,94264
11229500;60,7;55,06201;82,94264
11229500;60,7;55,06201;82,94264
11229500;60,7;55,06201;82,94264
11229500;60,7;55,06201;82,94264
11229500;60,7;55,06201;82,94264
11533000;60,7;55,06201;82,94264
11533000;60,7;55,06201;82,94264
11533000;60,7;55,06201;82,94264
11533000;60,7;55,06201;82,94264
11533000;60,7;55,06201;82,94264
11533000;60,7;55,06201;82,94264
9088200;45,9;55,06201;82,94264
9088200;45,9;55,06201;82,94264
9088200;45,9;55,06201;82,94264
9088200;45,9;55,06201;82,94264
9180000;45,9;55,06201;82,94264
9180000;45,9;55,06201;82,94264
9180000;45,9;55,06201;82,94264
9301500;47,7;55,06201;82,94264
9301500;47,7;55,06201;82,94264
9301500;47,7;55,06201;82,94264
9444600;47,7;55,06201;82,94264
9444600;47,7;55,06201;82,94264
9444600;47,7;55,06201;82,94264
9444600;47,7;55,06201;82,94264
9102000;49,2;55,06201;82,94264
9102000;49,2;55,06201;82,94264
9102000;49,2;55,06201;82,94264
9102000;49,2;55,06201;82,94264
9200400;49,2;55,06201;82,94264
9200400;49,2;55,06201;82,94264
9200400;49,2;55,06201;82,94264
9348000;49,2;55,06201;82,94264
9348000;49,2;55,06201;82,94264
9348000;49,2;55,06201;82,94264
9348000;49,2;55,06201;82,94264
9348000;49,2;55,06201;82,94264
9348000;49,2;55,06201;82,94264
10332000;49,2;55,06201;82,94264
10332000;49,2;55,06201;82,94264
10332000;49,2;55,06201;82,94264
9914400;61,2;55,06201;82,94264
11137000;60,2;55,06201;82,94264
11137000;60,2;55,06201;82,94264
11137000;60,2;55,06201;82,94264
11137000;60,2;55,06201;82,94264
11257400;60,2;55,06201;82,94264
11257400;60,2;55,06201;82,94264
11257400;60,2;55,06201;82,94264
11257400;60,2;55,06201;82,94264
11257400;60,2;55,06201;82,94264
11739000;60,2;55,06201;82,94264
11739000;60,2;55,06201;82,94264
11739000;60,2;55,06201;82,94264
11739000;60,2;55,06201;82,94264
9187200;46,4;55,06201;82,94264
8443500;43,3;55,06201;82,94264
8443500;43,3;55,06201;82,94264
8443500;43,3;55,06201;82,94264
11430000;63,5;55,06201;82,94264
8680000;43,4;55,06201;82,94264
8680000;43,4;55,06201;82,94264
11070000;61,5;55,06201;82,94264
9005200;47,9;55,06201;82,94264
9849060;59,8;55,06201;82,94264
10980000;61;55,06201;82,94264
11102000;61;55,06201;82,94264
11102000;61;55,06201;82,94264
10071900;58,9;55,06201;82,94264
10896500;58,9;55,06201;82,94264
10896500;58,9;55,06201;82,94264
10896500;58,9;55,06201;82,94264
10896500;58,9;55,06201;82,94264
10896500;58,9;55,06201;82,94264
10896500;58,9;55,06201;82,94264
11191000;58,9;55,06201;82,94264
11191000;58,9;55,06201;82,94264
11191000;58,9;55,06201;82,94264
11191000;58,9;55,06201;82,94264
11191000;58,9;55,06201;82,94264
11191000;58,9;55,06201;82,94264
11191000;58,9;55,06201;82,94264
11191000;58,9;55,06201;82,94264
11485500;58,9;55,06201;82,94264
11485500;58,9;55,06201;82,94264
11485500;58,9;55,06201;82,94264
11485500;58,9;55,06201;82,94264
11485500;58,9;55,06201;82,94264
9348000;45,6;55,06201;82,94264
9348000;45,6;55,06201;82,94264
9348000;45,6;55,06201;82,94264
9348000;45,6;55,06201;82,94264
9348000;45,6;55,06201;82,94264
9439200;45,6;55,06201;82,94264
9439200;45,6;55,06201;82,94264
9439200;45,6;55,06201;82,94264
9576000;45,6;55,06201;82,94264
9576000;45,6;55,06201;82,94264
9576000;45,6;55,06201;82,94264
11862000;65,9;55,06201;82,94264
12521000;65,9;55,06201;82,94264
12521000;65,9;55,06201;82,94264
12103000;63,7;55,06201;82,94264
11158400;63,4;55,06201;82,94264
11502000;63,9;55,06201;82,94264
11821500;63,9;55,06201;82,94264
13413000;78,9;55,06201;82,94264
9758000;47,6;55,06201;82,94264
9758000;47,6;55,06201;82,94264
9758000;47,6;55,06201;82,94264
9996000;47,6;55,06201;82,94264
9996000;47,6;55,06201;82,94264
10234000;47,6;55,06201;82,94264
10234000;47,6;55,06201;82,94264
10329200;47,6;55,06201;82,94264
10329200;47,6;55,06201;82,94264
10329200;47,6;55,06201;82,94264
8600000;43;55,06201;82,94264
8600000;43;55,06201;82,94264
8815000;43;55,06201;82,94264
8815000;43;55,06201;82,94264
8944000;43;55,06201;82,94264
8944000;43;55,06201;82,94264
11251500;57,7;55,06201;82,94264
11251500;57,7;55,06201;82,94264
11251500;57,7;55,06201;82,94264
11251500;57,7;55,06201;82,94264
11251500;57,7;55,06201;82,94264
11540000;57,7;55,06201;82,94264
11540000;57,7;55,06201;82,94264
14332500;73,5;55,06201;82,94264
14332500;73,5;55,06201;82,94264
14332500;73,5;55,06201;82,94264
14332500;73,5;55,06201;82,94264
14332500;73,5;55,06201;82,94264
14332500;73,5;55,06201;82,94264
14332500;73,5;55,06201;82,94264
14700000;73,5;55,06201;82,94264
14700000;73,5;55,06201;82,94264
14700000;73,5;55,06201;82,94264
14700000;73,5;55,06201;82,94264
14700000;73,5;55,06201;82,94264
15271100;90,9;55,06201;82,94264
16362000;90,9;55,06201;82,94264
16362000;90,9;55,06201;82,94264
15907500;90,9;55,06201;82,94264
16089300;90,9;55,06201;82,94264
16089300;90,9;55,06201;82,94264
16089300;90,9;55,06201;82,94264
16089300;90,9;55,06201;82,94264
16271100;90,9;55,06201;82,94264
16271100;90,9;55,06201;82,94264
16271100;90,9;55,06201;82,94264
16271100;90,9;55,06201;82,94264
16271100;90,9;55,06201;82,94264
16271100;90,9;55,06201;82,94264
16362000;90,9;55,06201;82,94264
16362000;90,9;55,06201;82,94264
16362000;90,9;55,06201;82,94264
13874400;73,8;55,06201;82,94264
13874400;73,8;55,06201;82,94264
14022000;73,8;55,06201;82,94264
14022000;73,8;55,06201;82,94264
14022000;73,8;55,06201;82,94264
14022000;73,8;55,06201;82,94264
14022000;73,8;55,06201;82,94264
14501000;85,3;55,06201;82,94264
14501000;85,3;55,06201;82,94264
14671600;85,3;55,06201;82,94264
14671600;85,3;55,06201;82,94264
14671600;85,3;55,06201;82,94264
14927500;85,3;55,06201;82,94264
12554640;74,2;55,06201;82,94264
14180000;70,9;55,06201;82,94264
14180000;70,9;55,06201;82,94264
14180000;70,9;55,06201;82,94264
16029000;82,2;55,06201;82,94264
16029000;82,2;55,06201;82,94264
14161000;83,3;55,06201;82,94264
14161000;83,3;55,06201;82,94264
14327600;83,3;55,06201;82,94264
14327600;83,3;55,06201;82,94264
14327600;83,3;55,06201;82,94264
14577500;83,3;55,06201;82,94264
14577500;83,3;55,06201;82,94264
14111500;83,5;55,06201;82,94264
14111500;83,5;55,06201;82,94264
14707500;79,5;55,06201;82,94264
14707500;79,5;55,06201;82,94264
15105000;79,5;55,06201;82,94264
15105000;79,5;55,06201;82,94264
15502500;79,5;55,06201;82,94264
15502500;79,5;55,06201;82,94264
15502500;79,5;55,06201;82,94264
15502500;79,5;55,06201;82,94264
15661500;79,5;55,06201;82,94264
15741000;79,5;55,06201;82,94264
15741000;79,5;55,06201;82,94264
15741000;79,5;55,06201;82,94264
15741000;79,5;55,06201;82,94264
15900000;79,5;55,06201;82,94264
15900000;79,5;55,06201;82,94264
16297500;79,5;55,06201;82,94264
16297500;79,5;55,06201;82,94264
16297500;79,5;55,06201;82,94264
8594000;45,12;55,056037;82,890153
11697000;73,67;55,056037;82,890153
10568000;66,47;55,056037;82,890153
9295000;53,19;55,056037;82,890153
10267000;71,46;55,056037;82,890153
12594000;79,39;55,056037;82,890153
12515000;84,83;55,056037;82,890153
17318000;109,54;55,056037;82,890153
12705000;80,1;55,056037;82,890153
15873000;120,6;55,056037;82,890153
16626000;117,68;55,056037;82,890153
17840000;112,87;55,056037;82,890153
12500000;84,87;55,056037;82,890153
10217000;85,4;55,056037;82,890153
19867000;166,33;55,056037;82,890153
6850000;31,54;55,03217;82,98173
6700000;31,73;55,03217;82,98173
6830000;30,25;55,03217;82,98173
6830000;30,25;55,03217;82,98173
8420000;40,92;55,03217;82,98173
8340000;41,29;55,03217;82,98173
8370000;41,02;55,03217;82,98173
8370000;41,02;55,03217;82,98173
8350000;42,39;55,03217;82,98173
8420000;42,31;55,03217;82,98173
8420000;42,31;55,03217;82,98173
10340000;58,61;55,03217;82,98173
10340000;58,61;55,03217;82,98173
10190000;58,68;55,03217;82,98173
9960000;58,81;55,03217;82,98173
9960000;58,81;55,03217;82,98173
10290000;58,44;55,03217;82,98173
10120000;58,59;55,03217;82,98173
10170000;58,59;55,03217;82,98173
10390000;58,5;55,03217;82,98173
9960000;58,73;55,03217;82,98173
9960000;58,73;55,03217;82,98173
10190000;58,52;55,03217;82,98173
10240000;58,52;55,03217;82,98173
13990000;84,59;55,03217;82,98173
13890000;84,67;55,03217;82,98173
13890000;84,67;55,03217;82,98173
13990000;84,67;55,03217;82,98173
13990000;84,48;55,03217;82,98173
6900000;29;54,989888;82,843547
7100000;29;54,989888;82,843547
7000000;29;54,989888;82,843547
7000000;29;54,989888;82,843547
6900000;29;54,989888;82,843547
6950000;28,7;54,989888;82,843547
6950000;28,7;54,989888;82,843547
7150000;28,7;54,989888;82,843547
7050000;28,7;54,989888;82,843547
7050000;28,7;54,989888;82,843547
6400000;29,1;54,989888;82,843547
6500000;29,1;54,989888;82,843547
6500000;29,1;54,989888;82,843547
6500000;29,1;54,989888;82,843547
6400000;29,1;54,989888;82,843547
6500000;29,1;54,989888;82,843547
6100000;28,2;54,989888;82,843547
6200000;28,2;54,989888;82,843547
6300000;28,2;54,989888;82,843547
6400000;28,2;54,989888;82,843547
6400000;28,2;54,989888;82,843547
6400000;28,2;54,989888;82,843547
6400000;28,2;54,989888;82,843547
6350000;29,4;54,989888;82,843547
6350000;29,4;54,989888;82,843547
6450000;29,4;54,989888;82,843547
6450000;29,4;54,989888;82,843547
6450000;29,4;54,989888;82,843547
6450000;29,4;54,989888;82,843547
6350000;29,4;54,989888;82,843547
7000000;28,9;54,989888;82,843547
7000000;28,9;54,989888;82,843547
7100000;28,9;54,989888;82,843547
6300000;29,9;54,989888;82,843547
6200000;27,7;54,989888;82,843547
6850000;28,6;54,989888;82,843547
7100000;28,6;54,989888;82,843547
6850000;28,6;54,989888;82,843547
7000000;28,6;54,989888;82,843547
6850000;28,6;54,989888;82,843547
9350000;43,3;54,989888;82,843547
8800000;39,8;54,989888;82,843547
8900000;39,8;54,989888;82,843547
8650000;38,9;54,989888;82,843547
8150000;39,1;54,989888;82,843547
8850000;41,1;54,989888;82,843547
8650000;41;54,989888;82,843547
8650000;41;54,989888;82,843547
8450000;46,5;54,989888;82,843547
10350000;68,3;54,989888;82,843547
11300000;65,7;54,989888;82,843547
9100000;45,1;54,989888;82,843547
10450000;58,6;54,989888;82,843547
10550000;58,6;54,989888;82,843547
10750000;58,6;54,989888;82,843547
10450000;58,6;54,989888;82,843547
10650000;58,6;54,989888;82,843547
10650000;58,6;54,989888;82,843547
10550000;58,6;54,989888;82,843547
10750000;58,6;54,989888;82,843547
10550000;58,6;54,989888;82,843547
10550000;58,6;54,989888;82,843547
10450000;58,6;54,989888;82,843547
10750000;58,6;54,989888;82,843547
10750000;58,6;54,989888;82,843547
9400000;44,7;54,989888;82,843547
9500000;44,7;54,989888;82,843547
9500000;44,7;54,989888;82,843547
9600000;44,7;54,989888;82,843547
10400000;59;54,989888;82,843547
10600000;59;54,989888;82,843547
10300000;55,8;54,989888;82,843547
10400000;55,8;54,989888;82,843547
10300000;55,8;54,989888;82,843547
10300000;55,8;54,989888;82,843547
10300000;55,8;54,989888;82,843547
10400000;55,8;54,989888;82,843547
10400000;55,8;54,989888;82,843547
10250000;58,8;54,989888;82,843547
9250000;44,9;54,989888;82,843547
9350000;44,9;54,989888;82,843547
9350000;44,9;54,989888;82,843547
9350000;44,9;54,989888;82,843547
9250000;44,9;54,989888;82,843547
9250000;44,9;54,989888;82,843547
9250000;44,9;54,989888;82,843547
10900000;58,5;54,989888;82,843547
11000000;58,5;54,989888;82,843547
11250000;58,5;54,989888;82,843547
11150000;58,5;54,989888;82,843547
11150000;58,5;54,989888;82,843547
11000000;58,5;54,989888;82,843547
14750000;89,9;54,989888;82,843547
11400000;67,9;54,989888;82,843547
15650000;97,2;54,989888;82,843547
11500000;66,5;54,989888;82,843547
11500000;66,5;54,989888;82,843547
11400000;67,8;54,989888;82,843547
11400000;67,8;54,989888;82,843547
11400000;67,8;54,989888;82,843547
11450000;67,5;54,989888;82,843547
11450000;67,5;54,989888;82,843547
11450000;67,5;54,989888;82,843547
11550000;67,5;54,989888;82,843547
11550000;67,5;54,989888;82,843547
11550000;67,5;54,989888;82,843547
11550000;67,5;54,989888;82,843547
11450000;67,5;54,989888;82,843547
11800000;70,5;54,989888;82,843547
11600000;66,6;54,989888;82,843547
11600000;66,6;54,989888;82,843547
5250000;29,98;54,989888;82,843547
5300000;29,98;54,989888;82,843547
5300000;29,98;54,989888;82,843547
5400000;29,98;54,989888;82,843547
5300000;29,98;54,989888;82,843547
5400000;29,98;54,989888;82,843547
5300000;29,98;54,989888;82,843547
5400000;29,98;54,989888;82,843547
5400000;29,98;54,989888;82,843547
5500000;29,71;54,989888;82,843547
5500000;29,71;54,989888;82,843547
5700000;29,71;54,989888;82,843547
5850000;29,71;54,989888;82,843547
5700000;29,71;54,989888;82,843547
5750000;29,71;54,989888;82,843547
5750000;29,71;54,989888;82,843547
5750000;29,71;54,989888;82,843547
5700000;29,71;54,989888;82,843547
5600000;29,71;54,989888;82,843547
5850000;29,71;54,989888;82,843547
5600000;29,71;54,989888;82,843547
5700000;29,71;54,989888;82,843547
5700000;29,71;54,989888;82,843547
5750000;29,71;54,989888;82,843547
5600000;29,71;54,989888;82,843547
5850000;29,71;54,989888;82,843547
5600000;29,71;54,989888;82,843547
5850000;29,71;54,989888;82,843547
5700000;29,71;54,989888;82,843547
5600000;29,71;54,989888;82,843547
5600000;29,71;54,989888;82,843547
6450000;38,82;54,989888;82,843547
6650000;38,82;54,989888;82,843547
6650000;38,82;54,989888;82,843547
6550000;38,82;54,989888;82,843547
6750000;38,82;54,989888;82,843547
6750000;38,82;54,989888;82,843547
6550000;38,82;54,989888;82,843547
6550000;38,82;54,989888;82,843547
6500000;37,06;54,989888;82,843547
6800000;37,06;54,989888;82,843547
6700000;37,06;54,989888;82,843547
6600000;37,06;54,989888;82,843547
6600000;37,06;54,989888;82,843547
6500000;37,06;54,989888;82,843547
6600000;37,06;54,989888;82,843547
6500000;37,06;54,989888;82,843547
6800000;37,06;54,989888;82,843547
6450000;38,81;54,989888;82,843547
6800000;38,81;54,989888;82,843547
7000000;38,81;54,989888;82,843547
6900000;38,81;54,989888;82,843547
6800000;38,81;54,989888;82,843547
6900000;38,81;54,989888;82,843547
5850000;37,27;54,989888;82,843547
5900000;37,27;54,989888;82,843547
6350000;37;54,989888;82,843547
6750000;37;54,989888;82,843547
6450000;37;54,989888;82,843547
6650000;37;54,989888;82,843547
6550000;37;54,989888;82,843547
6550000;37;54,989888;82,843547
6750000;37;54,989888;82,843547
6650000;37;54,989888;82,843547
6450000;37;54,989888;82,843547
6450000;37;54,989888;82,843547
6550000;37;54,989888;82,843547
10490000;69,93;54,989888;82,843547
10490000;69,93;54,989888;82,843547
8400000;53,26;54,989888;82,843547
8500000;53,26;54,989888;82,843547
8650000;53,26;54,989888;82,843547
8800000;53,26;54,989888;82,843547
8500000;53,26;54,989888;82,843547
8800000;53,26;54,989888;82,843547
8500000;53,26;54,989888;82,843547
8650000;53,26;54,989888;82,843547
9600000;69,64;54,989888;82,843547
9600000;69,64;54,989888;82,843547
9750000;69,64;54,989888;82,843547
9900000;69,64;54,989888;82,843547
9600000;69,64;54,989888;82,843547
9750000;69,64;54,989888;82,843547
9900000;69,64;54,989888;82,843547
7800000;34,9;55,053578;82,898951
8400000;34,9;55,053578;82,898951
6650000;23,8;55,053578;82,898951
8080000;38,8;55,053578;82,898951
8600000;38,8;55,053578;82,898951
8180000;38,8;55,053578;82,898951
9030000;43;55,053578;82,898951
9130000;43;55,053578;82,898951
9680000;43;55,053578;82,898951
9130000;43,1;55,053578;82,898951
9730000;43,1;55,053578;82,898951
10000000;59,3;55,053578;82,898951
9700000;65,7;55,053578;82,898951
9750000;65,7;55,053578;82,898951
10100000;65,7;55,053578;82,898951
9850000;65,7;55,053578;82,898951
10200000;65,7;55,053578;82,898951
9950000;65,7;55,053578;82,898951
10150000;65,7;55,053578;82,898951
10000000;65,7;55,053578;82,898951
12650000;72,4;55,053578;82,898951
12700000;72,4;55,053578;82,898951
17000000;115,5;55,053578;82,898951
18874500;88,45;55,176691;82,964357
13901700;64,77;55,176691;82,964357
4973000;34,78;55,176691;82,964357
4973000;31,63;55,176691;82,964357
5250000;31,63;55,176691;82,964357
5250000;31,63;55,176691;82,964357
5250000;39,15;55,176691;82,964357
5250000;39,15;55,176691;82,964357
4973000;31,65;55,176691;82,964357
4973000;31,93;55,176691;82,964357
4973000;31,93;55,176691;82,964357
4979867;39,65;55,176691;82,964357
4979867;39,65;55,176691;82,964357
5250000;31,23;55,176691;82,964357
5250000;31,23;55,176691;82,964357
5790000;42,4;55,176691;82,964357
5250000;37,03;55,176691;82,964357
5250000;31,39;55,176691;82,964357
5250000;31,39;55,176691;82,964357
5250000;31,39;55,176691;82,964357
5250000;31,39;55,176691;82,964357
5250000;34,63;55,176691;82,964357
5250000;36,66;55,176691;82,964357
5250000;36,66;55,176691;82,964357
4973000;37,13;55,176691;82,964357
4973000;37,13;55,176691;82,964357
5250000;31,81;55,176691;82,964357
5790000;42,21;55,176691;82,964357
5790000;42,21;55,176691;82,964357
5790000;42,21;55,176691;82,964357
4973000;31,95;55,176691;82,964357
4973000;31,95;55,176691;82,964357
5250000;31,51;55,176691;82,964357
4973000;34,76;55,176691;82,964357
4973000;31,67;55,176691;82,964357
5250000;31,67;55,176691;82,964357
5250000;31,67;55,176691;82,964357
5250000;31,67;55,176691;82,964357
5250000;31,67;55,176691;82,964357
5770000;42,63;55,176691;82,964357
5770000;42,63;55,176691;82,964357
5230000;36,62;55,176691;82,964357
5250000;36,62;55,176691;82,964357
4973000;34,84;55,176691;82,964357
4973000;34,84;55,176691;82,964357
4673000;39,59;55,176691;82,964357
5250000;39,3;55,176691;82,964357
5250000;39,3;55,176691;82,964357
5250000;39,3;55,176691;82,964357
5250000;39,3;55,176691;82,964357
4973000;34,93;55,176691;82,964357
5250000;31,33;55,176691;82,964357
5470000;42,68;55,176691;82,964357
5250000;31,49;55,176691;82,964357
5250000;31,49;55,176691;82,964357
5250000;31,49;55,176691;82,964357
5250000;31,49;55,176691;82,964357
5250000;31,91;55,176691;82,964357
4973000;31,78;55,176691;82,964357
5250000;34,49;55,176691;82,964357
5250000;34,49;55,176691;82,964357
5250000;34,49;55,176691;82,964357
5250000;34,49;55,176691;82,964357
5250000;39,43;55,176691;82,964357
4973000;37,21;55,176691;82,964357
5250000;31,27;55,176691;82,964357
5250000;31,27;55,176691;82,964357
5250000;31,52;55,176691;82,964357
5250000;34,38;55,176691;82,964357
5250000;34,38;55,176691;82,964357
5250000;39,18;55,176691;82,964357
5250000;34,74;55,176691;82,964357
5790000;42,58;55,176691;82,964357
5250000;34,32;55,176691;82,964357
5250000;34,32;55,176691;82,964357
5250000;36,78;55,176691;82,964357
5250000;36,78;55,176691;82,964357
5250000;36,78;55,176691;82,964357
5250000;36,78;55,176691;82,964357
4950000;39,55;55,176691;82,964357
4973000;32,01;55,176691;82,964357
4973000;32,01;55,176691;82,964357
4973000;31,84;55,176691;82,964357
5250000;31,38;55,176691;82,964357
5250000;31,38;55,176691;82,964357
4989964;39,73;55,176691;82,964357
4973000;37,07;55,176691;82,964357
4973000;37,07;55,176691;82,964357
5250000;36,92;55,176691;82,964357
4973000;37,05;55,176691;82,964357
4973000;37,05;55,176691;82,964357
7310000;61,14;55,176691;82,964357
7400000;61,14;55,176691;82,964357
7400000;61,14;55,176691;82,964357
6100000;45,73;55,176691;82,964357
6100000;45,73;55,176691;82,964357
6100000;45,73;55,176691;82,964357
6200000;47,49;55,176691;82,964357
6200000;47,49;55,176691;82,964357
7400000;61,03;55,176691;82,964357
7400000;61,03;55,176691;82,964357
7400000;61,03;55,176691;82,964357
6940000;57,97;55,176691;82,964357
6100000;45,56;55,176691;82,964357
6100000;45,56;55,176691;82,964357
6010000;47,63;55,176691;82,964357
6010000;47,63;55,176691;82,964357
6150000;47,63;55,176691;82,964357
5950000;46,15;55,176691;82,964357
6399390;45,63;55,176691;82,964357
7080000;57,74;55,176691;82,964357
7090000;57,74;55,176691;82,964357
7100000;57,74;55,176691;82,964357
7220000;61,42;55,176691;82,964357
6920000;61,34;55,176691;82,964357
7220000;61,34;55,176691;82,964357
7220000;61,34;55,176691;82,964357
7220000;61,34;55,176691;82,964357
7220000;61,34;55,176691;82,964357
6150000;47,57;55,176691;82,964357
6990000;57,85;55,176691;82,964357
7050000;57,85;55,176691;82,964357
7050000;57,85;55,176691;82,964357
6840000;58,05;55,176691;82,964357
8850000;77,68;55,176691;82,964357
8850000;77,68;55,176691;82,964357
7220000;62,78;55,176691;82,964357
8650000;70,84;55,176691;82,964357
8650000;70,99;55,176691;82,964357
8650000;70,92;55,176691;82,964357
8650000;70,92;55,176691;82,964357
8850000;72,73;55,176691;82,964357
6000000;56,15;54,9985223;82,9003458
6230000;56,15;54,9985223;82,9003458
6230000;56,15;54,9985223;82,9003458
6350000;56,15;54,9985223;82,9003458
6000000;56,15;54,9985223;82,9003458
6470000;56,15;54,9985223;82,9003458
6590000;56,15;54,9985223;82,9003458
6000000;56,15;54,9985223;82,9003458
6300000;56,15;54,9985223;82,9003458
6300000;56,15;54,9985223;82,9003458
6230000;56,15;54,9985223;82,9003458
6470000;56,15;54,9985223;82,9003458
6470000;56,15;54,9985223;82,9003458
6590000;56,15;54,9985223;82,9003458
6590000;56,15;54,9985223;82,9003458
6470000;56,15;54,9985223;82,9003458
6470000;56,15;54,9985223;82,9003458
6000000;56,7;54,9985223;82,9003458
6270000;56,7;54,9985223;82,9003458
6390000;56,7;54,9985223;82,9003458
6510000;56,7;54,9985223;82,9003458
6630000;56,7;54,9985223;82,9003458
6300000;56,7;54,9985223;82,9003458
6270000;56,7;54,9985223;82,9003458
6300000;56,7;54,9985223;82,9003458
6510000;56,7;54,9985223;82,9003458
6630000;56,7;54,9985223;82,9003458
6630000;56,7;54,9985223;82,9003458
6700000;62,15;54,9985223;82,9003458
6400000;62,15;54,9985223;82,9003458
6800000;62,15;54,9985223;82,9003458
7100000;62,15;54,9985223;82,9003458
7100000;62,15;54,9985223;82,9003458
7250000;62,15;54,9985223;82,9003458
6600000;62,15;54,9985223;82,9003458
6600000;62,15;54,9985223;82,9003458
6700000;62,15;54,9985223;82,9003458
6800000;62,15;54,9985223;82,9003458
6800000;62,15;54,9985223;82,9003458
6950000;62,15;54,9985223;82,9003458
6950000;62,15;54,9985223;82,9003458
7100000;62,15;54,9985223;82,9003458
7250000;62,15;54,9985223;82,9003458
7250000;62,15;54,9985223;82,9003458
7100000;62,15;54,9985223;82,9003458
6400000;61,95;54,9985223;82,9003458
6780000;61,95;54,9985223;82,9003458
6930000;61,95;54,9985223;82,9003458
6930000;61,95;54,9985223;82,9003458
7080000;61,95;54,9985223;82,9003458
7080000;61,95;54,9985223;82,9003458
7230000;61,95;54,9985223;82,9003458
7230000;61,95;54,9985223;82,9003458
6400000;61,95;54,9985223;82,9003458
6400000;61,95;54,9985223;82,9003458
6930000;61,95;54,9985223;82,9003458
7080000;61,95;54,9985223;82,9003458
6600000;61,95;54,9985223;82,9003458
6400000;61,95;54,9985223;82,9003458
6680000;61,95;54,9985223;82,9003458
6400000;61,95;54,9985223;82,9003458
6930000;61,95;54,9985223;82,9003458
6600000;61,95;54,9985223;82,9003458
7080000;61,95;54,9985223;82,9003458
6600000;61,95;54,9985223;82,9003458
6780000;61,95;54,9985223;82,9003458
7230000;61,95;54,9985223;82,9003458
6780000;61,95;54,9985223;82,9003458
8090000;83,8;54,9985223;82,9003458
8190000;83,8;54,9985223;82,9003458
8190000;83,8;54,9985223;82,9003458
8340000;83,8;54,9985223;82,9003458
8340000;83,8;54,9985223;82,9003458
8490000;83,8;54,9985223;82,9003458
8490000;83,8;54,9985223;82,9003458
8640000;83,8;54,9985223;82,9003458
8640000;83,8;54,9985223;82,9003458
8190000;83,8;54,9985223;82,9003458
8340000;83,8;54,9985223;82,9003458
8340000;83,8;54,9985223;82,9003458
8490000;83,8;54,9985223;82,9003458
8490000;83,8;54,9985223;82,9003458
8190000;83,8;54,9985223;82,9003458
8190000;83,8;54,9985223;82,9003458
8340000;83,8;54,9985223;82,9003458
8340000;83,8;54,9985223;82,9003458
8490000;83,8;54,9985223;82,9003458
8640000;83,8;54,9985223;82,9003458
8640000;83,8;54,9985223;82,9003458
8490000;83,8;54,9985223;82,9003458
8640000;83,8;54,9985223;82,9003458
7210000;73,15;54,9985223;82,9003458
7210000;73,15;54,9985223;82,9003458
7310000;73,15;54,9985223;82,9003458
7460000;73,15;54,9985223;82,9003458
7610000;73,15;54,9985223;82,9003458
7610000;73,15;54,9985223;82,9003458
7760000;73,15;54,9985223;82,9003458
7760000;73,15;54,9985223;82,9003458
7460000;73,15;54,9985223;82,9003458
7460000;73,15;54,9985223;82,9003458
7610000;73,15;54,9985223;82,9003458
7760000;73,15;54,9985223;82,9003458
7760000;73,15;54,9985223;82,9003458
7460000;73,15;54,9985223;82,9003458
7610000;73,15;54,9985223;82,9003458
5781100;28,38;54,98293195;83,08461571
5797300;28,38;54,98293195;83,08461571
5861600;28,38;54,98293195;83,08461571
5845600;28,38;54,98293195;83,08461571
5813300;28,38;54,98293195;83,08461571
5781100;28,38;54,98293195;83,08461571
5813300;28,38;54,98293195;83,08461571
5797300;28,38;54,98293195;83,08461571
5861600;28,38;54,98293195;83,08461571
5845600;28,38;54,98293195;83,08461571
5254000;25,72;54,98293195;83,08461571
5283000;25,72;54,98293195;83,08461571
5254000;25,72;54,98293195;83,08461571
5283000;25,72;54,98293195;83,08461571
5820300;30,1;54,98270713;83,08412139
6011000;30,1;54,98270713;83,08412139
5883200;30,1;54,98270713;83,08412139
5862100;30,1;54,98270713;83,08412139
5820300;30,1;54,98270713;83,08412139
5925500;30,1;54,98270713;83,08412139
5904300;30,1;54,98270713;83,08412139
5904300;30,1;54,98270713;83,08412139
5841200;30,1;54,98270713;83,08412139
6032600;30,1;54,98270713;83,08412139
5968100;30,1;54,98270713;83,08412139
5989500;30,1;54,98270713;83,08412139
5946800;30,1;54,98270713;83,08412139
6032600;30,1;54,98270713;83,08412139
5883200;30,1;54,98270713;83,08412139
5841200;30,1;54,98270713;83,08412139
6011000;30,1;54,98270713;83,08412139
5968100;30,1;54,98270713;83,08412139
5989500;30,1;54,98270713;83,08412139
5946800;30,1;54,98270713;83,08412139
5925500;30,1;54,98270713;83,08412139
5862100;30,1;54,98270713;83,08412139
5546900;27,4;54,98293195;83,08461571
5546900;27,4;54,98293195;83,08461571
4242300;21,4;54,98270713;83,08412139
4242300;21,4;54,98270713;83,08412139
5973800;29,7;54,98270713;83,08412139
5973800;29,7;54,98270713;83,08412139
5591600;27,8;54,98270713;83,08412139
5692700;27,8;54,98270713;83,08412139
5733700;27,8;54,98270713;83,08412139
5672400;27,8;54,98270713;83,08412139
5713100;27,8;54,98270713;83,08412139
5631900;27,8;54,98270713;83,08412139
5713100;27,8;54,98270713;83,08412139
5692700;27,8;54,98270713;83,08412139
5652100;27,8;54,98270713;83,08412139
5631900;27,8;54,98270713;83,08412139
5774900;27,8;54,98270713;83,08412139
5672400;27,8;54,98270713;83,08412139
5652100;27,8;54,98270713;83,08412139
5591600;27,8;54,98270713;83,08412139
5754200;27,8;54,98270713;83,08412139
5611700;27,8;54,98270713;83,08412139
5795600;27,8;54,98270713;83,08412139
5733700;27,8;54,98270713;83,08412139
5795600;27,8;54,98270713;83,08412139
5816400;27,8;54,98270713;83,08412139
5774900;27,8;54,98270713;83,08412139
5754200;27,8;54,98270713;83,08412139
5816400;27,8;54,98270713;83,08412139
5611700;27,8;54,98270713;83,08412139
4400500;21,4;54,98293195;83,08461571
4400500;21,4;54,98293195;83,08461571
5414200;28;54,98270713;83,08412139
5433700;28;54,98270713;83,08412139
5611700;28;54,98270713;83,08412139
5611700;28;54,98270713;83,08412139
5571700;28;54,98270713;83,08412139
5531900;28;54,98270713;83,08412139
5512100;28;54,98270713;83,08412139
5472700;28;54,98270713;83,08412139
5492400;28;54,98270713;83,08412139
5472700;28;54,98270713;83,08412139
5551700;28;54,98270713;83,08412139
5531900;28;54,98270713;83,08412139
5492400;28;54,98270713;83,08412139
5453200;28;54,98270713;83,08412139
5453200;28;54,98270713;83,08412139
5591700;28;54,98270713;83,08412139
5571700;28;54,98270713;83,08412139
5512100;28;54,98270713;83,08412139
5433700;28;54,98270713;83,08412139
5414200;28;54,98270713;83,08412139
5551700;28;54,98270713;83,08412139
5591700;28;54,98270713;83,08412139
5836300;28,18;54,98293195;83,08461571
5836300;28,18;54,98293195;83,08461571
4347100;21,85;54,98270713;83,08412139
4378300;21,85;54,98270713;83,08412139
4394000;21,85;54,98270713;83,08412139
4409800;21,85;54,98270713;83,08412139
4362700;21,85;54,98270713;83,08412139
4394000;21,85;54,98270713;83,08412139
4425600;21,85;54,98270713;83,08412139
4378300;21,85;54,98270713;83,08412139
4347100;21,85;54,98270713;83,08412139
4362700;21,85;54,98270713;83,08412139
4425600;21,85;54,98270713;83,08412139
4409800;21,85;54,98270713;83,08412139
5954900;29,5;54,98270713;83,08412139
6150000;29,5;54,98270713;83,08412139
5976200;29,5;54,98270713;83,08412139
6128000;29,5;54,98270713;83,08412139
6040800;29,5;54,98270713;83,08412139
6128000;29,5;54,98270713;83,08412139
6106100;29,5;54,98270713;83,08412139
6084300;29,5;54,98270713;83,08412139
6062500;29,5;54,98270713;83,08412139
6040800;29,5;54,98270713;83,08412139
5997700;29,5;54,98270713;83,08412139
6019200;29,5;54,98270713;83,08412139
5997700;29,5;54,98270713;83,08412139
5976200;29,5;54,98270713;83,08412139
6106100;29,5;54,98270713;83,08412139
6084300;29,5;54,98270713;83,08412139
5954900;29,5;54,98270713;83,08412139
6172100;29,5;54,98270713;83,08412139
6062500;29,5;54,98270713;83,08412139
6019200;29,5;54,98270713;83,08412139
6172100;29,5;54,98270713;83,08412139
6150000;29,5;54,98270713;83,08412139
4691600;21,85;54,98293195;83,08461571
4743200;21,85;54,98293195;83,08461571
4717300;21,85;54,98293195;83,08461571
4756200;21,85;54,98293195;83,08461571
4769300;21,85;54,98293195;83,08461571
4717300;21,85;54,98293195;83,08461571
4691600;21,85;54,98293195;83,08461571
4743200;21,85;54,98293195;83,08461571
4756200;21,85;54,98293195;83,08461571
4769300;21,85;54,98293195;83,08461571
6354600;40,68;54,98270713;83,08412139
6423300;40,68;54,98270713;83,08412139
6377500;40,68;54,98270713;83,08412139
6423300;40,68;54,98270713;83,08412139
6377500;40,68;54,98270713;83,08412139
6400300;40,68;54,98270713;83,08412139
6354600;40,68;54,98270713;83,08412139
6400300;40,68;54,98270713;83,08412139
5046100;31,7;54,98270713;83,08412139
5421000;31,7;54,98270713;83,08412139
5401600;31,7;54,98270713;83,08412139
5382300;31,7;54,98270713;83,08412139
5382300;31,7;54,98270713;83,08412139
5267800;31,7;54,98270713;83,08412139
5046100;31,7;54,98270713;83,08412139
5363000;31,7;54,98270713;83,08412139
5343900;31,7;54,98270713;83,08412139
5324800;31,7;54,98270713;83,08412139
5286700;31,7;54,98270713;83,08412139
5249000;31,7;54,98270713;83,08412139
5401600;31,7;54,98270713;83,08412139
5324800;31,7;54,98270713;83,08412139
5305700;31,7;54,98270713;83,08412139
5286700;31,7;54,98270713;83,08412139
5267800;31,7;54,98270713;83,08412139
5363000;31,7;54,98270713;83,08412139
5249000;31,7;54,98270713;83,08412139
5343900;31,7;54,98270713;83,08412139
5421000;31,7;54,98270713;83,08412139
5305700;31,7;54,98270713;83,08412139
6586400;40,59;54,98270713;83,08412139
6633800;40,59;54,98270713;83,08412139
6681500;40,59;54,98270713;83,08412139
6610100;40,59;54,98270713;83,08412139
6681500;40,59;54,98270713;83,08412139
6610100;40,59;54,98270713;83,08412139
6633800;40,59;54,98270713;83,08412139
6753700;40,59;54,98270713;83,08412139
6705500;40,59;54,98270713;83,08412139
6657600;40,59;54,98270713;83,08412139
6586400;40,59;54,98270713;83,08412139
6729600;40,59;54,98270713;83,08412139
6753700;40,59;54,98270713;83,08412139
6705500;40,59;54,98270713;83,08412139
6729600;40,59;54,98270713;83,08412139
6657600;40,59;54,98270713;83,08412139
6397300;41,1;54,98270713;83,08412139
6420200;41,1;54,98270713;83,08412139
6420200;41,1;54,98270713;83,08412139
6397300;41,1;54,98270713;83,08412139
6284400;41,4;54,98270713;83,08412139
6284400;41,4;54,98270713;83,08412139
6398000;41,4;54,98270713;83,08412139
6375100;41,4;54,98270713;83,08412139
6329600;41,4;54,98270713;83,08412139
6352300;41,4;54,98270713;83,08412139
6352300;41,4;54,98270713;83,08412139
6375100;41,4;54,98270713;83,08412139
6420900;41,4;54,98270713;83,08412139
6420900;41,4;54,98270713;83,08412139
6329600;41,4;54,98270713;83,08412139
6398000;41,4;54,98270713;83,08412139
5169800;31,9;54,98270713;83,08412139
5263200;31,9;54,98270713;83,08412139
5244400;31,9;54,98270713;83,08412139
5169800;31,9;54,98270713;83,08412139
5188300;31,9;54,98270713;83,08412139
5206900;31,9;54,98270713;83,08412139
5188300;31,9;54,98270713;83,08412139
5206900;31,9;54,98270713;83,08412139
5225600;31,9;54,98270713;83,08412139
5244400;31,9;54,98270713;83,08412139
5225600;31,9;54,98270713;83,08412139
5263200;31,9;54,98270713;83,08412139
6642100;43,6;54,98270713;83,08412139
6835200;43,6;54,98270713;83,08412139
6859800;43,6;54,98270713;83,08412139
6642100;43,6;54,98270713;83,08412139
6713900;43,6;54,98270713;83,08412139
6738000;43,6;54,98270713;83,08412139
6835200;43,6;54,98270713;83,08412139
6884400;43,6;54,98270713;83,08412139
6909100;43,6;54,98270713;83,08412139
6786400;43,6;54,98270713;83,08412139
6859800;43,6;54,98270713;83,08412139
6689900;43,6;54,98270713;83,08412139
6713900;43,6;54,98270713;83,08412139
6738000;43,6;54,98270713;83,08412139
6762100;43,6;54,98270713;83,08412139
6786400;43,6;54,98270713;83,08412139
6665900;43,6;54,98270713;83,08412139
6665900;43,6;54,98270713;83,08412139
6689900;43,6;54,98270713;83,08412139
6762100;43,6;54,98270713;83,08412139
6810800;43,6;54,98270713;83,08412139
6810800;43,6;54,98270713;83,08412139
6884400;43,6;54,98270713;83,08412139
6909100;43,6;54,98270713;83,08412139
6341800;40,89;54,98270713;83,08412139
6456500;40,89;54,98270713;83,08412139
6433400;40,89;54,98270713;83,08412139
6433400;40,89;54,98270713;83,08412139
6479600;40,89;54,98270713;83,08412139
6410400;40,89;54,98270713;83,08412139
6479600;40,89;54,98270713;83,08412139
6410400;40,89;54,98270713;83,08412139
6364600;40,89;54,98270713;83,08412139
6387400;40,89;54,98270713;83,08412139
6387400;40,89;54,98270713;83,08412139
6341800;40,89;54,98270713;83,08412139
6364600;40,89;54,98270713;83,08412139
6456500;40,89;54,98270713;83,08412139
6747100;45,09;54,98270713;83,08412139
6747100;45,09;54,98270713;83,08412139
9572800;60,85;54,98293195;83,08461571
9572800;60,85;54,98293195;83,08461571
5757700;36,3;54,98270713;83,08412139
5757700;36,3;54,98270713;83,08412139
6471200;40,4;54,98270713;83,08412139
6494400;40,4;54,98270713;83,08412139
6494400;40,4;54,98270713;83,08412139
6517700;40,4;54,98270713;83,08412139
6541100;40,4;54,98270713;83,08412139
6471200;40,4;54,98270713;83,08412139
6517700;40,4;54,98270713;83,08412139
6541100;40,4;54,98270713;83,08412139
6756500;40,95;54,98293195;83,08461571
6756500;40,95;54,98293195;83,08461571
6780700;40,95;54,98293195;83,08461571
6780700;40,95;54,98293195;83,08461571
6623300;42,05;54,98293195;83,08461571
6813400;42,05;54,98293195;83,08461571
6718400;42,05;54,98293195;83,08461571
6670800;42,05;54,98293195;83,08461571
6623300;42,05;54,98293195;83,08461571
6860600;42,05;54,98293195;83,08461571
6860600;42,05;54,98293195;83,08461571
6694600;42,05;54,98293195;83,08461571
6765800;42,05;54,98293195;83,08461571
6694600;42,05;54,98293195;83,08461571
6813400;42,05;54,98293195;83,08461571
6789600;42,05;54,98293195;83,08461571
6813400;42,05;54,98293195;83,08461571
6813400;42,05;54,98293195;83,08461571
6718400;42,05;54,98293195;83,08461571
6837100;42,05;54,98293195;83,08461571
6670800;42,05;54,98293195;83,08461571
6718400;42,05;54,98293195;83,08461571
6718400;42,05;54,98293195;83,08461571
6765800;42,05;54,98293195;83,08461571
6789600;42,05;54,98293195;83,08461571
6837100;42,05;54,98293195;83,08461571
6484700;40,5;54,98293195;83,08461571
6484700;40,5;54,98293195;83,08461571
6500700;40,73;54,98270713;83,08412139
6500700;40,73;54,98270713;83,08412139
6398800;40,38;54,98270713;83,08412139
6398800;40,38;54,98270713;83,08412139
10446400;56,6;54,98270713;83,08412139
10446400;56,6;54,98270713;83,08412139
9987800;70,1;54,98293195;83,08461571
10175300;70,1;54,98293195;83,08461571
10212700;70,1;54,98293195;83,08461571
10137700;70,1;54,98293195;83,08461571
10025300;70,1;54,98293195;83,08461571
10062700;70,1;54,98293195;83,08461571
10100400;70,1;54,98293195;83,08461571
9987800;70,1;54,98293195;83,08461571
10212700;70,1;54,98293195;83,08461571
10137700;70,1;54,98293195;83,08461571
10025300;70,1;54,98293195;83,08461571
10100400;70,1;54,98293195;83,08461571
10175300;70,1;54,98293195;83,08461571
10062700;70,1;54,98293195;83,08461571
8997200;61,28;54,98293195;83,08461571
9128300;61,28;54,98293195;83,08461571
9062700;61,28;54,98293195;83,08461571
9095400;61,28;54,98293195;83,08461571
9128300;61,28;54,98293195;83,08461571
9095400;61,28;54,98293195;83,08461571
9062700;61,28;54,98293195;83,08461571
8997200;61,28;54,98293195;83,08461571
7136600;45,85;54,98270713;83,08412139
7239600;45,85;54,98270713;83,08412139
7265600;45,85;54,98270713;83,08412139
7239600;45,85;54,98270713;83,08412139
7213800;45,85;54,98270713;83,08412139
7136600;45,85;54,98270713;83,08412139
7162200;45,85;54,98270713;83,08412139
7188000;45,85;54,98270713;83,08412139
7188000;45,85;54,98270713;83,08412139
7213800;45,85;54,98270713;83,08412139
7162200;45,85;54,98270713;83,08412139
7265600;45,85;54,98270713;83,08412139
8360400;60,1;54,98270713;83,08412139
8360400;60,1;54,98270713;83,08412139
9097100;64,15;54,98293195;83,08461571
9165500;64,15;54,98293195;83,08461571
9233900;64,15;54,98293195;83,08461571
9131300;64,15;54,98293195;83,08461571
9131300;64,15;54,98293195;83,08461571
9097100;64,15;54,98293195;83,08461571
9199900;64,15;54,98293195;83,08461571
9165500;64,15;54,98293195;83,08461571
9199900;64,15;54,98293195;83,08461571
9233900;64,15;54,98293195;83,08461571
8803700;56,7;54,98270713;83,08412139
9960600;56,7;54,98270713;83,08412139
10209600;56,7;54,98270713;83,08412139
9480600;56,7;54,98270713;83,08412139
9249400;56,7;54,98270713;83,08412139
8803700;56,7;54,98270713;83,08412139
9480600;56,7;54,98270713;83,08412139
9023800;56,7;54,98270713;83,08412139
9960600;56,7;54,98270713;83,08412139
9717600;56,7;54,98270713;83,08412139
9249400;56,7;54,98270713;83,08412139
9023800;56,7;54,98270713;83,08412139
9717600;56,7;54,98270713;83,08412139
10209600;56,7;54,98270713;83,08412139
10030700;70,05;54,98293195;83,08461571
10105300;70,05;54,98293195;83,08461571
10392600;70,05;54,98293195;83,08461571
10392600;70,05;54,98293195;83,08461571
10142900;70,05;54,98293195;83,08461571
10180100;70,05;54,98293195;83,08461571
10142900;70,05;54,98293195;83,08461571
10180100;70,05;54,98293195;83,08461571
10030700;70,05;54,98293195;83,08461571
10105300;70,05;54,98293195;83,08461571
9132600;61,08;54,98293195;83,08461571
9132600;61,08;54,98293195;83,08461571
9828700;70;54,98293195;83,08461571
9828700;70;54,98293195;83,08461571
10222200;69,9;54,98293195;83,08461571
10222200;69,9;54,98293195;83,08461571
10692900;69,95;54,98293195;83,08461571
10692900;69,95;54,98293195;83,08461571
12616500;80,1;54,98270713;83,08412139
12931900;80,1;54,98270713;83,08412139
12616500;80,1;54,98270713;83,08412139
13255200;80,1;54,98270713;83,08412139
12931900;80,1;54,98270713;83,08412139
13255200;80,1;54,98270713;83,08412139
13505200;79,62;54,98270713;83,08412139
13505200;79,62;54,98270713;83,08412139
10699400;78;54,98293195;83,08461571
10699400;78;54,98293195;83,08461571
13769800;79,2;54,98270713;83,08412139
14114100;79,2;54,98270713;83,08412139
13769800;79,2;54,98270713;83,08412139
14114100;79,2;54,98270713;83,08412139
10871100;86,85;54,98293195;83,08461571
11241700;86,85;54,98293195;83,08461571
11056500;86,85;54,98293195;83,08461571
11149100;86,85;54,98293195;83,08461571
11288100;86,85;54,98293195;83,08461571
11195400;86,85;54,98293195;83,08461571
11149100;86,85;54,98293195;83,08461571
11056500;86,85;54,98293195;83,08461571
11288100;86,85;54,98293195;83,08461571
11195400;86,85;54,98293195;83,08461571
10871100;86,85;54,98293195;83,08461571
11241700;86,85;54,98293195;83,08461571
9188235;29,98;55,04654;82,85617
9282353;29,98;55,04654;82,85617
9329412;29,98;55,04654;82,85617
10129412;29,98;55,04654;82,85617
9435294;29,98;55,04654;82,85617
9752941;29,98;55,04654;82,85617
8458824;24,6;55,04654;82,85617
8717647;24,6;55,04654;82,85617
9388235;32,48;55,04654;82,85617
8294118;27,47;55,04654;82,85617
8588235;27,47;55,04654;82,85617
8588235;27,47;55,04654;82,85617
8435294;27,47;55,04654;82,85617
8835294;27,47;55,04654;82,85617
8600000;27,36;55,04654;82,85617
8682353;27,36;55,04654;82,85617
10764706;34,9;55,04654;82,85617
11882353;34,9;55,04654;82,85617
10788235;34,9;55,04654;82,85617
11764706;34,9;55,04654;82,85617
11541176;34,9;55,04654;82,85617
11694118;34,9;55,04654;82,85617
7835294;25,2;55,04654;82,85617
8294118;25,2;55,04654;82,85617
9470588;32,69;55,04654;82,85617
9329412;32,67;55,04654;82,85617
9094118;30,88;55,04654;82,85617
9211765;30,88;55,04654;82,85617
9223529;30,88;55,04654;82,85617
9823529;29,64;55,04654;82,85617
10282353;29,64;55,04654;82,85617
9329412;32,86;55,04654;82,85617
10270588;37,68;55,04654;82,85617
10717647;37,68;55,04654;82,85617
10952941;44,2;55,04654;82,85617
11458824;44,2;55,04654;82,85617
11058824;44,2;55,04654;82,85617
11011765;44,2;55,04654;82,85617
11576471;44,2;55,04654;82,85617
10176471;37,42;55,04654;82,85617
11082353;46,89;55,04654;82,85617
11200000;46,89;55,04654;82,85617
11411765;46,89;55,04654;82,85617
11305882;46,89;55,04654;82,85617
10894118;39,84;55,04654;82,85617
11070588;42,82;55,04654;82,85617
11870588;42,82;55,04654;82,85617
11141176;44,21;55,04654;82,85617
11411765;44,21;55,04654;82,85617
11200000;44,21;55,04654;82,85617
10917647;36,38;55,04654;82,85617
10482353;36,22;55,04654;82,85617
10694118;36,22;55,04654;82,85617
10894118;36,22;55,04654;82,85617
11917647;53,87;55,04654;82,85617
12047059;53,87;55,04654;82,85617
12164706;53,87;55,04654;82,85617
12164706;53,87;55,04654;82,85617
11976471;53,87;55,04654;82,85617
11223529;36,49;55,04654;82,85617
11447059;36,49;55,04654;82,85617
11141176;53,39;55,04654;82,85617
11188235;53,39;55,04654;82,85617
12588235;44,33;55,04654;82,85617
13282353;44,33;55,04654;82,85617
13329412;44,33;55,04654;82,85617
12611765;44,33;55,04654;82,85617
11070588;38,68;55,04654;82,85617
11176471;38,68;55,04654;82,85617
11505882;38,68;55,04654;82,85617
11752941;53,63;55,04654;82,85617
10858824;41,7;55,04654;82,85617
10529412;43,99;55,04654;82,85617
10882353;35,7;55,04654;82,85617
11082353;46,67;55,04654;82,85617
12741176;44,62;55,04654;82,85617
13764706;44,62;55,04654;82,85617
13341176;44,62;55,04654;82,85617
10223530;39,54;55,04654;82,85617
10282353;39,54;55,04654;82,85617
10835294;40,93;55,04654;82,85617
11470588;40,93;55,04654;82,85617
11000000;40,93;55,04654;82,85617
11364706;40,93;55,04654;82,85617
11588235;47,73;55,04654;82,85617
11023529;45,26;55,04654;82,85617
11388235;47,11;55,04654;82,85617
11388235;47,11;55,04654;82,85617
10211765;37,56;55,04654;82,85617
10011765;36,75;55,04654;82,85617
11011765;36,48;55,04654;82,85617
11258824;46,99;55,04654;82,85617
11376471;46,99;55,04654;82,85617
11070588;44,81;55,04654;82,85617
11447059;47,1;55,04654;82,85617
10729412;43,56;55,04654;82,85617
14341176;64,55;55,04654;82,85617
16447059;63,42;55,04654;82,85617
16576471;65,11;55,04654;82,85617
16941176;65,11;55,04654;82,85617
16035294;78,03;55,04654;82,85617
16211765;78,03;55,04654;82,85617
16211765;78,03;55,04654;82,85617
16435294;78,03;55,04654;82,85617
13388235;54,2;55,04654;82,85617
14576471;73,57;55,04654;82,85617
14682353;73,57;55,04654;82,85617
16294118;64,35;55,04654;82,85617
15141176;62,2;55,04654;82,85617
17670588;62,2;55,04654;82,85617
15858824;71,73;55,04654;82,85617
14611765;74,08;55,04654;82,85617
14941176;74,08;55,04654;82,85617
14764706;74,08;55,04654;82,85617
14552941;51,28;55,04654;82,85617
20129412;83,94;55,04654;82,85617
13058824;47,48;55,04654;82,85617
13435294;47,48;55,04654;82,85617
13282353;47,48;55,04654;82,85617
14258824;49,31;55,04654;82,85617
17011765;65,5;55,04654;82,85617
17317647;65,5;55,04654;82,85617
15258824;68,96;55,04654;82,85617
16129412;68,96;55,04654;82,85617
13847059;59,36;55,04654;82,85617
15682353;77,42;55,04654;82,85617
15717647;77,42;55,04654;82,85617
15788235;77,42;55,04654;82,85617
15176471;68,83;55,04654;82,85617
15788235;62,27;55,04654;82,85617
16623529;62,27;55,04654;82,85617
15988235;62,27;55,04654;82,85617
15800000;78,71;55,04654;82,85617
15470588;70,67;55,04654;82,85617
12541176;51,74;55,04654;82,85617
12541176;51,74;55,04654;82,85617
13094118;51,47;55,04654;82,85617
14823529;65,08;55,04654;82,85617
14870588;65,08;55,04654;82,85617
15200000;65,08;55,04654;82,85617
15164706;65,08;55,04654;82,85617
13329412;55,85;55,04654;82,85617
13388235;55,85;55,04654;82,85617
15129412;67,97;55,04654;82,85617
15011765;74,51;55,04654;82,85617
15141176;74,51;55,04654;82,85617
15247059;74,51;55,04654;82,85617
15094118;74,51;55,04654;82,85617
15058824;74,51;55,04654;82,85617
16000000;74,51;55,04654;82,85617
15117647;74,51;55,04654;82,85617
20070588;86,85;55,04654;82,85617
21341176;86,85;55,04654;82,85617
20882353;86,85;55,04654;82,85617
13305882;52,37;55,04654;82,85617
13705882;52,37;55,04654;82,85617
15435294;70,42;55,04654;82,85617
16741176;77,3;55,04654;82,85617
17152941;77,3;55,04654;82,85617
16164706;71,98;55,04654;82,85617
12611765;55,07;55,04654;82,85617
15717647;69,08;55,04654;82,85617
15858824;69,08;55,04654;82,85617
15717647;69,08;55,04654;82,85617
16200000;69,08;55,04654;82,85617
27647059;104,7;55,04654;82,85617
27811765;104,7;55,04654;82,85617
28352941;104,7;55,04654;82,85617
28517647;104,7;55,04654;82,85617
28070588;104,7;55,04654;82,85617
36517647;102,71;55,04654;82,85617
26141176;102,62;55,04654;82,85617
27800000;102,62;55,04654;82,85617
6100000;31,9;55,07316;82,97872
6799000;31,9;55,07316;82,97872
6100000;31,9;55,07316;82,97872
6100000;31,9;55,07316;82,97872
6999000;35,1;55,07316;82,97872
7000000;42;55,07316;82,97872
7999000;42;55,07316;82,97872
7000000;42;55,07316;82,97872
7000000;43,1;55,07316;82,97872
7999000;43,1;55,07316;82,97872
7000000;42,4;55,07316;82,97872
7000000;42,4;55,07316;82,97872
7100000;43,9;55,07316;82,97872
8130000;43,9;55,07316;82,97872
9300000;63,7;55,07316;82,97872
9400000;63,8;55,07316;82,97872
9600000;68,5;55,07316;82,97872
11299000;68,5;55,07316;82,97872
9600000;68,5;55,07316;82,97872
9600000;68,5;55,07316;82,97872
14990000;104,7;55,07316;82,97872
10100000;72,3;55,07316;82,97872
10500000;72,3;55,07316;82,97872
10500000;72,3;55,07316;82,97872
10500000;72,3;55,07316;82,97872
9500000;68;55,07316;82,97872
9700000;68;55,07316;82,97872
9700000;68;55,07316;82,97872
9700000;68;55,07316;82,97872
9800000;68;55,07316;82,97872
9800000;68;55,07316;82,97872
9300000;68,4;55,07316;82,97872
10600000;72,4;55,07316;82,97872
9800000;67,7;55,07316;82,97872
11390000;67,7;55,07316;82,97872
8600000;54;55,07316;82,97872
9900000;72,7;55,07316;82,97872
10400000;72,7;55,07316;82,97872
12199000;72,7;55,07316;82,97872
12700000;82,1;55,07316;82,97872
5434100;24,43;55,00958;82,87973
5443700;24,43;55,00958;82,87973
5453100;24,43;55,00958;82,87973
5462700;24,43;55,00958;82,87973
5472100;24,43;55,00958;82,87973
5481700;24,43;55,00958;82,87973
5491300;24,43;55,00958;82,87973
5462700;24,43;55,00958;82,87973
5472100;24,43;55,00958;82,87973
5481700;24,43;55,00958;82,87973
5491300;24,43;55,00958;82,87973
5434100;24,43;55,00958;82,87973
5443700;24,43;55,00958;82,87973
5453100;24,43;55,00958;82,87973
5625200;25,88;55,00958;82,87973
5625200;25,88;55,00958;82,87973
5635000;25,88;55,00958;82,87973
5644900;25,88;55,00958;82,87973
5654500;25,88;55,00958;82,87973
5664400;25,88;55,00958;82,87973
5674100;25,88;55,00958;82,87973
5684000;25,88;55,00958;82,87973
5664400;25,88;55,00958;82,87973
5674100;25,88;55,00958;82,87973
5684000;25,88;55,00958;82,87973
5635000;25,88;55,00958;82,87973
5644900;25,88;55,00958;82,87973
5654500;25,88;55,00958;82,87973
5087800;24,56;55,00958;82,87973
5087800;24,56;55,00958;82,87973
5396100;24,56;55,00958;82,87973
5405700;24,56;55,00958;82,87973
5424800;24,56;55,00958;82,87973
5405700;24,56;55,00958;82,87973
5424800;24,56;55,00958;82,87973
5396100;24,56;55,00958;82,87973
5503800;24,67;55,00958;82,87973
5503800;24,67;55,00958;82,87973
5227800;26,01;55,00958;82,87973
5227800;26,01;55,00958;82,87973
5345100;26,01;55,00958;82,87973
5237500;26,01;55,00958;82,87973
5247400;26,01;55,00958;82,87973
5257200;26,01;55,00958;82,87973
5335400;26,01;55,00958;82,87973
5525400;26,01;55,00958;82,87973
5535300;26,01;55,00958;82,87973
5545200;26,01;55,00958;82,87973
5554900;26,01;55,00958;82,87973
5564800;26,01;55,00958;82,87973
5574600;26,01;55,00958;82,87973
5237500;26,01;55,00958;82,87973
5564800;26,01;55,00958;82,87973
5574600;26,01;55,00958;82,87973
5535300;26,01;55,00958;82,87973
5545200;26,01;55,00958;82,87973
5554900;26,01;55,00958;82,87973
5257200;26,01;55,00958;82,87973
5335400;26,01;55,00958;82,87973
5345100;26,01;55,00958;82,87973
5525400;26,01;55,00958;82,87973
5247400;26,01;55,00958;82,87973
7071300;38,95;55,00958;82,87973
7071300;38,95;55,00958;82,87973
7044100;39,33;55,00958;82,87973
7044100;39,33;55,00958;82,87973
7238500;41,23;55,00958;82,87973
7252300;41,23;55,00958;82,87973
7266100;41,23;55,00958;82,87973
7279900;41,23;55,00958;82,87973
7293900;41,23;55,00958;82,87973
7307800;41,23;55,00958;82,87973
7321600;41,23;55,00958;82,87973
7293900;41,23;55,00958;82,87973
7307800;41,23;55,00958;82,87973
7321600;41,23;55,00958;82,87973
7252300;41,23;55,00958;82,87973
7266100;41,23;55,00958;82,87973
7279900;41,23;55,00958;82,87973
7238500;41,23;55,00958;82,87973
6751500;41,36;55,00958;82,87973
6765400;41,36;55,00958;82,87973
6779300;41,36;55,00958;82,87973
6793300;41,36;55,00958;82,87973
6905500;41,36;55,00958;82,87973
6919400;41,36;55,00958;82,87973
7179100;41,36;55,00958;82,87973
7193000;41,36;55,00958;82,87973
7220600;41,36;55,00958;82,87973
7234500;41,36;55,00958;82,87973
7248500;41,36;55,00958;82,87973
7262400;41,36;55,00958;82,87973
7276200;41,36;55,00958;82,87973
7276200;41,36;55,00958;82,87973
7234500;41,36;55,00958;82,87973
7248500;41,36;55,00958;82,87973
7262400;41,36;55,00958;82,87973
7179100;41,36;55,00958;82,87973
7193000;41,36;55,00958;82,87973
7220600;41,36;55,00958;82,87973
6793300;41,36;55,00958;82,87973
6905500;41,36;55,00958;82,87973
6919400;41,36;55,00958;82,87973
6751500;41,36;55,00958;82,87973
6765400;41,36;55,00958;82,87973
6779300;41,36;55,00958;82,87973
7074600;42,63;55,00958;82,87973
7074600;42,63;55,00958;82,87973
7088800;42,63;55,00958;82,87973
7103100;42,63;55,00958;82,87973
7269400;42,63;55,00958;82,87973
7283800;42,63;55,00958;82,87973
7298100;42,63;55,00958;82,87973
7312400;42,63;55,00958;82,87973
7326700;42,63;55,00958;82,87973
7341100;42,63;55,00958;82,87973
7355400;42,63;55,00958;82,87973
7369700;42,63;55,00958;82,87973
7384000;42,63;55,00958;82,87973
7398200;42,63;55,00958;82,87973
7398200;42,63;55,00958;82,87973
7355400;42,63;55,00958;82,87973
7369700;42,63;55,00958;82,87973
7384000;42,63;55,00958;82,87973
7312400;42,63;55,00958;82,87973
7326700;42,63;55,00958;82,87973
7341100;42,63;55,00958;82,87973
7103100;42,63;55,00958;82,87973
7269400;42,63;55,00958;82,87973
7283800;42,63;55,00958;82,87973
7298100;42,63;55,00958;82,87973
7088800;42,63;55,00958;82,87973
7299100;41,02;55,00958;82,87973
7312900;41,02;55,00958;82,87973
7326700;41,02;55,00958;82,87973
7340500;41,02;55,00958;82,87973
7368000;41,02;55,00958;82,87973
7381800;41,02;55,00958;82,87973
7381800;41,02;55,00958;82,87973
7368000;41,02;55,00958;82,87973
7299100;41,02;55,00958;82,87973
7312900;41,02;55,00958;82,87973
7326700;41,02;55,00958;82,87973
7340500;41,02;55,00958;82,87973
6996600;38,99;55,00958;82,87973
7010100;38,99;55,00958;82,87973
7023500;38,99;55,00958;82,87973
7037100;38,99;55,00958;82,87973
7010100;38,99;55,00958;82,87973
7023500;38,99;55,00958;82,87973
7037100;38,99;55,00958;82,87973
6996600;38,99;55,00958;82,87973
7146100;39,9;55,00958;82,87973
7146100;39,9;55,00958;82,87973
7224900;39,42;55,00958;82,87973
7224900;39,42;55,00958;82,87973
7238400;39,42;55,00958;82,87973
7252100;39,42;55,00958;82,87973
7265700;39,42;55,00958;82,87973
7279500;39,42;55,00958;82,87973
7293000;39,42;55,00958;82,87973
7306600;39,42;55,00958;82,87973
7279500;39,42;55,00958;82,87973
7293000;39,42;55,00958;82,87973
7306600;39,42;55,00958;82,87973
7238400;39,42;55,00958;82,87973
7252100;39,42;55,00958;82,87973
7265700;39,42;55,00958;82,87973
7005500;42,3;55,00958;82,87973
7005500;42,3;55,00958;82,87973
7033900;42,3;55,00958;82,87973
7213100;42,3;55,00958;82,87973
7255800;42,3;55,00958;82,87973
7270000;42,3;55,00958;82,87973
7312700;42,3;55,00958;82,87973
7326900;42,3;55,00958;82,87973
7341100;42,3;55,00958;82,87973
7298500;42,3;55,00958;82,87973
7312700;42,3;55,00958;82,87973
7326900;42,3;55,00958;82,87973
7341100;42,3;55,00958;82,87973
7255800;42,3;55,00958;82,87973
7270000;42,3;55,00958;82,87973
7284200;42,3;55,00958;82,87973
7213100;42,3;55,00958;82,87973
7033900;42,3;55,00958;82,87973
7284200;42,3;55,00958;82,87973
7298500;42,3;55,00958;82,87973
7321000;41,7;55,00958;82,87973
7335000;41,7;55,00958;82,87973
7348900;41,7;55,00958;82,87973
7362900;41,7;55,00958;82,87973
7377100;41,7;55,00958;82,87973
7391100;41,7;55,00958;82,87973
7377100;41,7;55,00958;82,87973
7391100;41,7;55,00958;82,87973
7335000;41,7;55,00958;82,87973
7348900;41,7;55,00958;82,87973
7362900;41,7;55,00958;82,87973
7321000;41,7;55,00958;82,87973
6293500;33,19;55,00958;82,87973
6293500;33,19;55,00958;82,87973
6748000;39,97;55,00958;82,87973
6748000;39,97;55,00958;82,87973
6873500;39,97;55,00958;82,87973
7145800;39,97;55,00958;82,87973
7173600;39,97;55,00958;82,87973
7187400;39,97;55,00958;82,87973
7201200;39,97;55,00958;82,87973
7215000;39,97;55,00958;82,87973
7228800;39,97;55,00958;82,87973
7242600;39,97;55,00958;82,87973
7242600;39,97;55,00958;82,87973
7201200;39,97;55,00958;82,87973
7215000;39,97;55,00958;82,87973
7228800;39,97;55,00958;82,87973
7173600;39,97;55,00958;82,87973
7187400;39,97;55,00958;82,87973
6873500;39,97;55,00958;82,87973
7145800;39,97;55,00958;82,87973
7062900;38,61;55,00958;82,87973
7062900;38,61;55,00958;82,87973
9484200;56,38;55,00958;82,87973
9503600;56,38;55,00958;82,87973
9523000;56,38;55,00958;82,87973
9542300;56,38;55,00958;82,87973
9561700;56,38;55,00958;82,87973
9523000;56,38;55,00958;82,87973
9542300;56,38;55,00958;82,87973
9561700;56,38;55,00958;82,87973
9484200;56,38;55,00958;82,87973
9503600;56,38;55,00958;82,87973
10782900;69,09;55,00958;82,87973
10806000;69,09;55,00958;82,87973
10829200;69,09;55,00958;82,87973
10806000;69,09;55,00958;82,87973
10829200;69,09;55,00958;82,87973
10782900;69,09;55,00958;82,87973
9285400;57,23;55,00958;82,87973
9305000;57,23;55,00958;82,87973
9324600;57,23;55,00958;82,87973
9344500;57,23;55,00958;82,87973
9383900;57,23;55,00958;82,87973
9443100;57,23;55,00958;82,87973
9462700;57,23;55,00958;82,87973
9443100;57,23;55,00958;82,87973
9462700;57,23;55,00958;82,87973
9344500;57,23;55,00958;82,87973
9383900;57,23;55,00958;82,87973
9285400;57,23;55,00958;82,87973
9305000;57,23;55,00958;82,87973
9324600;57,23;55,00958;82,87973
10347600;64,93;55,00958;82,87973
10347600;64,93;55,00958;82,87973
10368700;64,93;55,00958;82,87973
10389800;64,93;55,00958;82,87973
10410800;64,93;55,00958;82,87973
10431900;64,93;55,00958;82,87973
10453000;64,93;55,00958;82,87973
10474100;64,93;55,00958;82,87973
10431900;64,93;55,00958;82,87973
10453000;64,93;55,00958;82,87973
10474100;64,93;55,00958;82,87973
10368700;64,93;55,00958;82,87973
10389800;64,93;55,00958;82,87973
10410800;64,93;55,00958;82,87973
9645200;58,99;55,00958;82,87973
9665000;58,99;55,00958;82,87973
9684700;58,99;55,00958;82,87973
9704400;58,99;55,00958;82,87973
9665000;58,99;55,00958;82,87973
9684700;58,99;55,00958;82,87973
9704400;58,99;55,00958;82,87973
9645200;58,99;55,00958;82,87973
9332500;56,74;55,00958;82,87973
9351300;56,74;55,00958;82,87973
9332500;56,74;55,00958;82,87973
9351300;56,74;55,00958;82,87973
11008800;75,16;55,00958;82,87973
11057600;75,16;55,00958;82,87973
11081900;75,16;55,00958;82,87973
11106300;75,16;55,00958;82,87973
11130700;75,16;55,00958;82,87973
11179500;75,16;55,00958;82,87973
11204000;75,16;55,00958;82,87973
11228300;75,16;55,00958;82,87973
11252800;75,16;55,00958;82,87973
11277100;75,16;55,00958;82,87973
11204000;75,16;55,00958;82,87973
11228300;75,16;55,00958;82,87973
11252800;75,16;55,00958;82,87973
11277100;75,16;55,00958;82,87973
11130700;75,16;55,00958;82,87973
11179500;75,16;55,00958;82,87973
11057600;75,16;55,00958;82,87973
11081900;75,16;55,00958;82,87973
11106300;75,16;55,00958;82,87973
11008800;75,16;55,00958;82,87973
8550700;52,38;55,00958;82,87973
8550700;52,38;55,00958;82,87973
8568000;52,38;55,00958;82,87973
8585600;52,38;55,00958;82,87973
8603100;52,38;55,00958;82,87973
8620700;52,38;55,00958;82,87973
8638200;52,38;55,00958;82,87973
8655700;52,38;55,00958;82,87973
8620700;52,38;55,00958;82,87973
8638200;52,38;55,00958;82,87973
8568000;52,38;55,00958;82,87973
8585600;52,38;55,00958;82,87973
8603100;52,38;55,00958;82,87973
8655700;52,38;55,00958;82,87973
8075800;52,49;55,00958;82,87973
8435600;52,49;55,00958;82,87973
8094300;52,49;55,00958;82,87973
8324200;52,49;55,00958;82,87973
8342800;52,49;55,00958;82,87973
8361300;52,49;55,00958;82,87973
8379800;52,49;55,00958;82,87973
8398500;52,49;55,00958;82,87973
8416900;52,49;55,00958;82,87973
8472700;52,49;55,00958;82,87973
8462300;52,49;55,00958;82,87973
8435600;52,49;55,00958;82,87973
8472700;52,49;55,00958;82,87973
8462300;52,49;55,00958;82,87973
8379800;52,49;55,00958;82,87973
8398500;52,49;55,00958;82,87973
8416900;52,49;55,00958;82,87973
8324200;52,49;55,00958;82,87973
8342800;52,49;55,00958;82,87973
8361300;52,49;55,00958;82,87973
8075800;52,49;55,00958;82,87973
8094300;52,49;55,00958;82,87973
8454100;52,49;55,00958;82,87973
8454100;52,49;55,00958;82,87973
9364200;57,31;55,00958;82,87973
9364200;57,31;55,00958;82,87973
10005700;62,69;55,00958;82,87973
10005700;62,69;55,00958;82,87973
10026100;62,69;55,00958;82,87973
10046400;62,69;55,00958;82,87973
10066800;62,69;55,00958;82,87973
10087100;62,69;55,00958;82,87973
10107400;62,69;55,00958;82,87973
10127800;62,69;55,00958;82,87973
10066800;62,69;55,00958;82,87973
10087100;62,69;55,00958;82,87973
10107400;62,69;55,00958;82,87973
10127800;62,69;55,00958;82,87973
10026100;62,69;55,00958;82,87973
10046400;62,69;55,00958;82,87973
9388300;63,26;55,00958;82,87973
9408800;63,26;55,00958;82,87973
9825900;63,26;55,00958;82,87973
9846400;63,26;55,00958;82,87973
9866900;63,26;55,00958;82,87973
9887400;63,26;55,00958;82,87973
9907900;63,26;55,00958;82,87973
9928300;63,26;55,00958;82,87973
9948900;63,26;55,00958;82,87973
9969500;63,26;55,00958;82,87973
9969500;63,26;55,00958;82,87973
9907900;63,26;55,00958;82,87973
9928300;63,26;55,00958;82,87973
9948900;63,26;55,00958;82,87973
9825900;63,26;55,00958;82,87973
9846400;63,26;55,00958;82,87973
9866900;63,26;55,00958;82,87973
9887400;63,26;55,00958;82,87973
9408800;63,26;55,00958;82,87973
9388300;63,26;55,00958;82,87973
9058900;52,76;55,00958;82,87973
9058900;52,76;55,00958;82,87973
9115100;52,76;55,00958;82,87973
9096400;52,76;55,00958;82,87973
9115100;52,76;55,00958;82,87973
9096400;52,76;55,00958;82,87973
10769600;69,31;55,00958;82,87973
10769600;69,31;55,00958;82,87973
9637400;65,32;55,00958;82,87973
9722100;65,32;55,00958;82,87973
9658600;65,32;55,00958;82,87973
9679900;65,32;55,00958;82,87973
9701000;65,32;55,00958;82,87973
9743400;65,32;55,00958;82,87973
10131600;65,32;55,00958;82,87973
10152700;65,32;55,00958;82,87973
10195100;65,32;55,00958;82,87973
10216300;65,32;55,00958;82,87973
10237500;65,32;55,00958;82,87973
10258600;65,32;55,00958;82,87973
10279900;65,32;55,00958;82,87973
10279900;65,32;55,00958;82,87973
10216300;65,32;55,00958;82,87973
10237500;65,32;55,00958;82,87973
10258600;65,32;55,00958;82,87973
10152700;65,32;55,00958;82,87973
10195100;65,32;55,00958;82,87973
9701000;65,32;55,00958;82,87973
9722100;65,32;55,00958;82,87973
9743400;65,32;55,00958;82,87973
10131600;65,32;55,00958;82,87973
9637400;65,32;55,00958;82,87973
9658600;65,32;55,00958;82,87973
9679900;65,32;55,00958;82,87973
12590000;85,82;55,00958;82,87973
12617800;85,82;55,00958;82,87973
12645800;85,82;55,00958;82,87973
12673500;85,82;55,00958;82,87973
12701400;85,82;55,00958;82,87973
12729300;85,82;55,00958;82,87973
12757100;85,82;55,00958;82,87973
12701400;85,82;55,00958;82,87973
12729300;85,82;55,00958;82,87973
12757100;85,82;55,00958;82,87973
12617800;85,82;55,00958;82,87973
12645800;85,82;55,00958;82,87973
12673500;85,82;55,00958;82,87973
12590000;85,82;55,00958;82,87973
8240000;37,9;55,0541;82,90032
8240000;37,9;55,0541;82,90032
8240000;37,9;55,0541;82,90032
8240000;37,9;55,0541;82,90032
8240000;37,9;55,0541;82,90032
8240000;37,9;55,0541;82,90032
8240000;37,9;55,0541;82,90032
8240000;37,9;55,0541;82,90032
8240000;37,9;55,0541;82,90032
8240000;37,9;55,0541;82,90032
8240000;37,9;55,0541;82,90032
8240000;37,9;55,0541;82,90032
8240000;37,9;55,0541;82,90032
8240000;37,9;55,0541;82,90032
8240000;37,9;55,0541;82,90032
8240000;37,9;55,0541;82,90032
8240000;37,74;55,0541;82,90032
7800000;33,97;55,0541;82,90032
13295000;76,33;55,0541;82,90032
10970000;57,28;55,0541;82,90032
11273000;55,12;55,0541;82,90032
11283000;55,3;55,0541;82,90032
11283000;55,3;55,0541;82,90032
11283000;55,3;55,0541;82,90032
11283000;55,3;55,0541;82,90032
11283000;55,3;55,0541;82,90032
11283000;55,3;55,0541;82,90032
11283000;55,3;55,0541;82,90032
11283000;55,3;55,0541;82,90032
11283000;55,3;55,0541;82,90032
11283000;55,3;55,0541;82,90032
11283000;55,3;55,0541;82,90032
11163000;52,1;55,0541;82,90032
11163000;52,1;55,0541;82,90032
11163000;52,1;55,0541;82,90032
11163000;52,1;55,0541;82,90032
11163000;52,1;55,0541;82,90032
10667000;55,57;55,0541;82,90032
9100000;41,49;55,0541;82,90032
14306000;85,17;55,0541;82,90032
13200000;64,53;55,0541;82,90032
12177000;59,47;55,0541;82,90032
12177000;59,47;55,0541;82,90032
12177000;59,47;55,0541;82,90032
12177000;59,47;55,0541;82,90032
12177000;59,47;55,0541;82,90032
12177000;59,47;55,0541;82,90032
10700000;57,22;55,0541;82,90032
11722000;57,22;55,0541;82,90032
11722000;57,22;55,0541;82,90032
11722000;57,22;55,0541;82,90032
11722000;57,22;55,0541;82,90032
11722000;57,22;55,0541;82,90032
14306000;66,36;55,0541;82,90032
11722000;62,76;55,0541;82,90032
11821000;57,71;55,0541;82,90032
11821000;57,71;55,0541;82,90032
27000000;171,93;55,0541;82,90032
9490000;41,7;55,04618;82,90402
7200000;25,3;55,04618;82,90402
8470000;26,8;55,04618;82,90402
7250000;25,7;55,04618;82,90402
12240000;38,1;55,04618;82,90402
10210000;37,9;55,04618;82,90402
9000000;34,9;55,04618;82,90402
10720000;38,5;55,04618;82,90402
12650000;38,9;55,04618;82,90402
11640000;45,2;55,04618;82,90402
11940000;45,2;55,04618;82,90402
13260000;44,5;55,04618;82,90402
11640000;39,3;55,04618;82,90402
14690000;48,7;55,04618;82,90402
13700000;48,8;55,04618;82,90402
12550000;50;55,04618;82,90402
11300000;45;55,04618;82,90402
13370000;54,2;55,04618;82,90402
13470000;54,2;55,04618;82,90402
15100000;68;55,04618;82,90402
15200000;50,2;55,04618;82,90402
15400000;62,9;55,04618;82,90402
18160000;59;55,04618;82,90402
15920000;59,7;55,04618;82,90402
14500000;63,4;55,04618;82,90402
15310000;59,9;55,04618;82,90402
18670000;62,8;55,04618;82,90402
16550000;64,6;55,04618;82,90402
16940000;64,6;55,04618;82,90402
14900000;63;55,04618;82,90402
15800000;63,7;55,04618;82,90402
16000000;63,7;55,04618;82,90402
21530000;79,6;55,04618;82,90402
21940000;79,6;55,04618;82,90402
20770000;72,7;55,04618;82,90402
5185800;40,2;54,94246;82,94151
5600000;32;54,94246;82,94151
5600000;32;54,94246;82,94151
5600000;32;54,94246;82,94151
5600000;32;54,94246;82,94151
5600000;32;54,94246;82,94151
5600000;32;54,94246;82,94151
5600000;32;54,94246;82,94151
5600000;32;54,94246;82,94151
5600000;32;54,94246;82,94151
5600000;32;54,94246;82,94151
5600000;32;54,94246;82,94151
5600000;32;54,94246;82,94151
5600000;32;54,94246;82,94151
5600000;32;54,94246;82,94151
5600000;32;54,94246;82,94151
5600000;32;54,94246;82,94151
5600000;32;54,94246;82,94151
5600000;32;54,94246;82,94151
5600000;32;54,94246;82,94151
5600000;32;54,94246;82,94151
5600000;32;54,94246;82,94151
5600000;32;54,94246;82,94151
5600000;32;54,94246;82,94151
5600000;32;54,94246;82,94151
4238000;32,6;54,94246;82,94151
5934000;46;54,94246;82,94151
5934000;46;54,94246;82,94151
6210000;46;54,94246;82,94151
5934000;46;54,94246;82,94151
6072000;46;54,94246;82,94151
6072000;46;54,94246;82,94151
6210000;46;54,94246;82,94151
6210000;46;54,94246;82,94151
6072000;46;54,94246;82,94151
5934000;46;54,94246;82,94151
5934000;46;54,94246;82,94151
6072000;46;54,94246;82,94151
6210000;46;54,94246;82,94151
6210000;46;54,94246;82,94151
6072000;46;54,94246;82,94151
6072000;46;54,94246;82,94151
4888000;37,6;54,94246;82,94151
7990000;45,7;54,94246;82,94151
7990000;45,7;54,94246;82,94151
7990000;45,7;54,94246;82,94151
7990000;45,7;54,94246;82,94151
7990000;45,7;54,94246;82,94151
7990000;45,7;54,94246;82,94151
7990000;45,7;54,94246;82,94151
7990000;45,7;54,94246;82,94151
7990000;45,7;54,94246;82,94151
7990000;45,7;54,94246;82,94151
7990000;45,7;54,94246;82,94151
7990000;45,7;54,94246;82,94151
7990000;45,7;54,94246;82,94151
8260000;47,2;54,94246;82,94151
8260000;47,2;54,94246;82,94151
8260000;47,2;54,94246;82,94151
8260000;47,2;54,94246;82,94151
8260000;47,2;54,94246;82,94151
8260000;47,2;54,94246;82,94151
8260000;47,2;54,94246;82,94151
8260000;47,2;54,94246;82,94151
8260000;47,2;54,94246;82,94151
8260000;47,2;54,94246;82,94151
8260000;47,2;54,94246;82,94151
8260000;47,2;54,94246;82,94151
8260000;47,2;54,94246;82,94151
8260000;47,2;54,94246;82,94151
8260000;47,2;54,94246;82,94151
8260000;47,2;54,94246;82,94151
5959800;46,2;54,94246;82,94151
6480000;37;54,94246;82,94151
6480000;37;54,94246;82,94151
7465000;37;54,94246;82,94151
6480000;37;54,94246;82,94151
6480000;37;54,94246;82,94151
6480000;37;54,94246;82,94151
6480000;37;54,94246;82,94151
6480000;37;54,94246;82,94151
6480000;37;54,94246;82,94151
6480000;37;54,94246;82,94151
6480000;37;54,94246;82,94151
6480000;37;54,94246;82,94151
5856600;45,4;54,94246;82,94151
5992800;45,4;54,94246;82,94151
6129000;45,4;54,94246;82,94151
6129000;45,4;54,94246;82,94151
7945000;45,4;54,94246;82,94151
5856600;45,4;54,94246;82,94151
6129000;45,4;54,94246;82,94151
6129000;45,4;54,94246;82,94151
5856600;45,4;54,94246;82,94151
5856600;45,4;54,94246;82,94151
5992800;45,4;54,94246;82,94151
5992800;45,4;54,94246;82,94151
4693000;36,1;54,94246;82,94151
6781800;53,4;54,94246;82,94151
6037200;46,8;54,94246;82,94151
8190000;46,8;54,94246;82,94151
6250000;35,5;54,94246;82,94151
6250000;35,5;54,94246;82,94151
6250000;35,5;54,94246;82,94151
6250000;35,5;54,94246;82,94151
6250000;35,5;54,94246;82,94151
6250000;35,5;54,94246;82,94151
6250000;35,5;54,94246;82,94151
6250000;35,5;54,94246;82,94151
6250000;35,5;54,94246;82,94151
6250000;35,5;54,94246;82,94151
6250000;35,5;54,94246;82,94151
6250000;35,5;54,94246;82,94151
6250000;35,5;54,94246;82,94151
8120000;46,4;54,94246;82,94151
8120000;46,4;54,94246;82,94151
8120000;46,4;54,94246;82,94151
8120000;46,4;54,94246;82,94151
8120000;46,4;54,94246;82,94151
8120000;46,4;54,94246;82,94151
8120000;46,4;54,94246;82,94151
8120000;46,4;54,94246;82,94151
8120000;46,4;54,94246;82,94151
8120000;46,4;54,94246;82,94151
8120000;46,4;54,94246;82,94151
8120000;46,4;54,94246;82,94151
8120000;46,4;54,94246;82,94151
8120000;46,4;54,94246;82,94151
8120000;46,4;54,94246;82,94151
8120000;46,4;54,94246;82,94151
6192000;48;54,94246;82,94151
8260000;47,3;54,94246;82,94151
8260000;47,3;54,94246;82,94151
8260000;47,3;54,94246;82,94151
8260000;47,3;54,94246;82,94151
8260000;47,3;54,94246;82,94151
8260000;47,3;54,94246;82,94151
8260000;47,3;54,94246;82,94151
8260000;47,3;54,94246;82,94151
8260000;47,3;54,94246;82,94151
8260000;47,3;54,94246;82,94151
8260000;47,3;54,94246;82,94151
6578600;51,8;54,94246;82,94151
6565900;51,7;54,94246;82,94151
8350000;50,7;54,94246;82,94151
8350000;50,7;54,94246;82,94151
8350000;50,7;54,94246;82,94151
8350000;50,7;54,94246;82,94151
8350000;50,7;54,94246;82,94151
8350000;50,7;54,94246;82,94151
8350000;50,7;54,94246;82,94151
8350000;50,7;54,94246;82,94151
8350000;50,7;54,94246;82,94151
8350000;50,7;54,94246;82,94151
8350000;50,7;54,94246;82,94151
8350000;50,7;54,94246;82,94151
8350000;50,8;54,94246;82,94151
8350000;50,8;54,94246;82,94151
8350000;50,8;54,94246;82,94151
8350000;50,8;54,94246;82,94151
8350000;50,8;54,94246;82,94151
8350000;50,8;54,94246;82,94151
8350000;50,8;54,94246;82,94151
8350000;50,8;54,94246;82,94151
8350000;50,8;54,94246;82,94151
8350000;50,8;54,94246;82,94151
8350000;50,8;54,94246;82,94151
8350000;50,8;54,94246;82,94151
8350000;50,8;54,94246;82,94151
8350000;50,8;54,94246;82,94151
8350000;50,8;54,94246;82,94151
6300000;47,61;54,933936;82,933865
6000000;43,67;54,933936;82,933865
6570000;28;54,93374;82,93354
6570000;27,56;54,93374;82,93354
6570000;27,51;54,93374;82,93354
6550000;47,84;54,933936;82,933865
7292200;47,84;54,933936;82,933865
8325000;38,86;54,93374;82,93354
5570000;41,7;54,933936;82,933865
6162000;41,7;54,933936;82,933865
7500000;61,55;54,933936;82,933865
7800000;61,55;54,933936;82,933865
7090000;53,04;54,933936;82,933865
6840000;52,81;54,933936;82,933865
7690000;67,82;54,933936;82,933865
7690000;67,82;54,933936;82,933865
7500000;61,25;54,933936;82,933865
8100000;61,25;54,933936;82,933865
7500000;61,25;54,933936;82,933865
7800000;61,25;54,933936;82,933865
7800000;61,25;54,933936;82,933865
7690000;67,34;54,933936;82,933865
8590000;67,34;54,933936;82,933865
8290000;67,34;54,933936;82,933865
8290000;67,34;54,933936;82,933865
7990000;67,34;54,933936;82,933865
7990000;67,34;54,933936;82,933865
7550000;61,58;54,933936;82,933865
7850000;61,58;54,933936;82,933865
7550000;61,02;54,933936;82,933865
7550000;61,02;54,933936;82,933865
7850000;61,02;54,933936;82,933865
7850000;61,02;54,933936;82,933865
8150000;61,02;54,933936;82,933865
7990000;67,72;54,933936;82,933865
8290000;67,72;54,933936;82,933865
7610000;26,4;55,03935;82,95807
6500000;26,8;55,03935;82,95807
9140000;38,3;55,03935;82,95807
7490000;26,5;55,03935;82,95807
7580000;26,5;55,03935;82,95807
7670000;25,3;55,03935;82,95807
7730000;25,3;55,03935;82,95807
7790000;25,3;55,03935;82,95807
7820000;25,3;55,03935;82,95807
7760000;25,3;55,03935;82,95807
7430000;26,6;55,03935;82,95807
8295000;25,9;55,03935;82,95807
7910000;26,1;55,03935;82,95807
7670000;26,2;55,03935;82,95807
7790000;26,2;55,03935;82,95807
7760000;26,2;55,03935;82,95807
7850000;26,2;55,03935;82,95807
7880000;26,2;55,03935;82,95807
7730000;26,2;55,03935;82,95807
9230000;38,2;55,03935;82,95807
9320000;38,2;55,03935;82,95807
9290000;38,2;55,03935;82,95807
9380000;37,7;55,03935;82,95807
9470000;37,7;55,03935;82,95807
9410000;37,7;55,03935;82,95807
9590000;37,7;55,03935;82,95807
9530000;37,7;55,03935;82,95807
10100000;37,7;55,03935;82,95807
9620000;37,7;55,03935;82,95807
7520000;25,4;55,03935;82,95807
7610000;25,4;55,03935;82,95807
7580000;25,4;55,03935;82,95807
7300000;25,7;55,03935;82,95807
7400000;25,7;55,03935;82,95807
9350000;37,8;55,03935;82,95807
10510000;41,9;55,03935;82,95807
10630000;41,9;55,03935;82,95807
10150000;42,1;55,03935;82,95807
10710000;41,5;55,03935;82,95807
10790000;41,5;55,03935;82,95807
10750000;41,5;55,03935;82,95807
9790000;37,9;55,03935;82,95807
10870000;41,4;55,03935;82,95807
11150000;41,4;55,03935;82,95807
10910000;41,4;55,03935;82,95807
10990000;41,4;55,03935;82,95807
11110000;41,4;55,03935;82,95807
11030000;41,4;55,03935;82,95807
9150000;38,2;55,03935;82,95807
9490000;38,1;55,03935;82,95807
10670000;41,7;55,03935;82,95807
9990000;37,5;55,03935;82,95807
10200000;37,5;55,03935;82,95807
10050000;37,5;55,03935;82,95807
10010000;37,5;55,03935;82,95807
10090000;37,5;55,03935;82,95807
10150000;37,5;55,03935;82,95807
12515000;42,3;55,03935;82,95807
16325000;75,6;55,03935;82,95807
19025000;85,9;55,03935;82,95807
13750000;65;55,03935;82,95807
13800000;65;55,03935;82,95807
13850000;65;55,03935;82,95807
28550000;103,2;55,03935;82,95807
14850000;66,4;55,03935;82,95807
14950000;66,4;55,03935;82,95807
13800000;67,1;55,03935;82,95807
16385000;75,3;55,03935;82,95807
16505000;75,3;55,03935;82,95807
16565000;75,3;55,03935;82,95807
16445000;75,3;55,03935;82,95807
14550000;64,4;55,03935;82,95807
14550000;64,4;55,03935;82,95807
15000000;64,4;55,03935;82,95807
14600000;64,4;55,03935;82,95807
14650000;64,4;55,03935;82,95807
15000000;66,3;55,03935;82,95807
15100000;66,3;55,03935;82,95807
14200000;67;55,03935;82,95807
16625000;75,2;55,03935;82,95807
16865000;75,2;55,03935;82,95807
16805000;75,2;55,03935;82,95807
16685000;75,2;55,03935;82,95807
16925000;75,1;55,03935;82,95807
17245000;75,1;55,03935;82,95807
14600000;66,5;55,03935;82,95807
14700000;66,5;55,03935;82,95807
14650000;66,5;55,03935;82,95807
14000000;64,8;55,03935;82,95807
14150000;64,8;55,03935;82,95807
14200000;64,8;55,03935;82,95807
14400000;64,8;55,03935;82,95807
12350000;65,2;55,03935;82,95807
14750000;64,5;55,03935;82,95807
14800000;64,5;55,03935;82,95807
14900000;64,5;55,03935;82,95807
14250000;66,9;55,03935;82,95807
14350000;66,9;55,03935;82,95807
14400000;66,9;55,03935;82,95807
14450000;66,9;55,03935;82,95807
17400000;86,5;55,03935;82,95807
17595000;86,5;55,03935;82,95807
18115000;86,5;55,03935;82,95807
17660000;86,5;55,03935;82,95807
18310000;86,5;55,03935;82,95807
17725000;86,5;55,03935;82,95807
17530000;86,5;55,03935;82,95807
17920000;86,5;55,03935;82,95807
17855000;86,5;55,03935;82,95807
14450000;64,7;55,03935;82,95807
13750000;67,3;55,03935;82,95807
19620000;75,9;55,03935;82,95807
14500000;66,8;55,03935;82,95807
18440000;86;55,03935;82,95807
18830000;86;55,03935;82,95807
18570000;86;55,03935;82,95807
18960000;86;55,03935;82,95807
18505000;86;55,03935;82,95807
18765000;86;55,03935;82,95807
18700000;86;55,03935;82,95807
15485000;75,8;55,03935;82,95807
15605000;75,8;55,03935;82,95807
15905000;75,8;55,03935;82,95807
16265000;75,8;55,03935;82,95807
16145000;75,8;55,03935;82,95807
16205000;75,8;55,03935;82,95807
15845000;75,8;55,03935;82,95807
15725000;75,8;55,03935;82,95807
15785000;75,8;55,03935;82,95807
15665000;75,8;55,03935;82,95807
44444000;160,5;55,03935;82,95807
5830000;26,5;55,01265;82,92866
5830000;26,5;55,01265;82,92866
5830000;26,5;55,01265;82,92866
6095000;26,5;55,01265;82,92866
6095000;26,5;55,01265;82,92866
6095000;26,5;55,01265;82,92866
6095000;26,5;55,01265;82,92866
31548000;95,6;55,01265;82,92866
5815600;26,8;55,01265;82,92866
5896000;26,8;55,01265;82,92866
5815600;26,8;55,01265;82,92866
5815600;26,8;55,01265;82,92866
5815600;26,8;55,01265;82,92866
9356400;45,2;55,01265;82,92866
9944000;45,2;55,01265;82,92866
9718000;45,2;55,01265;82,92866
9492000;45,2;55,01265;82,92866
9954500;46,3;55,01265;82,92866
9891647;32,23;55,03288;82,9458
12150471;37,64;55,03288;82,9458
10974000;45,98;55,03288;82,9458
10821059;47,66;55,03288;82,9458
11303412;47,66;55,03288;82,9458
11435294;47,66;55,03288;82,9458
14574000;52,29;55,033;82,94492
11988235;47,16;55,033;82,94492
10879882;45,62;55,03288;82,9458
11117647;45,62;55,03288;82,9458
11068118;45,62;55,03288;82,9458
11844588;46,98;55,033;82,94492
12197529;46,98;55,033;82,94492
11374000;43,37;55,03288;82,9458
11244588;46,7;55,033;82,94492
13550471;48,54;55,033;82,94492
10832824;45,19;55,03288;82,9458
14894118;70,35;55,033;82,94492
15129412;70,35;55,033;82,94492
14976471;70,35;55,033;82,94492
12952941;63,53;55,03288;82,9458
13411765;62,02;55,033;82,94492
14023529;61,67;55,03288;82,9458
13656353;62,85;55,03288;82,9458
13774000;62,85;55,03288;82,9458
13491647;65,28;55,03288;82,9458
14364706;69,32;55,033;82,94492
14115176;68,71;55,033;82,94492
14256353;68,71;55,033;82,94492
13374000;67,5;55,033;82,94492
13456353;67,5;55,033;82,94492
18941176;92,07;55,03288;82,9458
16752941;86,27;55,033;82,94492
17282353;86,27;55,033;82,94492
16962235;86,27;55,033;82,94492
16409294;76,97;55,03288;82,9458
16541176;85,44;55,033;82,94492
16458824;78,3;55,03288;82,9458
15641176;75,54;55,03288;82,9458
17385765;87,45;55,033;82,94492
17494118;87,45;55,033;82,94492
17606824;74,7;55,03288;82,9458
5352000;44,6;54,64284;83,31027
5352000;44,6;54,64284;83,31027
5352000;44,6;54,64284;83,31027
5352000;44,6;54,64284;83,31027
4637000;37,1;54,64284;83,31027
4637000;37,1;54,64284;83,31027
4637000;37,1;54,64284;83,31027
4637000;37,1;54,64284;83,31027
4637000;37,1;54,64284;83,31027
4637000;37,1;54,64284;83,31027
4637000;37,1;54,64284;83,31027
4637000;37,1;54,64284;83,31027
4637000;37,1;54,64284;83,31027
4637000;37,1;54,64284;83,31027
4637000;37,1;54,64284;83,31027
4637000;37,1;54,64284;83,31027
4637000;37,1;54,64284;83,31027
5352000;43,8;54,64284;83,31027
5352000;43,8;54,64284;83,31027
5352000;43,8;54,64284;83,31027
5352000;43,8;54,64284;83,31027
8142000;70,8;54,64284;83,31027
8142000;70,8;54,64284;83,31027
8142000;70,8;54,64284;83,31027
8142000;70,8;54,64284;83,31027
8142000;70,8;54,64284;83,31027
8142000;70,8;54,64284;83,31027
12177000;110,7;54,64284;83,31027
12177000;110,7;54,64284;83,31027
12177000;110,7;54,64284;83,31027
12177000;110,7;54,64284;83,31027
12177000;110,7;54,64284;83,31027
12177000;110,7;54,64284;83,31027
12177000;110,7;54,64284;83,31027
12177000;110,7;54,64284;83,31027
12177000;110,7;54,64284;83,31027
12177000;110,7;54,64284;83,31027
12177000;110,7;54,64284;83,31027
12177000;110,7;54,64284;83,31027
12177000;110,7;54,64284;83,31027
12177000;110,7;54,64284;83,31027
6890000;28,4;55,014458;82,942926
7040000;28,4;55,014458;82,942926
6890000;28,4;55,014458;82,942926
7707000;28,6;55,014458;82,942926
6132000;28,7;55,014458;82,942926
7235000;28,7;55,014458;82,942926
7077000;28,7;55,014458;82,942926
8190000;42,9;55,014458;82,942926
8990000;42,9;55,014458;82,942926
9160000;42,9;55,014458;82,942926
8990000;42,9;55,014458;82,942926
9330000;42,9;55,014458;82,942926
9500000;42,9;55,014458;82,942926
12990000;59,2;55,014458;82,942926
13790000;76,9;55,014458;82,942926
13690000;75,4;55,014458;82,942926
15130000;75,4;55,014458;82,942926
14690000;75,4;55,014458;82,942926
14910000;75,4;55,014458;82,942926
14690000;75,4;55,014458;82,942926
15350000;75,3;55,014458;82,942926
12390000;59,3;55,014458;82,942926
12390000;59,3;55,014458;82,942926
12590000;59,3;55,014458;82,942926
12790000;59,3;55,014458;82,942926
12590000;59,3;55,014458;82,942926
11490000;59,4;55,014458;82,942926
16010000;75,2;55,014458;82,942926
15290000;76,6;55,014458;82,942926
9850000;47,7;55,014458;82,942926
10210000;47,7;55,014458;82,942926
10030000;47,7;55,014458;82,942926
10390000;47,7;55,014458;82,942926
12290000;60,2;55,014458;82,942926
12690000;60,2;55,014458;82,942926
12890000;60,2;55,014458;82,942926
12490000;60,2;55,014458;82,942926
9990000;47,6;55,014458;82,942926
11390000;60,3;55,014458;82,942926
14790000;76,7;55,014458;82,942926
14790000;76,7;55,014458;82,942926
14790000;76,7;55,014458;82,942926
14790000;76,7;55,014458;82,942926
15600000;80;55,014458;82,942926
15390000;92,3;55,014458;82,942926
13850000;80,2;55,014458;82,942926
17090000;93,9;55,014458;82,942926
17990000;93,9;55,014458;82,942926
17090000;93,9;55,014458;82,942926
17390000;93,9;55,014458;82,942926
18410000;93,9;55,014458;82,942926
17090000;93,9;55,014458;82,942926
18290000;93,9;55,014458;82,942926
17690000;93,9;55,014458;82,942926
18290000;93,9;55,014458;82,942926
17390000;93,9;55,014458;82,942926
17390000;93,9;55,014458;82,942926
18290000;93,9;55,014458;82,942926
18410000;93,9;55,014458;82,942926
17690000;94,2;55,014458;82,942926
17990000;94,2;55,014458;82,942926
17990000;94,2;55,014458;82,942926
17690000;94,2;55,014458;82,942926
16890000;92,7;55,014458;82,942926
16890000;92,7;55,014458;82,942926
18690000;92,7;55,014458;82,942926
17490000;92,7;55,014458;82,942926
17790000;92,7;55,014458;82,942926
17190000;92,7;55,014458;82,942926
13950000;78,6;55,014458;82,942926
14950000;78,6;55,014458;82,942926
14950000;78,6;55,014458;82,942926
15390000;78,6;55,014458;82,942926
15170000;78,6;55,014458;82,942926
15170000;78,6;55,014458;82,942926
13950000;78,6;55,014458;82,942926
15590000;94;55,014458;82,942926
14850000;80,1;55,014458;82,942926
14850000;80,1;55,014458;82,942926
15100000;80,1;55,014458;82,942926
15350000;80,1;55,014458;82,942926
21136400;107;55,014458;82,942926
21094000;106,8;55,014458;82,942926
21094000;106,8;55,014458;82,942926
21094000;106,8;55,014458;82,942926
21094000;106,8;55,014458;82,942926
23042000;126,3;55,014458;82,942926
22796000;125,1;55,014458;82,942926
9520808;55,19;55,164794;82,986034
9789000;57,56;55,164794;82,986034
9118520;76,15;55,164794;82,986034
9118800;76,15;55,164794;82,986034
8448300;44,68;55,164794;82,986034
8971290;66,37;55,164794;82,986034
10580490;66,44;55,164794;82,986034
10580490;66,44;55,164794;82,986034
10580490;66,44;55,164794;82,986034
10580490;66,44;55,164794;82,986034
9654904;57,77;55,164794;82,986034
9789300;57,56;55,164794;82,986034
9923400;76,8;55,164794;82,986034
11266736;66,45;55,164794;82,986034
9387000;57,19;55,164794;82,986034
10218106;85,62;55,164794;82,986034
10580165;69,22;55,164794;82,986034
9923400;77,1;55,164794;82,986034
9655200;57,5;55,164794;82,986034
10459800;88,11;55,164794;82,986034
10861767;66,81;55,164794;82,986034
10191600;66,81;55,164794;82,986034
10311974;66,84;55,164794;82,986034
9923400;66,23;55,164794;82,986034
10996200;93,2;55,164794;82,986034
10996200;93,2;55,164794;82,986034
9789300;57,87;55,164794;82,986034
10191287;66,54;55,164794;82,986034
10580165;65,83;55,164794;82,986034
10580165;65,83;55,164794;82,986034
10218420;85,62;55,164794;82,986034
10258650;85,62;55,164794;82,986034
9923096;77,1;55,164794;82,986034
10191600;66,54;55,164794;82,986034
10580490;69,22;55,164794;82,986034
10459800;88,38;55,164794;82,986034
9923096;76,8;55,164794;82,986034
9521100;55,19;55,164794;82,986034
9521100;55,19;55,164794;82,986034
10861767;71,87;55,164794;82,986034
9655200;57,77;55,164794;82,986034
10312290;66,84;55,164794;82,986034
10580165;66,44;55,164794;82,986034
10580165;66,44;55,164794;82,986034
10862100;71,87;55,164794;82,986034
10580490;65,83;55,164794;82,986034
10580490;65,83;55,164794;82,986034
10459479;88,11;55,164794;82,986034
12712680;104,62;55,164794;82,986034
12712680;104,62;55,164794;82,986034
12712290;104,63;55,164794;82,986034
12712290;104,63;55,164794;82,986034
11679752;100,27;55,164794;82,986034
11679752;99,91;55,164794;82,986034
11680110;99,92;55,164794;82,986034
11653290;82,14;55,164794;82,986034
13495410;93,2;55,164794;82,986034
11653290;82,24;55,164794;82,986034
11680110;99,95;55,164794;82,986034
10459479;88,38;55,164794;82,986034
6800000;30,7;55,04802;82,88161
6960000;30,7;55,04802;82,88161
7060000;30,7;55,04802;82,88161
6800000;30,7;55,04802;82,88161
6850000;30,7;55,04802;82,88161
7380000;30,7;55,04802;82,88161
7060000;30,7;55,04802;82,88161
6900000;30,7;55,04802;82,88161
6800000;30,7;55,04802;82,88161
7060000;30,7;55,04802;82,88161
7270000;30,7;55,04802;82,88161
6850000;30,7;55,04802;82,88161
6900000;31,6;55,04802;82,88161
6900000;31,6;55,04802;82,88161
6960000;31,6;55,04802;82,88161
7480000;31,6;55,04802;82,88161
7220000;31,6;55,04802;82,88161
6960000;31,6;55,04802;82,88161
7380000;31,6;55,04802;82,88161
7170000;31,6;55,04802;82,88161
7060000;31,6;55,04802;82,88161
7170000;31,6;55,04802;82,88161
8720000;41,2;55,04802;82,88161
9060000;41,2;55,04802;82,88161
9010000;41,2;55,04802;82,88161
9060000;41,2;55,04802;82,88161
8900000;41,2;55,04802;82,88161
8960000;41,2;55,04802;82,88161
8890000;41,2;55,04802;82,88161
7830000;33,8;55,04802;82,88161
7880000;33,8;55,04802;82,88161
7980000;33,8;55,04802;82,88161
8080000;33,8;55,04802;82,88161
7520000;41,7;55,04802;82,88161
9020000;41,7;55,04802;82,88161
8840000;41,7;55,04802;82,88161
9080000;41,7;55,04802;82,88161
8480000;41,7;55,04802;82,88161
8660000;41,7;55,04802;82,88161
8840000;41,7;55,04802;82,88161
8900000;41,7;55,04802;82,88161
9020000;41,7;55,04802;82,88161
7580000;41,7;55,04802;82,88161
8780000;41,7;55,04802;82,88161
8600000;41,7;55,04802;82,88161
8720000;41,7;55,04802;82,88161
8010000;44,2;55,04802;82,88161
9000000;44,2;55,04802;82,88161
9020000;44,2;55,04802;82,88161
9140000;44,2;55,04802;82,88161
9080000;44,2;55,04802;82,88161
9200000;44,2;55,04802;82,88161
9380000;44,2;55,04802;82,88161
9380000;44,2;55,04802;82,88161
9320000;44,2;55,04802;82,88161
9500000;44,2;55,04802;82,88161
9020000;44,2;55,04802;82,88161
9500000;44,2;55,04802;82,88161
9080000;44,2;55,04802;82,88161
7370000;40,8;55,04802;82,88161
8420000;40,8;55,04802;82,88161
8540000;40,8;55,04802;82,88161
7420000;40,8;55,04802;82,88161
8960000;40,8;55,04802;82,88161
8300000;40,8;55,04802;82,88161
8420000;40,8;55,04802;82,88161
8660000;40,8;55,04802;82,88161
8780000;40,8;55,04802;82,88161
8780000;40,8;55,04802;82,88161
8660000;40,8;55,04802;82,88161
8780000;40,8;55,04802;82,88161
8480000;40,8;55,04802;82,88161
8960000;40,8;55,04802;82,88161
8420000;40,8;55,04802;82,88161
8430000;40,5;55,04802;82,88161
8910000;40,5;55,04802;82,88161
8730000;40,5;55,04802;82,88161
8730000;40,5;55,04802;82,88161
8960000;40,5;55,04802;82,88161
8550000;40,5;55,04802;82,88161
8550000;40,5;55,04802;82,88161
10310000;63,4;55,04802;82,88161
11610000;63,4;55,04802;82,88161
11710000;63,4;55,04802;82,88161
11760000;63,4;55,04802;82,88161
12150000;63,4;55,04802;82,88161
11500000;63,4;55,04802;82,88161
12060000;63,4;55,04802;82,88161
12560000;63,4;55,04802;82,88161
12460000;63,4;55,04802;82,88161
10320000;63,4;55,04802;82,88161
11810000;63,4;55,04802;82,88161
11860000;63,4;55,04802;82,88161
12010000;63,4;55,04802;82,88161
11220000;62,2;55,04802;82,88161
11240000;62,2;55,04802;82,88161
11490000;62,2;55,04802;82,88161
12140000;62,2;55,04802;82,88161
11340000;62,2;55,04802;82,88161
11440000;62,2;55,04802;82,88161
12040000;62,2;55,04802;82,88161
11740000;62,2;55,04802;82,88161
10140000;54;55,04802;82,88161
10240000;54;55,04802;82,88161
11040000;54;55,04802;82,88161
10290000;54;55,04802;82,88161
10540000;54;55,04802;82,88161
10490000;54;55,04802;82,88161
10640000;54;55,04802;82,88161
10190000;54;55,04802;82,88161
10340000;54;55,04802;82,88161
10940000;54;55,04802;82,88161
12540000;66,4;55,04802;82,88161
12560000;66,4;55,04802;82,88161
12920000;66,4;55,04802;82,88161
12580000;66,4;55,04802;82,88161
12820000;66,4;55,04802;82,88161
5050000;28;54,96309;82,91034
5250000;28;54,96309;82,91034
5690000;33,7;54,96309;82,91034
4850000;25,8;54,96309;82,91034
5050000;25,8;54,96309;82,91034
6200000;37;54,96309;82,91034
6050000;36,7;54,96309;82,91034
6450000;36,7;54,96309;82,91034
6250000;36,7;54,96309;82,91034
13068000;65,6;54,96309;82,91034
7070000;42,3;54,96309;82,91034
17586000;95,3;54,96309;82,91034
6620000;40,8;54,96309;82,91034
6800000;40,8;54,96309;82,91034
6570000;35,8;54,96309;82,91034
7850000;49,4;54,96309;82,91034
8150000;49,4;54,96309;82,91034
7850000;49,4;54,96309;82,91034
10620000;70,7;54,96309;82,91034
8840000;62;54,96309;82,91034
19278000;98,3;54,96309;82,91034
16020000;80,3;54,96309;82,91034
8250000;57,6;54,96309;82,91034
8750000;57,6;54,96309;82,91034
8390000;57,6;54,96309;82,91034
9820000;66,6;54,96309;82,91034
18918000;94,3;54,96309;82,91034
9640000;66,5;54,96309;82,91034
10000000;66,5;54,96309;82,91034
9640000;66,5;54,96309;82,91034
8420000;55,7;54,96309;82,91034
8590000;55,7;54,96309;82,91034
12160000;84,7;54,96309;82,91034
5899914;26,74;55,01482;82,96696
6123460;26,74;55,01482;82,96696
6123460;26,74;55,01482;82,96696
6123460;26,74;55,01482;82,96696
6123460;26,74;55,01482;82,96696
6123460;26,74;55,01482;82,96696
6123460;26,74;55,01482;82,96696
6123460;26,74;55,01482;82,96696
6123460;26,74;55,01482;82,96696
6123460;26,74;55,01482;82,96696
6123460;26,74;55,01482;82,96696
6123460;26,74;55,01482;82,96696
6123460;26,74;55,01482;82,96696
6123460;26,74;55,01482;82,96696
6123460;26,74;55,01482;82,96696
6123460;26,74;55,01482;82,96696
6123460;26,74;55,01482;82,96696
6257160;26,74;55,01482;82,96696
6123460;26,74;55,01482;82,96696
6257160;26,74;55,01482;82,96696
6257160;26,74;55,01482;82,96696
6257160;26,74;55,01482;82,96696
6257160;26,74;55,01482;82,96696
6257160;26,74;55,01482;82,96696
6257160;26,74;55,01482;82,96696
6257160;26,74;55,01482;82,96696
6257160;26,74;55,01482;82,96696
6257160;26,74;55,01482;82,96696
5989760;26,74;55,01482;82,96696
5899914;26,74;55,01482;82,96696
5989760;26,74;55,01482;82,96696
5989760;26,74;55,01482;82,96696
5989760;26,74;55,01482;82,96696
5989760;26,74;55,01482;82,96696
5989760;26,74;55,01482;82,96696
5989760;26,74;55,01482;82,96696
5989760;26,74;55,01482;82,96696
5989760;26,74;55,01482;82,96696
5989760;26,74;55,01482;82,96696
5989760;26,74;55,01482;82,96696
6123460;26,74;55,01482;82,96696
5989760;26,74;55,01482;82,96696
5989760;26,74;55,01482;82,96696
6123460;26,74;55,01482;82,96696
5989760;26,74;55,01482;82,96696
5546890;25,14;55,01482;82,96696
5757060;25,14;55,01482;82,96696
5757060;25,14;55,01482;82,96696
5757060;25,14;55,01482;82,96696
5757060;25,14;55,01482;82,96696
5757060;25,14;55,01482;82,96696
5757060;25,14;55,01482;82,96696
5757060;25,14;55,01482;82,96696
5757060;25,14;55,01482;82,96696
5757060;25,14;55,01482;82,96696
5757060;25,14;55,01482;82,96696
5757060;25,14;55,01482;82,96696
5757060;25,14;55,01482;82,96696
5757060;25,14;55,01482;82,96696
5757060;25,14;55,01482;82,96696
5757060;25,14;55,01482;82,96696
5882760;25,14;55,01482;82,96696
5882760;25,14;55,01482;82,96696
5882760;25,14;55,01482;82,96696
5882760;25,14;55,01482;82,96696
5882760;25,14;55,01482;82,96696
5882760;25,14;55,01482;82,96696
5882760;25,14;55,01482;82,96696
5882760;25,14;55,01482;82,96696
5882760;25,14;55,01482;82,96696
5882760;25,14;55,01482;82,96696
5631360;25,14;55,01482;82,96696
5631360;25,14;55,01482;82,96696
5631360;25,14;55,01482;82,96696
5631360;25,14;55,01482;82,96696
5631360;25,14;55,01482;82,96696
5631360;25,14;55,01482;82,96696
5631360;25,14;55,01482;82,96696
5631360;25,14;55,01482;82,96696
5631360;25,14;55,01482;82,96696
5631360;25,14;55,01482;82,96696
5631360;25,14;55,01482;82,96696
5757060;25,14;55,01482;82,96696
5631360;25,14;55,01482;82,96696
5757060;25,14;55,01482;82,96696
5757060;25,14;55,01482;82,96696
5631360;25,14;55,01482;82,96696
5631360;25,14;55,01482;82,96696
5921978;26,84;55,01482;82,96696
6146360;26,84;55,01482;82,96696
6146360;26,84;55,01482;82,96696
6146360;26,84;55,01482;82,96696
6146360;26,84;55,01482;82,96696
6146360;26,84;55,01482;82,96696
6146360;26,84;55,01482;82,96696
6146360;26,84;55,01482;82,96696
6146360;26,84;55,01482;82,96696
6146360;26,84;55,01482;82,96696
6146360;26,84;55,01482;82,96696
6146360;26,84;55,01482;82,96696
6146360;26,84;55,01482;82,96696
6280560;26,84;55,01482;82,96696
6146360;26,84;55,01482;82,96696
6146360;26,84;55,01482;82,96696
6280560;26,84;55,01482;82,96696
6280560;26,84;55,01482;82,96696
6280560;26,84;55,01482;82,96696
6280560;26,84;55,01482;82,96696
6280560;26,84;55,01482;82,96696
6280560;26,84;55,01482;82,96696
5921978;26,84;55,01482;82,96696
6012160;26,84;55,01482;82,96696
6012160;26,84;55,01482;82,96696
6012160;26,84;55,01482;82,96696
6012160;26,84;55,01482;82,96696
6012160;26,84;55,01482;82,96696
6012160;26,84;55,01482;82,96696
6012160;26,84;55,01482;82,96696
6012160;26,84;55,01482;82,96696
6012160;26,84;55,01482;82,96696
6012160;26,84;55,01482;82,96696
6012160;26,84;55,01482;82,96696
6012160;26,84;55,01482;82,96696
6146360;26,84;55,01482;82,96696
6012160;26,84;55,01482;82,96696
6146360;26,84;55,01482;82,96696
6280560;26,84;55,01482;82,96696
6280560;26,84;55,01482;82,96696
6280560;26,84;55,01482;82,96696
6146360;26,84;55,01482;82,96696
6146360;26,84;55,01482;82,96696
6012160;26,84;55,01482;82,96696
6716125;30,91;55,01482;82,96696
6974532;30,91;55,01482;82,96696
6974532;30,91;55,01482;82,96696
6974532;30,91;55,01482;82,96696
6974532;30,91;55,01482;82,96696
6974532;30,91;55,01482;82,96696
6974532;30,91;55,01482;82,96696
6974532;30,91;55,01482;82,96696
6974532;30,91;55,01482;82,96696
6974532;30,91;55,01482;82,96696
6974532;30,91;55,01482;82,96696
6974532;30,91;55,01482;82,96696
6974532;30,91;55,01482;82,96696
6974532;30,91;55,01482;82,96696
6974532;30,91;55,01482;82,96696
6974532;30,91;55,01482;82,96696
6974532;30,91;55,01482;82,96696
7129082;30,91;55,01482;82,96696
7129082;30,91;55,01482;82,96696
7129082;30,91;55,01482;82,96696
7129082;30,91;55,01482;82,96696
7129082;30,91;55,01482;82,96696
7129082;30,91;55,01482;82,96696
7129082;30,91;55,01482;82,96696
7129082;30,91;55,01482;82,96696
7129082;30,91;55,01482;82,96696
6716125;30,91;55,01482;82,96696
6819982;30,91;55,01482;82,96696
6819982;30,91;55,01482;82,96696
6819982;30,91;55,01482;82,96696
6819982;30,91;55,01482;82,96696
6819982;30,91;55,01482;82,96696
6819982;30,91;55,01482;82,96696
6819982;30,91;55,01482;82,96696
6819982;30,91;55,01482;82,96696
6819982;30,91;55,01482;82,96696
6819982;30,91;55,01482;82,96696
6819982;30,91;55,01482;82,96696
6819982;30,91;55,01482;82,96696
6819982;30,91;55,01482;82,96696
6819982;30,91;55,01482;82,96696
6974532;30,91;55,01482;82,96696
6974532;30,91;55,01482;82,96696
6974532;30,91;55,01482;82,96696
6974532;30,91;55,01482;82,96696
7129082;30,91;55,01482;82,96696
7471632;36,06;55,01482;82,96696
7651932;36,06;55,01482;82,96696
7651932;36,06;55,01482;82,96696
7651932;36,06;55,01482;82,96696
7651932;36,06;55,01482;82,96696
7651932;36,06;55,01482;82,96696
7651932;36,06;55,01482;82,96696
7651932;36,06;55,01482;82,96696
7651932;36,06;55,01482;82,96696
7651932;36,06;55,01482;82,96696
7832232;36,06;55,01482;82,96696
7651932;36,06;55,01482;82,96696
7832232;36,06;55,01482;82,96696
7832232;36,06;55,01482;82,96696
7832232;36,06;55,01482;82,96696
7832232;36,06;55,01482;82,96696
7832232;36,06;55,01482;82,96696
7832232;36,06;55,01482;82,96696
7832232;36,06;55,01482;82,96696
7832232;36,06;55,01482;82,96696
7832232;36,06;55,01482;82,96696
7471632;36,06;55,01482;82,96696
7651932;36,06;55,01482;82,96696
7651932;36,06;55,01482;82,96696
7471632;36,06;55,01482;82,96696
7651932;36,06;55,01482;82,96696
7471632;36,06;55,01482;82,96696
8413306;42,44;55,01482;82,96696
8768104;42,44;55,01482;82,96696
8768104;42,44;55,01482;82,96696
8768104;42,44;55,01482;82,96696
8768104;42,44;55,01482;82,96696
8768104;42,44;55,01482;82,96696
8768104;42,44;55,01482;82,96696
8768104;42,44;55,01482;82,96696
8980304;42,44;55,01482;82,96696
8980304;42,44;55,01482;82,96696
8980304;42,44;55,01482;82,96696
8980304;42,44;55,01482;82,96696
8980304;42,44;55,01482;82,96696
8555904;42,44;55,01482;82,96696
8555904;42,44;55,01482;82,96696
8555904;42,44;55,01482;82,96696
8555904;42,44;55,01482;82,96696
8555904;42,44;55,01482;82,96696
8555904;42,44;55,01482;82,96696
7920864;39,29;55,01482;82,96696
8249328;39,29;55,01482;82,96696
8249328;39,29;55,01482;82,96696
8249328;39,29;55,01482;82,96696
8249328;39,29;55,01482;82,96696
8249328;39,29;55,01482;82,96696
8249328;39,29;55,01482;82,96696
8249328;39,29;55,01482;82,96696
8249328;39,29;55,01482;82,96696
8249328;39,29;55,01482;82,96696
8249328;39,29;55,01482;82,96696
8249328;39,29;55,01482;82,96696
8249328;39,29;55,01482;82,96696
8249328;39,29;55,01482;82,96696
8249328;39,29;55,01482;82,96696
8445778;39,29;55,01482;82,96696
8445778;39,29;55,01482;82,96696
8445778;39,29;55,01482;82,96696
8445778;39,29;55,01482;82,96696
8445778;39,29;55,01482;82,96696
8445778;39,29;55,01482;82,96696
8445778;39,29;55,01482;82,96696
8445778;39,29;55,01482;82,96696
8052878;39,29;55,01482;82,96696
8052878;39,29;55,01482;82,96696
8052878;39,29;55,01482;82,96696
8052878;39,29;55,01482;82,96696
8052878;39,29;55,01482;82,96696
8052878;39,29;55,01482;82,96696
8052878;39,29;55,01482;82,96696
8052878;39,29;55,01482;82,96696
8052878;39,29;55,01482;82,96696
8249328;39,29;55,01482;82,96696
8052878;39,29;55,01482;82,96696
8052878;39,29;55,01482;82,96696
8249328;39,29;55,01482;82,96696
8249328;39,29;55,01482;82,96696
8249328;39,29;55,01482;82,96696
8445778;39,29;55,01482;82,96696
8445778;39,29;55,01482;82,96696
8249328;39,29;55,01482;82,96696
8052878;39,29;55,01482;82,96696
8052878;39,29;55,01482;82,96696
8835557;44,57;55,01482;82,96696
9208162;44,57;55,01482;82,96696
9208162;44,57;55,01482;82,96696
9208162;44,57;55,01482;82,96696
9208162;44,57;55,01482;82,96696
9208162;44,57;55,01482;82,96696
9208162;44,57;55,01482;82,96696
9431012;44,57;55,01482;82,96696
9431012;44,57;55,01482;82,96696
9431012;44,57;55,01482;82,96696
9431012;44,57;55,01482;82,96696
8985312;44,57;55,01482;82,96696
8985312;44,57;55,01482;82,96696
8985312;44,57;55,01482;82,96696
8985312;44,57;55,01482;82,96696
8985312;44,57;55,01482;82,96696
8985312;44,57;55,01482;82,96696
9208162;44,57;55,01482;82,96696
9208162;44,57;55,01482;82,96696
9431012;44,57;55,01482;82,96696
8845469;44,62;55,01482;82,96696
9218492;44,62;55,01482;82,96696
9218492;44,62;55,01482;82,96696
9218492;44,62;55,01482;82,96696
9218492;44,62;55,01482;82,96696
9218492;44,62;55,01482;82,96696
9218492;44,62;55,01482;82,96696
9218492;44,62;55,01482;82,96696
9218492;44,62;55,01482;82,96696
9441592;44,62;55,01482;82,96696
9441592;44,62;55,01482;82,96696
9441592;44,62;55,01482;82,96696
9441592;44,62;55,01482;82,96696
8995392;44,62;55,01482;82,96696
8995392;44,62;55,01482;82,96696
8995392;44,62;55,01482;82,96696
8995392;44,62;55,01482;82,96696
8995392;44,62;55,01482;82,96696
8995392;44,62;55,01482;82,96696
8995392;44,62;55,01482;82,96696
9218492;44,62;55,01482;82,96696
9441592;44,62;55,01482;82,96696
10129011;52,58;55,01482;82,96696
10568580;52,58;55,01482;82,96696
10568580;52,58;55,01482;82,96696
10568580;52,58;55,01482;82,96696
10568580;52,58;55,01482;82,96696
10568580;52,58;55,01482;82,96696
10568580;52,58;55,01482;82,96696
10568580;52,58;55,01482;82,96696
10831480;52,58;55,01482;82,96696
10831480;52,58;55,01482;82,96696
10831480;52,58;55,01482;82,96696
10831480;52,58;55,01482;82,96696
10305680;52,58;55,01482;82,96696
10305680;52,58;55,01482;82,96696
10305680;52,58;55,01482;82,96696
10568580;52,58;55,01482;82,96696
10831480;52,58;55,01482;82,96696
11334938;58,84;55,01482;82,96696
11826840;58,84;55,01482;82,96696
11826840;58,84;55,01482;82,96696
11826840;58,84;55,01482;82,96696
11826840;58,84;55,01482;82,96696
11826840;58,84;55,01482;82,96696
11826840;58,84;55,01482;82,96696
11826840;58,84;55,01482;82,96696
11826840;58,84;55,01482;82,96696
11826840;58,84;55,01482;82,96696
11826840;58,84;55,01482;82,96696
11826840;58,84;55,01482;82,96696
11826840;58,84;55,01482;82,96696
11826840;58,84;55,01482;82,96696
11826840;58,84;55,01482;82,96696
11826840;58,84;55,01482;82,96696
11826840;58,84;55,01482;82,96696
11826840;58,84;55,01482;82,96696
12121040;58,84;55,01482;82,96696
12121040;58,84;55,01482;82,96696
12121040;58,84;55,01482;82,96696
12121040;58,84;55,01482;82,96696
12121040;58,84;55,01482;82,96696
12121040;58,84;55,01482;82,96696
11532640;58,84;55,01482;82,96696
11532640;58,84;55,01482;82,96696
11532640;58,84;55,01482;82,96696
11532640;58,84;55,01482;82,96696
11532640;58,84;55,01482;82,96696
11532640;58,84;55,01482;82,96696
11532640;58,84;55,01482;82,96696
11532640;58,84;55,01482;82,96696
11532640;58,84;55,01482;82,96696
11532640;58,84;55,01482;82,96696
11532640;58,84;55,01482;82,96696
11532640;58,84;55,01482;82,96696
11532640;58,84;55,01482;82,96696
11826840;58,84;55,01482;82,96696
11532640;58,84;55,01482;82,96696
11826840;58,84;55,01482;82,96696
12121040;58,84;55,01482;82,96696
12121040;58,84;55,01482;82,96696
12121040;58,84;55,01482;82,96696
11494448;60,37;55,01482;82,96696
11999141;60,37;55,01482;82,96696
11999141;60,37;55,01482;82,96696
11999141;60,37;55,01482;82,96696
11999141;60,37;55,01482;82,96696
11999141;60,37;55,01482;82,96696
11999141;60,37;55,01482;82,96696
12300991;60,37;55,01482;82,96696
12300991;60,37;55,01482;82,96696
12300991;60,37;55,01482;82,96696
12300991;60,37;55,01482;82,96696
12300991;60,37;55,01482;82,96696
11697291;60,37;55,01482;82,96696
11697291;60,37;55,01482;82,96696
11697291;60,37;55,01482;82,96696
11697291;60,37;55,01482;82,96696
11697291;60,37;55,01482;82,96696
11697291;60,37;55,01482;82,96696
11999141;60,37;55,01482;82,96696
11999141;60,37;55,01482;82,96696
13099968;72,2;55,01482;82,96696
13703560;72,2;55,01482;82,96696
13703560;72,2;55,01482;82,96696
13703560;72,2;55,01482;82,96696
13703560;72,2;55,01482;82,96696
13703560;72,2;55,01482;82,96696
13703560;72,2;55,01482;82,96696
13703560;72,2;55,01482;82,96696
14064560;72,2;55,01482;82,96696
14064560;72,2;55,01482;82,96696
14064560;72,2;55,01482;82,96696
14064560;72,2;55,01482;82,96696
13342560;72,2;55,01482;82,96696
13342560;72,2;55,01482;82,96696
13342560;72,2;55,01482;82,96696
13342560;72,2;55,01482;82,96696
13342560;72,2;55,01482;82,96696
13703560;72,2;55,01482;82,96696
14064560;72,2;55,01482;82,96696
13342560;72,2;55,01482;82,96696
5415000;29,27;55,0504;82,97456
5850000;29,27;55,0504;82,97456
5523000;29,27;55,0504;82,97456
5906000;29,27;55,0504;82,97456
5967000;29,27;55,0504;82,97456
5640000;29,27;55,0504;82,97456
6037000;29,27;55,0504;82,97456
6009000;29,27;55,0504;82,97456
5879000;29,27;55,0504;82,97456
5394000;25,89;55,0504;82,97456
5406000;25,89;55,0504;82,97456
5456000;25,89;55,0504;82,97456
5541000;25,89;55,0504;82,97456
5594000;25,89;55,0504;82,97456
5517000;25,89;55,0504;82,97456
5431000;25,89;55,0504;82,97456
4959000;25,04;55,0504;82,97456
5292000;25,04;55,0504;82,97456
5524000;25,04;55,0504;82,97456
5415000;25,04;55,0504;82,97456
5380000;25,04;55,0504;82,97456
5558000;25,8;55,0504;82,97456
5583000;25,8;55,0504;82,97456
5979000;29,34;55,0504;82,97456
6007000;29,34;55,0504;82,97456
6062000;29,34;55,0504;82,97456
6125000;29,34;55,0504;82,97456
6033000;29,34;55,0504;82,97456
6024000;29,16;55,0504;82,97456
6080000;29,16;55,0504;82,97456
6142000;29,16;55,0504;82,97456
6168000;29,16;55,0504;82,97456
6114000;29,16;55,0504;82,97456
6197000;29,16;55,0504;82,97456
6136000;29,16;55,0504;82,97456
6108000;29,16;55,0504;82,97456
6085000;29,16;55,0504;82,97456
5318000;25,52;55,0504;82,97456
5356000;25,52;55,0504;82,97456
5453000;25,52;55,0504;82,97456
5441000;25,52;55,0504;82,97456
5393000;25,52;55,0504;82,97456
5465000;25,52;55,0504;82,97456
5368000;25,52;55,0504;82,97456
5417000;25,52;55,0504;82,97456
5495000;25,43;55,0504;82,97456
5508000;25,43;55,0504;82,97456
6320000;29,36;55,0504;82,97456
6184000;29,25;55,0504;82,97456
6231000;29,25;55,0504;82,97456
6239000;29,25;55,0504;82,97456
6288000;29,25;55,0504;82,97456
6314000;29,25;55,0504;82,97456
6296000;29,25;55,0504;82,97456
5235000;25,03;55,0504;82,97456
5417000;25,03;55,0504;82,97456
5453000;25,03;55,0504;82,97456
5330000;25,03;55,0504;82,97456
5465000;25,03;55,0504;82,97456
6082000;28,96;55,0504;82,97456
6197000;28,96;55,0504;82,97456
6164000;28,96;55,0504;82,97456
6225000;28,96;55,0504;82,97456
6252000;28,96;55,0504;82,97456
6191000;28,96;55,0504;82,97456
6169000;28,96;55,0504;82,97456
5563000;29,43;55,0504;82,97456
5399000;25,98;55,0504;82,97456
5464000;29,04;55,0504;82,97456
5958000;29,04;55,0504;82,97456
6116000;29,04;55,0504;82,97456
5598000;29,04;55,0504;82,97456
5932000;29,04;55,0504;82,97456
6090000;29,04;55,0504;82,97456
6052000;29,04;55,0504;82,97456
5491000;29,04;55,0504;82,97456
5328000;25,62;55,0504;82,97456
8975000;47,01;55,0504;82,97456
7487000;37,55;55,0504;82,97456
7561000;37,55;55,0504;82,97456
7597000;37,55;55,0504;82,97456
7665000;37,55;55,0504;82,97456
7630000;37,55;55,0504;82,97456
7555000;37,55;55,0504;82,97456
7699000;37,55;55,0504;82,97456
7210000;37,91;55,0504;82,97456
7292000;37,26;55,0504;82,97456
7325000;37,26;55,0504;82,97456
7364000;37,19;55,0504;82,97456
7381000;37,19;55,0504;82,97456
7536000;37,19;55,0504;82,97456
7465000;37,19;55,0504;82,97456
7499000;37,19;55,0504;82,97456
7397000;37,19;55,0504;82,97456
7432000;37,19;55,0504;82,97456
7448000;37,19;55,0504;82,97456
7443000;37,77;55,0504;82,97456
7437000;37,59;55,0504;82,97456
7522000;37,59;55,0504;82,97456
7611000;37,59;55,0504;82,97456
7470000;37,59;55,0504;82,97456
7539000;37,59;55,0504;82,97456
7454000;37,59;55,0504;82,97456
7574000;37,59;55,0504;82,97456
7505000;37,59;55,0504;82,97456
7313000;37,75;55,0504;82,97456
7346000;37,75;55,0504;82,97456
7415000;37,75;55,0504;82,97456
8598000;46,65;55,0504;82,97456
8769000;46,65;55,0504;82,97456
8726000;46,65;55,0504;82,97456
8819000;46,65;55,0504;82,97456
8640000;46,65;55,0504;82,97456
8683000;46,65;55,0504;82,97456
8906000;46,65;55,0504;82,97456
7854000;46,84;55,0504;82,97456
8480000;46,84;55,0504;82,97456
8487000;46,84;55,0504;82,97456
8567000;46,84;55,0504;82,97456
8522000;46,84;55,0504;82,97456
8415000;46,84;55,0504;82,97456
9512000;60,74;55,0504;82,97456
10334000;60,74;55,0504;82,97456
11048000;65,93;55,0504;82,97456
11079000;65,93;55,0504;82,97456
11267000;65,93;55,0504;82,97456
11329000;65,93;55,0504;82,97456
11235000;65,93;55,0504;82,97456
11203000;65,93;55,0504;82,97456
10410000;60,67;55,0504;82,97456
10553000;60,67;55,0504;82,97456
10466000;60,67;55,0504;82,97456
10592000;60,67;55,0504;82,97456
10790000;60,67;55,0504;82,97456
10667000;60,67;55,0504;82,97456
10610000;60,67;55,0504;82,97456
10719000;66,01;55,0504;82,97456
10936000;66,01;55,0504;82,97456
10905000;66,01;55,0504;82,97456
10968000;66,01;55,0504;82,97456
8788000;48,45;55,0504;82,97456
8953000;48,45;55,0504;82,97456
8866000;48,45;55,0504;82,97456
8910000;48,45;55,0504;82,97456
10850000;60,68;55,0504;82,97456
8725000;48,62;55,0504;82,97456
8816000;48,62;55,0504;82,97456
12960000;78,44;55,0504;82,97456
12355000;78,27;55,0504;82,97456
12392000;78,27;55,0504;82,97456
12543000;78,09;55,0504;82,97456
12680000;78,09;55,0504;82,97456
12688000;78,09;55,0504;82,97456
4700000;42,7;54,93999;82,96481
4450000;36,8;54,93999;82,96481
4500000;36,8;54,93999;82,96481
4650000;41,3;54,93999;82,96481
4700000;41,3;54,93999;82,96481
4750000;41,3;54,93999;82,96481
4700000;41,3;54,93999;82,96481
4650000;41,3;54,93999;82,96481
4650000;41,3;54,93999;82,96481
4650000;41,3;54,93999;82,96481
4500000;36,7;54,93999;82,96481
4500000;36,7;54,93999;82,96481
4600000;41,5;54,93999;82,96481
5900000;41,5;54,93999;82,96481
4650000;41,5;54,93999;82,96481
6250000;41,5;54,93999;82,96481
4700000;41,5;54,93999;82,96481
4700000;41,5;54,93999;82,96481
4700000;41,5;54,93999;82,96481
4700000;41,5;54,93999;82,96481
4750000;41,5;54,93999;82,96481
4600000;41,5;54,93999;82,96481
4850000;41,5;54,93999;82,96481
4750000;41,5;54,93999;82,96481
6250000;41,5;54,93999;82,96481
5900000;41,5;54,93999;82,96481
6250000;41,5;54,93999;82,96481
4750000;41,7;54,93999;82,96481
4750000;42,5;54,93999;82,96481
6000000;42,5;54,93999;82,96481
4750000;42,5;54,93999;82,96481
4800000;42,5;54,93999;82,96481
4800000;42,5;54,93999;82,96481
5800000;42,5;54,93999;82,96481
4800000;42,5;54,93999;82,96481
4990000;42,5;54,93999;82,96481
4800000;42,5;54,93999;82,96481
4850000;42,5;54,93999;82,96481
6300000;42,5;54,93999;82,96481
6215000;42,5;54,93999;82,96481
6215000;42,5;54,93999;82,96481
5600000;53,7;54,93999;82,96481
5700000;53,7;54,93999;82,96481
5750000;53,7;54,93999;82,96481
7500000;53,7;54,93999;82,96481
7500000;53,7;54,93999;82,96481
4600000;41,4;54,93999;82,96481
4600000;41,4;54,93999;82,96481
4650000;41,4;54,93999;82,96481
4600000;41,4;54,93999;82,96481
4700000;41,4;54,93999;82,96481
4650000;41,4;54,93999;82,96481
4600000;41,4;54,93999;82,96481
4700000;41,4;54,93999;82,96481
4600000;41,4;54,93999;82,96481
4600000;41,4;54,93999;82,96481
5750000;53,5;54,93999;82,96481
5800000;53,5;54,93999;82,96481
5750000;53,5;54,93999;82,96481
4650000;41,6;54,93999;82,96481
4650000;41,6;54,93999;82,96481
4650000;41,6;54,93999;82,96481
4650000;41,6;54,93999;82,96481
4650000;41,6;54,93999;82,96481
4750000;41,6;54,93999;82,96481
4900000;41,6;54,93999;82,96481
4700000;41,6;54,93999;82,96481
4750000;41,6;54,93999;82,96481
4700000;41,6;54,93999;82,96481
7400000;72,6;54,93999;82,96481
7400000;72,6;54,93999;82,96481
7400000;72,6;54,93999;82,96481
7400000;72,6;54,93999;82,96481
7500000;72,6;54,93999;82,96481
7500000;72,6;54,93999;82,96481
6450000;58,6;54,93999;82,96481
6500000;58,6;54,93999;82,96481
6500000;58,6;54,93999;82,96481
6450000;58,6;54,93999;82,96481
6450000;58,6;54,93999;82,96481
6600000;63,4;54,93999;82,96481
6700000;63,4;54,93999;82,96481
6700000;63,4;54,93999;82,96481
6700000;63,4;54,93999;82,96481
9000000;63,4;54,93999;82,96481
9000000;63,4;54,93999;82,96481
9000000;63,4;54,93999;82,96481
6500000;59,8;54,93999;82,96481
6700000;63,7;54,93999;82,96481
6750000;63,7;54,93999;82,96481
6750000;63,7;54,93999;82,96481
6660000;58,5;54,93999;82,96481
6660000;58,5;54,93999;82,96481
8950000;62,2;54,93999;82,96481
8950000;62,2;54,93999;82,96481
8950000;62,2;54,93999;82,96481
6800000;62;54,93999;82,96481
6850000;62;54,93999;82,96481
6850000;62;54,93999;82,96481
6800000;63,3;54,93999;82,96481
6800000;63,3;54,93999;82,96481
6700000;63,5;54,93999;82,96481
6850000;63,5;54,93999;82,96481
6750000;63,5;54,93999;82,96481
6300000;58,7;54,93999;82,96481
8565000;58,7;54,93999;82,96481
8565000;58,7;54,93999;82,96481
6450000;58,7;54,93999;82,96481
8565000;58,7;54,93999;82,96481
6700000;63,8;54,93999;82,96481
9000000;63,8;54,93999;82,96481
6850000;63,8;54,93999;82,96481
6700000;63,8;54,93999;82,96481
9000000;63,8;54,93999;82,96481
9000000;63,8;54,93999;82,96481
7500000;75,4;54,93999;82,96481
7000000;67,3;54,93999;82,96481
7350000;73;54,93999;82,96481
6700000;63,6;54,93999;82,96481
9000000;63,6;54,93999;82,96481
6700000;63,6;54,93999;82,96481
9000000;63,6;54,93999;82,96481
9000000;63,6;54,93999;82,96481
7650000;75,2;54,93999;82,96481
7650000;75,2;54,93999;82,96481
7700000;75,2;54,93999;82,96481
7700000;75,2;54,93999;82,96481
7700000;75,2;54,93999;82,96481
9400000;89,1;54,93999;82,96481
9400000;89,1;54,93999;82,96481
9400000;89,1;54,93999;82,96481
9400000;89,1;54,93999;82,96481
9150000;88,4;54,93999;82,96481
9200000;88,4;54,93999;82,96481
9200000;88,4;54,93999;82,96481
9400000;88,4;54,93999;82,96481
9200000;88,4;54,93999;82,96481
9400000;88,4;54,93999;82,96481
9400000;88,4;54,93999;82,96481
9400000;88,4;54,93999;82,96481
9400000;88,4;54,93999;82,96481
9400000;88,4;54,93999;82,96481
9400000;88,4;54,93999;82,96481
9400000;88,4;54,93999;82,96481
9200000;88,4;54,93999;82,96481
9200000;88,4;54,93999;82,96481
8300000;77,4;54,93999;82,96481
8350000;77,4;54,93999;82,96481
8350000;77,4;54,93999;82,96481
8300000;77,4;54,93999;82,96481
8300000;77,4;54,93999;82,96481
8300000;77,4;54,93999;82,96481
8350000;77,4;54,93999;82,96481
8300000;77,4;54,93999;82,96481
8350000;77,4;54,93999;82,96481
8400000;77,4;54,93999;82,96481
8400000;77,4;54,93999;82,96481
8350000;77,4;54,93999;82,96481
9400000;88,3;54,93999;82,96481
9400000;88,3;54,93999;82,96481
9400000;88,3;54,93999;82,96481
9400000;88,3;54,93999;82,96481
9400000;88,3;54,93999;82,96481
9400000;88,3;54,93999;82,96481
9400000;88,3;54,93999;82,96481
9400000;88,3;54,93999;82,96481
9400000;88,3;54,93999;82,96481
9400000;88,3;54,93999;82,96481
9400000;88,3;54,93999;82,96481
9400000;88,3;54,93999;82,96481
9000000;88,5;54,93999;82,96481
9400000;84,7;54,93999;82,96481
9400000;88,9;54,93999;82,96481
9400000;88,9;54,93999;82,96481
9400000;88,9;54,93999;82,96481
9400000;88,9;54,93999;82,96481
9400000;91,3;54,93999;82,96481
9200000;89,4;54,93999;82,96481
9200000;89,4;54,93999;82,96481
9400000;89,4;54,93999;82,96481
9400000;89,4;54,93999;82,96481
9400000;89,4;54,93999;82,96481
9400000;89,4;54,93999;82,96481
9400000;89,4;54,93999;82,96481
7370000;20,88;54,99189;82,90146
7570000;20,88;54,99189;82,90146
7690000;20,88;54,99189;82,90146
7730000;20,88;54,99189;82,90146
7410000;20,88;54,99189;82,90146
7450000;20,88;54,99189;82,90146
7490000;20,88;54,99189;82,90146
7530000;20,88;54,99189;82,90146
7610000;20,88;54,99189;82,90146
7770000;20,88;54,99189;82,90146
7340000;20,77;54,99189;82,90146
7780000;20,77;54,99189;82,90146
7700000;20,77;54,99189;82,90146
7860000;20,77;54,99189;82,90146
7940000;20,77;54,99189;82,90146
8020000;20,77;54,99189;82,90146
7780000;20,77;54,99189;82,90146
8060000;20,77;54,99189;82,90146
7340000;20,77;54,99189;82,90146
7820000;20,77;54,99189;82,90146
7860000;20,77;54,99189;82,90146
8020000;20,77;54,99189;82,90146
8100000;20,77;54,99189;82,90146
7380000;20,77;54,99189;82,90146
7380000;20,77;54,99189;82,90146
7420000;20,77;54,99189;82,90146
7420000;20,77;54,99189;82,90146
7460000;20,77;54,99189;82,90146
7460000;20,77;54,99189;82,90146
7500000;20,77;54,99189;82,90146
7500000;20,77;54,99189;82,90146
7540000;20,77;54,99189;82,90146
7540000;20,77;54,99189;82,90146
7580000;20,77;54,99189;82,90146
7580000;20,77;54,99189;82,90146
7660000;20,77;54,99189;82,90146
7660000;20,77;54,99189;82,90146
7700000;20,77;54,99189;82,90146
7740000;20,77;54,99189;82,90146
7740000;20,77;54,99189;82,90146
7940000;20,77;54,99189;82,90146
7980000;20,77;54,99189;82,90146
7980000;20,77;54,99189;82,90146
8060000;20,77;54,99189;82,90146
8100000;20,77;54,99189;82,90146
8140000;20,77;54,99189;82,90146
8140000;20,77;54,99189;82,90146
7820000;20,77;54,99189;82,90146
7040000;20,83;54,99189;82,90146
7900000;20,83;54,99189;82,90146
7900000;20,83;54,99189;82,90146
8260000;20,83;54,99189;82,90146
8260000;20,83;54,99189;82,90146
7620000;20,83;54,99189;82,90146
7620000;20,83;54,99189;82,90146
7660000;20,83;54,99189;82,90146
7240000;20,83;54,99189;82,90146
7240000;20,83;54,99189;82,90146
7840000;20,83;54,99189;82,90146
8000000;20,83;54,99189;82,90146
7140000;20,83;54,99189;82,90146
7660000;20,83;54,99189;82,90146
7660000;20,83;54,99189;82,90146
7200000;20,83;54,99189;82,90146
7200000;20,83;54,99189;82,90146
7940000;20,83;54,99189;82,90146
7540000;20,83;54,99189;82,90146
8080000;20,83;54,99189;82,90146
8080000;20,83;54,99189;82,90146
8080000;20,83;54,99189;82,90146
8080000;20,83;54,99189;82,90146
8120000;20,83;54,99189;82,90146
8300000;20,83;54,99189;82,90146
7580000;20,83;54,99189;82,90146
7700000;20,83;54,99189;82,90146
7140000;20,83;54,99189;82,90146
7140000;20,83;54,99189;82,90146
7500000;20,83;54,99189;82,90146
7500000;20,83;54,99189;82,90146
7500000;20,83;54,99189;82,90146
7500000;20,83;54,99189;82,90146
7220000;20,83;54,99189;82,90146
7300000;20,83;54,99189;82,90146
7420000;20,83;54,99189;82,90146
7420000;20,83;54,99189;82,90146
7420000;20,83;54,99189;82,90146
7420000;20,83;54,99189;82,90146
7420000;20,83;54,99189;82,90146
7780000;20,83;54,99189;82,90146
7780000;20,83;54,99189;82,90146
7580000;20,83;54,99189;82,90146
7620000;20,83;54,99189;82,90146
7660000;20,83;54,99189;82,90146
7660000;20,83;54,99189;82,90146
7660000;20,83;54,99189;82,90146
7660000;20,83;54,99189;82,90146
7660000;20,83;54,99189;82,90146
8020000;20,83;54,99189;82,90146
8020000;20,83;54,99189;82,90146
8020000;20,83;54,99189;82,90146
8020000;20,83;54,99189;82,90146
7700000;20,83;54,99189;82,90146
7700000;20,83;54,99189;82,90146
7700000;20,83;54,99189;82,90146
7700000;20,83;54,99189;82,90146
7700000;20,83;54,99189;82,90146
7700000;20,83;54,99189;82,90146
8060000;20,83;54,99189;82,90146
8060000;20,83;54,99189;82,90146
8060000;20,83;54,99189;82,90146
8060000;20,83;54,99189;82,90146
8060000;20,83;54,99189;82,90146
7740000;20,83;54,99189;82,90146
7740000;20,83;54,99189;82,90146
8100000;20,83;54,99189;82,90146
8100000;20,83;54,99189;82,90146
8100000;20,83;54,99189;82,90146
8100000;20,83;54,99189;82,90146
8100000;20,83;54,99189;82,90146
8100000;20,83;54,99189;82,90146
7780000;20,83;54,99189;82,90146
7780000;20,83;54,99189;82,90146
7780000;20,83;54,99189;82,90146
7780000;20,83;54,99189;82,90146
8140000;20,83;54,99189;82,90146
8140000;20,83;54,99189;82,90146
7860000;20,83;54,99189;82,90146
7860000;20,83;54,99189;82,90146
7860000;20,83;54,99189;82,90146
7860000;20,83;54,99189;82,90146
7860000;20,83;54,99189;82,90146
7860000;20,83;54,99189;82,90146
8220000;20,83;54,99189;82,90146
8220000;20,83;54,99189;82,90146
8220000;20,83;54,99189;82,90146
8220000;20,83;54,99189;82,90146
8220000;20,83;54,99189;82,90146
7900000;20,83;54,99189;82,90146
7900000;20,83;54,99189;82,90146
7900000;20,83;54,99189;82,90146
8260000;20,83;54,99189;82,90146
8260000;20,83;54,99189;82,90146
8260000;20,83;54,99189;82,90146
8260000;20,83;54,99189;82,90146
7940000;20,83;54,99189;82,90146
7940000;20,83;54,99189;82,90146
7940000;20,83;54,99189;82,90146
8300000;20,83;54,99189;82,90146
7120000;20,83;54,99189;82,90146
7120000;20,83;54,99189;82,90146
7120000;20,83;54,99189;82,90146
7240000;20,83;54,99189;82,90146
7720000;20,83;54,99189;82,90146
7720000;20,83;54,99189;82,90146
7860000;20,83;54,99189;82,90146
7900000;20,83;54,99189;82,90146
7900000;20,83;54,99189;82,90146
7900000;20,83;54,99189;82,90146
7800000;20,83;54,99189;82,90146
7800000;20,83;54,99189;82,90146
7800000;20,83;54,99189;82,90146
7800000;20,83;54,99189;82,90146
7840000;20,83;54,99189;82,90146
7840000;20,83;54,99189;82,90146
7980000;20,83;54,99189;82,90146
7980000;20,83;54,99189;82,90146
7840000;20,83;54,99189;82,90146
8020000;20,83;54,99189;82,90146
8020000;20,83;54,99189;82,90146
7880000;20,83;54,99189;82,90146
7880000;20,83;54,99189;82,90146
7960000;20,83;54,99189;82,90146
7960000;20,83;54,99189;82,90146
8000000;20,83;54,99189;82,90146
8140000;20,83;54,99189;82,90146
8140000;20,83;54,99189;82,90146
8000000;20,83;54,99189;82,90146
8040000;20,83;54,99189;82,90146
8040000;20,83;54,99189;82,90146
8180000;20,83;54,99189;82,90146
8180000;20,83;54,99189;82,90146
8180000;20,83;54,99189;82,90146
8040000;20,83;54,99189;82,90146
8040000;20,83;54,99189;82,90146
7940000;20,83;54,99189;82,90146
7940000;20,83;54,99189;82,90146
7800000;20,83;54,99189;82,90146
8120000;20,83;54,99189;82,90146
7220000;20,83;54,99189;82,90146
7660000;20,83;54,99189;82,90146
7540000;20,83;54,99189;82,90146
7540000;20,83;54,99189;82,90146
7540000;20,83;54,99189;82,90146
7540000;20,83;54,99189;82,90146
8220000;20,83;54,99189;82,90146
7120000;20,83;54,99189;82,90146
7120000;20,83;54,99189;82,90146
7720000;20,83;54,99189;82,90146
7840000;20,83;54,99189;82,90146
8120000;20,83;54,99189;82,90146
8160000;20,83;54,99189;82,90146
7220000;20,83;54,99189;82,90146
7700000;20,83;54,99189;82,90146
7700000;20,83;54,99189;82,90146
7700000;20,83;54,99189;82,90146
7760000;20,83;54,99189;82,90146
8000000;20,83;54,99189;82,90146
8120000;20,83;54,99189;82,90146
8120000;20,83;54,99189;82,90146
8120000;20,83;54,99189;82,90146
8120000;20,83;54,99189;82,90146
8120000;20,83;54,99189;82,90146
8020000;20,83;54,99189;82,90146
7780000;20,83;54,99189;82,90146
7780000;20,83;54,99189;82,90146
8140000;20,83;54,99189;82,90146
8260000;20,83;54,99189;82,90146
7940000;20,83;54,99189;82,90146
7080000;20,83;54,99189;82,90146
7680000;20,83;54,99189;82,90146
7680000;20,83;54,99189;82,90146
7720000;20,83;54,99189;82,90146
7840000;20,83;54,99189;82,90146
7380000;20,83;54,99189;82,90146
7340000;20,83;54,99189;82,90146
7160000;20,83;54,99189;82,90146
8000000;20,83;54,99189;82,90146
8080000;20,83;54,99189;82,90146
7540000;20,83;54,99189;82,90146
7540000;20,83;54,99189;82,90146
7220000;20,83;54,99189;82,90146
7220000;20,83;54,99189;82,90146
7220000;20,83;54,99189;82,90146
7740000;20,83;54,99189;82,90146
7740000;20,83;54,99189;82,90146
7740000;20,83;54,99189;82,90146
7740000;20,83;54,99189;82,90146
7740000;20,83;54,99189;82,90146
7740000;20,83;54,99189;82,90146
8140000;20,83;54,99189;82,90146
8140000;20,83;54,99189;82,90146
8260000;20,83;54,99189;82,90146
8260000;20,83;54,99189;82,90146
8080000;20,83;54,99189;82,90146
8080000;20,83;54,99189;82,90146
8220000;20,83;54,99189;82,90146
8060000;20,83;54,99189;82,90146
8100000;20,83;54,99189;82,90146
7780000;20,83;54,99189;82,90146
8140000;20,83;54,99189;82,90146
8220000;20,83;54,99189;82,90146
8220000;20,83;54,99189;82,90146
7900000;20,83;54,99189;82,90146
7900000;20,83;54,99189;82,90146
8300000;20,83;54,99189;82,90146
7900000;20,83;54,99189;82,90146
7940000;20,83;54,99189;82,90146
7980000;20,83;54,99189;82,90146
7700000;20,83;54,99189;82,90146
8060000;20,83;54,99189;82,90146
8140000;20,83;54,99189;82,90146
7580000;20,83;54,99189;82,90146
7760000;20,83;54,99189;82,90146
8140000;20,83;54,99189;82,90146
8180000;20,83;54,99189;82,90146
8100000;20,83;54,99189;82,90146
7660000;20,83;54,99189;82,90146
7880000;20,83;54,99189;82,90146
7180000;20,83;54,99189;82,90146
7540000;20,83;54,99189;82,90146
7540000;20,83;54,99189;82,90146
7300000;20,83;54,99189;82,90146
7300000;20,83;54,99189;82,90146
7300000;20,83;54,99189;82,90146
7300000;20,83;54,99189;82,90146
7300000;20,83;54,99189;82,90146
7300000;20,83;54,99189;82,90146
7300000;20,83;54,99189;82,90146
7120000;20,83;54,99189;82,90146
7120000;20,83;54,99189;82,90146
7160000;20,83;54,99189;82,90146
7160000;20,83;54,99189;82,90146
7160000;20,83;54,99189;82,90146
7160000;20,83;54,99189;82,90146
7160000;20,83;54,99189;82,90146
7840000;20,83;54,99189;82,90146
7880000;20,83;54,99189;82,90146
7880000;20,83;54,99189;82,90146
8260000;20,83;54,99189;82,90146
8260000;20,83;54,99189;82,90146
8120000;20,83;54,99189;82,90146
7540000;20,83;54,99189;82,90146
8020000;20,83;54,99189;82,90146
7780000;20,83;54,99189;82,90146
8140000;20,83;54,99189;82,90146
7860000;20,83;54,99189;82,90146
8260000;20,83;54,99189;82,90146
7540000;20,83;54,99189;82,90146
7080000;20,83;54,99189;82,90146
7200000;20,83;54,99189;82,90146
7680000;20,83;54,99189;82,90146
7820000;20,83;54,99189;82,90146
7820000;20,83;54,99189;82,90146
7820000;20,83;54,99189;82,90146
7240000;20,83;54,99189;82,90146
7140000;20,83;54,99189;82,90146
7140000;20,83;54,99189;82,90146
7140000;20,83;54,99189;82,90146
7140000;20,83;54,99189;82,90146
7140000;20,83;54,99189;82,90146
7500000;20,83;54,99189;82,90146
7500000;20,83;54,99189;82,90146
7180000;20,83;54,99189;82,90146
7180000;20,83;54,99189;82,90146
7180000;20,83;54,99189;82,90146
7180000;20,83;54,99189;82,90146
7180000;20,83;54,99189;82,90146
7180000;20,83;54,99189;82,90146
7180000;20,83;54,99189;82,90146
7540000;20,83;54,99189;82,90146
7580000;20,83;54,99189;82,90146
7580000;20,83;54,99189;82,90146
7580000;20,83;54,99189;82,90146
7580000;20,83;54,99189;82,90146
7660000;20,83;54,99189;82,90146
7660000;20,83;54,99189;82,90146
7660000;20,83;54,99189;82,90146
7660000;20,83;54,99189;82,90146
7660000;20,83;54,99189;82,90146
7340000;20,83;54,99189;82,90146
7340000;20,83;54,99189;82,90146
7340000;20,83;54,99189;82,90146
7340000;20,83;54,99189;82,90146
7340000;20,83;54,99189;82,90146
7340000;20,83;54,99189;82,90146
7700000;20,83;54,99189;82,90146
7700000;20,83;54,99189;82,90146
7700000;20,83;54,99189;82,90146
7380000;20,83;54,99189;82,90146
7380000;20,83;54,99189;82,90146
7380000;20,83;54,99189;82,90146
7380000;20,83;54,99189;82,90146
7380000;20,83;54,99189;82,90146
7380000;20,83;54,99189;82,90146
7380000;20,83;54,99189;82,90146
7740000;20,83;54,99189;82,90146
7740000;20,83;54,99189;82,90146
7740000;20,83;54,99189;82,90146
7740000;20,83;54,99189;82,90146
7740000;20,83;54,99189;82,90146
7740000;20,83;54,99189;82,90146
7420000;20,83;54,99189;82,90146
7420000;20,83;54,99189;82,90146
7420000;20,83;54,99189;82,90146
7780000;20,83;54,99189;82,90146
7780000;20,83;54,99189;82,90146
7780000;20,83;54,99189;82,90146
7780000;20,83;54,99189;82,90146
7540000;20,83;54,99189;82,90146
7540000;20,83;54,99189;82,90146
7540000;20,83;54,99189;82,90146
7900000;20,83;54,99189;82,90146
7900000;20,83;54,99189;82,90146
7900000;20,83;54,99189;82,90146
7900000;20,83;54,99189;82,90146
7900000;20,83;54,99189;82,90146
7900000;20,83;54,99189;82,90146
7580000;20,83;54,99189;82,90146
7580000;20,83;54,99189;82,90146
7580000;20,83;54,99189;82,90146
7580000;20,83;54,99189;82,90146
7580000;20,83;54,99189;82,90146
7580000;20,83;54,99189;82,90146
7580000;20,83;54,99189;82,90146
7940000;20,83;54,99189;82,90146
7940000;20,83;54,99189;82,90146
7940000;20,83;54,99189;82,90146
7940000;20,83;54,99189;82,90146
7940000;20,83;54,99189;82,90146
7620000;20,83;54,99189;82,90146
7620000;20,83;54,99189;82,90146
7620000;20,83;54,99189;82,90146
7620000;20,83;54,99189;82,90146
7620000;20,83;54,99189;82,90146
7620000;20,83;54,99189;82,90146
7980000;20,83;54,99189;82,90146
7980000;20,83;54,99189;82,90146
7980000;20,83;54,99189;82,90146
7980000;20,83;54,99189;82,90146
7980000;20,83;54,99189;82,90146
8020000;20,83;54,99189;82,90146
8060000;20,83;54,99189;82,90146
7860000;20,83;54,99189;82,90146
7940000;20,83;54,99189;82,90146
7940000;20,83;54,99189;82,90146
7940000;20,83;54,99189;82,90146
8300000;20,83;54,99189;82,90146
8300000;20,83;54,99189;82,90146
8300000;20,83;54,99189;82,90146
8300000;20,83;54,99189;82,90146
8300000;20,83;54,99189;82,90146
8300000;20,83;54,99189;82,90146
7500000;20,83;54,99189;82,90146
7500000;20,83;54,99189;82,90146
7500000;20,83;54,99189;82,90146
7500000;20,83;54,99189;82,90146
7360000;20,83;54,99189;82,90146
7540000;20,83;54,99189;82,90146
7540000;20,83;54,99189;82,90146
7540000;20,83;54,99189;82,90146
7400000;20,83;54,99189;82,90146
7080000;20,83;54,99189;82,90146
7080000;20,83;54,99189;82,90146
7080000;20,83;54,99189;82,90146
7080000;20,83;54,99189;82,90146
7080000;20,83;54,99189;82,90146
7580000;20,83;54,99189;82,90146
7580000;20,83;54,99189;82,90146
7580000;20,83;54,99189;82,90146
7440000;20,83;54,99189;82,90146
7120000;20,83;54,99189;82,90146
7620000;20,83;54,99189;82,90146
7620000;20,83;54,99189;82,90146
7620000;20,83;54,99189;82,90146
7480000;20,83;54,99189;82,90146
7160000;20,83;54,99189;82,90146
7160000;20,83;54,99189;82,90146
7660000;20,83;54,99189;82,90146
7660000;20,83;54,99189;82,90146
7660000;20,83;54,99189;82,90146
7520000;20,83;54,99189;82,90146
7200000;20,83;54,99189;82,90146
7200000;20,83;54,99189;82,90146
7200000;20,83;54,99189;82,90146
7200000;20,83;54,99189;82,90146
7200000;20,83;54,99189;82,90146
7700000;20,83;54,99189;82,90146
7700000;20,83;54,99189;82,90146
7700000;20,83;54,99189;82,90146
7700000;20,83;54,99189;82,90146
7560000;20,83;54,99189;82,90146
7240000;20,83;54,99189;82,90146
7240000;20,83;54,99189;82,90146
7240000;20,83;54,99189;82,90146
7240000;20,83;54,99189;82,90146
7740000;20,83;54,99189;82,90146
7740000;20,83;54,99189;82,90146
7740000;20,83;54,99189;82,90146
7740000;20,83;54,99189;82,90146
7600000;20,83;54,99189;82,90146
7680000;20,83;54,99189;82,90146
7680000;20,83;54,99189;82,90146
7680000;20,83;54,99189;82,90146
7680000;20,83;54,99189;82,90146
7680000;20,83;54,99189;82,90146
7820000;20,83;54,99189;82,90146
7680000;20,83;54,99189;82,90146
7720000;20,83;54,99189;82,90146
7720000;20,83;54,99189;82,90146
7720000;20,83;54,99189;82,90146
7720000;20,83;54,99189;82,90146
7720000;20,83;54,99189;82,90146
7860000;20,83;54,99189;82,90146
7860000;20,83;54,99189;82,90146
7860000;20,83;54,99189;82,90146
7760000;20,83;54,99189;82,90146
7760000;20,83;54,99189;82,90146
7760000;20,83;54,99189;82,90146
7760000;20,83;54,99189;82,90146
7760000;20,83;54,99189;82,90146
7900000;20,83;54,99189;82,90146
7760000;20,83;54,99189;82,90146
7800000;20,83;54,99189;82,90146
7800000;20,83;54,99189;82,90146
7800000;20,83;54,99189;82,90146
7940000;20,83;54,99189;82,90146
7940000;20,83;54,99189;82,90146
7940000;20,83;54,99189;82,90146
7800000;20,83;54,99189;82,90146
7800000;20,83;54,99189;82,90146
7840000;20,83;54,99189;82,90146
7840000;20,83;54,99189;82,90146
7840000;20,83;54,99189;82,90146
7880000;20,83;54,99189;82,90146
8020000;20,83;54,99189;82,90146
8020000;20,83;54,99189;82,90146
7960000;20,83;54,99189;82,90146
7960000;20,83;54,99189;82,90146
7960000;20,83;54,99189;82,90146
7960000;20,83;54,99189;82,90146
7960000;20,83;54,99189;82,90146
7960000;20,83;54,99189;82,90146
7960000;20,83;54,99189;82,90146
8100000;20,83;54,99189;82,90146
8100000;20,83;54,99189;82,90146
8100000;20,83;54,99189;82,90146
7960000;20,83;54,99189;82,90146
8000000;20,83;54,99189;82,90146
8000000;20,83;54,99189;82,90146
8000000;20,83;54,99189;82,90146
8000000;20,83;54,99189;82,90146
8000000;20,83;54,99189;82,90146
8040000;20,83;54,99189;82,90146
8040000;20,83;54,99189;82,90146
8040000;20,83;54,99189;82,90146
8040000;20,83;54,99189;82,90146
8040000;20,83;54,99189;82,90146
8040000;20,83;54,99189;82,90146
8080000;20,83;54,99189;82,90146
8080000;20,83;54,99189;82,90146
8120000;20,83;54,99189;82,90146
8160000;20,83;54,99189;82,90146
8160000;20,83;54,99189;82,90146
8160000;20,83;54,99189;82,90146
8160000;20,83;54,99189;82,90146
8160000;20,83;54,99189;82,90146
8160000;20,83;54,99189;82,90146
8160000;20,83;54,99189;82,90146
8300000;20,83;54,99189;82,90146
8300000;20,83;54,99189;82,90146
8300000;20,83;54,99189;82,90146
8160000;20,83;54,99189;82,90146
8160000;20,83;54,99189;82,90146
7940000;20,83;54,99189;82,90146
8100000;20,83;54,99189;82,90146
8020000;20,83;54,99189;82,90146
7880000;20,83;54,99189;82,90146
7880000;20,83;54,99189;82,90146
7880000;20,83;54,99189;82,90146
7880000;20,83;54,99189;82,90146
8140000;20,83;54,99189;82,90146
8080000;20,83;54,99189;82,90146
8220000;20,83;54,99189;82,90146
8220000;20,83;54,99189;82,90146
8220000;20,83;54,99189;82,90146
7980000;20,83;54,99189;82,90146
7980000;20,83;54,99189;82,90146
7980000;20,83;54,99189;82,90146
7980000;20,83;54,99189;82,90146
7580000;20,83;54,99189;82,90146
7520000;20,89;54,99189;82,90146
7680000;20,89;54,99189;82,90146
7720000;20,89;54,99189;82,90146
7560000;20,89;54,99189;82,90146
7600000;20,89;54,99189;82,90146
7760000;20,89;54,99189;82,90146
7800000;20,89;54,99189;82,90146
7920000;20,89;54,99189;82,90146
7530000;20,91;54,99189;82,90146
7690000;20,91;54,99189;82,90146
7770000;20,91;54,99189;82,90146
7570000;20,91;54,99189;82,90146
7610000;20,91;54,99189;82,90146
7730000;20,91;54,99189;82,90146
7810000;20,91;54,99189;82,90146
7930000;20,91;54,99189;82,90146
9060000;26,82;54,99189;82,90146
9260000;26,82;54,99189;82,90146
9360000;26,82;54,99189;82,90146
9310000;26,82;54,99189;82,90146
9110000;26,82;54,99189;82,90146
9160000;26,82;54,99189;82,90146
9560000;26,82;54,99189;82,90146
9410000;26,82;54,99189;82,90146
8800000;26,84;54,99189;82,90146
9940000;26,84;54,99189;82,90146
10190000;26,84;54,99189;82,90146
9990000;26,84;54,99189;82,90146
9490000;26,84;54,99189;82,90146
9240000;26,84;54,99189;82,90146
9240000;26,84;54,99189;82,90146
9790000;26,84;54,99189;82,90146
9760000;26,84;54,99189;82,90146
9860000;26,84;54,99189;82,90146
10060000;26,84;54,99189;82,90146
10060000;26,84;54,99189;82,90146
8900000;26,84;54,99189;82,90146
9640000;26,84;54,99189;82,90146
9800000;26,84;54,99189;82,90146
9260000;26,84;54,99189;82,90146
9440000;26,84;54,99189;82,90146
9440000;26,84;54,99189;82,90146
10040000;26,84;54,99189;82,90146
10040000;26,84;54,99189;82,90146
9350000;26,84;54,99189;82,90146
9700000;26,84;54,99189;82,90146
9700000;26,84;54,99189;82,90146
9700000;26,84;54,99189;82,90146
10190000;26,84;54,99189;82,90146
9890000;26,84;54,99189;82,90146
9960000;26,84;54,99189;82,90146
9340000;26,84;54,99189;82,90146
9160000;26,84;54,99189;82,90146
9440000;26,84;54,99189;82,90146
9360000;26,84;54,99189;82,90146
9590000;26,84;54,99189;82,90146
9410000;26,84;54,99189;82,90146
9410000;26,84;54,99189;82,90146
9740000;26,84;54,99189;82,90146
9740000;26,84;54,99189;82,90146
9840000;26,84;54,99189;82,90146
9840000;26,84;54,99189;82,90146
9840000;26,84;54,99189;82,90146
9890000;26,84;54,99189;82,90146
9890000;26,84;54,99189;82,90146
9890000;26,84;54,99189;82,90146
9710000;26,84;54,99189;82,90146
9710000;26,84;54,99189;82,90146
9940000;26,84;54,99189;82,90146
9940000;26,84;54,99189;82,90146
9760000;26,84;54,99189;82,90146
9760000;26,84;54,99189;82,90146
9810000;26,84;54,99189;82,90146
9990000;26,84;54,99189;82,90146
9810000;26,84;54,99189;82,90146
9810000;26,84;54,99189;82,90146
9860000;26,84;54,99189;82,90146
10040000;26,84;54,99189;82,90146
9860000;26,84;54,99189;82,90146
9860000;26,84;54,99189;82,90146
9960000;26,84;54,99189;82,90146
10140000;26,84;54,99189;82,90146
10140000;26,84;54,99189;82,90146
10140000;26,84;54,99189;82,90146
9960000;26,84;54,99189;82,90146
10010000;26,84;54,99189;82,90146
10190000;26,84;54,99189;82,90146
10190000;26,84;54,99189;82,90146
10190000;26,84;54,99189;82,90146
10060000;26,84;54,99189;82,90146
10060000;26,84;54,99189;82,90146
9050000;26,84;54,99189;82,90146
9790000;26,84;54,99189;82,90146
9350000;26,84;54,99189;82,90146
9840000;26,84;54,99189;82,90146
9840000;26,84;54,99189;82,90146
9400000;26,84;54,99189;82,90146
9450000;26,84;54,99189;82,90146
9450000;26,84;54,99189;82,90146
10040000;26,84;54,99189;82,90146
9600000;26,84;54,99189;82,90146
10090000;26,84;54,99189;82,90146
9650000;26,84;54,99189;82,90146
8900000;26,84;54,99189;82,90146
9790000;26,84;54,99189;82,90146
9940000;26,84;54,99189;82,90146
8950000;26,84;54,99189;82,90146
9390000;26,84;54,99189;82,90146
9390000;26,84;54,99189;82,90146
9390000;26,84;54,99189;82,90146
9000000;26,84;54,99189;82,90146
9740000;26,84;54,99189;82,90146
9350000;26,84;54,99189;82,90146
9400000;26,84;54,99189;82,90146
10140000;26,84;54,99189;82,90146
9690000;26,84;54,99189;82,90146
9690000;26,84;54,99189;82,90146
9310000;26,84;54,99189;82,90146
9640000;26,84;54,99189;82,90146
9200000;26,84;54,99189;82,90146
9690000;26,84;54,99189;82,90146
10010000;26,84;54,99189;82,90146
10010000;26,84;54,99189;82,90146
10010000;26,84;54,99189;82,90146
9810000;26,84;54,99189;82,90146
10040000;26,84;54,99189;82,90146
10140000;26,84;54,99189;82,90146
9960000;26,84;54,99189;82,90146
9840000;26,84;54,99189;82,90146
9760000;26,84;54,99189;82,90146
9100000;26,84;54,99189;82,90146
9100000;26,84;54,99189;82,90146
10040000;26,84;54,99189;82,90146
9800000;26,84;54,99189;82,90146
9290000;26,84;54,99189;82,90146
9290000;26,84;54,99189;82,90146
9260000;26,84;54,99189;82,90146
9260000;26,84;54,99189;82,90146
9990000;26,84;54,99189;82,90146
9990000;26,84;54,99189;82,90146
9990000;26,84;54,99189;82,90146
9440000;26,84;54,99189;82,90146
9400000;26,84;54,99189;82,90146
9650000;26,84;54,99189;82,90146
9650000;26,84;54,99189;82,90146
9250000;26,84;54,99189;82,90146
10240000;26,84;54,99189;82,90146
9290000;26,84;54,99189;82,90146
9290000;26,84;54,99189;82,90146
9290000;26,84;54,99189;82,90146
8850000;26,84;54,99189;82,90146
9240000;26,84;54,99189;82,90146
9240000;26,84;54,99189;82,90146
9060000;26,84;54,99189;82,90146
9060000;26,84;54,99189;82,90146
9290000;26,84;54,99189;82,90146
9290000;26,84;54,99189;82,90146
9110000;26,84;54,99189;82,90146
9110000;26,84;54,99189;82,90146
9110000;26,84;54,99189;82,90146
9340000;26,84;54,99189;82,90146
9340000;26,84;54,99189;82,90146
9340000;26,84;54,99189;82,90146
9160000;26,84;54,99189;82,90146
9440000;26,84;54,99189;82,90146
9490000;26,84;54,99189;82,90146
9490000;26,84;54,99189;82,90146
9490000;26,84;54,99189;82,90146
9310000;26,84;54,99189;82,90146
9310000;26,84;54,99189;82,90146
9540000;26,84;54,99189;82,90146
9540000;26,84;54,99189;82,90146
9540000;26,84;54,99189;82,90146
9540000;26,84;54,99189;82,90146
9360000;26,84;54,99189;82,90146
9360000;26,84;54,99189;82,90146
9590000;26,84;54,99189;82,90146
9590000;26,84;54,99189;82,90146
9590000;26,84;54,99189;82,90146
9410000;26,84;54,99189;82,90146
9740000;26,84;54,99189;82,90146
9740000;26,84;54,99189;82,90146
9560000;26,84;54,99189;82,90146
9560000;26,84;54,99189;82,90146
9560000;26,84;54,99189;82,90146
9610000;26,84;54,99189;82,90146
9790000;26,84;54,99189;82,90146
9790000;26,84;54,99189;82,90146
9610000;26,84;54,99189;82,90146
9610000;26,84;54,99189;82,90146
9610000;26,84;54,99189;82,90146
9660000;26,84;54,99189;82,90146
9660000;26,84;54,99189;82,90146
9660000;26,84;54,99189;82,90146
9660000;26,84;54,99189;82,90146
9710000;26,84;54,99189;82,90146
10240000;26,84;54,99189;82,90146
10240000;26,84;54,99189;82,90146
10240000;26,84;54,99189;82,90146
8800000;26,84;54,99189;82,90146
8800000;26,84;54,99189;82,90146
8800000;26,84;54,99189;82,90146
8800000;26,84;54,99189;82,90146
8800000;26,84;54,99189;82,90146
8800000;26,84;54,99189;82,90146
8800000;26,84;54,99189;82,90146
8850000;26,84;54,99189;82,90146
9290000;26,84;54,99189;82,90146
8850000;26,84;54,99189;82,90146
8850000;26,84;54,99189;82,90146
8900000;26,84;54,99189;82,90146
9340000;26,84;54,99189;82,90146
9340000;26,84;54,99189;82,90146
9340000;26,84;54,99189;82,90146
9340000;26,84;54,99189;82,90146
8900000;26,84;54,99189;82,90146
8950000;26,84;54,99189;82,90146
8950000;26,84;54,99189;82,90146
8950000;26,84;54,99189;82,90146
9440000;26,84;54,99189;82,90146
9440000;26,84;54,99189;82,90146
9440000;26,84;54,99189;82,90146
9000000;26,84;54,99189;82,90146
9000000;26,84;54,99189;82,90146
9000000;26,84;54,99189;82,90146
9050000;26,84;54,99189;82,90146
9490000;26,84;54,99189;82,90146
9490000;26,84;54,99189;82,90146
9490000;26,84;54,99189;82,90146
9050000;26,84;54,99189;82,90146
9050000;26,84;54,99189;82,90146
9100000;26,84;54,99189;82,90146
9540000;26,84;54,99189;82,90146
9540000;26,84;54,99189;82,90146
9540000;26,84;54,99189;82,90146
9100000;26,84;54,99189;82,90146
9200000;26,84;54,99189;82,90146
9640000;26,84;54,99189;82,90146
9640000;26,84;54,99189;82,90146
9200000;26,84;54,99189;82,90146
9200000;26,84;54,99189;82,90146
9250000;26,84;54,99189;82,90146
9690000;26,84;54,99189;82,90146
9250000;26,84;54,99189;82,90146
9250000;26,84;54,99189;82,90146
9300000;26,84;54,99189;82,90146
9740000;26,84;54,99189;82,90146
9740000;26,84;54,99189;82,90146
9740000;26,84;54,99189;82,90146
9300000;26,84;54,99189;82,90146
9300000;26,84;54,99189;82,90146
9300000;26,84;54,99189;82,90146
9790000;26,84;54,99189;82,90146
9790000;26,84;54,99189;82,90146
9840000;26,84;54,99189;82,90146
9840000;26,84;54,99189;82,90146
9890000;26,84;54,99189;82,90146
9450000;26,84;54,99189;82,90146
9990000;26,84;54,99189;82,90146
9990000;26,84;54,99189;82,90146
9990000;26,84;54,99189;82,90146
9550000;26,84;54,99189;82,90146
9550000;26,84;54,99189;82,90146
9550000;26,84;54,99189;82,90146
10040000;26,84;54,99189;82,90146
10040000;26,84;54,99189;82,90146
9600000;26,84;54,99189;82,90146
9600000;26,84;54,99189;82,90146
10090000;26,84;54,99189;82,90146
10090000;26,84;54,99189;82,90146
10190000;26,84;54,99189;82,90146
10190000;26,84;54,99189;82,90146
9750000;26,84;54,99189;82,90146
9750000;26,84;54,99189;82,90146
9750000;26,84;54,99189;82,90146
10240000;26,84;54,99189;82,90146
10240000;26,84;54,99189;82,90146
10240000;26,84;54,99189;82,90146
9800000;26,84;54,99189;82,90146
9710000;26,84;54,99189;82,90146
9890000;26,84;54,99189;82,90146
9890000;26,84;54,99189;82,90146
10140000;26,84;54,99189;82,90146
10140000;26,84;54,99189;82,90146
10140000;26,84;54,99189;82,90146
10190000;26,84;54,99189;82,90146
9060000;26,84;54,99189;82,90146
9160000;26,84;54,99189;82,90146
9890000;26,84;54,99189;82,90146
10090000;26,84;54,99189;82,90146
10240000;26,84;54,99189;82,90146
9360000;26,87;54,99189;82,90146
9460000;26,87;54,99189;82,90146
9760000;26,87;54,99189;82,90146
9560000;26,87;54,99189;82,90146
9710000;26,87;54,99189;82,90146
9410000;26,87;54,99189;82,90146
9660000;26,87;54,99189;82,90146
9610000;26,87;54,99189;82,90146
9810000;26,87;54,99189;82,90146
8720000;26,59;54,99189;82,90146
8770000;26,59;54,99189;82,90146
9450000;26,59;54,99189;82,90146
9370000;26,59;54,99189;82,90146
9230000;26,59;54,99189;82,90146
9330000;26,59;54,99189;82,90146
8970000;26,59;54,99189;82,90146
9670000;26,59;54,99189;82,90146
9800000;26,59;54,99189;82,90146
9730000;26,59;54,99189;82,90146
9780000;26,59;54,99189;82,90146
9880000;26,59;54,99189;82,90146
9930000;26,59;54,99189;82,90146
10100000;26,59;54,99189;82,90146
9980000;26,59;54,99189;82,90146
9750000;26,59;54,99189;82,90146
9470000;26,59;54,99189;82,90146
9950000;26,59;54,99189;82,90146
9570000;26,59;54,99189;82,90146
10000000;26,59;54,99189;82,90146
10050000;26,59;54,99189;82,90146
9080000;26,59;54,99189;82,90146
9480000;26,59;54,99189;82,90146
8870000;26,59;54,99189;82,90146
9300000;26,59;54,99189;82,90146
9320000;26,59;54,99189;82,90146
10050000;26,59;54,99189;82,90146
9850000;26,59;54,99189;82,90146
9550000;26,59;54,99189;82,90146
9950000;26,59;54,99189;82,90146
9750000;26,59;54,99189;82,90146
9680000;26,59;54,99189;82,90146
9530000;26,59;54,99189;82,90146
9900000;26,59;54,99189;82,90146
9220000;26,59;54,99189;82,90146
9620000;26,59;54,99189;82,90146
10100000;26,59;54,99189;82,90146
8920000;26,59;54,99189;82,90146
9200000;26,59;54,99189;82,90146
9250000;26,59;54,99189;82,90146
9350000;26,59;54,99189;82,90146
9400000;26,59;54,99189;82,90146
9280000;26,59;54,99189;82,90146
9450000;26,59;54,99189;82,90146
9500000;26,59;54,99189;82,90146
9650000;26,59;54,99189;82,90146
9700000;26,59;54,99189;82,90146
9580000;26,59;54,99189;82,90146
9630000;26,59;54,99189;82,90146
10150000;26,59;54,99189;82,90146
9200000;26,59;54,99189;82,90146
8820000;26,59;54,99189;82,90146
9250000;26,59;54,99189;82,90146
9350000;26,59;54,99189;82,90146
9400000;26,59;54,99189;82,90146
9020000;26,59;54,99189;82,90146
9120000;26,59;54,99189;82,90146
9170000;26,59;54,99189;82,90146
9600000;26,59;54,99189;82,90146
9650000;26,59;54,99189;82,90146
9270000;26,59;54,99189;82,90146
9700000;26,59;54,99189;82,90146
9900000;26,59;54,99189;82,90146
9520000;26,59;54,99189;82,90146
9720000;26,59;54,99189;82,90146
9800000;26,59;54,99189;82,90146
8980000;26,59;54,99189;82,90146
9150000;26,59;54,99189;82,90146
9030000;26,59;54,99189;82,90146
9180000;26,59;54,99189;82,90146
10150000;26,59;54,99189;82,90146
15640000;46,33;54,99189;82,90146
16090000;46,33;54,99189;82,90146
16390000;46,33;54,99189;82,90146
16010000;46,33;54,99189;82,90146
15640000;46,33;54,99189;82,90146
16090000;46,33;54,99189;82,90146
16760000;46,33;54,99189;82,90146
16840000;46,33;54,99189;82,90146
16990000;46,33;54,99189;82,90146
17060000;46,33;54,99189;82,90146
17140000;46,33;54,99189;82,90146
16170000;46,33;54,99189;82,90146
16770000;46,33;54,99189;82,90146
16610000;46,33;54,99189;82,90146
16920000;46,33;54,99189;82,90146
16760000;46,33;54,99189;82,90146
17140000;46,33;54,99189;82,90146
17220000;46,33;54,99189;82,90146
15790000;46,33;54,99189;82,90146
16390000;46,33;54,99189;82,90146
15860000;46,33;54,99189;82,90146
16840000;46,33;54,99189;82,90146
17290000;46,33;54,99189;82,90146
16540000;46,33;54,99189;82,90146
16020000;46,33;54,99189;82,90146
16010000;46,33;54,99189;82,90146
16460000;46,33;54,99189;82,90146
16990000;46,33;54,99189;82,90146
17370000;46,33;54,99189;82,90146
15790000;46,33;54,99189;82,90146
16540000;46,33;54,99189;82,90146
16690000;46,33;54,99189;82,90146
15940000;46,33;54,99189;82,90146
15710000;46,33;54,99189;82,90146
16090000;46,33;54,99189;82,90146
15940000;46,33;54,99189;82,90146
16240000;46,33;54,99189;82,90146
16320000;46,33;54,99189;82,90146
16390000;46,33;54,99189;82,90146
16160000;46,33;54,99189;82,90146
16470000;46,33;54,99189;82,90146
16690000;46,33;54,99189;82,90146
16540000;46,33;54,99189;82,90146
16610000;46,33;54,99189;82,90146
15940000;46,33;54,99189;82,90146
16020000;46,33;54,99189;82,90146
16090000;46,33;54,99189;82,90146
15940000;46,33;54,99189;82,90146
16240000;46,33;54,99189;82,90146
16320000;46,33;54,99189;82,90146
16240000;46,33;54,99189;82,90146
16310000;46,33;54,99189;82,90146
16620000;46,33;54,99189;82,90146
16390000;46,33;54,99189;82,90146
16690000;46,33;54,99189;82,90146
16460000;46,33;54,99189;82,90146
17070000;46,33;54,99189;82,90146
16840000;46,33;54,99189;82,90146
17440000;46,33;54,99189;82,90146
17060000;46,33;54,99189;82,90146
15710000;46,33;54,99189;82,90146
16910000;46,33;54,99189;82,90146
16780000;46,36;54,99189;82,90146
16850000;46,36;54,99189;82,90146
16930000;46,36;54,99189;82,90146
17000000;46,36;54,99189;82,90146
17300000;46,36;54,99189;82,90146
17380000;46,36;54,99189;82,90146
17150000;46,36;54,99189;82,90146
17080000;46,36;54,99189;82,90146
17450000;46,36;54,99189;82,90146
10700000;25,4;55,03361;82,90962
10700000;25,4;55,03361;82,90962
10700000;25,4;55,03361;82,90962
10600000;25,3;55,03361;82,90962
10650000;25,3;55,03361;82,90962
10900000;25,9;55,03361;82,90962
10900000;25,9;55,03361;82,90962
9250000;20,2;55,03361;82,90962
9350000;25,1;55,03361;82,90962
9350000;25,1;55,03361;82,90962
9950000;22;55,03361;82,90962
8900000;19,4;55,03361;82,90962
8950000;19,4;55,03361;82,90962
10250000;24,1;55,03361;82,90962
9200000;24,6;55,03361;82,90962
9200000;24,6;55,03361;82,90962
10400000;24,6;55,03361;82,90962
11200000;32,9;55,03361;82,90962
11300000;32,9;55,03361;82,90962
8750000;18,9;55,03361;82,90962
10800000;32,1;55,03361;82,90962
10850000;32,1;55,03361;82,90962
10850000;32,1;55,03361;82,90962
9850000;28,3;55,03361;82,90962
9400000;24,4;55,03361;82,90962
13250000;39,7;55,03361;82,90962
13350000;39,7;55,03361;82,90962
13350000;39,7;55,03361;82,90962
12850000;38,9;55,03361;82,90962
12900000;38,9;55,03361;82,90962
12900000;38,9;55,03361;82,90962
20850000;59,2;55,03361;82,90962
9800000;28,2;55,03361;82,90962
17400000;56,9;55,03361;82,90962
17400000;56,9;55,03361;82,90962
14100000;37,2;55,03361;82,90962
16550000;52,3;55,03361;82,90962
16650000;52,3;55,03361;82,90962
19000000;60,7;55,03361;82,90962
13500000;35,4;55,03361;82,90962
16500000;52,2;55,03361;82,90962
16600000;52,2;55,03361;82,90962
17150000;56;55,03361;82,90962
17150000;56;55,03361;82,90962
19800000;64,3;55,03361;82,90962
18250000;57,9;55,03361;82,90962
19250000;61,6;55,03361;82,90962
19950000;64,9;55,03361;82,90962
15750000;50,9;55,03361;82,90962
15850000;50,9;55,03361;82,90962
16550000;51,8;55,03361;82,90962
16650000;51,8;55,03361;82,90962
16000000;51,2;55,03361;82,90962
16000000;51,2;55,03361;82,90962
16900000;53,9;55,03361;82,90962
16900000;53,9;55,03361;82,90962
16700000;53,7;55,03361;82,90962
16700000;53,7;55,03361;82,90962
22550000;74,7;55,03361;82,90962
22650000;74,7;55,03361;82,90962
21400000;69,3;55,03361;82,90962
21500000;69,3;55,03361;82,90962
21500000;69,3;55,03361;82,90962
25750000;84,7;55,03361;82,90962
23300000;77,8;55,03361;82,90962
23300000;77,8;55,03361;82,90962
30950000;107,8;55,03361;82,90962
31000000;107,8;55,03361;82,90962
31000000;107,8;55,03361;82,90962
22700000;78,4;55,03361;82,90962
22800000;78,4;55,03361;82,90962
19800000;64,7;55,03361;82,90962
19850000;64,7;55,03361;82,90962
19850000;64,7;55,03361;82,90962
31850000;109,7;55,03361;82,90962
31950000;109,7;55,03361;82,90962
31950000;109,7;55,03361;82,90962
32450000;109,7;55,03361;82,90962
21450000;71,9;55,03361;82,90962
21550000;71,9;55,03361;82,90962
19350000;63,6;55,03361;82,90962
19450000;63,6;55,03361;82,90962
19400000;63,6;55,03361;82,90962
26250000;91,2;55,03361;82,90962
26350000;91,2;55,03361;82,90962
28550000;99,2;55,03361;82,90962
28650000;99,2;55,03361;82,90962
37350000;132;55,03361;82,90962
37450000;132;55,03361;82,90962
36250000;127,6;55,03361;82,90962
36350000;127,6;55,03361;82,90962
36350000;127,6;55,03361;82,90962
32250000;112,3;55,03361;82,90962
32350000;112,3;55,03361;82,90962
