price;area;lat;lon
7012730;38,29;51,66339;39,16472
5310900;56,2;51,648217;39,315008
7695150;84,09;51,648217;39,315008
7726764,1;54,4;51,73024;39,19846
4181760;36,13;51,718755;39,150166
9718080;57,29;51,722887;39,183201
19317765;93,3;51,653929;39,19561
11185680;73,58;51,71788;39,19044
7837760,5;54,4;51,73024;39,19846
9313344;66,59;51,71788;39,19044
4879569,6;32,74;51,71788;39,19044
2828390,4;14,88;51,73024;39,19846
12808000;80;51,66339;39,16472
5486994;65,62;51,0902207;40,031849
5307500;55;51,647951;39,315411
5100458,4;27,12;51,6401;39,18583
4820400;41,52;51,718755;39,150166
4282600;38;51,60916;39,37138
4118040;38,06;51,618781;39,248545
3507086;26,68;51,674317;39,403699
4544122;41,5;51,36854087;42,11685414
7098000;67,59;51,72046049;39,13798552
6824850;78,9;51,61088;39,36799
12260640;85,44;51,65531;39,23815
7012730;38,29;51,66339;39,16472
6867254;40,36;51,65185;39,18399
4808440;36,4;51,56919;39,12012
6575551;55,09;51,63587;39,25059
8485050;80,8;51,62829;39,32708
8771030;53,81;51,651;39,17766
7820736;70,83;51,60978;39,381
4467110;20,6;51,67652;39,17553
13666320;48,59;51,65898;39,18725
4599400;39,83;51,618985;39,247526
5110000;46,09;51,685245;39,075692
2639225;23,04;51,60915;39,37122
5366930,4;36;51,71788;39,19044
13084255;81,69;51,664464;39,252986
12748830;53,72;51,65898;39,18725
4575000;39,83;51,618985;39,247526
3523080;20,39;51,569384;39,118105
15532922;74,62;51,699254;39,264036
6889374;40,49;51,65185;39,18399
6024000;50,2;51,701773;39,2062
6025980;35,5;51,70412;39,27386
4256767;40,95;51,0902207;40,031849
9825600;71,19;51,71788;39,19044
5109400;43,29;51,739372;39,315543
7059524;41,49;51,65185;39,18399
5242760;49,45;51,54828;39,09313
8795715;43,34;51,72542;39,18063
10233080;57,2;51,664464;39,252986
4411764;25,62;51,73024;39,19846
4346134,1;34,09;51,574009;39,130905
11102440;65,31;51,723514;39,180801
12217627;88,69;51,646044;39,128907
5252280;30,36;51,71033;39,23067
12453420;83,58;51,67519;39,244057
6719760;36,59;51,67652;39,17553
2828390,4;14,88;51,73024;39,19846
16498182;76,95;51,698978;39,263224
7355450;46,84;51,71788;39,19044
24492170;127,09;51,653929;39,19561
13431625;67,76;51,64086;39,15054
6378900;38,65;51,69545;39,20925
14686000;104,9;51,719573;39,184384
3521760;26,68;51,674317;39,403699
4988850;39,5;51,56919;39,12012
10704200;71,59;51,65531;39,23815
13422338;64,98;51,64086;39,15054
6701071;58,29;51,739372;39,315543
9760735;62,77;51,65531;39,23815
7070000;40,4;51,67768;39,2764
6443968;37,63;51,692872;39,130697
9350055;42,9;51,653929;39,19561
8509160;46,59;51,66339;39,16472
3179665;27,77;51,60978;39,381
13286678,65;88,51;51,6401;39,18583
7012730;38,29;51,66339;39,16472
4280320;33,43;51,574009;39,130905
12116420;88,69;51,646044;39,128907
4779797;40,61;51,674317;39,403699
4193640;36,13;51,718755;39,150166
4501215;20,7;51,6766;39,17552
6845425;41,5;51,6401;39,18583
7881636;55,74;51,64088;39,16197
9710000;106,09;51,81536;39,14698
5448000;45,4;51,91159;39,32979
6650017,6;46,04;51,71788;39,19044
2704955;20,56;51,63616;39,27488
5205400;30,62;51,69545;39,20925
4969100;39,5;51,56919;39,12012
3224320;28,15;51,60978;39,381
6483607,5;78,9;51,61088;39,36799
2935835;20,89;51,739372;39,315543
4306830;25,26;51,64088;39,16197
5182200;28,79;51,731404;39,194879
2610600;22,79;51,60978;39,381
3920000;35,2;51,685245;39,075692
5109400;43,29;51,739372;39,315543
7745300;53,04;51,69545;39,20925
4193640;36,13;51,718755;39,150166
5645550;30,85;51,651;39,17766
13650504,6;107,12;51,65531;39,23815
9250681;67,87;51,64088;39,16197
4501215;20,7;51,6766;39,17552
8700000;77,8;51,68481;39,07371
12408330;79,16;51,6401;39,18583
2703000;26,5;51,54828;39,09313
7353570;39,9;51,727726;39,195767
4950332;58,77;51,0902207;40,031849
9710818;46,18;51,64058;39,15117
8070300;88,19;51,647951;39,315411
11743188;59,16;51,64058;39,15117
3447810;24,98;51,36854087;42,11685414
4216736;40,95;51,0902207;40,031849
9124120,5;66,76;51,64088;39,16197
6100000;54,9;51,685245;39,075692
5684800;60,79;51,648217;39,315008
9105865,6;64,48;51,65531;39,23815
6310220;38,36;51,65531;39,23815
9287916;45,88;51,64058;39,15117
7212500;57,7;51,67729;39,27827
7231400;41,79;51,651;39,17766
4480000;39,7;51,68481;39,07371
8645000;49,4;51,677954;39,275797
5914087;70;51,0902207;40,031849
4948273;42,4;51,73916;39,31545
9459450;42,9;51,653929;39,19561
11122232;65,88;51,728933;39,197652
4629890;21,39;51,6766;39,17552
4501215;20,7;51,6766;39,17552
5091113;43,86;51,674317;39,403699
4667741;39,4;51,739372;39,315543
9800000;53,74;51,666071;39,186478
5586200;52,7;51,72046049;39,13798552
4782905;50,22;51,0902207;40,031849
10464000;60;51,66339;39,16472
8598250;52,75;51,651;39,17766
5033129;42,4;51,739372;39,315543
4919040;42,13;51,718755;39,150166
6468023,2;44,77;51,71788;39,19044
4556000;26,79;51,69545;39,20925
8918737;42,2;51,64109;39,14988
16945930;94,66;51,686039;39,228412
12342780;80,19;51,72535;39,18228
10615860;65,52;51,71033;39,23067
4501215;20,7;51,67652;39,17553
4951880;28,79;51,731404;39,194879
5023153;42,4;51,739372;39,315543
3404085;29,72;51,60978;39,381
6002800;72,31;51,00177002;39,49718094
3560960;34,24;51,54828;39,09313
9831640;66,43;51,71788;39,19044
6151377,6;40,77;51,71788;39,19044
5901750;64,5;51,647951;39,315411
14162040;48,59;51,65898;39,18725
10483847;94,69;51,739372;39,315543
6287500;50,29;51,701773;39,2062
8939011;42,2;51,64058;39,15117
4488795;20,7;51,67652;39,17553
13145272;77,45;51,72542;39,18063
18222050;94,66;51,686039;39,228412
2361150;16,71;51,618781;39,248545
8667200;54,16;51,69545;39,20925
10941000;60;51,664464;39,252986
3164000;22,6;51,61492;39,24134
5684800;60,79;51,647951;39,315411
9505723;64,25;51,78249;39,1896
4563880,8;28,51;51,71788;39,19044
6858700;64,09;51,72046049;39,13798552
7212500;57,7;51,67729;39,27827
3210000;28,79;51,685245;39,075692
4479470;20,6;51,67652;39,17553
7244580;44,04;51,65531;39,23815
11606526;59,16;51,64058;39,15117
5080995;30,85;51,651;39,17766
11500515;65,52;51,71033;39,23067
5823790;54,2;51,574009;39,130905
7743450;46,93;51,69545;39,20925
10963456;78,4;51,71788;39,19044
6325815;38,68;51,65531;39,23815
6814989;43,77;51,651;39,17766
7328260;44,5;51,783418;39,190156
4910746;40,77;51,67446;39,40254
5307840;60,79;51,610856;39,368789
10854380,8;77,62;51,71788;39,19044
5621541;33,4;51,70412;39,27386
3591865;31,37;51,60978;39,381
3900075;22,35;51,65531;39,23815
10469035;56,97;51,723514;39,180801
4282600;38;51,60916;39,37138
11559600;77;51,70412;39,27386
4061322;41,36;51,0902207;40,031849
4488795;20,7;51,6766;39,17552
9834240;59,09;51,72535;39,18228
6163080;38,27;51,731404;39,194879
3994639;40,81;51,0902207;40,031849
7518909;59,25;51,61492;39,24134
4856040;36,9;51,56919;39,12012
6378900;38,65;51,69545;39,20925
13442324;46,61;51,65898;39,18725
10944004;72,19;51,68598;39,176204
5196000;43,29;51,91159;39,32979
7850700;47,58;51,69545;39,20925
9913736;71,59;51,65531;39,23815
14289840;89,19;51,72168;39,18229
4205520;36,13;51,718755;39,150166
5023153;42,4;51,739372;39,315543
4501215;20,7;51,67652;39,17553
7636960;40,45;51,728933;39,197652
11878192,6;88,62;51,64088;39,16197
9607500;54,9;51,67732;39,2766
4314938,4;33,84;51,574009;39,130905
5366787;43;51,63587;39,25059
7211160;66,76;51,54828;39,09313
15055370;53,34;51,65898;39,18725
11678212;77,8;51,70412;39,27386
5223720;43,09;51,67058;39,31567
4325800;52,38;51,00177002;39,49718094
2797860;27,43;51,54828;39,09313
18736889;95,45;51,727726;39,195767
9847864;71,59;51,65531;39,23815
12494520;82,8;51,71991;39,18952
5643720;30,84;51,651;39,17766
4030000;36,29;51,685245;39,075692
6576000;54,79;51,63587;39,25059
4282600;38;51,60916;39,37138
21298318;119,41;51,72542;39,18063
7859850;85,9;51,648217;39,315008
3548550;20,5;51,569384;39,118105
5765598,6;38,33;51,65531;39,23815
6279240;42,59;51,76077;39,17925
7971200;47;51,722887;39,183201
5612588;36,43;51,78249;39,1896
3961928;42,49;49,93932323;40,53511803
6099600;55,25;51,60916;39,37138
5152000;44,79;51,91133;39,33017
7962500;45,5;51,677954;39,275797
9847864;71,59;51,65531;39,23815
11245938;65,7;51,783418;39,190156
4162320;39,83;51,618985;39,247526
7087500;40,5;51,67768;39,2764
8200000;73,8;51,685245;39,075692
4616100;41,4;51,72046049;39,13798552
9246075;54,9;51,72542;39,18063
11542320;65,59;51,66339;39,16472
6920001;40,66;51,65185;39,18399
11016194;72,19;51,68598;39,176204
10400000;87,3;51,71779;39,18906
4856040;36,9;51,56919;39,12012
12548609;72,87;51,72542;39,18063
7790250;70,5;51,91159;39,32979
11043840,5;66,7;51,6401;39,18583
13264924;67,76;51,64086;39,15054
22804855;107,02;51,699254;39,264036
5081562,5;28,75;51,73024;39,19846
4169880;36,13;51,718755;39,150166
8483800;50,2;51,727726;39,195767
4282600;38;51,60916;39,37138
5443530;43,09;51,56919;39,12012
4488795;20,7;51,67652;39,17553
6213948;39,18;51,68604;39,17548
5684800;60,79;51,648217;39,315008
3392613;20,57;51,669291;39,314332
7702240;42,31;51,728933;39,197652
7106400;65,8;51,72046049;39,13798552
5310900;56,2;51,647951;39,315411
20045025;90,08;51,6733;39,20121
11878449;83,7;51,68604;39,17548
22392000;124,4;51,6847;39,22139
3583170;20,7;51,56919;39,12012
9614241;70,98;51,64088;39,16197
9400000;90,69;51,646044;39,128907
2918034;21,1;51,739378;39,314012
2678520;26,26;51,54828;39,09313
7052718;41,45;51,65185;39,18399
26239500;116,62;51,6733;39,20121
4563880,8;28,51;51,71788;39,19044
8721960;55,9;51,68598;39,176204
12638080;83,19;51,71991;39,18952
4284808;26,68;51,674317;39,403699
11381246;49,31;51,699254;39,264036
9147220;60,09;51,67457;39,16875
6922800;64,09;51,72046049;39,13798552
3219840;30,95;51,54828;39,09313
9194824;60,29;51,70412;39,27386
8006440;52,86;51,783418;39,190156
6072500;34,7;51,67768;39,2764
8897367;37,81;51,698978;39,263224
5555730;32,7;51,66149;39,25248
4452300;26,19;51,69545;39,20925
8841951;49,86;51,727726;39,195767
4840000;40,79;51,618985;39,247526
7076773;59,29;51,63587;39,25059
5026740;39,79;51,56919;39,12012
3523080;20,39;51,569384;39,118105
7489482;41,47;51,728933;39,197652
8950000;58,7;51,63858;39,15943
8904600;87,3;51,72046049;39,13798552
3914094;25,1;51,65531;39,23815
5300000;41,5;51,646044;39,128907
4408852;38,29;51,74031;39,31684
11754057;59,5;51,699254;39,264036
5050087;44,81;51,60978;39,381
19317765;93,3;51,653929;39,19561
11221690;68,3;51,71991;39,18952
3592335;37,38;49,93932323;40,53511803
8925000;51;51,67768;39,2764
21350351;89,9;51,65898;39,18725
9604250;90,19;51,74031;39,31684
2798184;14,88;51,73024;39,19846
3557620;20,6;51,569384;39,118105
7208550;74,69;51,647951;39,315411
13478940;65,4;51,653929;39,19561
13180022;45,22;51,65898;39,18725
3361292;20,38;51,669291;39,314332
5442576;58,54;51,0902207;40,031849
5268900;54,59;51,647951;39,315411
3906740;34,11;51,60978;39,381
9371505;42,9;51,653929;39,19561
4489600;38,93;51,618985;39,247526
3908520;33,84;51,574009;39,130905
9367718;63,2;51,70412;39,27386
5244000;45,59;51,91133;39,33017
11678212;77,8;51,70412;39,27386
11615341;77,4;51,70412;39,27386
5242760;49,45;51,54828;39,09313
7169950;74,3;51,648217;39,315008
4565477;40,5;51,60916;39,37138
9367718;63,2;51,70412;39,27386
6747320;35,88;51,614616;39,240535
2123550;14,3;51,618781;39,248545
17138270;60,04;51,65898;39,18725
8015400;87,59;51,648217;39,315008
6020700;65,8;51,648217;39,315008
9293564;60,09;51,646044;39,128907
7771731;66,33;51,674317;39,403699
9427239;90,3;51,74031;39,31684
4200000;37,79;51,685245;39,075692
8957489;42,2;51,64109;39,14988
4795353;58,02;51,61088;39,36799
8143200;50,7;51,70412;39,27386
4565477;40,5;51,60915;39,37122
4501215;20,7;51,67652;39,17553
6020700;65,8;51,648217;39,315008
4954615;38,9;51,63587;39,25059
7431445,7;57,47;51,73024;39,19846
12100125;60,31;51,699254;39,264036
3920000;35,29;51,685245;39,075692
5540700;30,36;51,71033;39,23067
6850000;61,59;51,685245;39,075692
6500438;41,09;51,68604;39,17548
10817379;52,65;51,699254;39,264036
12217627;88,69;51,646044;39,128907
10187554;73,93;51,680576;39,248383
9998560;66,87;51,67457;39,16875
5630910;30,77;51,651;39,17766
5682615;76,19;51,610856;39,368789
9697965;62,77;51,65531;39,23815
7076080;58,47;51,67446;39,40254
5938482;35,4;51,70412;39,27386
4896716;40,84;51,674317;39,403699
5684800;60,79;51,648217;39,315008
4849448,8;32,74;51,71788;39,19044
10638600;104,3;51,75443;39,00395
8093647;50,4;51,70412;39,27386
5121200;43,4;51,739372;39,315543
3492000;19,39;51,66149;39,25248
9462150;64,5;51,651;39,17766
10348600;59;51,66339;39,16472
11355124;70,18;51,72542;39,18063
4148335;36,22;51,60978;39,381
4063740;22,82;51,66149;39,25248
15144812;61,29;51,698978;39,263224
6048900;47;51,567674;39,112646
4517100;47,79;51,648217;39,315008
9558600;53,4;51,6847;39,22139
3392613;20,57;51,669291;39,314332
4639000;42,9;51,816565;39,148016
7820736;70,83;51,60978;39,381
5359068;45,11;51,674317;39,403699
7210000;64,4;51,68481;39,07371
5328180;42,9;51,569384;39,118105
3402072;20,38;51,669291;39,314332
4704955;24,19;51,692872;39,130697
9236555;55,81;51,65185;39,18399
11601360;107,41;51,67813873;39,16810989
11623335;70,5;51,72542;39,18063
14068085;90,47;51,728933;39,197652
4789080;30,12;51,71788;39,19044
9689688;68,43;51,692872;39,130697
4488795;20,7;51,67652;39,17553
12500750;80,65;51,728933;39,197652
12054000;73,5;51,72542;39,18063
3777432;42,49;49,93932323;40,53511803
6816330;42,86;51,71033;39,23067
3523080;20,39;51,569384;39,118105
7700000;88,3;51,679768;39,033596
8117975;88,59;51,619367;39,382813
7321360;42,31;51,651;39,17766
9501502,5;67,02;51,692872;39,130697
3933750;37,5;51,63616;39,27488
4914900;38,09;51,6327;39,29841
8250000;75,4;51,68464;39,07713
10632600;71,59;51,65531;39,23815
5509215;33,45;51,651;39,17766
3523080;20,39;51,569384;39,118105
5509215;33,45;51,651;39,17766
6708400,8;45,86;51,71788;39,19044
5343000;41,52;51,718755;39,150166
10336672;72,63;51,68604;39,17548
9466600;57,2;51,65185;39,18399
9390810;65,66;51,692872;39,130697
4151455;28,7;51,66149;39,25248
4751500;44,2;51,72046049;39,13798552
4675840;44,95;51,54828;39,09313
4501215;20,7;51,6766;39,17552
4800000;42,79;51,68464;39,07713
5229497;41,9;51,63587;39,25059
5244000;45,59;51,91159;39,32979
4587900;37,29;51,618781;39,248545
4061486;25,81;51,73024;39,19846
5643720;30,84;51,651;39,17766
4488795;20,7;51,6766;39,17552
5462265;45,33;51,63616;39,27488
3404085;29,72;51,60978;39,381
7281560;50,91;51,64088;39,16197
7884720;55,91;51,64088;39,16197
3513182,5;20,75;51,73024;39,19846
6576000;54,79;51,63587;39,25059
7895000;59,95;51,69572;39,21061
9882500;59;51,72535;39,18228
11754715;59,5;51,699254;39,264036
5632740;30,78;51,651;39,17766
12388950;80,5;51,72535;39,18228
6983318;61,7;51,73916;39,31545
7028785;59,29;51,63587;39,25059
3560960;34,24;51,54828;39,09313
4488795;20,7;51,67652;39,17553
9679500;71,69;51,64088;39,16197
4488795;20,7;51,67652;39,17553
6633969,3;39,86;51,6401;39,18583
4532000;41,2;51,72046049;39,13798552
2639225;23,04;51,60915;39,37122
5290817;46,36;51,720427;39,14657
9264970;58,9;51,71033;39,23067
6920001;40,66;51,65185;39,18399
6633588;40,56;51,6401;39,18583
3939180;23,23;51,65531;39,23815
4988850;39,5;51,56919;39,12012
7086976;42,59;51,68598;39,176204
3814193;38,11;51,0902207;40,031849
4819000;40,36;51,618781;39,248545
8778375;43,34;51,72542;39,18063
5623590;30,72;51,651;39,17766
4560000;41;51,685245;39,075692
3560960;34,24;51,54828;39,09313
21108616;85,34;51,698978;39,263224
9989650;88,59;51,67446;39,40254
16250723;74,73;51,699254;39,264036
6364505;38,68;51,65531;39,23815
4856040;36,9;51,56919;39,12012
7172200;65,8;51,72046049;39,13798552
10897775;46,02;51,699254;39,264036
8297295;48,34;51,72542;39,18063
8019136,93;57,2;51,614616;39,240535
3394262;20,59;51,669291;39,314332
4564521;30,01;51,73024;39,19846
9710818;46,18;51,64058;39,15117
13530440;106,95;51,65531;39,23815
6430000;57,59;51,68481;39,07371
5805950;38,45;51,6992;39,18352
4271220;39,7;51,618781;39,248545
2884200;34,5;51,61088;39,36799
4745800;38,9;51,618781;39,248545
3591865;31,37;51,60978;39,381
4921500;51;51,648217;39,315008
8862777;48,5;51,728933;39,197652
3719600;21,87;51,69545;39,20925
7384894;65,18;51,674317;39,403699
7169950;74,3;51,648217;39,315008
7281560;50,91;51,64088;39,16197
5490330;32,7;51,66149;39,25248
3164000;22,6;51,61492;39,24134
3914094;25,1;51,65531;39,23815
5779140;31,57;51,651;39,17766
7108500;67,69;51,72046049;39,13798552
7335000;45;51,68604;39,17548
13288631;83,69;51,71779;39,18906
11348480;68,19;51,72535;39,18228
4790240;36,4;51,56919;39,12012
3548550;20,5;51,569384;39,118105
3540350;20,5;51,569384;39,118105
13551945;107,12;51,65531;39,23815
2935835;20,89;51,739372;39,315543
3574890;20,7;51,569384;39,118105
7132720;43,36;51,65531;39,23815
8347050;48,31;51,72542;39,18063
5069980;47,83;51,54828;39,09313
6752728,5;38,5;51,6401;39,18583
8103040;46,04;51,728933;39,197652
4745000;36,5;51,569384;39,118105
17933376;62,88;51,65898;39,18725
5898360;37,81;51,731404;39,194879
8021016;44,11;51,72542;39,18063
4884000;44,4;51,72046049;39,13798552
16255946;74,76;51,699254;39,264036
4874254;40,84;51,67446;39,40254
8015400;87,59;51,647951;39,315411
3630640;34,9;51,54828;39,09313
8579575;45,45;51,727726;39,195767
10166100;65,8;51,65531;39,23815
4750000;42,29;51,68464;39,07713
4532000;41,2;51,72046049;39,13798552
6506760;52;51,67729;39,27827
4479470;20,6;51,6766;39,17552
8487500;48,5;51,677954;39,275797
9504565;61,29;51,6401;39,18583
12638352;83,91;51,68598;39,176204
5932500;33,9;51,67768;39,2764
8700000;77,8;51,68481;39,07371
7281560;50,91;51,64088;39,16197
3428768;20,54;51,669291;39,314332
6734402,5;55,45;51,574009;39,130905
12211875;65,12;51,686039;39,228412
5330000;41,52;51,718755;39,150166
10019500;69,09;51,71779;39,18906
6429521;60,06;51,36854087;42,11685414
8819930;77,3;51,67058;39,31567
7210000;64,59;51,68481;39,07371
7853235;71,06;51,63616;39,27488
8120000;46,4;51,677954;39,275797
7068882;61,5;51,739372;39,315543
6276760;54,11;51,63616;39,27488
7030400;67,59;51,72046049;39,13798552
9633894;89,3;51,739372;39,315543
6072500;34,7;51,67768;39,2764
9117500;52,09;51,67768;39,2764
3565860;20,6;51,569384;39,118105
6430000;57,4;51,68481;39,07371
4665188;37,04;51,674317;39,403699
3903565;22,37;51,65531;39,23815
7365600;66,95;51,62829;39,32708
7023792;41,27;51,65185;39,18399
5800862,2;38,33;51,65531;39,23815
4424625;34,5;51,63587;39,25059
7228000;69,5;51,72046049;39,13798552
8991900;87,3;51,72046049;39,13798552
5537565;44,54;51,674317;39,403699
9426749,8;77,05;51,68604;39,17548
5587484;65,62;51,0902207;40,031849
8842650;52,95;51,68598;39,176204
4753782;40,77;51,67446;39,40254
9787567;67,19;51,78249;39,1896
8399678,12;58,56;51,614616;39,240535
4216736;40,95;51,0902207;40,031849
4480000;39,79;51,68481;39,07371
8148910;77,98;51,674317;39,403699
4655894;39,29;51,739372;39,315543
5999000;34,9;51,63666;39,23633
7300000;66;51,68464;39,07713
3808004;38,13;51,0902207;40,031849
12905040;81,59;51,664464;39,252986
7896000;70,5;51,91159;39,32979
6430000;57,4;51,68481;39,07371
8819930;77,3;51,67058;39,31567
7087500;40,5;51,67768;39,2764
13387500;76,5;51,67768;39,2764
4623445;29,17;51,73024;39,19846
4817800;44,2;51,72046049;39,13798552
5508352,8;34,4;51,71788;39,19044
9366888;54,97;51,728933;39,197652
13897178;61,75;51,698978;39,263224
7859850;85,9;51,647951;39,315411
6719760;36,59;51,67652;39,17553
3980000;35,79;51,685245;39,075692
10203900;60,2;51,72535;39,18228
13018460;80,86;51,651;39,17766
4708500;36,5;51,569384;39,118105
6287460;61;51,36854087;42,11685414
12408330;79,16;51,6401;39,18583
3858504;41,34;51,0902207;40,031849
4480000;40,09;51,68481;39,07371
3033844;36,29;51,61088;39,36799
8800000;85,9;51,646044;39,128907
4955593;40,77;51,67446;39,40254
5632740;30,78;51,651;39,17766
5684800;60,79;51,648217;39,315008
4575000;39,83;51,618985;39,247526
9428825;54,84;51,72542;39,18063
7052905;59,09;51,63587;39,25059
4843280;46,56;51,66113;39,279135
6701071;58,29;51,739372;39,315543
18134629;68,94;51,67366;39,19767
5069980;47,83;51,54828;39,09313
4118040;38,06;51,618781;39,248545
2172258;16,71;51,618781;39,248545
5718988;44,06;51,674317;39,403699
7576504;52,59;51,73024;39,19846
5401818;43,18;51,720427;39,14657
8920450;49;51,66339;39,16472
3574890;20,7;51,56919;39,12012
12296210;73,62;51,6847;39,22139
12312475;80,5;51,72535;39,18228
6996600;67,59;51,72046049;39,13798552
4660000;42;51,685245;39,075692
8242080;73,58;51,67813873;39,16810989
8465000;61,99;51,69572;39,21061
10208280;58,2;51,66339;39,16472
9749350;68,9;51,692872;39,130697
13551945;107,12;51,65531;39,23815
4479470;20,6;51,67652;39,17553
4784850;44,09;51,72046049;39,13798552
12563850;66,3;51,64722698;39,1836482
7237500;57,9;51,67729;39,27827
3070923;34,59;51,610856;39,368789
9135945;63,04;51,651;39,17766
5300000;41,5;51,646044;39,128907
3560960;34,24;51,54828;39,09313
3033844;36,29;51,61088;39,36799
9621377;63,86;51,78249;39,1896
3402072;20,38;51,669291;39,314332
4633100;43,29;51,72046049;39,13798552
9697965;62,77;51,65531;39,23815
3179665;27,77;51,60978;39,381
4742390;35,9;51,56919;39,12012
10139798,4;72,51;51,71788;39,19044
13740540;65,4;51,653929;39,19561
22529370;107,02;51,699254;39,264036
6052497,5;76,3;51,610856;39,368789
8241282;71,69;51,739372;39,315543
4872516;48,72;51,0902207;40,031849
3694406;40,81;51,0902207;40,031849
3033844;36,29;51,61088;39,36799
10511177;64,2;51,728933;39,197652
4159785;36,33;51,60978;39,381
9103900;61,09;51,675248;39,275346
12562130;82,69;51,71991;39,18952
12116776;59,93;51,699254;39,264036
11451289;46,24;51,699254;39,264036
4526550;47,9;51,647951;39,315411
9367718;63,2;51,70412;39,27386
5538428;31,21;51,692872;39,130697
7755000;70,5;51,701773;39,2062
3409098;20,68;51,669291;39,314332
4243864,1;34,09;51,574009;39,130905
5229497;41,9;51,63587;39,25059
4084847;41,81;49,93932323;40,53511803
8834300;52,9;51,727726;39,195767
12342780;80,19;51,72535;39,18228
11863424;60,04;51,699254;39,264036
4544250;41,5;51,72046049;39,13798552
4470200;41,2;51,72046049;39,13798552
10083398;94,69;51,73916;39,31545
13609740;65,4;51,653929;39,19561
4914900;38,09;51,6327;39,29841
8721960;55,9;51,68598;39,176204
4889329;44,56;51,574009;39,130905
23920000;105,62;51,67064;39,22223
13068240;81,59;51,664464;39,252986
6940875;41,5;51,6401;39,18583
10345050;52,38;51,686039;39,228412
3903565;22,37;51,65531;39,23815
4031531;34,18;51,574009;39,130905
8015400;87,59;51,648217;39,315008
6112848;55,36;51,60916;39,37138
4907520;42,13;51,718755;39,150166
5401110;42,9;51,569384;39,118105
8290258;52,66;51,73024;39,19846
13764465;80,73;51,71033;39,23067
4467110;20,6;51,6766;39,17552
2636575;20,04;51,63616;39,27488
4921500;51;51,648217;39,315008
4501215;20,7;51,67652;39,17553
6147687,5;77,5;51,610856;39,368789
4930560;42,13;51,718755;39,150166
4394416;38,47;51,574009;39,130905
3574890;20,7;51,56919;39,12012
4851671;24,96;51,692872;39,130697
5017000;47,29;51,81536;39,14698
3808004;38,13;51,0902207;40,031849
6232395;36,34;51,783418;39,190156
11418120;70,91;51,651;39,17766
32700800;149,63;51,6847;39,22139
11632842;85,41;51,692872;39,130697
5310900;56,2;51,648217;39,315008
4479470;20,6;51,6766;39,17552
4514000;38,06;51,618781;39,248545
4572511;35,9;51,63587;39,25059
5823790;54,2;51,574009;39,130905
13035493,8;101,56;51,65531;39,23815
10049567,4;71,66;51,6401;39,18583
11012440;66,4;51,72535;39,18228
4655894;39,29;51,739372;39,315543
5121200;43,4;51,739372;39,315543
7103365;61,79;51,739372;39,315543
13141654;45,4;51,65898;39,18725
9489812,5;69,65;51,64088;39,16197
9710000;106,09;51,81536;39,14698
6430000;57,4;51,68481;39,07371
4501215;20,7;51,67652;39,17553
7985530;42,13;51,71033;39,23067
4217400;36,13;51,718755;39,150166
8667335;72,52;51,719593;39,145017
10854380,8;77,62;51,71788;39,19044
12320448;42,72;51,65898;39,18725
4795353;58,02;51,61088;39,36799
4978000;46,9;51,81536;39,14698
3382927;33,45;51,0902207;40,031849
10280886;91,62;51,67446;39,40254
7052718;41,45;51,65185;39,18399
7420743;65,18;51,674317;39,403699
7790250;70,5;51,91159;39,32979
5085990;31,59;51,71788;39,19044
4522350;41,29;51,72046049;39,13798552
3961928;42,49;49,93932323;40,53511803
5401818;43,18;51,720427;39,14657
6199050;37,56;51,69545;39,20925
5092808;39,79;51,56919;39,12012
2610600;22,79;51,60978;39,381
3548550;20,5;51,569384;39,118105
4890900;28,77;51,69545;39,20925
9092701,5;56,66;51,6401;39,18583
7420743;65,18;51,674317;39,403699
4480000;39,9;51,68481;39,07371
7005079;59,09;51,63587;39,25059
4808440;36,4;51,56919;39,12012
6470000;57,9;51,68481;39,07371
6430000;57,5;51,68481;39,07371
6743844;65,18;49,93932323;40,53511803
4623445;29,17;51,73024;39,19846
6314270;37,81;51,731404;39,194879
13288631;83,69;51,71779;39,18906
3387668;20,54;51,669291;39,314332
4575600;37,2;51,618781;39,248545
11330170;46,38;51,65898;39,18725
7820736;70,83;51,60978;39,381
24880000;124,4;51,6847;39,22139
5200000;41,5;51,646044;39,128907
4511400;41,2;51,72046049;39,13798552
6387500;51,09;51,701773;39,2062
2608310;22,78;51,60978;39,381
5478400;42,11;51,718755;39,150166
6314270;37,81;51,731404;39,194879
5080000;39,9;51,646044;39,128907
2594338;19,6;49,93932323;40,53511803
4159785;36,33;51,60978;39,381
7655082;66,59;51,739372;39,315543
6077940;34,9;51,646044;39,128907
16673850;93,15;51,727726;39,195767
9518085;68,23;51,692872;39,130697
7012730;38,29;51,66339;39,16472
7572210;43,77;51,651;39,17766
10348600;59;51,66339;39,16472
4405443;39,09;51,60916;39,37138
12183750;64,98;51,686039;39,228412
9758025;69,94;51,692872;39,130697
10092650;56,86;51,686039;39,228412
4629890;21,39;51,6766;39,17552
12957175;44,45;51,65898;39,18725
4851060;27,95;51,71033;39,23067
4790240;36,4;51,56919;39,12012
4700000;42;51,68464;39,07713
6600139;78,73;51,0902207;40,031849
5000440;40,77;51,67446;39,40254
5023153;42,4;51,739372;39,315543
5039820;30,6;51,651;39,17766
4501215;20,7;51,67652;39,17553
6096408;39,18;51,68604;39,17548
2575158;19,6;49,93932323;40,53511803
12180000;69,59;51,67768;39,2764
4284808;26,68;51,674317;39,403699
12180000;69,59;51,67768;39,2764
5656530;30,9;51,651;39,17766
5017680;41,4;51,67058;39,31567
5640060;30,81;51,651;39,17766
2935835;20,89;51,739372;39,315543
9387394;56,13;51,72542;39,18063
12957175;44,45;51,65898;39,18725
20045025;90,08;51,6733;39,20121
22054685;83,11;51,67366;39,19767
6275000;50,2;51,701773;39,2062
13595760;82,8;51,66339;39,16472
3980000;35,79;51,685245;39,075692
7054250;69,5;51,72046049;39,13798552
5876500;40,25;51,69545;39,20925
5396530;31,34;51,783418;39,190156
2874875;21,1;51,739378;39,314012
7852065;43,54;51,727726;39,195767
5310900;56,2;51,648217;39,315008
2874875;21,1;51,739378;39,314012
5233298;58,56;51,0902207;40,031849
7895000;59,95;51,69572;39,21061
4068185;35,52;51,60978;39,381
6112848;55,36;51,60915;39,37122
2076624;15,13;51,618985;39,247526
11490600;104,45;51,67813873;39,16810989
5041636;43,2;51,739378;39,314012
9053089;44,72;51,64058;39,15117
4452027;34,5;51,63587;39,25059
6920001;40,66;51,65185;39,18399
5091113;43,86;51,674317;39,403699
7667109;32,5;51,64058;39,15117
9682500;64,55;51,6992;39,18352
11665485;80,73;51,71033;39,23067
11503900;68,68;51,72542;39,18063
8241282;71,69;51,739372;39,315543
8226946;53,18;51,66149;39,25248
4806900;44,09;51,72046049;39,13798552
5223720;43,09;51,67058;39,31567
5366930,4;36;51,71788;39,19044
4575000;39,83;51,618985;39,247526
5645550;30,85;51,651;39,17766
4488795;20,7;51,67652;39,17553
3402072;20,38;51,669291;39,314332
9000000;85,9;51,646044;39,128907
4480000;39,9;51,68481;39,07371
5509215;33,45;51,651;39,17766
2874875;21,1;51,739378;39,314012
3540000;31,7;51,685245;39,075692
4565477;40,5;51,60916;39,37138
4350000;39,2;51,685245;39,075692
2797860;27,43;51,54828;39,09313
7169950;74,3;51,648217;39,315008
3299600;22,6;51,61492;39,24134
7321592;69,83;49,93932323;40,53511803
4830210;36,9;51,56919;39,12012
6042225;25,5;51,721709;39,183342
9459450;42,9;51,653929;39,19561
5080000;39,9;51,646044;39,128907
4865899;40,77;51,67446;39,40254
2678520;26,26;51,54828;39,09313
4560160;25,9;51,66149;39,25248
4114000;24,2;51,69545;39,20925
3881550;33,9;51,60978;39,381
4730631;38,2;51,63587;39,25059
9916280;58,15;51,71033;39,23067
7771731;66,33;51,674317;39,403699
3922425;22,35;51,65531;39,23815
4915515;28,82;51,73024;39,19846
6576000;54,79;51,63587;39,25059
5046660;47,61;51,54828;39,09313
11680000;70,19;51,63858;39,15943
3687981;23,64;51,65531;39,23815
7189644;47,74;51,68604;39,17548
3540350;20,5;51,569384;39,118105
10270500;68,47;51,6992;39,18352
12588590;73,62;51,72542;39,18063
4405443;39,09;51,60916;39,37138
8956000;88,09;51,81536;39,14698
8800536;73,83;51,719593;39,145017
4282600;38;51,60915;39,37122
6112848;55,36;51,60915;39,37122
3903565;22,37;51,65531;39,23815
9105326;62,11;51,68604;39,17548
3409098;20,68;51,669291;39,314332
15425362;61,81;51,698978;39,263224
4282600;38;51,60916;39,37138
6382200;38,68;51,69545;39,20925
3920000;35,2;51,685245;39,075692
7670340;38,7;51,72542;39,18063
5630910;30,77;51,651;39,17766
13292450;83;51,664464;39,252986
11053924;66,37;51,78249;39,1896
12087090;80,09;51,71991;39,18952
4229350;25,1;51,65531;39,23815
5356000;41,52;51,718755;39,150166
8543739;61,5;51,64088;39,16197
7234568;62,59;51,739378;39,314012
4501215;20,7;51,67652;39,17553
11845207;59,5;51,699254;39,264036
7110819;45,66;51,651;39,17766
5790703;40,84;51,67446;39,40254
8501360;62,5;51,64088;39,16197
5481315;64,38;51,0902207;40,031849
3555512,5;20,75;51,73024;39,19846
4488795;20,7;51,67652;39,17553
5650000;39,18;51,69572;39,21061
3915940;23,23;51,65531;39,23815
3881550;33,9;51,60978;39,381
7859850;85,9;51,648217;39,315008
4790940;36,59;51,56919;39,12012
7030100;38,5;51,66339;39,16472
3382927;33,45;51,0902207;40,031849
5533200;52,2;51,54828;39,09313
4148335;36,22;51,60978;39,381
10901027;46,02;51,699254;39,264036
4282600;38;51,60915;39,37122
5017680;41,4;51,67058;39,31567
4446204;25,81;51,73024;39,19846
4818310;40,49;51,63616;39,27488
10983336;78,95;51,692872;39,130697
5508352,8;34,4;51,71788;39,19044
4678200;41,4;51,72046049;39,13798552
5684800;60,79;51,647951;39,315411
6730500;64,09;51,72046049;39,13798552
9810195;69,33;51,67457;39,16875
6555808;41,43;51,68604;39,17548
6947500;39,7;51,677954;39,275797
6719760;36,59;51,67652;39,17553
5069980;47,83;51,54828;39,09313
11585502;59,16;51,64058;39,15117
4827900;40,79;51,618985;39,247526
4488795;20,7;51,67652;39,17553
11266981;77,33;51,66149;39,25248
4884000;44,4;51,72046049;39,13798552
6841301,5;38,5;51,6401;39,18583
8533052,54;59,5;51,614616;39,240535
3179665;27,77;51,60978;39,381
9165187,2;64,48;51,65531;39,23815
4501215;20,7;51,67652;39,17553
4747900;39,5;51,67058;39,31567
13439749;75,66;51,783418;39,190156
6020700;65,8;51,648217;39,315008
8038500;69,9;51,701773;39,2062
4446204;25,81;51,73024;39,19846
4764000;39,7;51,91159;39,32979
4565477;40,5;51,60916;39,37138
7655082;66,59;51,739372;39,315543
5632740;30,78;51,651;39,17766
12083502;71,59;51,723514;39,180801
5632740;30,78;51,651;39,17766
4556000;26,79;51,69545;39,20925
6869400;64,19;51,72046049;39,13798552
17443790;92,54;51,728933;39,197652
6048150;66,09;51,647951;39,315411
4831200;40,36;51,618781;39,248545
9882500;59;51,72535;39,18228
5089755;42,45;51,674317;39,403699
5518800;51,09;51,546935;39,092706
4526550;47,9;51,647951;39,315411
9730746;68,43;51,692872;39,130697
7210035;43,83;51,65531;39,23815
3914094;25,1;51,65531;39,23815
5152000;44,79;51,91133;39,33017
8592000;71,59;51,91159;39,32979
4565477;40,5;51,60916;39,37138
7859850;85,9;51,648217;39,315008
8272000;80,9;51,81536;39,14698
4750000;42,29;51,68464;39,07713
20007455;97,09;51,653929;39,19561
7193494;61,7;51,739372;39,315543
4193640;36,13;51,718755;39,150166
7911800;71,59;51,91159;39,32979
12419730;80,69;51,72535;39,18228
4205520;36,13;51,718755;39,150166
4452300;26,19;51,69545;39,20925
5421910;30,29;51,71033;39,23067
4475000;40,9;51,816565;39,148016
4488795;20,7;51,67652;39,17553
12789090;83,09;51,72535;39,18228
10800000;48,33;51,67064;39,22223
7103365;61,79;51,739372;39,315543
28565940;103,34;51,65898;39,18725
9887500;56,5;51,67768;39,2764
5914220;39,56;51,64088;39,16197
6370352;37,2;51,692872;39,130697
7300000;66;51,68464;39,07713
10726650;65,01;51,727726;39,195767
3210000;28,79;51,685245;39,075692
4019778;25,62;51,73024;39,19846
4874490;36,9;51,56919;39,12012
11066281;48,31;51,699254;39,264036
5054420;39,5;51,56919;39,12012
9073600;84,8;51,72046049;39,13798552
4350000;39,2;51,685245;39,075692
7250000;58;51,67729;39,27827
6646200;40,27;51,69545;39,20925
5969700;40,5;51,76077;39,17925
4282600;38;51,60916;39,37138
7714750,5;47,49;51,6401;39,18583
7041650;38,5;51,66339;39,16472
3033844;36,29;51,61088;39,36799
10524000;60;51,66339;39,16472
4467110;20,6;51,6766;39,17552
13530440;106,95;51,65531;39,23815
9552184;46,18;51,64058;39,15117
4838940;29,87;51,71788;39,19044
4480000;39,79;51,68481;39,07371
12217627;88,69;51,646044;39,128907
11538474;60,77;51,64058;39,15117
4823760;39,79;51,67058;39,31567
9290270,4;65,36;51,65531;39,23815
5978554;64,47;51,0902207;40,031849
4892400;30,2;51,71788;39,19044
4217700;24,8;51,69545;39,20925
9123757;85,06;51,67446;39,40254
4724440;35,9;51,56919;39,12012
4574597;42,18;51,0902207;40,031849
6496000;41,02;51,63191986;39,17570877
7681141;45,36;51,72542;39,18063
6112848;55,36;51,60916;39,37138
16608675;93,56;51,727726;39,195767
3574890;20,7;51,56919;39,12012
7103365;61,79;51,739372;39,315543
4151455;28,7;51,66149;39,25248
13561240;83,3;51,664464;39,252986
4563880,8;28,51;51,71788;39,19044
12755850;83,09;51,72535;39,18228
4478445;20,7;51,6766;39,17552
15122169;95,19;51,72542;39,18063
4205800;24,73;51,69545;39,20925
7559695,7;51,43;51,73024;39,19846
4652262;36,29;51,63587;39,25059
5343000;41,52;51,718755;39,150166
5442576;58,54;51,0902207;40,031849
6287500;50,29;51,701773;39,2062
8142068;70,16;51,67446;39,40254
6719760;36,59;51,67652;39,17553
4819000;39,5;51,618781;39,248545
7274256;65,88;51,60978;39,381
5619350;60,09;51,648217;39,315008
8957489;42,2;51,64109;39,14988
13736526;67,76;51,64086;39,15054
7407318;46,47;51,66149;39,25248
6828890;38,29;51,72535;39,18228
3881550;33,9;51,60978;39,381
4511400;41,2;51,72046049;39,13798552
12473904;93,93;51,64088;39,16197
12848000;80;51,66339;39,16472
4346134,1;34,09;51,574009;39,130905
18156200;78,94;51,6733;39,20121
3585774;21,18;51,64088;39,16197
6978646;88,27;51,0902207;40,031849
4514000;38,06;51,618781;39,248545
5325056;43;51,63587;39,25059
10638600;104,3;51,75443;39,00395
9535753;46,18;51,64109;39,14988
4467110;20,6;51,67652;39,17553
7383268;45,13;51,68598;39,176204
6582400;54,4;51,67729;39,27827
3179665;27,77;51,60978;39,381
5054420;39,5;51,56919;39,12012
11646720;107,83;51,67813873;39,16810989
9242490;57,29;51,812668;39,225469
9404488;85,06;51,67446;39,40254
15969375;75,15;51,686039;39,228412
4717500;42,5;51,72046049;39,13798552
13422338;64,98;51,64086;39,15054
5465600;42,11;51,718755;39,150166
9194824;60,29;51,70412;39,27386
8907500;50,9;51,67768;39,2764
13387500;76,5;51,67768;39,2764
5509215;33,45;51,651;39,17766
9055882;65,08;51,67446;39,40254
9193525;55,54;51,65185;39,18399
5297544;41,4;51,56919;39,12012
10484500;64,51;51,728933;39,197652
17870496;62,88;51,65898;39,18725
14367500;82,09;51,67732;39,2766
6237057;72,12;51,0902207;40,031849
11433400;103,94;51,67813873;39,16810989
3881550;33,9;51,60978;39,381
8769141;47,06;51,72542;39,18063
7012730;38,29;51,66339;39,16472
4405443;39,09;51,60916;39,37138
19822500;88,09;51,6733;39,20121
5630910;30,77;51,651;39,17766
3536434;26,68;51,674317;39,403699
4986564;40,84;51,674317;39,403699
19224465;93,3;51,653929;39,19561
4501215;20,7;51,6766;39,17552
13551945;107,12;51,65531;39,23815
13075425;64,56;51,686039;39,228412
5310900;56,2;51,648217;39,315008
4446204;25,81;51,73024;39,19846
25058335;87,76;51,65898;39,18725
6492528;41,04;51,68604;39,17548
10015054;66,26;51,78249;39,1896
6874497;78,73;51,0902207;40,031849
4205520;36,13;51,718755;39,150166
3395398;20,35;51,669291;39,314332
7695150;84,09;51,648217;39,315008
24628435;87,48;51,65898;39,18725
4850000;43;51,68464;39,07713
7045360;38,29;51,71033;39,23067
9230139,2;65,36;51,65531;39,23815
7011840;38,4;51,66339;39,16472
5566260;43,5;51,56919;39,12012
4563880,8;28,51;51,71788;39,19044
7005070;38,29;51,66339;39,16472
7049350;38,5;51,66339;39,16472
4740750;44,09;51,72046049;39,13798552
5619350;60,09;51,647951;39,315411
5117580;31,59;51,71788;39,19044
2897100;21,36;51,718755;39,150166
4889329;44,56;51,574009;39,130905
18494550;78,3;51,698978;39,263224
3565860;20,6;51,56919;39,12012
5850000;50;51,91159;39,32979
3377777;20,48;51,669291;39,314332
4644816;37,04;51,674317;39,403699
6353889;43,49;51,64088;39,16197
6144079;40,25;51,78249;39,1896
2874875;21,1;51,739378;39,314012
4887500;42,5;51,72046049;39,13798552
8264271;71,9;51,739372;39,315543
8771030;53,81;51,651;39,17766
6828890;38,29;51,72535;39,18228
5621541;33,4;51,70412;39,27386
13141654;45,4;51,65898;39,18725
6541168;38,04;51,783418;39,190156
4652262;36,29;51,63587;39,25059
7169950;74,3;51,648217;39,315008
5473443;46,9;51,739378;39,314012
12386568;74,26;51,728933;39,197652
5630910;30,77;51,651;39,17766
3164000;22,6;51,61492;39,24134
12712090;79,9;51,66339;39,16472
5453217;33,11;51,651;39,17766
3706700;36,7;51,647951;39,315411
21189926;82,58;51,67366;39,19767
15959736;66,3;51,65898;39,18725
12449250;82,5;51,71991;39,18952
5985000;34,2;51,67768;39,2764
12480720;81,59;51,72535;39,18228
5043060;42,45;51,674317;39,403699
9367718;63,2;51,70412;39,27386
7889250;47,09;51,65185;39,18399
5080995;30,85;51,651;39,17766
9823450;88,9;51,91133;39,33017
7821840;70,84;51,60978;39,381
5245893;48,7;51,36846557;42,11676512
7968767;44,75;51,72542;39,18063
4740450;42,9;51,91133;39,33017
3557515;31,06;51,60978;39,381
10775800;71,59;51,65531;39,23815
6845425;41,5;51,6401;39,18583
3120164;27,6;51,0902207;40,031849
5017680;41,4;51,67058;39,31567
4978000;46,9;51,81536;39,14698
4490800;41,2;51,72046049;39,13798552
10363740;57;51,723514;39,180801
5985000;34,2;51,67768;39,2764
11678212;77,8;51,70412;39,27386
12546940;82,59;51,71991;39,18952
4585576;43,27;51,36846557;42,11676512
8700000;77,8;51,68481;39,07371
4151455;28,7;51,66149;39,25248
5343000;41,52;51,718755;39,150166
2076624;15,13;51,618985;39,247526
6112848;55,36;51,60915;39,37122
4479470;20,6;51,67652;39,17553
9371505;42,9;51,653929;39,19561
5366930,4;36;51,71788;39,19044
7519400;93,65;51,00177002;39,49718094
10811947;52,63;51,699254;39,264036
5179581;62,59;51,0902207;40,031849
4158295;38,47;51,36854087;42,11685414
5465600;42,13;51,718755;39,150166
10899416;64,56;51,727726;39,195767
16018600;61,29;51,698978;39,263224
9467676;66,58;51,692872;39,130697
5645550;30,85;51,651;39,17766
5092808;39,79;51,56919;39,12012
9596690;70,09;51,76077;39,17925
5473443;46,9;51,73916;39,31545
3433316;24,98;51,36854087;42,11685414
9922500;56,7;51,67768;39,2764
4675840;44,95;51,54828;39,09313
6112848;55,36;51,60916;39,37138
6000000;53,9;51,685245;39,075692
12804930;97,44;51,64088;39,16197
3882695;33,9;51,60978;39,381
6774840;36,9;51,67652;39,17553
5110000;46,09;51,685245;39,075692
13057985;87,3;51,646044;39,128907
13333320;81,9;51,664464;39,252986
8700000;77,8;51,68481;39,07371
4501215;20,7;51,6766;39,17552
15233011;57,2;51,67366;39,19767
28749555;103,23;51,65898;39,18725
9029400;60,59;51,675248;39,275346
9350055;42,9;51,653929;39,19561
7371944;59,25;51,61492;39,24134
3666300;36,29;51,647951;39,315411
4068185;35,52;51,60978;39,381
6099600;55,25;51,60916;39,37138
8122667;45,7;51,728933;39,197652
10388000;98;51,75398;39,00506
7116500;66,19;51,72046049;39,13798552
9400000;90,69;51,646044;39,128907
9590741;88,9;51,739372;39,315543
3328322;20,19;51,669291;39,314332
5694520;30,29;51,71033;39,23067
12182380;80,19;51,71991;39,18952
7210035;43,83;51,65531;39,23815
4927800;38,2;51,6327;39,29841
4565477;40,5;51,60915;39,37122
9103900;61,09;51,675248;39,275346
14174568;49,31;51,65898;39,18725
4656225;38;51,63616;39,27488
6470000;57,9;51,68481;39,07371
4181760;36,13;51,718755;39,150166
4629890;21,39;51,6766;39,17552
4921500;51;51,647951;39,315411
8105368;51,43;51,73024;39,19846
4699310;35,9;51,56919;39,12012
4405443;39,09;51,60916;39,37138
10106880;71,68;51,68604;39,17548
3881550;33,9;51,60978;39,381
7064839;59,2;51,63587;39,25059
8200000;73,8;51,685245;39,075692
8459850;73,5;51,67058;39,31567
12789090;83,09;51,72535;39,18228
5963835,6;40,77;51,71788;39,19044
8356366;53,09;51,68598;39,176204
2594570;22,65;51,60978;39,381
11382956;49,31;51,699254;39,264036
6646200;40,27;51,69545;39,20925
18524112;65,41;51,65898;39,18725
13387500;76,5;51,67768;39,2764
12808000;80;51,66339;39,16472
5337600;42,11;51,718755;39,150166
8772946;50,74;51,727726;39,195767
5643720;30,84;51,651;39,17766
10219807,58;97,44;51,6568985;39,09962845
3523080;20,39;51,569384;39,118105
9749350;68,9;51,692872;39,130697
4488795;20,7;51,67652;39,17553
21930200;93,31;51,6733;39,20121
7072700;66,09;51,72046049;39,13798552
10413477;97,8;51,74031;39,31684
6020700;65,8;51,648217;39,315008
2983500;22,95;51,66113;39,279135
4488795;20,7;51,6766;39,17552
6099600;55,25;51,60916;39,37138
4941640;40,84;51,674317;39,403699
10824714;77,43;51,68604;39,17548
14440806;60,15;51,65898;39,18725
10263624;67,19;51,70412;39,27386
6044802;38,61;51,78249;39,1896
9378099;44,72;51,64058;39,15117
18944550;75,62;51,698978;39,263224
4030000;36,2;51,685245;39,075692
3210000;28,79;51,685245;39,075692
10372435;94,69;51,739372;39,315543
3210000;28,79;51,685245;39,075692
7076250;45;51,6401;39,18583
8494526;54,54;51,73024;39,19846
7477364;66,59;51,739378;39,314012
5473443;46,9;51,739378;39,314012
5050087;44,81;51,60978;39,381
13089562;45,22;51,65898;39,18725
9521147;62,72;51,783418;39,190156
4565477;40,5;51,60916;39,37138
6628820;41,56;51,65531;39,23815
4370000;23;51,65185;39,18399
4985482;38,9;51,63587;39,25059
13740540;65,4;51,653929;39,19561
10638600;104,3;51,75435;39,00428
4730631;38,2;51,63587;39,25059
4173390;39,83;51,618985;39,247526
8509160;46,59;51,66339;39,16472
6847950;64,3;51,72046049;39,13798552
10900107;46,02;51,699254;39,264036
4560000;41,09;51,685245;39,075692
9313344;66,59;51,71788;39,19044
10500000;100;51,701773;39,2062
9251550;62,29;51,67457;39,16875
4565477;40,5;51,60916;39,37138
3557620;20,6;51,569384;39,118105
4856040;36,9;51,56919;39,12012
8250000;75,4;51,68464;39,07713
9490580;89,9;51,74031;39,31684
4767704;38,2;51,63587;39,25059
4954615;38,9;51,63587;39,25059
4501215;20,7;51,6766;39,17552
6176975;37,54;51,65531;39,23815
8392600;50,7;51,70412;39,27386
13477940;83,3;51,664464;39,252986
3523080;20,39;51,569384;39,118105
4655894;39,29;51,739372;39,315543
10104000;60;51,72535;39,18228
4193640;36,13;51,718755;39,150166
10682179;61,59;51,71779;39,18906
10264960;59,68;51,728933;39,197652
3179665;27,77;51,60978;39,381
8242080;73,58;51,67813873;39,16810989
5024888;39,38;51,674317;39,403699
6099600;55,25;51,60916;39,37138
5533200;52,2;51,54828;39,09313
4501215;20,7;51,6766;39,17552
5026740;39,79;51,56919;39,12012
5876500;40,25;51,69545;39,20925
4227665;25,09;51,65531;39,23815
10854380,8;77,62;51,71788;39,19044
6994636;61,79;51,739378;39,314012
4623458;36,29;51,63587;39,25059
7454928;40,56;51,727726;39,195767
6592209,5;38,63;51,6401;39,18583
4480000;40;51,68481;39,07371
8000636;46,75;51,6401;39,18583
6983318;61,7;51,73916;39,31545
18175776;64,18;51,65898;39,18725
6972000;49,79;51,701773;39,2062
7040972;59;51,63587;39,25059
9710000;106,09;51,81536;39,14698
11443779,3;86,61;51,64088;39,16197
13038060,6;101,58;51,65531;39,23815
7647879;73,62;51,36854087;42,11685414
5271800;62,63;51,00177002;39,49718094
13764632;95,72;51,783418;39,190156
16249440;74,73;51,699254;39,264036
9040005;39,38;51,686039;39,228412
4660000;42;51,685245;39,075692
12638352;83,91;51,68598;39,176204
9185740;52,54;51,727726;39,195767
3929529;28,82;51,73024;39,19846
6690911,5;39,9;51,6401;39,18583
6048900;36,65;51,69545;39,20925
10587492;64,44;51,72542;39,18063
9152896;62,18;51,66149;39,25248
10835719;72,19;51,68598;39,176204
4405443;39,09;51,60916;39,37138
2678520;26,26;51,54828;39,09313
15242500;87,09;51,67768;39,2764
2123550;14,3;51,618781;39,248545
12100125;60,31;51,699254;39,264036
7987716;70,16;51,674317;39,403699
9618600;58,65;51,728933;39,197652
5502116;48,7;51,36846557;42,11676512
4346134,1;34,09;51,574009;39,130905
4019778;25,62;51,73024;39,19846
4467110;20,6;51,67652;39,17553
10289600;59;51,66339;39,16472
4169880;36,13;51,718755;39,150166
4488795;20,7;51,6766;39,17552
4791600;39,59;51,674317;39,403699
6999607;59,4;51,63587;39,25059
4162920;24,55;51,65531;39,23815
7250000;58;51,67729;39,27827
10263624;67,19;51,70412;39,27386
16014364;85,73;51,727726;39,195767
7225000;57,79;51,67729;39,27827
13455633;67,76;51,64086;39,15054
8907500;50,9;51,67768;39,2764
5656530;30,9;51,651;39,17766
9168942;44,72;51,64109;39,14988
8490028,08;59,2;51,614616;39,240535
5578981;48,7;51,36846557;42,11676512
7225000;57,79;51,67729;39,27827
7092096;64,23;51,60978;39,381
5107080;43,79;51,67446;39,40254
5826392;37,04;51,674317;39,403699
5039370;39,9;51,56919;39,12012
4900000;43,59;51,68464;39,07713
6544226;36,59;51,783418;39,190156
4745800;38,9;51,618781;39,248545
6277116;60,06;51,36854087;42,11685414
8700000;77,8;51,68481;39,07371
3179665;27,77;51,60978;39,381
4553080;40,4;51,60916;39,37138
4565477;40,5;51,60915;39,37122
6048150;66,09;51,647951;39,315411
11354000;79,87;51,63191986;39,17570877
8212800;51,33;51,69545;39,20925
4747200;36,79;51,569384;39,118105
9501502,5;67,02;51,692872;39,130697
3680000;33,09;51,685245;39,075692
5779140;31,57;51,651;39,17766
4405443;39,09;51,60916;39,37138
2610600;22,79;51,60978;39,381
6003112,5;39,68;51,64088;39,16197
2935835;20,89;51,739372;39,315543
4831200;39,59;51,618781;39,248545
7165600;67,59;51,72046049;39,13798552
14135160;69,29;51,6847;39,22139
4245975;25,04;51,65531;39,23815
3412083;20,45;51,669291;39,314332
20501545;82,33;51,67366;39,19767
4479470;20,6;51,67652;39,17553
9426749,8;77,05;51,68604;39,17548
4960460;39,4;51,569384;39,118105
10187554;73,93;51,680576;39,248383
9498419;69,79;51,64088;39,16197
5051320;43,09;51,67058;39,31567
9371505;42,9;51,653929;39,19561
11458658;46,27;51,699254;39,264036
22207535;78,88;51,65898;39,18725
4551000;37;51,618781;39,248545
10372435;94,69;51,739372;39,315543
8459850;73,5;51,67058;39,31567
6727600;55,59;51,67729;39,27827
15260000;87,19;51,67768;39,2764
11764419;59,16;51,64058;39,15117
7859850;85,9;51,648217;39,315008
5304600;29,46;51,731404;39,194879
6214680;33,95;51,651;39,17766
4596659;38,79;51,739372;39,315543
15200850;54,25;51,65898;39,18725
4517100;47,79;51,648217;39,315008
7358676;44,72;51,6401;39,18583
5901750;64,5;51,647951;39,315411
6470000;57,9;51,68481;39,07371
3182400;31,2;51,647951;39,315411
11743188;59,16;51,64058;39,15117
12116420;88,69;51,646044;39,128907
9332471;60,29;51,70412;39,27386
6483607,5;78,9;51,61088;39,36799
7893088;46,75;51,6401;39,18583
9689688;68,43;51,692872;39,130697
4930000;29;51,69545;39,20925
6719760;36,59;51,67652;39,17553
7701540,8;53,31;51,71788;39,19044
8160825;58,25;51,64088;39,16197
5121820,5;61,66;51,61088;39,36799
6556921;41,56;51,783418;39,190156
12294788;57,22;51,699254;39,264036
4964102;40,84;51,67446;39,40254
5248836;41,29;51,74031;39,31684
8956000;88,09;51,81536;39,14698
19945640;96,8;51,653929;39,19561
13050834;45,4;51,65898;39,18725
8689734;48,33;51,727726;39,195767
5506612;46,9;51,739372;39,315543
7683000;74,8;51,81536;39,14698
3557515;31,06;51,60978;39,381
5465600;42,11;51,718755;39,150166
3540350;20,5;51,569384;39,118105
7880274;92,41;51,0902207;40,031849
5533200;52,2;51,54828;39,09313
11220216;78,95;51,692872;39,130697
11159063;46,75;51,699254;39,264036
8714370;48,81;51,72542;39,18063
4390200;27,1;51,71788;39,19044
6031655;35,16;51,68604;39,17548
30399546;114,37;51,65898;39,18725
6100000;54,9;51,685245;39,075692
6551280;40,43;51,71788;39,19044
6641250;40,25;51,69545;39,20925
18899100;82,16;51,6733;39,20121
11320571;47,04;51,699254;39,264036
5630910;30,77;51,651;39,17766
4480000;39,9;51,68481;39,07371
5938350;64,9;51,647951;39,315411
5017000;47,29;51,81536;39,14698
5443530;43,09;51,56919;39,12012
6310220;38,36;51,65531;39,23815
9165187,2;64,48;51,65531;39,23815
9995695;68,23;51,692872;39,130697
5937250;63,5;51,648217;39,315008
26746000;124,4;51,6847;39,22139
4856040;36,9;51,56919;39,12012
4195530;39,83;51,618985;39,247526
5310900;56,2;51,648217;39,315008
4292627;36,34;51,36854087;42,11685414
7244580;44,04;51,65531;39,23815
6048150;66,09;51,647951;39,315411
12016310;72,65;51,72542;39,18063
9682500;64,55;51,6992;39,18352
14917980;64,58;51,653969;39,177769
4656225;38;51,63616;39,27488
4560000;41,09;51,685245;39,075692
9426749,8;77,05;51,68604;39,17548
6096141;36,09;51,70412;39,27386
6504300;39,41;51,69545;39,20925
2172258;16,79;51,618781;39,248545
12981210;42,45;51,65898;39,18725
3630640;34,9;51,54828;39,09313
4742390;35,9;51,56919;39,12012
8956000;88;51,81536;39,14698
4027733,5;34,09;51,574009;39,130905
4060209;41,88;51,0902207;40,031849
16657045;76,68;51,699254;39,264036
6625613;27,12;51,698978;39,263224
7089000;69,5;51,72046049;39,13798552
19860843;85,62;51,65898;39,18725
12562130;82,69;51,71991;39,18952
6099600;55,25;51,60915;39,37122
5619350;60,09;51,648217;39,315008
10170000;60;51,72535;39,18228
12128062;56,15;51,699254;39,264036
3574890;20,7;51,56919;39,12012
11823851,5;79,8;51,73024;39,19846
4114000;24,2;51,69545;39,20925
9029400;60,59;51,675248;39,275346
4767704;38,2;51,63587;39,25059
2610600;22,79;51,60978;39,381
4955117;40,29;51,63587;39,25059
8775459;48,5;51,728933;39,197652
7250000;58;51,67729;39,27827
6312400;78,15;51,00177002;39,49718094
2723535;20,87;51,63616;39,27488
7005070;38,29;51,66339;39,16472
6828890;38,29;51,72535;39,18228
4660000;42;51,685245;39,075692
15223819;61,75;51,698978;39,263224
6206908;72,12;51,0902207;40,031849
8501997;66,37;51,61492;39,24134
10324487,7;80,38;51,66149;39,25248
7719088;43,65;51,727726;39,195767
8187200;73,09;51,67813873;39,16810989
10704200;71,59;51,65531;39,23815
4310179;42,5;51,0902207;40,031849
4340236;41,15;51,0902207;40,031849
7910000;45,2;51,677954;39,275797
5223720;43,09;51,67058;39,31567
10270120;60,2;51,72535;39,18228
10705865;52,52;51,699254;39,264036
11813340;51,13;51,653969;39,177769
6910600;63,4;51,72046049;39,13798552
12125640;81,93;51,71788;39,19044
9834240;59,09;51,72535;39,18228
4716762;45,91;49,93932323;40,53511803
11182451;85,06;51,67446;39,40254
4522350;41,29;51,72046049;39,13798552
5047740;58,02;51,61088;39,36799
3881550;33,9;51,60978;39,381
12098300;71,8;51,71033;39,23067
12116420;88,69;51,646044;39,128907
9000000;85,9;51,646044;39,128907
7068031;41,54;51,65185;39,18399
4667741;39,4;51,739372;39,315543
5840600;55,09;51,547326;39,092364
4019778;25,62;51,73024;39,19846
11793213;80,38;51,66149;39,25248
4988850;39,5;51,56919;39,12012
5268900;54,59;51,647951;39,315411
3920000;35,2;51,685245;39,075692
12442500;82,94;51,64669;39,17997
6497700;39,38;51,69545;39,20925
5967500;34,09;51,67768;39,2764
12387450;80,69;51,72535;39,18228
11606526;59,16;51,64058;39,15117
3557515;31,06;51,60978;39,381
3719600;21,87;51,69545;39,20925
9460967;54,84;51,72542;39,18063
9084142;91,52;51,36854087;42,11685414
6199050;37,56;51,69545;39,20925
5465600;42,11;51,718755;39,150166
4168094;29,54;51,714458;39,277214
13471560;82,8;51,66339;39,16472
8667200;54,16;51,69545;39,20925
10388268;66;51,72542;39,18063
5268900;54,59;51,647951;39,315411
7704300;84,19;51,647951;39,315411
14091285;82,55;51,72542;39,18063
5800862,2;38,33;51,65531;39,23815
5223720;43,09;51,67058;39,31567
9498703;66,16;51,674317;39,403699
4856040;36,9;51,56919;39,12012
4095900;38,06;51,618781;39,248545
12695160;80,4;51,728933;39,197652
7704300;84,19;51,647951;39,315411
7274256;65,88;51,60978;39,381
4088814;26,05;51,73024;39,19846
7593198;46,47;51,66149;39,25248
2703000;26,5;51,54828;39,09313
8824560;49,79;51,72168;39,18229
4760000;42,5;51,72046049;39,13798552
4700000;42;51,68464;39,07713
3574890;20,7;51,56919;39,12012
10336672;72,63;51,68604;39,17548
9731040;66,87;51,67457;39,16875
18013125;96,06;51,686039;39,228412
3685500;38,08;51,0902207;40,031849
10150080;58,2;51,66339;39,16472
9367718;63,2;51,70412;39,27386
4928772;39,79;51,63587;39,25059
4912260;33,36;51,64088;39,16197
8501997;66,37;51,61492;39,24134
5670000;32,4;51,67768;39,2764
4501215;20,7;51,6766;39,17552
9000000;85,9;51,646044;39,128907
5280071;62,59;51,0902207;40,031849
14289840;89,19;51,72168;39,18229
4193640;36,13;51,718755;39,150166
4405443;39,09;51,60916;39,37138
13696625;69,34;51,686039;39,228412
3645000;27,12;51,718755;39,150166
3911625;30,5;51,63587;39,25059
3666300;36,29;51,647951;39,315411
3557400;36,29;51,647951;39,315411
7915572;43,54;51,72542;39,18063
5765276;37,04;51,674317;39,403699
9710000;106,09;51,81536;39,14698
8241282;71,69;51,739372;39,315543
8378000;80,9;51,816565;39,148016
19998700;88,09;51,6733;39,20121
4978000;46,9;51,81536;39,14698
3960894;42,49;49,93932323;40,53511803
6117690;33,43;51,651;39,17766
7106400;65,8;51,72046049;39,13798552
9367442,5;67,02;51,692872;39,130697
8893500;84,69;51,72046049;39,13798552
6367920;40,56;51,71788;39,19044
5548760;37,24;51,64088;39,16197
6483607,5;78,9;51,61088;39,36799
11607920;65,59;51,66339;39,16472
10560000;54,79;51,666071;39,186478
3344807;20,29;51,669291;39,314332
5046660;47,61;51,54828;39,09313
4030000;36,29;51,685245;39,075692
4501215;20,7;51,67652;39,17553
11587816;59,16;51,64109;39,14988
5284636;45,11;51,674317;39,403699
5356000;41,52;51,718755;39,150166
6869400;64,19;51,72046049;39,13798552
4850000;43;51,68464;39,07713
11940533;38,63;51,65898;39,18725
4479470;20,6;51,6766;39,17552
5650000;39,7;51,69572;39,21061
4520000;40,5;51,68481;39,07371
12045800;46,33;51,6733;39,20121
5621541;33,4;51,70412;39,27386
4282600;38;51,60915;39,37122
6470000;57,9;51,68481;39,07371
7651901;88,27;51,0902207;40,031849
4816560;36,59;51,56919;39,12012
6983318;61,7;51,73916;39,31545
4181760;36,13;51,718755;39,150166
3179665;27,77;51,60978;39,381
11150715;46,72;51,699254;39,264036
7374564;50,58;51,68604;39,17548
4183800;22,02;51,65185;39,18399
4563300;37,09;51,618781;39,248545
3929529;28,82;51,73024;39,19846
5109400;43,29;51,739372;39,315543
6451497;41,15;51,73024;39,19846
4391100;35,7;51,618781;39,248545
4501215;20,7;51,67652;39,17553
3629200;21,1;51,569384;39,118105
3925284;28,81;51,714458;39,277214
2462949;19,6;49,93932323;40,53511803
6974935;43,72;51,65531;39,23815
6048150;66,09;51,647951;39,315411
7006064,3;53,5;51,73024;39,19846
6819660;43,79;51,66149;39,25248
9866203;67,05;51,78249;39,1896
4503000,5;30,01;51,73024;39,19846
5488612;58,54;51,0902207;40,031849
18060000;103,19;51,67768;39,2764
12410160;73,87;51,71033;39,23067
3881495;40,25;51,0902207;40,031849
7884720;55,91;51,64088;39,16197
4240158;41,15;51,0902207;40,031849
7181615;66,19;51,63616;39,27488
6867254;40,36;51,65185;39,18399
10372435;94,69;51,739372;39,315543
7274256;65,88;51,60978;39,381
3294230;20,2;51,61492;39,24134
7624122;65,08;51,67446;39,40254
3666223;23,64;51,65531;39,23815
8130923,2;53,88;51,71788;39,19044
16250723;74,73;51,699254;39,264036
6727600;55,59;51,67729;39,27827
11179200;109,59;51,75474;39,00362
9180000;74,87;51,69572;39,21061
7049350;38,5;51,66339;39,16472
9367718;63,2;51,70412;39,27386
11838180;38,2;51,65898;39,18725
4354200;35,4;51,618781;39,248545
5188833;41,9;51,63587;39,25059
3924585;40,81;51,0902207;40,031849
12755850;83,09;51,72535;39,18228
7049350;38,5;51,66339;39,16472
4480000;39,79;51,68481;39,07371
8660459;55,9;51,68598;39,176204
5200000;41,5;51,646044;39,128907
5133375;45,63;51,719593;39,145017
8655190;50,02;51,651;39,17766
3219000;21,36;51,718755;39,150166
4501215;20,7;51,6766;39,17552
6837300;64,19;51,72046049;39,13798552
7453759;65,47;51,67446;39,40254
9981840;65,66;51,71788;39,19044
8093647;50,4;51,70412;39,27386
9350055;42,9;51,653929;39,19561
10230600;59;51,66339;39,16472
9350055;42,9;51,653929;39,19561
11333220;54,2;51,653929;39,19561
7289073;60,38;51,574009;39,130905
9512300;88,9;51,91133;39,33017
3900075;22,35;51,65531;39,23815
2610600;22,79;51,60978;39,381
7859850;85,9;51,648217;39,315008
3346140;20,55;51,669291;39,314332
6845425;41,5;51,6401;39,18583
2062962;15,13;51,618985;39,247526
4295728;30,63;51,7203;39,13379
4819000;40,36;51,618781;39,248545
4526149;45,36;49,93932323;40,53511803
5478840;33,81;51,71788;39,19044
4084847;41,81;49,93932323;40,53511803
12346080;85,44;51,65531;39,23815
5044545;39,5;51,67729;39,27827
6028600;72,31;51,00177002;39,49718094
4129110;38,06;51,618781;39,248545
15926776;85,72;51,727726;39,195767
7655082;66,59;51,739372;39,315543
7274256;65,88;51,60978;39,381
11678212;77,8;51,70412;39,27386
17952656;91,98;51,727726;39,195767
6411705,4;43,97;51,65531;39,23815
6287500;50,29;51,701773;39,2062
7859850;85,9;51,647951;39,315411
14042252;92,01;51,68598;39,176204
4790240;36,4;51,56919;39,12012
9084142;91,52;51,36854087;42,11685414
16838428;62,31;51,698978;39,263224
10715790;65,54;51,71033;39,23067
3387668;20,54;51,669291;39,314332
11152060,8;79,16;51,6401;39,18583
8951389;91,52;51,36854087;42,11685414
4784650;43,29;51,91159;39,32979
6364505;38,68;51,65531;39,23815
8187200;73,09;51,67813873;39,16810989
5109400;43,29;51,739372;39,315543
13038060,6;101,58;51,65531;39,23815
8700000;77,8;51,68481;39,07371
3996918;30,29;51,63587;39,25059
4488795;20,7;51,6766;39,17552
6994636;61,79;51,739378;39,314012
12082392;73,36;51,728933;39,197652
9365100;58,9;51,71033;39,23067
12412070;42,58;51,65898;39,18725
11032278;63,65;51,727726;39,195767
12406899,2;91,12;51,71788;39,19044
8494220;51,16;51,727726;39,195767
5535200;59,2;51,648217;39,315008
11453884;71,3;51,72542;39,18063
13131523,4;101,58;51,65531;39,23815
4480000;39,9;51,68481;39,07371
5107200;45,59;51,91133;39,33017
12331170;83,8;51,6401;39,18583
4914900;38,09;51,6327;39,29841
10990000;62,79;51,67732;39,2766
3445453;20,64;51,669291;39,314332
3996918;30,29;51,63587;39,25059
4405443;39,09;51,60916;39,37138
4790240;36,4;51,56919;39,12012
4748040;39,59;51,674317;39,403699
5310900;56,2;51,648217;39,315008
3412083;20,45;51,669291;39,314332
7250000;58;51,67729;39,27827
5069980;47,83;51,54828;39,09313
4772200;44,59;51,72046049;39,13798552
10464000;60;51,66339;39,16472
7087500;40,5;51,67768;39,2764
9314415;66,76;51,692872;39,130697
5221000;45,4;51,91159;39,32979
5350000;47,29;51,68464;39,07713
9000000;85,9;51,646044;39,128907
3526000;20,5;51,569384;39,118105
8956000;88;51,81536;39,14698
3911721;37,29;51,63616;39,27488
5165041;45,83;51,60978;39,381
12404106;55,56;51,698978;39,263224
6960682;61,5;51,739378;39,314012
4488795;20,7;51,67652;39,17553
7889250;47,09;51,65185;39,18399
17519160;80,4;51,653929;39,19561
2874875;21,1;51,739378;39,314012
12217627;88,69;51,646044;39,128907
3655477;38,08;51,0902207;40,031849
9285738;65,66;51,692872;39,130697
4703650;24,92;51,6401;39,18583
8277577;77,98;51,674317;39,403699
2568159;19,6;49,93932323;40,53511803
3666223;23,64;51,65531;39,23815
4596659;38,79;51,739372;39,315543
3402072;20,38;51,669291;39,314332
5619350;60,09;51,647951;39,315411
13417550;63,5;51,653929;39,19561
9994240;78,08;51,7203;39,13379
8219160;57,79;51,76077;39,17925
7745300;53,04;51,69545;39,20925
5910891,7;47,11;51,574009;39,130905
21542400;97,91;51,6733;39,20121
3906740;34,11;51,60978;39,381
6099600;55,25;51,60916;39,37138
9400000;90,69;51,646044;39,128907
13001625;44,45;51,65898;39,18725
4928772;39,79;51,63587;39,25059
3881550;33,9;51,60978;39,381
9120500;62,9;51,71779;39,18906
3881550;33,9;51,60978;39,381
7854000;71,4;51,701773;39,2062
4249260;39,7;51,618781;39,248545
4941640;40,84;51,674317;39,403699
7850700;47,58;51,69545;39,20925
9468018;64,54;51,651;39,17766
6444474;61;51,36854087;42,11685414
3033844;36,29;51,61088;39,36799
4060000;36,59;51,685245;39,075692
8676388;62,5;51,64088;39,16197
10180080;32,4;51,65898;39,18725
12217627;88,69;51,646044;39,128907
5268900;54,59;51,647951;39,315411
18177842;86,31;51,699254;39,264036
6814989;43,77;51,651;39,17766
5369000;41,52;51,718755;39,150166
6920001;40,66;51,65185;39,18399
5893217;31,14;51,783418;39,190156
8617350;84,9;51,72046049;39,13798552
5518800;51,09;51,546935;39,092706
10639481;44,95;51,699254;39,264036
11506746;63,81;51,727726;39,195767
4914900;38,09;51,6327;39,29841
9863265;57,9;51,67652;39,17553
6303090;59,29;49,93932323;40,53511803
4945548;37,81;51,714458;39,277214
5401818;43,18;51,720427;39,14657
3966172;30,29;51,63587;39,25059
4850000;43;51,68464;39,07713
4831841;50,22;51,0902207;40,031849
5901750;64,5;51,648217;39,315008
5121200;43,4;51,739372;39,315543
4945000;62,36;51,00177002;39,49718094
3737949;38,13;51,0902207;40,031849
4035575;41,66;49,93932323;40,53511803
4484480;36,4;51,67058;39,31567
3033844;36,29;51,61088;39,36799
3574890;20,7;51,56919;39,12012
4501215;20,7;51,6766;39,17552
2575158;19,6;49,93932323;40,53511803
6287500;50,29;51,701773;39,2062
9038823;44,72;51,64109;39,14988
12755850;83,09;51,72535;39,18228
9887500;56,5;51,67768;39,2764
5152000;44,79;51,91159;39,32979
4978000;46,9;51,81536;39,14698
4480000;40;51,68481;39,07371
5940000;60;51,637237;39,27248
7355450;46,84;51,71788;39,19044
5324800;42,11;51,718755;39,150166
7073500;65,8;51,72046049;39,13798552
6078894;41,47;51,64088;39,16197
4148335;36,22;51,60978;39,381
4565477;40,5;51,60916;39,37138
9313344;66,59;51,71788;39,19044
4599400;39,83;51,618985;39,247526
13190663;77,45;51,72542;39,18063
13455633;67,76;51,64086;39,15054
11653840;76,66;51,71788;39,19044
5209727;62,59;51,0902207;40,031849
11648742;64,58;51,78249;39,1896
7893088;46,75;51,6401;39,18583
17432000;80;51,653929;39,19561
3395398;20,35;51,669291;39,314332
8634210;51,09;51,727726;39,195767
5110000;46;51,685245;39,075692
8241997;31,37;51,65898;39,18725
13406800;121,87;51,67813873;39,16810989
6492610,2;43,97;51,65531;39,23815
5388535;58,54;51,0902207;40,031849
10187268;69,16;51,66149;39,25248
4771609;48,91;51,0902207;40,031849
4680000;41,9;51,91159;39,32979
9504565;61,29;51,6401;39,18583
18112500;103,5;51,67768;39,2764
10807998;64,41;51,727726;39,195767
26136000;118,8;51,654467;39,201762
4764000;39,7;51,91159;39,32979
5946866,2;48,52;51,574009;39,130905
14948670;53,34;51,65898;39,18725
5641890;30,82;51,651;39,17766
4730631;38,2;51,63587;39,25059
9416736;62,27;51,66149;39,25248
8290258;52,66;51,73024;39,19846
6994636;61,79;51,739378;39,314012
4260240;38,79;51,618781;39,248545
2847625;20,89;51,73916;39,31545
7030100;38,5;51,66339;39,16472
3531240;20,39;51,569384;39,118105
5388520;42,79;51,569384;39,118105
10817379;52,65;51,699254;39,264036
6551438,4;39,86;51,6401;39,18583
4114000;24,2;51,69545;39,20925
7404714;40,72;51,727726;39,195767
10300000;65,33;51,63666;39,23633
3881550;33,9;51,60978;39,381
6452157,8;43,97;51,65531;39,23815
9940920;88,59;51,67446;39,40254
4676705;36,97;51,67446;39,40254
4862200;30,2;51,71788;39,19044
9648765;46,18;51,64109;39,14988
5242760;49,45;51,54828;39,09313
6451497;41,15;51,73024;39,19846
4874254;40,84;51,67446;39,40254
4634674,8;31,29;51,71788;39,19044
3219000;21,36;51,718755;39,150166
4205520;36,13;51,718755;39,150166
11589480;107,3;51,67813873;39,16810989
4874254;40,84;51,67446;39,40254
12167190;80,09;51,71991;39,18952
4575000;39,83;51,618985;39,247526
15240570;57,15;51,67366;39,19767
3179665;27,77;51,60978;39,381
5046660;47,61;51,54828;39,09313
5180620;43,09;51,67058;39,31567
6112848;55,36;51,60916;39,37138
4360064,5;34,2;51,574009;39,130905
10048948;69,16;51,66149;39,25248
8009726;43,56;51,78249;39,1896
5077038,5;29,17;51,73024;39,19846
9533700;57,77;51,68598;39,176204
7960164;47,47;51,72542;39,18063
7451746;88,27;51,0902207;40,031849
5172255;42,56;51,63616;39,27488
4408852;38,29;51,74031;39,31684
7176200;67,69;51,72046049;39,13798552
6225173;70;51,0902207;40,031849
7052718;41,45;51,65185;39,18399
18458702;65,41;51,65898;39,18725
5401110;42,9;51,569384;39,118105
6750000;60,29;51,68481;39,07371
4819000;39,5;51,618781;39,248545
5956000;35,5;51,70412;39,27386
5465600;42,11;51,718755;39,150166
17870496;62,88;51,65898;39,18725
3275883;23,79;51,574009;39,130905
10891320;73,58;51,71788;39,19044
6545880;38,27;51,731404;39,194879
9223400;86,19;51,75436;39,00293
7210000;64,3;51,68481;39,07371
9897925;69,94;51,692872;39,130697
4808700;41,52;51,718755;39,150166
5316011;65,62;51,0902207;40,031849
8213445;49,33;51,783418;39,190156
5491200;42,59;51,718755;39,150166
7655082;66,59;51,739372;39,315543
5937250;63,5;51,648217;39,315008
8076686;42,22;51,72542;39,18063
4446204;25,81;51,73024;39,19846
3581520;37,88;49,93932323;40,53511803
2678520;26,26;51,54828;39,09313
8032696;53,47;51,692872;39,130697
2825000;22,32;51,618781;39,248545
7030400;67,59;51,72046049;39,13798552
11307114;70,98;51,72542;39,18063
6112848;55,36;51,60916;39,37138
5080000;39,9;51,646044;39,128907
6783650;64,3;51,72046049;39,13798552
6920001;40,66;51,65185;39,18399
3687981;23,64;51,65531;39,23815
5069980;47,83;51,54828;39,09313
3925284;28,81;51,714458;39,277214
12156792;68,05;51,723514;39,180801
11179200;109,59;51,75435;39,00428
5228820;41,4;51,56919;39,12012
5325056;43;51,63587;39,25059
17266986;78,16;51,698978;39,263224
5424930;32,7;51,66149;39,25248
5496784;47,09;51,739378;39,314012
11210468;45,88;51,65898;39,18725
5272200;43,5;51,67058;39,31567
5623590;30,72;51,651;39,17766
7052718;41,45;51,65185;39,18399
4411764;25,62;51,73024;39,19846
5223720;43,09;51,67058;39,31567
5080995;30,85;51,651;39,17766
9708495;69,76;51,67446;39,40254
5081562,5;28,75;51,73024;39,19846
9604250;90,19;51,74031;39,31684
4488795;20,7;51,6766;39,17552
5067819;30,77;51,651;39,17766
6534900;54,79;51,63587;39,25059
18500625;98,66;51,686039;39,228412
3631500;27,12;51,718755;39,150166
4432734,8;28,51;51,71788;39,19044
17138270;60,04;51,65898;39,18725
7521800;88,27;51,0902207;40,031849
4099519;38,47;51,36854087;42,11685414
13566607,5;91,44;51,6401;39,18583
6099600;55,25;51,60915;39,37122
9863265;57,9;51,67652;39,17553
10208280;58,2;51,66339;39,16472
3565860;20,6;51,569384;39,118105
7632094;66,4;51,739372;39,315543
4660920;42,79;51,618781;39,248545
4790240;36,4;51,56919;39,12012
14952000;106,8;51,812668;39,225469
4282600;38;51,60916;39,37138
12230459;69,02;51,72542;39,18063
3680000;33,09;51,685245;39,075692
3980000;35,9;51,685245;39,075692
4660000;42;51,685245;39,075692
3574890;20,7;51,56919;39,12012
5473443;46,9;51,739378;39,314012
4717500;42,5;51,72046049;39,13798552
4405443;39,09;51,60916;39,37138
10789508;52,52;51,699254;39,264036
9799483;46,56;51,64109;39,14988
5465600;42,11;51,718755;39,150166
6409480;41,61;51,71788;39,19044
5524038;33,54;51,651;39,17766
7928325;63,29;51,56919;39,12012
10097360;66,43;51,71788;39,19044
7912000;93,65;51,00177002;39,49718094
4488795;20,7;51,67652;39,17553
7011840;38,4;51,66339;39,16472
10854380,8;77,62;51,71788;39,19044
4010040;33,84;51,574009;39,130905
3224320;28,15;51,60978;39,381
5250946;48,52;51,574009;39,130905
10936600;73,4;51,675248;39,275346
14420000;82,4;51,67732;39,2766
9590741;88,9;51,739372;39,315543
8200000;73,8;51,685245;39,075692
10531500;100,3;51,701773;39,2062
10513491;64,62;51,72542;39,18063
8895950;49;51,66339;39,16472
5180620;43,09;51,67058;39,31567
5223439;39;51,73024;39,19846
7683000;74,8;51,81536;39,14698
8165863;30,97;51,65898;39,18725
12015213;88,69;51,646044;39,128907
8700000;77,8;51,68481;39,07371
4997890;39,4;51,67729;39,27827
6492528;41,04;51,68604;39,17548
3402072;20,38;51,669291;39,314332
5881220;37,45;51,71788;39,19044
7295479;41,52;51,783418;39,190156
5954960;40,4;51,76077;39,17925
8107500;70,5;51,91159;39,32979
8704500;82,9;51,72046049;39,13798552
6097725;39,65;51,73024;39,19846
4501215;20,7;51,6766;39,17552
4874490;36,9;51,56919;39,12012
3294230;20,2;51,61492;39,24134
5175900;42,59;51,63616;39,27488
8700000;77,8;51,68481;39,07371
9596690;70,09;51,76077;39,17925
9484429,5;70,48;51,6401;39,18583
4205520;36,13;51,718755;39,150166
8760000;78,5;51,68481;39,07371
7321360;42,31;51,651;39,17766
8956850;78,5;51,67058;39,31567
7695150;84,09;51,648217;39,315008
3557515;31,06;51,60978;39,381
7089000;69,5;51,72046049;39,13798552
13609740;65,4;51,653929;39,19561
11179200;109,59;51,7542;39,00427
4517100;47,79;51,648217;39,315008
4282600;38;51,60916;39,37138
5645550;30,85;51,651;39,17766
12342780;80,19;51,72535;39,18228
9884275;89,41;51,674317;39,403699
8234000;71,59;51,91159;39,32979
13650504,6;107,12;51,65531;39,23815
4061322;41,36;51,0902207;40,031849
3687981;23,64;51,65531;39,23815
5356000;41,52;51,718755;39,150166
2935835;20,89;51,739372;39,315543
5553359;48,7;51,36846557;42,11676512
7859850;85,9;51,647951;39,315411
6994636;61,79;51,739378;39,314012
3395398;20,35;51,669291;39,314332
10877538;66,56;51,728933;39,197652
4501215;20,7;51,6766;39,17552
4951880;28,79;51,731404;39,194879
10978617;64,08;51,727726;39,195767
5452800;42,11;51,718755;39,150166
4932562;48,72;51,0902207;40,031849
4526200;38,06;51,618781;39,248545
6756390;36,9;51,67652;39,17553
7103650;45,83;51,62744;39,32813
6117690;33,43;51,651;39,17766
9749350;68,9;51,692872;39,130697
5616600;30,36;51,71033;39,23067
7017500;40,09;51,67768;39,2764
11390833,2;72,91;51,6401;39,18583
19224465;93,3;51,653929;39,19561
6094816;54,08;51,60978;39,381
4565477;40,5;51,60915;39,37122
7237500;57,9;51,67729;39,27827
8117975;88,59;51,619367;39,382813
5310900;56,2;51,647951;39,315411
13764844;86,08;51,72542;39,18063
9633894;89,3;51,739372;39,315543
6867190;38,29;51,72535;39,18228
13089562;45,22;51,65898;39,18725
7169950;74,3;51,648217;39,315008
5901750;64,5;51,647951;39,315411
14287669;57,4;51,67366;39,19767
9834240;59,09;51,72535;39,18228
11607920;65,59;51,66339;39,16472
4501215;20,7;51,67652;39,17553
5571665;59,59;51,66113;39,279135
4694558;40,84;51,674317;39,403699
8469230,17;59,5;51,614616;39,240535
13996155;90,58;51,728933;39,197652
8174880;72,98;51,67813873;39,16810989
6000000;53,9;51,685245;39,075692
10139798,4;72,51;51,71788;39,19044
4768905;57,7;51,61088;39,36799
4380233;42,5;51,0902207;40,031849
9224989;60,09;51,646044;39,128907
5043060;42,45;51,674317;39,403699
9459450;42,9;51,653929;39,19561
7040600;65,8;51,72046049;39,13798552
9817600;59;51,72535;39,18228
2608310;22,78;51,60978;39,381
31957600;148,63;51,6847;39,22139
7854000;71,4;51,701773;39,2062
9689688;68,43;51,692872;39,130697
3092760;28,39;51,637237;39,27248
9340220;71,59;51,64088;39,16197
2386944;23,3;51,547415;39,091735
3300570;20,28;51,669291;39,314332
4565477;40,5;51,60916;39,37138
4488795;20,7;51,67652;39,17553
11585502;59,16;51,64058;39,15117
2847625;20,89;51,73916;39,31545
5774328;41,04;51,68604;39,17548
7166205;43,83;51,65531;39,23815
11185680;73,58;51,71788;39,19044
9601610;65,54;51,71033;39,23067
6020700;65,8;51,648217;39,315008
4565477;40,5;51,60915;39,37122
12789090;83,09;51,72535;39,18228
8717100;73,5;51,56919;39,12012
10372435;94,69;51,739372;39,315543
4629890;21,39;51,6766;39,17552
14612520;90,48;51,728933;39,197652
15055370;53,34;51,65898;39,18725
12529050;82,69;51,71991;39,18952
4800000;42,79;51,68464;39,07713
5479302;63,86;51,0902207;40,031849
3906740;34,11;51,60978;39,381
8394761;90,18;49,93932323;40,53511803
4295728;30,63;51,7203;39,13379
19317765;93,3;51,653929;39,19561
6020700;65,8;51,648217;39,315008
7695150;84,09;51,648217;39,315008
5297820;30,36;51,71033;39,23067
2076624;15,13;51,618985;39,247526
5473443;46,9;51,739378;39,314012
7301896;43,56;51,783418;39,190156
12498750;82,5;51,71991;39,18952
4831841;50,22;51,0902207;40,031849
9185550;55,66;51,728933;39,197652
4501215;20,7;51,67652;39,17553
4850000;43;51,68464;39,07713
12053000;70,9;51,654467;39,201762
3299600;22,6;51,61492;39,24134
6986100;63,79;51,72046049;39,13798552
9167616;62,27;51,66149;39,25248
4596659;38,79;51,739372;39,315543
3470000;31,2;51,685245;39,075692
4675840;44,95;51,54828;39,09313
8800000;85,9;51,646044;39,128907
3574890;20,7;51,56919;39,12012
3371183;20,45;51,669291;39,314332
5619350;60,09;51,648217;39,315008
17900000;81,52;51,67064;39,22223
7211160;66,76;51,54828;39,09313
11716614;80,86;51,651;39,17766
8942500;51,09;51,67768;39,2764
11016194;72,19;51,68598;39,176204
4231770;36,34;51,36854087;42,11685414
4919178;40,84;51,67446;39,40254
5268900;54,59;51,647951;39,315411
4921500;51;51,647951;39,315411
5342111;47,56;51,574009;39,130905
5177200;40;51,67729;39,27827
3630640;34,9;51,54828;39,09313
9293564;60,09;51,646044;39,128907
10325588;69,16;51,66149;39,25248
5612610;30,67;51,651;39,17766
8605262,5;54,54;51,73024;39,19846
6503360,5;38,63;51,6401;39,18583
10150080;58,2;51,66339;39,16472
3219840;30,95;51,54828;39,09313
12920723;54,25;51,65898;39,18725
5157250;29,46;51,731404;39,194879
6099600;55,25;51,60916;39,37138
4480000;40;51,68481;39,07371
8893500;84,69;51,72046049;39,13798552
4244900;24,96;51,69545;39,20925
2797860;27,43;51,54828;39,09313
5054372;45,91;49,93932323;40,53511803
3057600;31,2;51,647951;39,315411
2897795;23,09;51,574009;39,130905
7087500;40,5;51,67768;39,2764
7052905;59,09;51,63587;39,25059
9224989;60,09;51,646044;39,128907
2874875;21,1;51,739378;39,314012
6365905;41,15;51,73024;39,19846
6221659;39,41;51,78249;39,1896
4919200;62,36;51,00177002;39,49718094
13925900;88,69;51,71779;39,18906
12125640;81,93;51,71788;39,19044
6228929;55,27;51,60978;39,381
5395698;41,22;51,674317;39,403699
6582400;54,4;51,67729;39,27827
3574890;20,7;51,569384;39,118105
8637400;45,45;51,727726;39,195767
5069980;47,83;51,54828;39,09313
5914295;31,2;51,783418;39,190156
12206795;55,43;51,723514;39,180801
5476275;33,25;51,651;39,17766
7200000;64,5;51,68464;39,07713
5384800;50,79;51,72046049;39,13798552
4984665;32,74;51,64088;39,16197
7210000;64,3;51,68481;39,07371
16613394;91,98;51,727726;39,195767
7210035;43,83;51,65531;39,23815
2610600;22,79;51,60978;39,381
2884050;21,36;51,718755;39,150166
7041650;38,5;51,66339;39,16472
4587200;39,83;51,618985;39,247526
9905000;56,59;51,67768;39,2764
4890900;28,77;51,69545;39,20925
7891203;43,88;51,72542;39,18063
11779300;69,29;51,6847;39,22139
6851100;55,7;51,67729;39,27827
4488795;20,7;51,6766;39,17552
6112848;55,36;51,60915;39,37122
9863265;57,9;51,67652;39,17553
3092760;28,39;51,637237;39,27248
7041650;38,5;51,66339;39,16472
3338213;20,25;51,669291;39,314332
4663461,6;31,29;51,71788;39,19044
2874875;21,1;51,739378;39,314012
4541248,8;30,46;51,71788;39,19044
4585750;41,5;51,72046049;39,13798552
4699310;35,9;51,56919;39,12012
3164000;22,6;51,61492;39,24134
10187919;70,3;51,651;39,17766
8687991;49,29;51,699254;39,264036
8919484;43,95;51,72542;39,18063
4501215;20,7;51,6766;39,17552
4520880;36,4;51,67058;39,31567
6262500;50,09;51,701773;39,2062
4765159;45,91;49,93932323;40,53511803
10062453;38,2;51,65898;39,18725
7094182;67,19;51,74031;39,31684
8861910;49,79;51,72168;39,18229
6112848;55,36;51,60916;39,37138
3565860;20,6;51,569384;39,118105
18112500;103,5;51,67768;39,2764
6974935;43,72;51,65531;39,23815
12184646;89,98;51,64088;39,16197
9710000;106,09;51,81536;39,14698
3680000;33,09;51,685245;39,075692
15507182;64,41;51,65898;39,18725
13386586;64,98;51,64086;39,15054
3179665;27,77;51,60978;39,381
6851727;72,33;51,0902207;40,031849
5901750;64,5;51,648217;39,315008
13595760;82,8;51,66339;39,16472
9194824;60,29;51,70412;39,27386
8212800;51,33;51,69545;39,20925
4478445;20,7;51,6766;39,17552
8234000;71,59;51,91159;39,32979
6651428;38,91;51,692872;39,130697
2874875;21,1;51,739378;39,314012
9697965;62,77;51,65531;39,23815
8015400;87,59;51,647951;39,315411
12406899,2;91,12;51,71788;39,19044
4626024;39,4;51,739372;39,315543
4655894;39,29;51,739372;39,315543
12405180;76,19;51,72542;39,18063
9290270,4;65,36;51,65531;39,23815
6378900;38,65;51,69545;39,20925
6880100;64,3;51,72046049;39,13798552
12942049,4;101,56;51,65531;39,23815
4565477;40,5;51,60916;39,37138
4254450;25,1;51,65531;39,23815
3402072;20,38;51,669291;39,314332
4481050;41,29;51,72046049;39,13798552
9400000;48,75;51,666071;39,186478
5421980;43,09;51,56919;39,12012
9753048;31,13;51,65898;39,18725
9635562,5;67,02;51,692872;39,130697
3687981;23,64;51,65531;39,23815
11458558;44,52;51,65898;39,18725
10187919;70,3;51,651;39,17766
4939988;48,4;51,36846557;42,11676512
3736700;23,64;51,66149;39,25248
8606400;53,79;51,69545;39,20925
3903565;22,37;51,65531;39,23815
7017500;40,09;51,67768;39,2764
8210000;59,9;51,69572;39,21061
9535753;46,18;51,64109;39,14988
7355450;46,84;51,71788;39,19044
4732000;36,4;51,569384;39,118105
12313440;81,59;51,71991;39,18952
3548550;20,5;51,569384;39,118105
5388520;42,79;51,569384;39,118105
3666300;36,29;51,647951;39,315411
8088205;62,59;51,73916;39,31545
10187919;70,3;51,651;39,17766
8356366;53,09;51,68598;39,176204
5619350;60,09;51,648217;39,315008
12379850;81,5;51,71991;39,18952
9400000;90,69;51,646044;39,128907
13038060,6;101,58;51,65531;39,23815
5641890;30,82;51,651;39,17766
5080000;39,9;51,646044;39,128907
12182380;80,19;51,71991;39,18952
4501700;41,29;51,72046049;39,13798552
5630910;30,77;51,651;39,17766
6576000;54,79;51,63587;39,25059
7169950;74,3;51,647951;39,315411
9310000;53,2;51,677954;39,275797
5054420;39,5;51,56919;39,12012
3224320;28,15;51,60978;39,381
11943008;73,36;51,728933;39,197652
4288346;31,03;51,714458;39,277214
6944842;78,73;51,0902207;40,031849
4405443;39,09;51,60916;39,37138
5395400;50,9;51,72046049;39,13798552
6962800;67,59;51,72046049;39,13798552
4665141;39,29;51,739372;39,315543
3490041;25,54;51,574009;39,130905
17519160;80,4;51,653929;39,19561
9467914,5;68,08;51,692872;39,130697
12582500;71,9;51,677954;39,275797
8861910;49,79;51,72168;39,18229
4682623;28,56;51,674317;39,403699
13247520;62,4;51,653929;39,19561
5588495;59,77;51,66113;39,279135
10837644,5;71,23;51,6401;39,18583
10091880;58,2;51,66339;39,16472
9666443;46,18;51,64058;39,15117
3592335;37,38;49,93932323;40,53511803
8015400;87,59;51,648217;39,315008
9834315;57,9;51,67652;39,17553
8404800;52,52;51,69545;39,20925
5248700;35,95;51,69545;39,20925
4970070;44,09;51,60978;39,381
5062322;39,79;51,67729;39,27827
4907520;42,13;51,718755;39,150166
9913030;64,58;51,67457;39,16875
7732978;68,86;51,63616;39,27488
5310219;62,59;51,0902207;40,031849
5343000;41,52;51,718755;39,150166
3548550;20,5;51,569384;39,118105
4488795;20,7;51,67652;39,17553
4156689;40,95;51,0902207;40,031849
13142265;83,09;51,664464;39,252986
4667741;39,4;51,739372;39,315543
5400585;27,9;51,71033;39,23067
6327360;40,56;51,71788;39,19044
2610600;22,79;51,60978;39,381
18670563;86,04;51,699254;39,264036
9165187,2;64,48;51,65531;39,23815
4951880;28,79;51,731404;39,194879
4561700;28,6;51,67729;39,27827
6774825;43,84;51,68604;39,17548
8721960;55,9;51,68598;39,176204
4717905;39,52;51,674317;39,403699
5223439;39;51,73024;39,19846
4577650;28,7;51,67729;39,27827
4501215;20,7;51,6766;39,17552
9702271,39;71,55;51,614616;39,240535
4614400;41,2;51,72046049;39,13798552
4490800;41,2;51,72046049;39,13798552
5141815;21,7;51,72168;39,18229
2935835;20,89;51,739372;39,315543
14334440;89,19;51,72168;39,18229
7810000;62,18;51,69572;39,21061
6099600;55,25;51,60916;39,37138
11896717,5;79,7;51,66149;39,25248
4856040;36,9;51,56919;39,12012
5882485;25,86;51,698978;39,263224
4526550;47,9;51,647951;39,315411
4750000;42,29;51,68464;39,07713
5273600;42,11;51,718755;39,150166
8700000;77,8;51,68481;39,07371
5356000;41,52;51,718755;39,150166
3275382;24,98;51,36854087;42,11685414
3210000;28,79;51,685245;39,075692
5306730;42,9;51,569384;39,118105
7165600;67,59;51,72046049;39,13798552
10992196,8;80,73;51,71788;39,19044
7087500;40,5;51,67768;39,2764
3179665;27,77;51,60978;39,381
9899250;59,09;51,72535;39,18228
4680000;41,9;51,91159;39,32979
7210000;64,3;51,68481;39,07371
2884050;21,36;51,718755;39,150166
10204636;67,66;51,692872;39,130697
2076624;15,13;51,618985;39,247526
6740000;38,9;51,63858;39,15943
12356750;80,5;51,72535;39,18228
13232474;45,4;51,65898;39,18725
5587484;65,62;51,0902207;40,031849
4920300;42,59;51,63616;39,27488
4967398;39,79;51,63587;39,25059
9590741;88,9;51,739372;39,315543
3630640;34,9;51,54828;39,09313
12346080;85,44;51,65531;39,23815
4825836;36,22;51,714458;39,277214
5552815;37,4;51,78601;39,18858
9680000;58,7;51,63858;39,15943
4978000;46,9;51,81536;39,14698
14334440;89,19;51,72168;39,18229
6580200;39,88;51,69545;39,20925
7096512;64,27;51,60978;39,381
4660000;42;51,685245;39,075692
5310900;56,2;51,647951;39,315411
2874875;21,1;51,739378;39,314012
15735560;64,48;51,653969;39,177769
7193494;61,7;51,739372;39,315543
5066407;42,45;51,674317;39,403699
4953084;26,47;51,6401;39,18583
4526200;38,06;51,618781;39,248545
3179665;27,77;51,60978;39,381
3666300;36,29;51,647951;39,315411
7274250;45;51,6401;39,18583
2847625;20,89;51,73916;39,31545
4488795;20,7;51,67652;39,17553
9285738;65,66;51,692872;39,130697
12136810;79,9;51,71991;39,18952
4479470;20,6;51,67652;39,17553
8465000;62,08;51,69572;39,21061
7097450;45,79;51,62787;39,32788
6138141,7;41,88;51,64088;39,16197
11276028;85,06;51,67446;39,40254
4280320;33,43;51,574009;39,130905
7052718;41,45;51,65185;39,18399
8234000;71,59;51,91159;39,32979
6814989;43,77;51,651;39,17766
4553080;40,4;51,60916;39,37138
4238280;38,59;51,618781;39,248545
4280156;42,5;51,0902207;40,031849
5356000;41,52;51,718755;39,150166
6454024,5;78,54;51,61088;39,36799
5694000;44,38;51,718755;39,150166
5684800;60,79;51,648217;39,315008
7630020;43,65;51,727726;39,195767
3574890;20,7;51,56919;39,12012
6920001;40,66;51,65185;39,18399
9105326;62,11;51,68604;39,17548
9781992;71,59;51,65531;39,23815
9512300;88,9;51,91133;39,33017
12412070;42,58;51,65898;39,18725
3179665;27,77;51,60978;39,381
4028445;41,66;49,93932323;40,53511803
2172258;16,71;51,618781;39,248545
6116300;39,45;51,62787;39,32788
8910200;59,79;51,675248;39,275346
6750000;60,29;51,68481;39,07371
4800000;42,79;51,68464;39,07713
7963125;68,5;51,63587;39,25059
13595760;82,8;51,66339;39,16472
6555808;41,43;51,68604;39,17548
4629890;21,39;51,67652;39,17553
4800239;41,7;51,74031;39,31684
6530962;55,09;51,63587;39,25059
4914900;38,09;51,6327;39,29841
6114597;35,79;51,70412;39,27386
7726764,1;54,4;51,73024;39,19846
3398300;19,98;51,69545;39,20925
3920000;35,2;51,685245;39,075692
4475096;45,54;49,93932323;40,53511803
7655082;66,59;51,739372;39,315543
5684800;60,79;51,647951;39,315411
4565477;40,5;51,60916;39,37138
12313700;71,8;51,71033;39,23067
7704300;84,19;51,647951;39,315411
5453217;33,11;51,651;39,17766
6993226;59;51,63587;39,25059
5304600;29,46;51,731404;39,194879
7068882;61,5;51,739372;39,315543
7576504;52,59;51,73024;39,19846
4817800;43,59;51,91159;39,32979
4356161;39,77;51,36846557;42,11676512
4589995;38,4;51,63616;39,27488
5259826;45,11;51,674317;39,403699
7223472;65,43;51,60978;39,381
9944544,5;68,08;51,692872;39,130697
8130923,2;53,88;51,71788;39,19044
5632740;30,78;51,651;39,17766
13231749;64,98;51,64086;39,15054
4488795;20,7;51,6766;39,17552
4169880;36,13;51,718755;39,150166
6974935;43,72;51,65531;39,23815
4889329;44,56;51,574009;39,130905
7298424;62,59;51,739372;39,315543
2610600;22,79;51,60978;39,381
7082160;64,15;51,60978;39,381
10186600;96,09;51,75436;39,00293
6167768;36,09;51,70412;39,27386
11133300;62,9;51,64722698;39,1836482
4600998;35,9;51,63587;39,25059
5645550;30,85;51,651;39,17766
6177114;43,79;51,66149;39,25248
4452300;26,19;51,69545;39,20925
3210000;28,89;51,685245;39,075692
3402072;20,38;51,669291;39,314332
9708495;69,76;51,67446;39,40254
7011840;38,4;51,66339;39,16472
3033844;36,29;51,61088;39,36799
5234635;58,77;51,0902207;40,031849
4816560;36,59;51,56919;39,12012
4118040;38,06;51,618781;39,248545
3574890;20,7;51,56919;39,12012
3694080;35,52;51,54828;39,09313
4768905;57,7;51,61088;39,36799
10340000;70,19;51,63858;39,15943
12789090;83,09;51,72535;39,18228
8046192;74,63;51,63616;39,27488
4600998;35,9;51,63587;39,25059
5949306;72,12;51,0902207;40,031849
6948480;36,18;51,71033;39,23067
4767704;38,2;51,63587;39,25059
2935835;20,89;51,739372;39,315543
7177868;71,19;49,93925258;40,5359376
7028785;59,29;51,63587;39,25059
13479302;80,05;51,723514;39,180801
12475922;51,4;51,65898;39,18725
5517141;65,62;51,0902207;40,031849
7845000;48,45;51,63191986;39,17570877
5246257,5;30,25;51,73024;39,19846
4599400;39,83;51,618985;39,247526
9403011;44,72;51,64109;39,14988
8628476;48,38;51,72542;39,18063
8187200;73,09;51,67813873;39,16810989
2703000;26,5;51,54828;39,09313
4808440;36,4;51,56919;39,12012
7913544;51,31;51,66149;39,25248
7277312;45,84;51,73024;39,19846
11961488;74,48;51,728933;39,197652
7221438;46,47;51,66149;39,25248
12387450;80,69;51,72535;39,18228
6430000;57,5;51,68481;39,07371
10170000;60;51,72535;39,18228
5630910;30,77;51,651;39,17766
10187919;70,3;51,651;39,17766
7371944;59,25;51,61492;39,24134
4565477;40,5;51,60916;39,37138
12135150;80,09;51,71991;39,18952
5272200;43,5;51,67058;39,31567
4282600;38;51,60915;39,37122
7963125;68,5;51,63587;39,25059
5640060;30,81;51,651;39,17766
7859850;85,9;51,648217;39,315008
4159785;36,33;51,60978;39,381
9223042,5;56,66;51,6401;39,18583
4675840;44,95;51,54828;39,09313
4585750;41,5;51,72046049;39,13798552
11607920;65,59;51,66339;39,16472
9167191;44,72;51,64058;39,15117
4060209;41,88;51,0902207;40,031849
5298461,7;47,11;51,574009;39,130905
6731617;36,47;51,783418;39,190156
3655477;38,08;51,0902207;40,031849
6377168;41,09;51,68604;39,17548
11441242;59,16;51,64058;39,15117
4461743;41,5;51,36854087;42,11685414
4086633;40,95;51,0902207;40,031849
14200640;89,19;51,72168;39,18229
7052718;41,45;51,65185;39,18399
3513930;20,29;51,569384;39,118105
8363355;77,98;51,674317;39,403699
11585753;77;51,70412;39,27386
5452800;42,11;51,718755;39,150166
3557620;20,6;51,56919;39,12012
6910600;63,4;51,72046049;39,13798552
7274256;65,88;51,60978;39,381
4200000;37,79;51,685245;39,075692
4978000;46,9;51,81536;39,14698
5656530;30,9;51,651;39,17766
5401110;42,9;51,569384;39,118105
7158500;69,5;51,72046049;39,13798552
10097360;66,43;51,71788;39,19044
9480000;57,93;51,63666;39,23633
18802643;78,88;51,65898;39,18725
4768905;57,7;51,61088;39,36799
10860000;60;51,664464;39,252986
4200000;37,79;51,685245;39,075692
4284371;37,02;51,574009;39,130905
8143200;50,7;51,70412;39,27386
2062962;15,13;51,618985;39,247526
4269076;37,88;51,60916;39,37138
12571650;81,9;51,72535;39,18228
4018957;41,66;49,93932323;40,53511803
6838800;55,59;51,67729;39,27827
7212228;43,86;51,68598;39,176204
4808440;36,4;51,56919;39,12012
7572210;43,77;51,651;39,17766
3881550;33,9;51,60978;39,381
5593212;33,95;51,651;39,17766
7208550;74,69;51,647951;39,315411
8561322;46,86;51,728933;39,197652
6117690;33,43;51,651;39,17766
6321700;41,04;51,71788;39,19044
6993226;59;51,63587;39,25059
6049600;37,81;51,731404;39,194879
9501786;51,02;51,723514;39,180801
6730500;64,09;51,72046049;39,13798552
12217627;88,69;51,646044;39,128907
6970000;62,9;51,685245;39,075692
3680000;33,09;51,685245;39,075692
7997606,82;73,2;51,6568985;39,09962845
9193135;54,95;51,72542;39,18063
9365645;56,59;51,65185;39,18399
6478371;36,61;51,783418;39,190156
2874875;21,1;51,739378;39,314012
11418120;70,91;51,651;39,17766
5248836;41,29;51,74031;39,31684
10340000;70,19;51,63858;39,15943
9596100;44,11;51,686039;39,228412
5533200;52,2;51,54828;39,09313
22460205;87,72;51,67366;39,19767
4501215;20,7;51,6766;39,17552
3187668;38,13;51,61088;39,36799
7212659;42,38;51,65185;39,18399
12262172;71,08;51,72542;39,18063
18112500;103,5;51,67768;39,2764
4629890;21,39;51,67652;39,17553
5963616,4;55,61;51,574009;39,130905
4800239;41,7;51,74031;39,31684
9376500;89,3;51,91133;39,33017
5009460;28,79;51,731404;39,194879
6774840;36,9;51,67652;39,17553
5366787;43;51,63587;39,25059
13356272,5;91,44;51,6401;39,18583
11438406;78,94;51,651;39,17766
9317115;52,54;51,727726;39,195767
8088205;62,59;51,73916;39,31545
12982030;53,93;51,65898;39,18725
4488795;20,7;51,6766;39,17552
5473443;46,9;51,73916;39,31545
12979824;81,83;51,728933;39,197652
10994920;80,75;51,71788;39,19044
5342111;47,56;51,574009;39,130905
11179200;109,59;51,75443;39,00395
5046660;47,61;51,54828;39,09313
9212142;48,86;51,727726;39,195767
6000000;53,9;51,685245;39,075692
4501215;20,7;51,6766;39,17552
5260013;43,86;51,67446;39,40254
4939780;40,49;51,63616;39,27488
10671388;69,16;51,66149;39,25248
4254450;25,1;51,65531;39,23815
5645550;30,85;51,651;39,17766
13181500;82;51,664464;39,252986
10551060;65,12;51,727726;39,195767
4480000;40;51,68481;39,07371
9290270,4;65,36;51,65531;39,23815
7704300;84,19;51,647951;39,315411
3470000;31,2;51,685245;39,075692
7853235;71,06;51,63616;39,27488
6534158;72,2;51,0902207;40,031849
2599000;22,26;51,618781;39,248545
5621541;33,4;51,70412;39,27386
9400000;90,69;51,646044;39,128907
2840400;21,6;51,63616;39,27488
9650240;56,9;51,721709;39,183342
4478445;20,7;51,6766;39,17552
5259826;45,11;51,674317;39,403699
5310900;56,2;51,648217;39,315008
4114000;24,2;51,69545;39,20925
4196800;52,13;51,00177002;39,49718094
4488795;20,7;51,67652;39,17553
6685800;40,52;51,69545;39,20925
4742682;41,2;51,74031;39,31684
23152200;98,51;51,6733;39,20121
6585005,5;37,13;51,6401;39,18583
4467110;20,6;51,6766;39,17552
6851780;46,93;51,69545;39,20925
3574890;20,7;51,56919;39,12012
5339250;56,5;51,647951;39,315411
5603650;30,29;51,71033;39,23067
4660000;42;51,685245;39,075692
12394845;59,77;51,64086;39,15054
4910746;40,77;51,67446;39,40254
7911750;68,5;51,63587;39,25059
3799299;23,9;51,73024;39,19846
4898205;27,9;51,71033;39,23067
6853672,5;41,54;51,6401;39,18583
4019778;25,62;51,73024;39,19846
11775485;59,16;51,64109;39,14988
3361292;20,38;51,669291;39,314332
4919040;42,13;51,718755;39,150166
4768905;57,7;51,61088;39,36799
5938482;35,4;51,70412;39,27386
4202390;24,94;51,65531;39,23815
9799483;46,56;51,64109;39,14988
11333220;54,2;51,653929;39,19561
5421980;43,09;51,56919;39,12012
4890900;28,77;51,69545;39,20925
10381679;91,62;51,67446;39,40254
9117500;52,09;51,67768;39,2764
8415960;46,59;51,66339;39,16472
7080735;45,83;51,71788;39,19044
7866645;42,86;51,71033;39,23067
7591206;59,25;51,61492;39,24134
4856040;36,9;51,56919;39,12012
6112848;55,36;51,60915;39,37122
4508340;25,9;51,66149;39,25248
5656530;30,9;51,651;39,17766
11607920;65,59;51,66339;39,16472
17198320;60,04;51,65898;39,18725
3666300;36,29;51,648217;39,315008
5609937;63,86;51,0902207;40,031849
6634647;72,2;51,0902207;40,031849
4763000;43,29;51,72046049;39,13798552
14044500;62,41;51,6733;39,20121
4416360;35,75;51,63616;39,27488
7913814;44,61;51,67457;39,16875
5248836;40;51,74031;39,31684
4623458;36,29;51,63587;39,25059
7005070;38,29;51,66339;39,16472
9758320;57,2;51,72535;39,18228
10733339;64,3;51,727726;39,195767
6051200;49,59;51,701773;39,2062
6850000;61,59;51,685245;39,075692
5971980;49,56;51,63616;39,27488
9731040;66,87;51,67457;39,16875
6704841;72,33;51,0902207;40,031849
7068031;41,54;51,65185;39,18399
4181760;36,13;51,718755;39,150166
5308797;28,86;51,6401;39,18583
12387450;80,69;51,72535;39,18228
6387771,6;43,25;51,65531;39,23815
10462544;62,24;51,72542;39,18063
5353125;31,25;51,667508;39,251746
3881550;33,9;51,60978;39,381
5982315;56,93;51,36846557;42,11676512
11182451;85,06;51,67446;39,40254
3574890;20,7;51,56919;39,12012
13422338;64,98;51,64086;39,15054
6300000;50,4;51,701773;39,2062
7174695;44,22;51,6401;39,18583
2608310;22,78;51,60978;39,381
4931919;50,22;51,0902207;40,031849
7234568;62,59;51,739378;39,314012
6947500;39,7;51,677954;39,275797
9863265;57,9;51,67652;39,17553
6199050;37,56;51,69545;39,20925
4689000;42,9;51,816565;39,148016
9252072;66,59;51,71788;39,19044
6182850;43,84;51,64088;39,16197
4745000;36,5;51,569384;39,118105
14619517;56,45;51,67366;39,19767
4663461,6;31,29;51,71788;39,19044
4146087,5;30,43;51,73024;39,19846
11112090;73,58;51,71788;39,19044
8246133;52,29;51,68598;39,176204
4282600;38;51,60916;39,37138
4889329;44,56;51,574009;39,130905
11542320;65,59;51,66339;39,16472
8771030;53,81;51,651;39,17766
10164440;57,2;51,664464;39,252986
4667741;39,4;51,739372;39,315543
2799635;21,29;51,63616;39,27488
7454778,5;51,43;51,73024;39,19846
6100000;54,9;51,685245;39,075692
4639000;42,9;51,816565;39,148016
12795660;80,4;51,664464;39,252986
2799635;21,29;51,63616;39,27488
5901750;64,5;51,648217;39,315008
13434780;46,59;51,65898;39,18725
6378900;38,65;51,69545;39,20925
7526758;40,5;51,728933;39,197652
12624000;84,16;51,67519;39,244057
3960894;42,49;49,93932323;40,53511803
7013190;44,66;51,71788;39,19044
4865899;40,77;51,67446;39,40254
7481318;66,09;51,739378;39,314012
5066407;42,45;51,674317;39,403699
6830000;61,2;51,68481;39,07371
11559600;76,8;51,70412;39,27386
6920800;65,59;51,72046049;39,13798552
6555808;41,43;51,68604;39,17548
6099600;55,25;51,60916;39,37138
11790318;72,69;51,72542;39,18063
14289840;89,19;51,72168;39,18229
5656750;60,5;51,647951;39,315411
3557620;20,6;51,56919;39,12012
3033844;36,29;51,61088;39,36799
5193895;21,7;51,72168;39,18229
6983318;61,7;51,73916;39,31545
4270000;38,5;51,685245;39,075692
4517100;47,79;51,648217;39,315008
4501215;20,7;51,6766;39,17552
5107080;43,79;51,67446;39,40254
6347972,4;43,25;51,65531;39,23815
10366795;98,19;51,74031;39,31684
4978000;46,9;51,81536;39,14698
8828020;46,22;51,64722698;39,1836482
12755850;83,09;51,72535;39,18228
5268900;54,59;51,647951;39,315411
14289840;89,19;51,72168;39,18229
3881195;22,37;51,65531;39,23815
7627977,5;56,15;51,64088;39,16197
8200000;73,8;51,685245;39,075692
7835520;70,4;51,63616;39,27488
14465537;56,68;51,698978;39,263224
2847625;20,89;51,73916;39,31545
11618025;78,9;51,66149;39,25248
7665256;32,5;51,64109;39,14988
7105750;66,09;51,72046049;39,13798552
4988850;39,5;51,56919;39,12012
5121200;43,4;51,739372;39,315543
4599137,5;28,75;51,73024;39,19846
4480000;39,7;51,68481;39,07371
8918737;42,2;51,64109;39,14988
3903565;22,37;51,65531;39,23815
7097770,8;42,65;51,68598;39,176204
4595400;41,4;51,72046049;39,13798552
2750000;21,22;51,618781;39,248545
2874875;21,1;51,739378;39,314012
5343000;41,52;51,718755;39,150166
8378000;80,9;51,816565;39,148016
3219840;30,95;51,54828;39,09313
5232000;43,59;51,91159;39,32979
12116420;88,69;51,646044;39,128907
9310000;53,2;51,677954;39,275797
10592075;70,84;51,65531;39,23815
8614749;43,36;51,72542;39,18063
4282600;38;51,60916;39,37138
12772770;82,13;51,728933;39,197652
4501215;20,7;51,6766;39,17552
5080000;39,9;51,646044;39,128907
5133375;45,63;51,719593;39,145017
4378800;36,29;51,618781;39,248545
12406899,2;91,12;51,71788;39,19044
6847200;63,4;51,72046049;39,13798552
8729834,1;80,72;51,6568985;39,09962845
9117500;52,09;51,67768;39,2764
7086976;42,59;51,68598;39,176204
9073600;84,8;51,72046049;39,13798552
23089903;98,27;51,65898;39,18725
10036640;59,59;51,72535;39,18228
8264271;71,9;51,739372;39,315543
10413477;97,8;51,74031;39,31684
5097025,5;61,66;51,61088;39,36799
4452027;34,5;51,63587;39,25059
6346542;43,4;51,64088;39,16197
9287910;66,58;51,692872;39,130697
6347972,4;43,25;51,65531;39,23815
2913239;21,1;51,739378;39,314012
7103365;61,79;51,739372;39,315543
4696250;42,5;51,72046049;39,13798552
8093647;50;51,70412;39,27386
9891840;71,68;51,68604;39,17548
12644811,2;106,95;51,65531;39,23815
13692980;65,8;51,653929;39,19561
12604410;81,9;51,72535;39,18228
14064840;48,59;51,65898;39,18725
6483607,5;78,9;51,61088;39,36799
11218967;59,16;51,64109;39,14988
9117500;52,09;51,67768;39,2764
4740450;42,9;51,91133;39,33017
5982315;56,93;51,36846557;42,11676512
4503000,5;30,01;51,73024;39,19846
12668764;57,22;51,699254;39,264036
4619769;28,56;51,674317;39,403699
10040352;94,69;51,73916;39,31545
13605000;96,75;51,63858;39,15943
6250000;39,11;51,69572;39,21061
12226262;79,16;51,6401;39,18583
6878900;63,4;51,72046049;39,13798552
6850000;61,5;51,685245;39,075692
12404106;55,56;51,698978;39,263224
6131900;36,06;51,69545;39,20925
5298461,7;47,11;51,574009;39,130905
6650017,6;46,04;51,71788;39,19044
9692661;46,18;51,64109;39,14988
12217627;88,69;51,646044;39,128907
9633894;89,3;51,739372;39,315543
15557500;88,9;51,67732;39,2766
9287231;60,34;51,78249;39,1896
3557620;20,6;51,569384;39,118105
4677012;39,4;51,739372;39,315543
5249600;54,4;51,648217;39,315008
2361150;16,81;51,618781;39,248545
5039370;39,9;51,56919;39,12012
4800239;41,7;51,74031;39,31684
3672114;19,86;51,73024;39,19846
6275000;50,2;51,701773;39,2062
5992695;77,4;51,610856;39,368789
17519160;80,4;51,653929;39,19561
2798184;14,88;51,73024;39,19846
8956850;78,5;51,67058;39,31567
6099600;55,25;51,60916;39,37138
7087500;40,5;51,67768;39,2764
4405443;39,09;51,60916;39,37138
4350000;39,2;51,685245;39,075692
5548760;37,24;51,64088;39,16197
3447810;24,98;51,36854087;42,11685414
5785648;37,04;51,674317;39,403699
7704300;84,19;51,647951;39,315411
6947500;39,7;51,677954;39,275797
5188833;41,9;51,63587;39,25059
7041650;38,5;51,66339;39,16472
5228820;41,4;51,56919;39,12012
5946866,2;48,52;51,574009;39,130905
6430000;57,5;51,68481;39,07371
7859850;85,9;51,648217;39,315008
4490800;41,2;51,72046049;39,13798552
16092000;90;51,72542;39,18063
10990000;62,79;51,67732;39,2766
6100000;55;51,685245;39,075692
5509215;33,45;51,651;39,17766
4919040;42,13;51,718755;39,150166
3474000;19,29;51,66149;39,25248
8120000;46,4;51,677954;39,275797
9420445;44,72;51,64058;39,15117
4378800;36,29;51,618781;39,248545
6235749;43,02;51,64088;39,16197
9027020;60,09;51,67457;39,16875
4856040;36,9;51,56919;39,12012
3033844;36,29;51,61088;39,36799
13035493,8;101,56;51,65531;39,23815
8364700;46,59;51,66339;39,16472
11287890;52,38;51,686039;39,228412
21318480;122,51;51,727726;39,195767
4501215;20,7;51,6766;39,17552
12297180;80,4;51,72535;39,18228
5645550;30,85;51,651;39,17766
5342111;47,56;51,574009;39,130905
3548550;20,5;51,569384;39,118105
10088770;46,29;51,653929;39,19561
4629890;21,39;51,6766;39,17552
4932562;48,72;51,0902207;40,031849
5488560;36,13;51,718755;39,150166
12983500;112,9;51,71779;39,18906
4745800;38,9;51,618781;39,248545
5193895;21,7;51,72168;39,18229
4480000;40;51,68481;39,07371
4488795;20,7;51,67652;39,17553
5611952;64,38;51,0902207;40,031849
8800000;85,9;51,646044;39,128907
4773600;44,2;51,72046049;39,13798552
6117690;33,43;51,651;39,17766
8833662;48,59;51,728933;39,197652
4784850;44,09;51,72046049;39,13798552
13512960;82,8;51,66339;39,16472
5473443;46,9;51,73916;39,31545
5632740;30,78;51,651;39,17766
13760638;81,65;51,72542;39,18063
8999600;60,4;51,675248;39,275346
7445570;59,9;51,56919;39,12012
4488795;20,7;51,67652;39,17553
3179665;27,77;51,60978;39,381
5533058;37,06;51,64088;39,16197
15002020;53,34;51,65898;39,18725
10208280;58,2;51,66339;39,16472
5343000;41,52;51,718755;39,150166
6670404,5;37,13;51,6401;39,18583
5630694;65,62;51,0902207;40,031849
3658500;27,12;51,718755;39,150166
3204500;21,36;51,718755;39,150166
5896920;37,56;51,71788;39,19044
9604250;90,19;51,74031;39,31684
17519160;80,4;51,653929;39,19561
7031040;38,4;51,66339;39,16472
6534900;54,79;51,63587;39,25059
10897775;46,02;51,699254;39,264036
4856040;36,9;51,56919;39,12012
10794000;60;51,664464;39,252986
6112848;55,36;51,60915;39,37122
8015400;87,59;51,648217;39,315008
5369000;41,52;51,718755;39,150166
7221900;57;51,56919;39,12012
4478445;20,7;51,6766;39,17552
19203792;67,8;51,65898;39,18725
5394240;37,45;51,64088;39,16197
4703650;24,92;51,6401;39,18583
4391919;38,97;51,60916;39,37138
4411764;25,62;51,73024;39,19846
9886560;71,84;51,64088;39,16197
8923350;58,9;51,71033;39,23067
6922800;64,09;51,72046049;39,13798552
7624320;70,4;51,63616;39,27488
8264271;71,9;51,739372;39,315543
4501215;20,7;51,67652;39,17553
6986400;65,59;51,72046049;39,13798552
16477695;93,88;51,727726;39,195767
2594338;19,6;49,93932323;40,53511803
4501215;20,7;51,67652;39,17553
5692835;33,4;51,70412;39,27386
6103180;39,49;51,78249;39,1896
5800862,2;38,33;51,65531;39,23815
4479470;20,6;51,6766;39,17552
3687981;23,64;51,65531;39,23815
18667535;107,25;51,699254;39,264036
10083398;94,69;51,73916;39,31545
5687500;32,5;51,67768;39,2764
12571650;81,9;51,72535;39,18228
12453664,5;84,69;51,6401;39,18583
7605900;62,54;51,718755;39,150166
6774840;36,9;51,67652;39,17553
4501215;20,7;51,6766;39,17552
11618948;83,7;51,68604;39,17548
9863265;57,9;51,67652;39,17553
6112848;55,36;51,60916;39,37138
10213886;39,79;51,698978;39,263224
9400000;90,69;51,646044;39,128907
4565000;41,5;51,72046049;39,13798552
3574890;20,7;51,56919;39,12012
11829950;75,34;51,728933;39,197652
4825777,2;32,99;51,71788;39,19044
9604250;90,19;51,74031;39,31684
9426749,8;77,05;51,68604;39,17548
4282600;38;51,60916;39,37138
4501215;20,7;51,6766;39,17552
6929000;67,59;51,72046049;39,13798552
3299600;22,6;51,61492;39,24134
4800239;41,7;51,74031;39,31684
3513930;20,29;51,569384;39,118105
5643720;30,84;51,651;39,17766
7172200;65,8;51,72046049;39,13798552
7237500;57,9;51,67729;39,27827
5336216;47,09;51,739378;39,314012
4954615;38,9;51,63587;39,25059
9781988;48,27;51,64058;39,15117
13089562;45,22;51,65898;39,18725
7210000;64,59;51,68481;39,07371
12072000;80;51,71991;39,18952
16003400;99,4;51,68598;39,176204
11026429,5;71,66;51,6401;39,18583
11559600;77;51,70412;39,27386
5440000;42,11;51,718755;39,150166
8226946;53,18;51,66149;39,25248
2172258;16,71;51,618781;39,248545
6620360,5;39,65;51,73024;39,19846
4921500;51;51,647951;39,315411
4466000;28;51,67729;39,27827
8281235,2;62,72;51,645241;39,162514
3531240;20,39;51,569384;39,118105
11527600;71,59;51,651;39,17766
3560960;34,24;51,54828;39,09313
6747047;58,7;51,739372;39,315543
10990665;66,01;51,728933;39,197652
5645550;30,85;51,651;39,17766
7743450;46,93;51,69545;39,20925
8064892;70,16;51,674317;39,403699
4405443;39,09;51,60916;39,37138
4565000;41,5;51,72046049;39,13798552
4784000;36,79;51,569384;39,118105
3611985,6;26,59;51,574009;39,130905
11484809;46,84;51,65898;39,18725
14718078;51,56;51,65898;39,18725
8732500;49,9;51,677954;39,275797
3683800;22,6;51,61492;39,24134
8771030;53,81;51,651;39,17766
4479470;20,6;51,67652;39,17553
7544012;92,41;51,0902207;40,031849
3505810;20,29;51,569384;39,118105
5223439;39;51,73024;39,19846
12944597,8;101,58;51,65531;39,23815
6382200;38,68;51,69545;39,20925
7321592;69,83;49,93932323;40,53511803
9760735;62,77;51,65531;39,23815
4596659;38,79;51,739372;39,315543
3164000;22,6;51,61492;39,24134
2935835;20,89;51,739372;39,315543
11615341;77,4;51,70412;39,27386
3219840;30,95;51,54828;39,09313
9604250;90,19;51,74031;39,31684
4511400;41,2;51,72046049;39,13798552
9751040;58,59;51,72535;39,18228
7983855;41,9;51,728933;39,197652
7481318;66,09;51,739378;39,314012
8250302;69,76;51,67446;39,40254
4368195;35,36;51,63616;39,27488
6327422;39;51,73024;39,19846
8234000;71,59;51,91159;39,32979
4501215;20,7;51,67652;39,17553
7526398;68,86;51,63616;39,27488
4667741;39,4;51,739372;39,315543
7041650;38,5;51,66339;39,16472
10150080;58,2;51,66339;39,16472
4939780;40,49;51,63616;39,27488
3513930;20,29;51,569384;39,118105
5630910;30,77;51,651;39,17766
4186712;40,95;51,0902207;40,031849
4501215;20,7;51,67652;39,17553
8070000;56,29;51,63191986;39,17570877
4675000;42,5;51,72046049;39,13798552
7019976;63,75;51,63616;39,27488
6483607,5;78,9;51,61088;39,36799
3920000;35,2;51,685245;39,075692
5097025,5;61,66;51,61088;39,36799
4019778;25,62;51,73024;39,19846
12388950;80,5;51,72535;39,18228
9757884;67,2;51,78249;39,1896
4061486;25,81;51,73024;39,19846
12848578;85,9;51,646044;39,128907
11647830;74,19;51,728933;39,197652
5080000;39,9;51,646044;39,128907
9680000;58,7;51,63858;39,15943
3560960;34,24;51,54828;39,09313
4667741;39,4;51,739372;39,315543
5619350;60,09;51,647951;39,315411
11716614;80,86;51,651;39,17766
9660840;58,79;51,71991;39,18952
9498065;85,06;51,67446;39,40254
5236000;30,79;51,69545;39,20925
5092080;61,68;51,0902207;40,031849
13018460;80,86;51,651;39,17766
7131800;67,59;51,72046049;39,13798552
5508352,8;34,4;51,71788;39,19044
3581520;37,88;49,93932323;40,53511803
7839000;46,79;51,65185;39,18399
11185680;73,58;51,71788;39,19044
4358771;43,27;51,36846557;42,11676512
4015948;29,07;51,714458;39,277214
8140000;62,11;51,69572;39,21061
9614400;60,09;51,64669;39,17997
6452157,8;43,97;51,65531;39,23815
7030400;67,59;51,72046049;39,13798552
7139300;65,8;51,72046049;39,13798552
4611980;25,9;51,66149;39,25248
3224320;28,15;51,60978;39,381
7704300;84,19;51,647951;39,315411
5626939,5;31,7;51,6401;39,18583
6321796;39,86;51,68604;39,17548
7911800;71,59;51,91159;39,32979
10719632;59,29;51,728933;39,197652
6250000;50;51,701773;39,2062
3574890;20,7;51,56919;39,12012
5268900;54,59;51,647951;39,315411
7665256;32,5;51,64109;39,14988
5369000;41,52;51,718755;39,150166
4378800;36,29;51,618781;39,248545
4573980;46,02;51,36854087;42,11685414
2935835;20,89;51,739372;39,315543
15565634;86,91;51,72542;39,18063
4655894;39,29;51,739372;39,315543
9286205;56,11;51,65185;39,18399
3994639;40,81;51,0902207;40,031849
13692980;65,8;51,653929;39,19561
5303340;42,7;51,569384;39,118105
10031802;89,41;51,674317;39,403699
5661190;54,2;51,574009;39,130905
5529600;42,56;51,718755;39,150166
5400000;48,2;51,68464;39,07713
10270120;60,2;51,72535;39,18228
4560000;41,09;51,685245;39,075692
6235749;43,02;51,64088;39,16197
14652963;87,62;51,72542;39,18063
4869139;40,61;51,674317;39,403699
11678212;77,8;51,70412;39,27386
7428725;40,75;51,727726;39,195767
5440000;42,11;51,718755;39,150166
3361292;20,38;51,669291;39,314332
5630910;30,77;51,651;39,17766
5619350;60,09;51,648217;39,315008
5080000;39,9;51,646044;39,128907
9194824;60,29;51,70412;39,27386
15260000;87,19;51,67768;39,2764
4501215;20,7;51,67652;39,17553
2608310;22,78;51,60978;39,381
5901750;64,5;51,648217;39,315008
6430000;57,59;51,68481;39,07371
8672025;53,77;51,6401;39,18583
4919040;42,13;51,718755;39,150166
7645176;41,36;51,728933;39,197652
9170546;85,06;51,67446;39,40254
7859850;85,9;51,648217;39,315008
6078894;41,47;51,64088;39,16197
13131523,4;101,58;51,65531;39,23815
3548550;20,5;51,569384;39,118105
6519150;39,5;51,69545;39,20925
4334170;26,59;51,66149;39,25248
4501215;20,7;51,6766;39,17552
7758591;73,62;51,36854087;42,11685414
8533052,54;59,5;51,614616;39,240535
2639225;23,04;51,60915;39,37122
7282350;47,65;51,78249;39,1896
4831841;50,22;51,0902207;40,031849
8991900;87,3;51,72046049;39,13798552
4985482;38,9;51,63587;39,25059
7897000;75,9;51,816565;39,148016
5223439;39;51,73024;39,19846
5494050;43,5;51,56919;39,12012
7211160;66,76;51,54828;39,09313
3224320;28,15;51,60978;39,381
4565477;40,5;51,60915;39,37122
4525000;40,9;51,816565;39,148016
12116420;88,69;51,646044;39,128907
8700000;77,8;51,68481;39,07371
9779029,87;71,55;51,614616;39,240535
13530440;106,95;51,65531;39,23815
4015948;29,07;51,714458;39,277214
6828696;63,75;51,63616;39,27488
12728000;80;51,66339;39,16472
6853672,5;41,54;51,6401;39,18583
4660920;42,79;51,618781;39,248545
4520000;40,5;51,68481;39,07371
4850000;43;51,68464;39,07713
12571650;81,9;51,72535;39,18228
3557515;31,06;51,60978;39,381
4565477;40,5;51,60916;39,37138
4148335;36,22;51,60978;39,381
8596620;52,74;51,651;39,17766
7250000;58;51,67729;39,27827
5121200;43,4;51,739372;39,315543
5630910;30,77;51,651;39,17766
6099600;55,25;51,60915;39,37122
10150080;58,2;51,66339;39,16472
6099600;55,25;51,60916;39,37138
6847950;64,3;51,72046049;39,13798552
7028273;62,59;51,739378;39,314012
6834974,4;45,86;51,71788;39,19044
9518085;68,23;51,692872;39,130697
3219840;30,95;51,54828;39,09313
8241282;71,69;51,739372;39,315543
13530440;106,95;51,65531;39,23815
9416736;62,27;51,66149;39,25248
14044500;62,41;51,6733;39,20121
5014000;43,59;51,91159;39,32979
5366930,4;36;51,71788;39,19044
7945000;45,4;51,677954;39,275797
4116658;40,95;51,0902207;40,031849
11381246;49,31;51,699254;39,264036
5135805;42,27;51,63616;39,27488
5632740;30,78;51,651;39,17766
6276422;70;51,0902207;40,031849
12346080;85,44;51,65531;39,23815
4031299;41,36;51,0902207;40,031849
3882695;33,9;51,60978;39,381
5097025,5;61,66;51,61088;39,36799
5566260;43,5;51,56919;39,12012
3536434;26,68;51,674317;39,403699
6100000;54,9;51,685245;39,075692
8700000;77,8;51,68481;39,07371
5950000;39,18;51,69572;39,21061
10752000;67,19;51,812668;39,225469
7790250;70,5;51,91159;39,32979
5244000;45,59;51,91133;39,33017
10208280;58,2;51,66339;39,16472
8097140;66,37;51,61492;39,24134
14042252;92,01;51,68598;39,176204
6919356,8;45,86;51,71788;39,19044
2918500;22,45;51,66113;39,279135
8958590;59,7;51,78249;39,1896
11423285;59,16;51,64109;39,14988
3371183;20,45;51,669291;39,314332
4909600;28,87;51,69545;39,20925
3881550;33,9;51,60978;39,381
2874875;21,1;51,739378;39,314012
7652486,4;53,31;51,71788;39,19044
5242760;49,45;51,54828;39,09313
5069980;47,83;51,54828;39,09313
9400000;90,69;51,646044;39,128907
8200000;73,8;51,685245;39,075692
7040972;59;51,63587;39,25059
4862445;58,81;51,0902207;40,031849
10524000;60;51,66339;39,16472
15020068;95,25;51,72542;39,18063
5006840;39,79;51,56919;39,12012
11607920;65,59;51,66339;39,16472
8775010;112,3;51,619367;39,382813
9371505;42,9;51,653929;39,19561
3336331;27,6;51,0902207;40,031849
5927557,5;41,66;51,64088;39,16197
3882695;33,9;51,60978;39,381
8956000;88,09;51,81536;39,14698
4478445;20,7;51,6766;39,17552
5121200;43,4;51,739372;39,315543
10524420;59,45;51,728933;39,197652
6931205;43,72;51,65531;39,23815
5581805;64,38;51,0902207;40,031849
7997606,82;73,2;51,6568985;39,09962845
4565477;40,5;51,60915;39,37122
3394262;20,59;51,669291;39,314332
4484480;36,4;51,67058;39,31567
4660920;42,79;51,618781;39,248545
13140761;74,62;51,699254;39,264036
7210000;64,3;51,68481;39,07371
7859850;85,9;51,647951;39,315411
20255400;92,06;51,6733;39,20121
6099600;55,25;51,60916;39,37138
7839504;71,01;51,60978;39,381
3492412;26,68;51,674317;39,403699
4480000;40;51,68481;39,07371
13650504,6;107,12;51,65531;39,23815
6112848;55,36;51,60916;39,37138
4030000;36,29;51,685245;39,075692
5197025;48,4;51,36846557;42,11676512
4538400;38,06;51,618781;39,248545
12406899,2;91,12;51,71788;39,19044
8785000;75,13;51,69572;39,21061
4779140;28,79;51,731404;39,194879
8801180;50,34;51,727726;39,195767
8956850;78,5;51,67058;39,31567
10898641;46,02;51,699254;39,264036
3666300;36,29;51,647951;39,315411
7200540;44,04;51,65531;39,23815
7939165;43,54;51,727726;39,195767
4405443;39,09;51,60916;39,37138
8265108;43,86;51,72542;39,18063
4305216;41,7;49,93932323;40,53511803
3033844;36,29;51,61088;39,36799
9473511;50,68;51,723514;39,180801
4030000;36,29;51,685245;39,075692
11171462;45,88;51,65898;39,18725
6112848;55,36;51,60916;39,37138
9484429,5;70,48;51,6401;39,18583
4732000;36,4;51,569384;39,118105
7053432;61,7;51,739378;39,314012
8378000;80,9;51,816565;39,148016
3275883;23,79;51,574009;39,130905
5228700;43,5;51,67058;39,31567
7317654;48,59;51,68604;39,17548
10083398;94,69;51,73916;39,31545
4962500;39,7;51,91159;39,32979
5473443;46,9;51,739378;39,314012
6960682;61,5;51,739378;39,314012
4737705;36,97;51,67446;39,40254
3881495;40,25;51,0902207;40,031849
5353125;31,25;51,667508;39,251746
7169950;74,3;51,647951;39,315411
2874875;21,1;51,739378;39,314012
19545520;80,8;51,653929;39,19561
17432000;80;51,653929;39,19561
4675000;42,5;51,72046049;39,13798552
17789231;86,31;51,699254;39,264036
4800000;42,79;51,68464;39,07713
11606526;59,16;51,64058;39,15117
12217627;88,69;51,646044;39,128907
4501215;20,7;51,6766;39,17552
4585750;41,5;51,72046049;39,13798552
4280156;42,5;51,0902207;40,031849
4724440;35,9;51,56919;39,12012
6043588;35,79;51,70412;39,27386
11234680;59,16;51,64058;39,15117
9367718;63,2;51,70412;39,27386
4354200;35,4;51,618781;39,248545
4834860;36,59;51,56919;39,12012
7321098;92,41;51,0902207;40,031849
6228929;55,27;51,60978;39,381
6287500;50,29;51,701773;39,2062
4629400;39,5;51,67058;39,31567
9151670;59,61;51,67457;39,16875
9823450;88,9;51,91133;39,33017
4889329;44,56;51,574009;39,130905
4501215;20,7;51,6766;39,17552
3540350;20,5;51,569384;39,118105
6094816;54,08;51,60978;39,381
8903533;48,31;51,727726;39,195767
12942049,4;101,56;51,65531;39,23815
4921500;51;51,648217;39,315008
4030000;36,29;51,685245;39,075692
21353923;82,55;51,67366;39,19767
10392192;59,52;51,728933;39,197652
7253400;47,09;51,71788;39,19044
6072500;34,7;51,67768;39,2764
13165100;69,29;51,6847;39,22139
8490028,08;59,2;51,614616;39,240535
3881550;33,9;51,60978;39,381
9414725;64,48;51,78249;39,1896
2874875;21,1;51,739378;39,314012
4948273;42,4;51,73916;39,31545
9817600;59;51,72535;39,18228
4295361;42,29;49,93932323;40,53511803
4488795;20,7;51,6766;39,17552
12178500;105,9;51,71779;39,18906
8956000;88;51,81536;39,14698
4148335;36,22;51,60978;39,381
3694080;35,52;51,54828;39,09313
3559694;37,38;49,93932323;40,53511803
5033820;28,93;51,731404;39,194879
2703000;26,5;51,54828;39,09313
9426749,8;77,05;51,68604;39,17548
3513930;20,29;51,569384;39,118105
9000000;85,9;51,646044;39,128907
3179665;27,77;51,60978;39,381
4450600;26,18;51,69545;39,20925
7698757;66,33;51,674317;39,403699
3294230;20,2;51,61492;39,24134
10106880;71,68;51,68604;39,17548
4481050;41,29;51,72046049;39,13798552
5315760;42,79;51,569384;39,118105
3033844;36,29;51,61088;39,36799
12517100;73,62;51,6847;39,22139
18095000;103,4;51,67768;39,2764
4282600;38;51,60915;39,37122
3884248;38,11;51,0902207;40,031849
9636564,24;71,23;51,6401;39,18583
11223117,2;72,91;51,6401;39,18583
4501215;20,7;51,6766;39,17552
8421026;66,37;51,61492;39,24134
6364505;38,68;51,65531;39,23815
7763182;92,41;51,0902207;40,031849
11645640;107,83;51,67813873;39,16810989
7702240;41,86;51,71033;39,23067
7481318;66,09;51,739378;39,314012
47189250;209,72;51,6733;39,20121
4484400;40,4;51,72046049;39,13798552
3666300;36,29;51,647951;39,315411
4835880;39,9;51,67058;39,31567
3914094;25,1;51,65531;39,23815
10180093;91,62;51,67446;39,40254
10083398;94,69;51,73916;39,31545
6094816;54,08;51,60978;39,381
10816066;52,65;51,699254;39,264036
5044545;42,56;51,63616;39,27488
7820736;70,83;51,60978;39,381
2871000;21,36;51,718755;39,150166
5046660;47,61;51,54828;39,09313
5515076;43,09;51,56919;39,12012
4795353;58,02;51,61088;39,36799
3082694;33,45;51,0902207;40,031849
10963456;78,4;51,71788;39,19044
7913544;51,31;51,66149;39,25248
5950800;55,09;51,547326;39,092364
7132720;43,36;51,65531;39,23815
2172258;16,79;51,618781;39,248545
15260000;87,19;51,67768;39,2764
4970070;44,09;51,60978;39,381
9299432;65,86;51,680431;39,247754
6983318;61,7;51,73916;39,31545
14044500;62,41;51,6733;39,20121
7049350;38,5;51,66339;39,16472
12294788;57,22;51,699254;39,264036
6112848;55,36;51,60916;39,37138
4181760;36,13;51,718755;39,150166
7074650;67,69;51,72046049;39,13798552
9944544,5;68,08;51,692872;39,130697
4237000;22,29;51,6992;39,18352
4526550;47,9;51,647951;39,315411
5571665;59,59;51,66113;39,279135
6420000;37,04;51,63858;39,15943
11710080;72,95;51,72542;39,18063
5017600;44,79;51,91133;39,33017
4767704;38,2;51,63587;39,25059
4921500;51;51,647951;39,315411
6077940;34,9;51,646044;39,128907
4834860;36,59;51,56919;39,12012
7399260;40,7;51,727726;39,195767
6262500;50,09;51,701773;39,2062
12116420;88,69;51,646044;39,128907
6197800;44,27;51,64088;39,16197
6096141;36,09;51,70412;39,27386
4907520;42,13;51,718755;39,150166
4405443;39,09;51,60915;39,37122
3382927;33,45;51,0902207;40,031849
7085182;62,59;51,739378;39,314012
16250723;74,73;51,699254;39,264036
8488000;53,04;51,69545;39,20925
6983318;61,7;51,73916;39,31545
8250000;75,4;51,68464;39,07713
3210000;28,79;51,685245;39,075692
12453664,5;84,69;51,6401;39,18583
4819000;39,5;51,618781;39,248545
7211160;66,76;51,54828;39,09313
9778652,5;63,18;51,6401;39,18583
11409720;78,95;51,692872;39,130697
8519805;51,16;51,727726;39,195767
4374318;38;51,74031;39,31684
3382927;33,45;51,0902207;40,031849
8700000;77,8;51,68481;39,07371
8637400;45,45;51,727726;39,195767
5452800;42,11;51,718755;39,150166
5121200;43,4;51,739372;39,315543
4068185;35,52;51,60978;39,381
4969100;39,5;51,56919;39,12012
4217400;36,13;51,718755;39,150166
7673727;66,4;51,739378;39,314012
4794600;39,29;51,618781;39,248545
4850000;43;51,68464;39,07713
4596659;38,79;51,739372;39,315543
6580200;39,88;51,69545;39,20925
9400000;90,69;51,646044;39,128907
6346542;43,4;51,64088;39,16197
12487425;55,56;51,698978;39,263224
4600998;35,9;51,63587;39,25059
14044500;62,41;51,6733;39,20121
6343512;43,33;51,64088;39,16197
4237000;22,29;51,6992;39,18352
8721960;55,9;51,68598;39,176204
7962500;45,5;51,677954;39,275797
13370000;76,4;51,67768;39,2764
2346300;16,71;51,618781;39,248545
3658500;27,03;51,718755;39,150166
4154150;20,75;51,692872;39,130697
4019778;25,62;51,73024;39,19846
13264924;67,76;51,64086;39,15054
7050300;66,19;51,72046049;39,13798552
5494050;43,5;51,56919;39,12012
4478445;20,7;51,67652;39,17553
14351503;56,38;51,698978;39,263224
8237769;44,88;51,72542;39,18063
10263624;67,19;51,70412;39,27386
5650000;39,18;51,69572;39,21061
7374564;50,58;51,68604;39,17548
7727916;41,36;51,728933;39,197652
4360064,5;34,2;51,574009;39,130905
3845600;41,81;49,93932323;40,53511803
28336635;103,23;51,65898;39,18725
8404800;52,52;51,69545;39,20925
3574890;20,7;51,56919;39,12012
6163080;38,27;51,731404;39,194879
4504543;42,18;51,0902207;40,031849
6112848;55,36;51,60915;39,37122
4238280;38,59;51,618781;39,248545
3694080;35,52;51,54828;39,09313
2608310;22,78;51,60978;39,381
5535750;30,25;51,651;39,17766
10191470;65,54;51,71033;39,23067
10830141;64,88;51,727726;39,195767
7980000;42,65;51,666071;39,186478
5963616,4;55,61;51,574009;39,130905
10187268;69,16;51,66149;39,25248
13370000;76,4;51,67768;39,2764
4501215;20,7;51,6766;39,17552
6743844;65,18;49,93932323;40,53511803
11020420;64,27;51,783418;39,190156
3719600;21,87;51,69545;39,20925
4816560;36,59;51,56919;39,12012
3581263;40,25;51,0902207;40,031849
5694000;44,38;51,718755;39,150166
7169950;74,3;51,648217;39,315008
10627288;78,05;51,71788;39,19044
7683372;57,36;51,64088;39,16197
10166100;65,8;51,65531;39,23815
2897795;23,09;51,574009;39,130905
4390200;27,1;51,71788;39,19044
9480000;57,91;51,63666;39,23633
4280320;33,43;51,574009;39,130905
10407375;47,84;51,686039;39,228412
3560960;34,24;51,54828;39,09313
9489812,5;69,65;51,64088;39,16197
5159797;42,45;51,674317;39,403699
7211160;66,76;51,54828;39,09313
9147220;60,09;51,67457;39,16875
4795980;39,9;51,67058;39,31567
10388000;98;51,75398;39,00506
13044332;45,22;51,65898;39,18725
11826663;72,69;51,72542;39,18063
6482430;40,77;51,71788;39,19044
4030000;36,29;51,685245;39,075692
13530440;106,95;51,65531;39,23815
12116420;88,69;51,646044;39,128907
3906740;34,11;51,60978;39,381
4731738;35,88;51,61492;39,24134
9922500;56,7;51,67768;39,2764
6210873;39,88;51,651;39,17766
5508274;37,09;51,78601;39,18858
3318473;20,38;51,669291;39,314332
5473443;46,9;51,73916;39,31545
6993580;38,29;51,66339;39,16472
5548760;37,24;51,64088;39,16197
5133375;45,63;51,719593;39,145017
5684800;60,79;51,648217;39,315008
6113200;39,43;51,62829;39,32708
7169950;74,3;51,647951;39,315411
3974393;41,66;49,93932323;40,53511803
13748760;81,44;51,68598;39,176204
5148000;42,9;51,91133;39,33017
12319734;74,26;51,728933;39,197652
5306200;64,01;51,00177002;39,49718094
6429521;60,06;51,36854087;42,11685414
7031040;38,4;51,66339;39,16472
12864180;62,54;51,698978;39,263224
5239780;28,79;51,731404;39,194879
8925000;51;51,67768;39,2764
6308173,2;43,25;51,65531;39,23815
3548550;20,5;51,569384;39,118105
4970768;37,04;51,674317;39,403699
9420445;44,72;51,64058;39,15117
5369000;41,58;51,718755;39,150166
7085182;62,59;51,739378;39,314012
5265260;28,93;51,731404;39,194879
5229497;41,9;51,63587;39,25059
4565477;40,5;51,60916;39,37138
3219840;30,95;51,54828;39,09313
6719760;36,59;51,67652;39,17553
11775485;59,16;51,64109;39,14988
3881495;40,25;51,0902207;40,031849
14309110;92,01;51,68598;39,176204
3548550;20,5;51,569384;39,118105
6628820;41,56;51,65531;39,23815
14745829;57,4;51,67366;39,19767
4501215;20,7;51,6766;39,17552
4488795;20,7;51,6766;39,17552
8130923,2;53,88;51,71788;39,19044
3900075;22,35;51,65531;39,23815
7006950;67,69;51,72046049;39,13798552
9570000;74,76;51,69572;39,21061
3445453;20,64;51,669291;39,314332
7839504;71,01;51,60978;39,381
6652800;40,31;51,69545;39,20925
8925000;51;51,67768;39,2764
7169950;74,3;51,647951;39,315411
4526550;47,9;51,647951;39,315411
4501215;20,7;51,6766;39,17552
14002142;96,48;51,783418;39,190156
7049350;38,5;51,66339;39,16472
13464160;81,69;51,728933;39,197652
5453217;33,11;51,651;39,17766
6847200;63,4;51,72046049;39,13798552
5080000;39,9;51,646044;39,128907
12592510;82,9;51,71991;39,18952
2639225;23,04;51,60915;39,37122
2797860;27,43;51,54828;39,09313
4479470;20,6;51,67652;39,17553
3819867,5;20,75;51,73024;39,19846
6468023,2;44,77;51,71788;39,19044
7193494;61,7;51,739372;39,315543
3966172;30,29;51,63587;39,25059
11527600;71,59;51,651;39,17766
15002020;53,34;51,65898;39,18725
5621541;33,4;51,70412;39,27386
7647500;43,7;51,677954;39,275797
11409720;78,95;51,692872;39,130697
3694080;35,52;51,54828;39,09313
12710145;83,09;51,72535;39,18228
6848040;38,29;51,72535;39,18228
3224320;28,15;51,60978;39,381
7129370;45,4;51,68604;39,17548
4356161;39,77;51,36846557;42,11676512
9800000;53,02;51,666071;39,186478
5762839;40,77;51,67446;39,40254
4745000;36,5;51,569384;39,118105
10489972;65,91;51,72542;39,18063
2884200;34,5;51,61088;39,36799
6512325,6;43,65;51,6401;39,18583
4732000;36,4;51,569384;39,118105
4269076;37,88;51,60916;39,37138
5242760;49,45;51,54828;39,09313
10372435;94,69;51,739372;39,315543
4748040;39,59;51,674317;39,403699
8912704;59,25;51,66149;39,25248
7256100;57;51,56919;39,12012
12135150;80,09;51,71991;39,18952
3574890;20,7;51,56919;39,12012
4295728;30,63;51,7203;39,13379
10907205;63,97;51,723514;39,180801
5037170;41,7;51,74031;39,31684
6000000;53,9;51,685245;39,075692
5641890;30,82;51,651;39,17766
25763721;92,3;51,65898;39,18725
5297544;41,4;51,56919;39,12012
7695150;84,09;51,648217;39,315008
8538112;60,63;51,73024;39,19846
2935835;20,89;51,739372;39,315543
3387668;20,54;51,669291;39,314332
8250000;75,4;51,68464;39,07713
5356000;41,52;51,718755;39,150166
6526944;41,91;51,651;39,17766
9555100;89,3;51,91133;39,33017
4869570;45,5;51,66113;39,279135
5244000;45,59;51,91133;39,33017
12217627;88,69;51,646044;39,128907
4560000;41,09;51,685245;39,075692
3404153;20,64;51,669291;39,314332
3881195;22,37;51,65531;39,23815
4456810;20,6;51,6766;39,17552
5109400;43,29;51,739372;39,315543
7454778,5;51,43;51,73024;39,19846
2874875;21,1;51,739378;39,314012
3877725;22,35;51,65531;39,23815
4526550;47,9;51,647951;39,315411
8202600;86,8;51,648217;39,315008
2622000;22,26;51,618781;39,248545
6225173;70;51,0902207;40,031849
5896920;37,56;51,71788;39,19044
2610600;22,79;51,60978;39,381
10970000;65,08;51,63666;39,23633
13134792;45,22;51,65898;39,18725
4205800;24,73;51,69545;39,20925
11327871;49,06;51,699254;39,264036
3719600;21,87;51,69545;39,20925
11542320;65,59;51,66339;39,16472
13387500;76,5;51,67768;39,2764
4967398;39,79;51,63587;39,25059
5039370;39,9;51,56919;39,12012
4523500;41,5;51,72046049;39,13798552
18026355;96,29;51,723514;39,180801
4374318;38;51,74031;39,31684
12582500;71,9;51,677954;39,275797
4835880;39,9;51,67058;39,31567
5630910;30,77;51,651;39,17766
7766000;70,59;51,701773;39,2062
5290380;60,59;51,610856;39,368789
7131800;67,59;51,72046049;39,13798552
18140239;110,41;51,72542;39,18063
9871208;40,09;51,698978;39,263224
6850000;61,59;51,685245;39,075692
4948273;42,4;51,73916;39,31545
4310179;42,5;51,0902207;40,031849
4184460;39,83;51,618985;39,247526
4480000;39,7;51,68481;39,07371
5274136;48,4;51,36846557;42,11676512
8105368;51,43;51,73024;39,19846
6002800;72,31;51,00177002;39,49718094
6957434;40,88;51,65185;39,18399
7082160;64,15;51,60978;39,381
3980000;35,79;51,685245;39,075692
7127600;41,2;51,651;39,17766
5478840;33,81;51,71788;39,19044
12848000;80;51,66339;39,16472
12308255;61,86;51,699254;39,264036
9204750;125;51,619367;39,382813
7211160;66,76;51,54828;39,09313
7210000;64,3;51,68481;39,07371
5098310;29,46;51,731404;39,194879
9758025;69,94;51,692872;39,130697
9165187,2;64,48;51,65531;39,23815
15435000;88,19;51,67732;39,2766
5823790;54,2;51,574009;39,130905
9180000;74,94;51,69572;39,21061
12143356;88,66;51,674317;39,403699
5153410;28,79;51,731404;39,194879
3329865;20,45;51,669291;39,314332
4356560;41,86;51,54828;39,09313
7859850;85,9;51,648217;39,315008
9079200;87,3;51,72046049;39,13798552
9680000;58,7;51,63858;39,15943
3646400;21,2;51,569384;39,118105
8533052,54;59,5;51,614616;39,240535
14107652;82,83;51,72542;39,18063
4726304;37,04;51,674317;39,403699
13193700;66,3;51,64722698;39,1836482
2639225;23,04;51,60915;39,37122
5920929,3;47,18;51,574009;39,130905
10040352;94,69;51,739378;39,314012
2610600;22,79;51,60978;39,381
5427200;42,11;51,718755;39,150166
7169950;74,3;51,647951;39,315411
4158295;38,47;51,36854087;42,11685414
2703000;26,5;51,54828;39,09313
9847864;71,59;51,65531;39,23815
13692980;65,8;51,653929;39,19561
2847625;20,89;51,73916;39,31545
6650017,6;46,04;51,71788;39,19044
10215300;60,09;51,64669;39,17997
6262500;50,09;51,701773;39,2062
4899720;61,4;51,679768;39,033596
4452300;26,19;51,69545;39,20925
6099600;55,25;51,60915;39,37122
8399678,12;58,56;51,614616;39,240535
6008257;35,4;51,70412;39,27386
7851690;69,3;51,67446;39,40254
5242760;49,45;51,54828;39,09313
5746000;44,38;51,718755;39,150166
18321248;64,23;51,65898;39,18725
8282040;53,09;51,68598;39,176204
6750000;60,29;51,68481;39,07371
3385387;20,29;51,669291;39,314332
9363948;64,48;51,66149;39,25248
3881550;33,9;51,60978;39,381
4879569,6;32,74;51,71788;39,19044
5476275;33,25;51,651;39,17766
10139798,4;72,51;51,71788;39,19044
12734826;85,93;51,692872;39,130697
4397883;26,67;51,66149;39,25248
5656530;30,9;51,651;39,17766
28304150;120,69;51,686039;39,228412
8403796;69,76;51,67446;39,40254
3891002;25,1;51,65531;39,23815
7456592;65,18;51,674317;39,403699
6838800;55,59;51,67729;39,27827
4411764;25,62;51,73024;39,19846
9230139,2;65,36;51,65531;39,23815
6804753;36,58;51,783418;39,190156
4159785;36,33;51,60978;39,381
5134146;58,77;51,0902207;40,031849
7085182;62,59;51,73916;39,31545
18360000;91,36;51,67064;39,22223
4693590;43,09;51,618781;39,248545
7714750,5;47,49;51,6401;39,18583
8248320;46,08;51,6847;39,22139
10768894,4;79,08;51,71788;39,19044
5249600;54,4;51,648217;39,315008
8120000;46,4;51,677954;39,275797
11987747;91,12;51,71788;39,19044
8341529;50,4;51,70412;39,27386
12848000;80;51,66339;39,16472
11601951;68,61;51,72542;39,18063
9000000;85,9;51,646044;39,128907
4488795;20,7;51,67652;39,17553
7277312;45,84;51,73024;39,19846
9834315;57,9;51,67652;39,17553
13128938,2;101,56;51,65531;39,23815
5530008;55;51,36854087;42,11685414
7655082;66,59;51,739372;39,315543
17413000;79,15;51,6733;39,20121
3646400;21,2;51,569384;39,118105
4405443;39,09;51,60915;39,37122
10614165;73,05;51,68604;39,17548
8347900;75,88;51,62744;39,32813
3033844;36,29;51,61088;39,36799
4156689;40,95;51,0902207;40,031849
4033016;29,82;51,714458;39,277214
8378000;80,9;51,816565;39,148016
8197620;63,4;51,56919;39,12012
4836720;28,79;51,731404;39,194879
8378000;80,9;51,816565;39,148016
2799635;21,29;51,63616;39,27488
3557620;20,6;51,56919;39,12012
5242760;49,45;51,54828;39,09313
7987250;46,22;51,78249;39,1896
4488795;20,7;51,6766;39,17552
8118000;73,8;51,701773;39,2062
4988850;39,5;51,56919;39,12012
4667741;39,4;51,739372;39,315543
4948273;42,4;51,73916;39,31545
7012730;38,29;51,66339;39,16472
4488795;20,7;51,6766;39,17552
11227965;64,05;51,727726;39,195767
6430000;57,4;51,68481;39,07371
11678212;77,8;51,70412;39,27386
6099600;55,25;51,60915;39,37122
12589020;81,8;51,72535;39,18228
7984132;47,79;51,72542;39,18063
22704601;87,72;51,67366;39,19767
18416475;95,66;51,686039;39,228412
11833610;74,66;51,728933;39,197652
6974935;43,72;51,65531;39,23815
6628820;41,56;51,65531;39,23815
3903565;22,37;51,65531;39,23815
5967000;35,09;51,69545;39,20925
13628843,2;106,95;51,65531;39,23815
6276760;54,11;51,63616;39,27488
11191270,5;71,66;51,6401;39,18583
4931919;50,22;51,0902207;40,031849
6249402;39;51,73024;39,19846
3755555;38,08;51,0902207;40,031849
12404784;55,56;51,698978;39,263224
4930000;29;51,69545;39,20925
5080000;39,9;51,646044;39,128907
10083398;94,69;51,73916;39,31545
3574890;20,7;51,56919;39,12012
10903204;66,04;51,728933;39,197652
3884248;38,11;51,0902207;40,031849
3881550;33,9;51,60978;39,381
11181369;64,94;51,723514;39,180801
4629890;21,39;51,6766;39,17552
3033844;36,29;51,61088;39,36799
3412083;20,45;51,669291;39,314332
8404800;52,52;51,69545;39,20925
6846720;38,4;51,72535;39,18228
13838000;65,12;51,686039;39,228412
9225350;60,09;51,71788;39,19044
4935280;39,2;51,569384;39,118105
9730746;68,43;51,692872;39,130697
10812000;90,09;51,71779;39,18906
10704200;71,59;51,65531;39,23815
9292176;62,27;51,66149;39,25248
4629890;21,39;51,6766;39,17552
6360000;37,04;51,63858;39,15943
10263624;67,19;51,70412;39,27386
9679500;71,69;51,64088;39,16197
5339250;56,5;51,647951;39,315411
5967500;34,09;51,67768;39,2764
3594442;27,8;51,674317;39,403699
6960682;61,5;51,739378;39,314012
6038119;34,9;51,646044;39,128907
6138141,7;41,88;51,64088;39,16197
3933750;37,5;51,63616;39,27488
2797860;27,43;51,54828;39,09313
6455840;41,11;51,71788;39,19044
4341900;36,29;51,618781;39,248545
5692500;30,36;51,71033;39,23067
5578981;48,7;51,36846557;42,11676512
5310900;56,2;51,647951;39,315411
19602250;88,09;51,6733;39,20121
12116776;59,93;51,699254;39,264036
3219000;21,36;51,718755;39,150166
3204500;21,36;51,718755;39,150166
4919040;42,13;51,718755;39,150166
4242700;22,32;51,65185;39,18399
4254450;25,1;51,65531;39,23815
2847625;20,89;51,73916;39,31545
4695600;36,4;51,569384;39,118105
3847188;24,52;51,73024;39,19846
5223439;39;51,73024;39,19846
5640060;30,81;51,651;39,17766
8354980;47,15;51,728933;39,197652
4921500;51;51,648217;39,315008
4816560;36,59;51,56919;39,12012
12331170;83,8;51,6401;39,18583
4850000;43;51,68464;39,07713
7714750,5;47,49;51,6401;39,18583
8241282;71,69;51,739372;39,315543
4274135;35,47;51,63616;39,27488
6837940;45,79;51,73024;39,19846
5440000;42,13;51,718755;39,150166
2076624;15,13;51,618985;39,247526
5242760;49,45;51,54828;39,09313
4771000;36,7;51,569384;39,118105
13551945;107,12;51,65531;39,23815
14245240;89,19;51,72168;39,18229
18840000;80,98;51,67064;39,22223
4955593;40,77;51,67446;39,40254
8398231,5;52,66;51,73024;39,19846
3903565;22,37;51,65531;39,23815
6038119;34,9;51,646044;39,128907
4565477;40,5;51,60915;39,37122
10464000;60;51,66339;39,16472
7087500;40,5;51,67768;39,2764
4808440;36,4;51,56919;39,12012
4397883;26,67;51,66149;39,25248
4838940;29,87;51,71788;39,19044
15260000;87,19;51,67768;39,2764
12116420;88,69;51,646044;39,128907
4629890;21,39;51,67652;39,17553
13512960;82,8;51,66339;39,16472
5017680;41,4;51,67058;39,31567
14374692;90,18;51,728933;39,197652
7704300;84,19;51,647951;39,315411
4856040;36,9;51,56919;39,12012
12740500;83;51,72535;39,18228
6038119;34,9;51,646044;39,128907
4403600;40,4;51,72046049;39,13798552
8981106;62,11;51,68604;39,17548
4245975;25,04;51,65531;39,23815
12883078;81,23;51,72542;39,18063
13038060,6;101,58;51,65531;39,23815
6369408;41,04;51,68604;39,17548
5009026;40,84;51,67446;39,40254
2871000;21,36;51,718755;39,150166
9000000;85,9;51,646044;39,128907
5193895;21,7;51,72168;39,18229
5310900;56,2;51,647951;39,315411
6933600;64,19;51,72046049;39,13798552
5046660;47,61;51,54828;39,09313
4703650;24,92;51,6401;39,18583
8212800;51,33;51,69545;39,20925
6335971;33,18;51,67457;39,16875
4682700;43;51,618781;39,248545
6583975;42,86;51,78249;39,1896
4467110;20,6;51,67652;39,17553
10145520;75,59;51,64088;39,16197
5108518;64,12;51,0902207;40,031849
3161000;21,02;51,718755;39,150166
4557700;26,8;51,69545;39,20925
5533200;52,2;51,54828;39,09313
5571665;59,59;51,66113;39,279135
4843400;40,36;51,618781;39,248545
4477400;38,93;51,618985;39,247526
9847864;71,59;51,65531;39,23815
4282600;38;51,60916;39,37138
5017000;47,29;51,81536;39,14698
9498419;69,79;51,64088;39,16197
6933600;64,19;51,72046049;39,13798552
5240462;64,38;51,0902207;40,031849
6752728,5;38,5;51,6401;39,18583
3531240;20,39;51,569384;39,118105
12563850;66,3;51,64722698;39,1836482
4569559;41,5;51,36854087;42,11685414
4526550;47,9;51,647951;39,315411
8241282;71,69;51,739372;39,315543
5249600;54,4;51,648217;39,315008
4480000;39,9;51,68481;39,07371
10464000;60;51,66339;39,16472
3574890;20,7;51,56919;39,12012
4852100;40,79;51,618985;39,247526
6750000;60,29;51,68481;39,07371
3344807;20,29;51,669291;39,314332
3814193;38,11;51,0902207;40,031849
7655082;66,59;51,739372;39,315543
4477400;38,93;51,618985;39,247526
10524000;60;51,66339;39,16472
5623590;30,72;51,651;39,17766
11001473,5;71,23;51,6401;39,18583
10166100;65,8;51,65531;39,23815
11419569;78,8;51,651;39,17766
5535750;30,25;51,651;39,17766
7950530;42,86;51,71033;39,23067
8999600;60,4;51,675248;39,275346
5117580;31,59;51,71788;39,19044
4708148;40,9;51,74031;39,31684
12346080;85,44;51,65531;39,23815
11716614;80,86;51,651;39,17766
9758320;57,2;51,72535;39,18228
8627266;42,61;51,72542;39,18063
6112848;55,36;51,60916;39,37138
8212800;51,33;51,69545;39,20925
6068362,5;76,5;51,610856;39,368789
9165187,2;64,48;51,65531;39,23815
11362694;45,88;51,699254;39,264036
4517100;47,79;51,648217;39,315008
6928470;38,29;51,72535;39,18228
2062962;15,13;51,618985;39,247526
3996918;30,29;51,63587;39,25059
4411764;25,62;51,73024;39,19846
8700000;77,8;51,68481;39,07371
16648280;96,4;51,728933;39,197652
2874875;21,1;51,739378;39,314012
19317765;93,3;51,653929;39,19561
18668130;90,59;51,653929;39,19561
8490028,08;59,2;51,614616;39,240535
20851958;87,76;51,65898;39,18725
4162920;24,55;51,65531;39,23815
4411764;25,62;51,73024;39,19846
5656750;60,5;51,647951;39,315411
4306830;25,26;51,64088;39,16197
4967398;39,79;51,63587;39,25059
3900075;22,35;51,65531;39,23815
5113102;42,45;51,674317;39,403699
5175900;42,59;51,63616;39,27488
5039370;39,9;51,56919;39,12012
9180000;74,94;51,69572;39,21061
5023153;42,4;51,739372;39,315543
6539486,5;79,58;51,61088;39,36799
10929515;65,9;51,72535;39,18228
3513182,5;20,75;51,73024;39,19846
4565477;40,5;51,60916;39,37138
5901750;64,5;51,648217;39,315008
4762800;44,09;51,72046049;39,13798552
8148349;54,06;51,66149;39,25248
3557620;20,6;51,56919;39,12012
4760000;42,5;51,72046049;39,13798552
4667741;39,4;51,739372;39,315543
3980000;35,79;51,685245;39,075692
10361799;71,51;51,651;39,17766
4565477;40,5;51,60916;39,37138
2797860;27,43;51,54828;39,09313
4724440;35,9;51,56919;39,12012
12343620;81,8;51,71991;39,18952
7210000;64,3;51,68481;39,07371
8700000;77,8;51,68481;39,07371
5892782;70;51,0902207;40,031849
10100300;65,8;51,65531;39,23815
10632600;71,59;51,65531;39,23815
4948273;42,4;51,73916;39,31545
9591642;85,06;51,67446;39,40254
5899339;72,12;51,0902207;40,031849
7632094;66,4;51,739372;39,315543
9200000;90,69;51,646044;39,128907
10413477;97,8;51,74031;39,31684
8700000;77,8;51,68481;39,07371
36190000;175,69;51,654467;39,201762
4816560;36,59;51,56919;39,12012
4879569,6;32,74;51,71788;39,19044
5963616,4;55,61;51,574009;39,130905
17607600;80,4;51,653929;39,19561
4501215;20,7;51,67652;39,17553
4457280;39,54;51,60916;39,37138
21625860;89,4;51,653929;39,19561
8015400;87,59;51,648217;39,315008
3224320;28,15;51,60978;39,381
11127000;65,05;51,63666;39,23633
9792584;64,18;51,78249;39,1896
5366787;43;51,63587;39,25059
11907335;72,65;51,72542;39,18063
7049350;38,5;51,66339;39,16472
6922800;64,09;51,72046049;39,13798552
4254100;22,38;51,65185;39,18399
4550600;38,06;51,618781;39,248545
4847164;26,47;51,6401;39,18583
5117580;31,59;51,71788;39,19044
16028100;97,13;51,728933;39,197652
4907520;42,13;51,718755;39,150166
7743450;46,93;51,69545;39,20925
3523080;20,39;51,569384;39,118105
6098400;36,95;51,69545;39,20925
7911750;68,5;51,63587;39,25059
4200000;37,9;51,685245;39,075692
10230600;59;51,66339;39,16472
6497700;39,38;51,69545;39,20925
4802132;40,61;51,674317;39,403699
3182400;31,2;51,647951;39,315411
6382200;38,68;51,69545;39,20925
3852370;42,49;49,93932323;40,53511803
9225350;60,09;51,71788;39,19044
4921500;51;51,647951;39,315411
5017000;47,29;51,81536;39,14698
11846560;59,5;51,699254;39,264036
8015400;87,59;51,648217;39,315008
10413477;97,8;51,74031;39,31684
7810000;62,18;51,69572;39,21061
10216471;66,9;51,70412;39,27386
5046660;47,61;51,54828;39,09313
4354200;35,4;51,618781;39,248545
12388950;80,5;51,72535;39,18228
4667741;39,4;51,739372;39,315543
5388520;42,79;51,569384;39,118105
8800000;85,9;51,646044;39,128907
5453217;33,11;51,651;39,17766
7660800;68,4;51,91159;39,32979
4015948;29,07;51,714458;39,277214
3915940;23,23;51,65531;39,23815
5239780;28,79;51,731404;39,194879
17323875;79,65;51,686039;39,228412
5039820;30,6;51,651;39,17766
4254100;22,38;51,65185;39,18399
4217700;24,8;51,69545;39,20925
4889574;59,15;51,61088;39,36799
13512960;82,8;51,66339;39,16472
3750000;33,7;51,685245;39,075692
9310000;53,2;51,677954;39,275797
4117300;21,67;51,65185;39,18399
5465600;42,11;51,718755;39,150166
5236920;48,49;51,547326;39,092364
10422061;60,09;51,71779;39,18906
9275257,8;73,93;51,680576;39,248383
22645435;87,72;51,67366;39,19767
10836570;43,77;51,699254;39,264036
8015400;87,59;51,648217;39,315008
3951548;40,25;51,0902207;40,031849
2678520;26,26;51,54828;39,09313
3903565;22,37;51,65531;39,23815
11567021;59,16;51,64109;39,14988
24628435;87,48;51,65898;39,18725
10638600;104,3;51,7542;39,00427
4446204;25,81;51,73024;39,19846
4162920;24,55;51,65531;39,23815
4154150;20,75;51,692872;39,130697
5249600;54,4;51,648217;39,315008
13406800;121,87;51,67813873;39,16810989
4501215;20,7;51,6766;39,17552
5427200;42,11;51,718755;39,150166
9424730;51,49;51,723514;39,180801
2797860;27,43;51,54828;39,09313
12192678;60,38;51,699254;39,264036
5190285;45,33;51,63616;39,27488
5048100;42,59;51,63616;39,27488
12302186;42,81;51,65898;39,18725
4978000;46,9;51,81536;39,14698
12260640;85,44;51,65531;39,23815
5579790;63,86;51,0902207;40,031849
5162956;58,56;51,0902207;40,031849
4979500;43,29;51,91159;39,32979
4795700;44,2;51,72046049;39,13798552
4193640;36,13;51,718755;39,150166
3557620;20,6;51,569384;39,118105
6308883;43,02;51,64088;39,16197
18578365;78,19;51,65898;39,18725
4151455;28,7;51,66149;39,25248
20007455;97,09;51,653929;39,19561
4838940;29,87;51,71788;39,19044
24577073;104,61;51,65898;39,18725
20007455;97,09;51,653929;39,19561
5229497;41,9;51,63587;39,25059
4484480;36,4;51,67058;39,31567
5885044;40,84;51,674317;39,403699
2626965;20,12;51,574009;39,130905
8948250;87,3;51,72046049;39,13798552
7031040;38,4;51,66339;39,16472
5448000;45,4;51,91159;39,32979
3933750;37,5;51,63616;39,27488
8490720;50,54;51,727726;39,195767
9897925;69,94;51,692872;39,130697
4488795;20,7;51,6766;39,17552
9426749,8;77,05;51,68604;39,17548
4346134,1;34,09;51,574009;39,130905
5736200;39,56;51,64088;39,16197
4488795;20,7;51,67652;39,17553
4919178;40,84;51,674317;39,403699
3540350;20,5;51,569384;39,118105
8509160;46,59;51,66339;39,16472
4819000;39,5;51,618781;39,248545
5041636;43,2;51,739378;39,314012
7884720;55,91;51,64088;39,16197
9555100;89,3;51,91133;39,33017
13142265;83,09;51,664464;39,252986
8308960;47,2;51,728933;39,197652
11387633;69,3;51,72542;39,18063
5645550;30,85;51,651;39,17766
7962500;45,5;51,677954;39,275797
4819000;39,5;51,618781;39,248545
3187668;38,13;51,61088;39,36799
5097025,5;61,66;51,61088;39,36799
4501215;20,7;51,67652;39,17553
5402694;45,06;51,674317;39,403699
9052428;64,01;51,64088;39,16197
9400000;90,69;51,646044;39,128907
6375600;38,63;51,69545;39,20925
3861990;20,75;51,73024;39,19846
7859850;85,9;51,647951;39,315411
4816560;36,59;51,56919;39,12012
17870496;62,88;51,65898;39,18725
7962500;45,5;51,677954;39,275797
6117690;33,43;51,651;39,17766
6851780;46,93;51,69545;39,20925
8191881;44,63;51,72542;39,18063
7462000;93,54;51,00177002;39,49718094
6078894;41,47;51,64088;39,16197
4480000;40,09;51,68481;39,07371
4739482;40,84;51,67446;39,40254
12454650;42,58;51,65898;39,18725
10270120;60,2;51,72535;39,18228
3666300;36,29;51,648217;39,315008
3920000;35,2;51,685245;39,075692
10790814;52,52;51,699254;39,264036
3694080;35,52;51,54828;39,09313
5064977;43,4;51,739378;39,314012
3574890;20,7;51,56919;39,12012
6100000;54,9;51,685245;39,075692
7103650;45,83;51,62787;39,32788
9614898;90,3;51,74031;39,31684
9497160;51,06;51,727726;39,195767
8000636;46,75;51,6401;39,18583
6347972,4;43,25;51,65531;39,23815
9268889;29,88;51,65898;39,18725
7380185;66,19;51,63616;39,27488
4889329;44,56;51,574009;39,130905
5193895;21,7;51,72168;39,18229
4820945;36,54;51,714458;39,277214
9501502,5;67,02;51,692872;39,130697
8017781;43,13;51,72542;39,18063
5110000;46;51,685245;39,075692
5920929,3;47,18;51,574009;39,130905
10856976;66,04;51,728933;39,197652
5946866,2;48,52;51,574009;39,130905
3711230;26,2;51,73024;39,19846
4501215;20,7;51,6766;39,17552
4114251;41,88;51,0902207;40,031849
6382200;38,68;51,69545;39,20925
6652800;40,31;51,69545;39,20925
10413477;97,8;51,74031;39,31684
9250681;67,87;51,64088;39,16197
6238650;37,81;51,731404;39,194879
4767704;38,2;51,63587;39,25059
6131900;36,06;51,69545;39,20925
7897000;75,9;51,816565;39,148016
13759704;83,08;51,723514;39,180801
4747900;39,5;51,67058;39,31567
6582400;54,4;51,67729;39,27827
11423500;68,19;51,72535;39,18228
4465200;38,93;51,618985;39,247526
10846340;80,75;51,71788;39,19044
38852000;187,8;51,654467;39,201762
12180000;69,59;51,67768;39,2764
9378950;88,9;51,91133;39,33017
12546940;82,59;51,71991;39,18952
6743844;65,18;49,93932323;40,53511803
3882695;33,9;51,60978;39,381
3450458;20,68;51,669291;39,314332
4560000;41,09;51,685245;39,075692
3557515;31,06;51,60978;39,381
10994920;80,75;51,71788;39,19044
3694080;35,52;51,54828;39,09313
9310000;53,2;51,677954;39,275797
10941000;60;51,664464;39,252986
8676388;62,5;51,64088;39,16197
6774825;43,84;51,68604;39,17548
5509449;63,86;51,0902207;40,031849
4292627;36,34;51,36854087;42,11685414
7090992;64,23;51,60978;39,381
6642115;26,4;51,698978;39,263224
6905706;72,33;51,0902207;40,031849
4590227;38;51,74031;39,31684
11016194;72,19;51,68598;39,176204
3445453;20,64;51,669291;39,314332
6953600;65,59;51,72046049;39,13798552
8191799;77,98;51,674317;39,403699
4027733,5;34,09;51,574009;39,130905
11305420;70,22;51,72542;39,18063
4488795;20,7;51,67652;39,17553
2703000;26,5;51,54828;39,09313
3884248;38,11;51,0902207;40,031849
2361150;15,89;51,618781;39,248545
14289840;89,19;51,72168;39,18229
4148335;36,22;51,60978;39,381
3033844;36,29;51,61088;39,36799
4560000;41,09;51,685245;39,075692
12117456;60,38;51,699254;39,264036
4740450;42,9;51,91133;39,33017
6430210;63,75;51,36846557;42,11676512
7169950;74,3;51,648217;39,315008
19300156;85,77;51,698978;39,263224
7837760,5;54,4;51,73024;39,19846
8920450;49;51,66339;39,16472
7317654;48,59;51,68604;39,17548
4411764;25,62;51,73024;39,19846
12116420;88,69;51,646044;39,128907
11451289;46,24;51,699254;39,264036
4779797;40,61;51,674317;39,403699
9200000;90,69;51,646044;39,128907
5473443;46,9;51,739378;39,314012
7704300;84,19;51,647951;39,315411
6965000;39,79;51,677954;39,275797
7090992;64,23;51,60978;39,381
8966100;81,51;51,62798;39,32773
6308173,2;43,25;51,65531;39,23815
7110819;45,66;51,651;39,17766
5042856;43,86;51,674317;39,403699
11683494;73,62;51,728933;39,197652
9667200;57;51,721709;39,183342
4819000;39,5;51,618781;39,248545
5443530;43,09;51,56919;39,12012
6077940;34,9;51,646044;39,128907
4700000;42;51,68464;39,07713
21978000;109,88;51,6847;39,22139
5515076;43,09;51,56919;39,12012
3490041;25,54;51,574009;39,130905
9512300;88,9;51,91133;39,33017
5535750;30,25;51,651;39,17766
5950000;39,11;51,69572;39,21061
4501215;20,7;51,6766;39,17552
13038060,6;101,58;51,65531;39,23815
9223042,5;56,66;51,6401;39,18583
6364505;38,68;51,65531;39,23815
8871450;49;51,66339;39,16472
7103365;61,79;51,739372;39,315543
6342000;42,27;51,64669;39,17997
7049350;38,5;51,66339;39,16472
5684800;60,79;51,647951;39,315411
6176975;37,54;51,65531;39,23815
2610600;22,79;51,60978;39,381
4439760;42,68;51,66113;39,279135
4783960;39,79;51,67058;39,31567
6592950;41,86;51,71033;39,23067
27368000;125,08;51,6847;39,22139
8143200;50,7;51,70412;39,27386
5228800;62,63;51,00177002;39,49718094
4282600;38;51,60916;39,37138
5340682,8;36,5;51,71788;39,19044
6399040;60,06;51,36854087;42,11685414
11513110;71,51;51,651;39,17766
20284720;89,36;51,6733;39,20121
5632740;30,78;51,651;39,17766
5901750;64,5;51,647951;39,315411
4095900;38,06;51,618781;39,248545
8824560;49,79;51,72168;39,18229
2703000;26,5;51,54828;39,09313
6043588;35,79;51,70412;39,27386
5416804;61,68;51,0902207;40,031849
8235360;73,52;51,67813873;39,16810989
3492412;26,68;51,674317;39,403699
7289073;60,38;51,574009;39,130905
3728056;29,07;51,714458;39,277214
4482900;26,37;51,69545;39,20925
5229497;41,9;51,63587;39,25059
4655894;39,29;51,739372;39,315543
4703650;24,92;51,6401;39,18583
6455840;41,11;51,71788;39,19044
19224465;93,3;51,653929;39,19561
3680800;21,39;51,569384;39,118105
4517100;47,79;51,648217;39,315008
10434773;98;51,74031;39,31684
4665188;37,04;51,674317;39,403699
20926562;87,76;51,65898;39,18725
4970196;25,4;51,67457;39,16875
4724440;35,9;51,56919;39,12012
5465600;42,13;51,718755;39,150166
6954200;63,79;51,72046049;39,13798552
7225000;57,79;51,67729;39,27827
3490041;25,54;51,574009;39,130905
3179665;27,77;51,60978;39,381
7911750;68,5;51,63587;39,25059
9208956,2;65,2;51,65531;39,23815
4380545;35,47;51,63616;39,27488
5310900;56,2;51,647951;39,315411
4565477;40,5;51,60916;39,37138
5014000;43,59;51,91159;39,32979
7211160;66,76;51,54828;39,09313
3694080;35,52;51,54828;39,09313
2874875;21,1;51,739378;39,314012
6068362,5;76,5;51,610856;39,368789
3540350;20,5;51,569384;39,118105
5901750;64,5;51,648217;39,315008
5069980;47,83;51,54828;39,09313
4148335;36,22;51,60978;39,381
8704500;82,9;51,72046049;39,13798552
10080977;89,41;51,674317;39,403699
7888650;47,81;51,69545;39,20925
7277312;45,84;51,73024;39,19846
11079936;64,12;51,727726;39,195767
5249600;54,4;51,648217;39,315008
14628019;61,81;51,698978;39,263224
9679500;71,69;51,64088;39,16197
4117300;21,67;51,65185;39,18399
18107666;63,38;51,65898;39,18725
7572210;43,77;51,651;39,17766
3911721;37,29;51,63616;39,27488
11722987;59,16;51,64109;39,14988
4655894;39,29;51,739372;39,315543
9689688;68,43;51,692872;39,130697
7259633;43,56;51,783418;39,190156
8860950;87,3;51,72046049;39,13798552
10530000;48,7;51,67064;39,22223
6983318;61,7;51,73916;39,31545
14113440;48,59;51,65898;39,18725
11646720;107,83;51,67813873;39,16810989
3630640;34,9;51,54828;39,09313
5556271;46,9;51,739372;39,315543
9639000;91,8;51,701773;39,2062
3574890;20,7;51,56919;39,12012
13387500;76,5;51,67768;39,2764
10521000;100,19;51,701773;39,2062
6112848;55,36;51,60915;39,37122
4600998;35,9;51,63587;39,25059
5617500;32,09;51,677954;39,275797
13078900;84,37;51,728933;39,197652
7911800;71,59;51,91159;39,32979
3377777;20,48;51,669291;39,314332
9027020;60,09;51,67457;39,16875
5100458,4;27,12;51,6401;39,18583
8455800;82,9;51,72046049;39,13798552
6555808;41,43;51,68604;39,17548
3920000;35,2;51,685245;39,075692
3881550;33,9;51,60978;39,381
10372435;94,69;51,739372;39,315543
4295728;30,63;51,7203;39,13379
11737473;63,13;51,783418;39,190156
9326200;84,4;51,91159;39,32979
11559600;77;51,70412;39,27386
4488795;20,7;51,6766;39,17552
5343000;41,52;51,718755;39,150166
10961526;64,13;51,727726;39,195767
11548900;104,98;51,67813873;39,16810989
11557084;69,08;51,72542;39,18063
5014000;43,59;51,91159;39,32979
10456617;78,9;51,66149;39,25248
18112500;103,5;51,67768;39,2764
5024598;25,86;51,67457;39,16875
5165041;45,83;51,60978;39,381
4889250;43,45;51,719593;39,145017
8543739;61,5;51,64088;39,16197
8015400;87,59;51,648217;39,315008
8672025;53,77;51,6401;39,18583
9701289;67,23;51,68604;39,17548
4148335;36,22;51,60978;39,381
4856040;36,9;51,56919;39,12012
5645550;30,85;51,651;39,17766
5159438;58,54;51,0902207;40,031849
4565477;40,5;51,60916;39,37138
10289600;59;51,66339;39,16472
6930385;36,18;51,71033;39,23067
4667741;39,4;51,739372;39,315543
6576000;54,79;51,63587;39,25059
10608405;66,93;51,728933;39,197652
4488795;20,7;51,6766;39,17552
3881195;22,37;51,65531;39,23815
6212500;49,7;51,701773;39,2062
4856390;37,09;51,56919;39,12012
2595715;22,67;51,60978;39,381
8700000;77,9;51,68481;39,07371
3219840;30,95;51,54828;39,09313
6049600;37,81;51,731404;39,194879
7132720;43,36;51,65531;39,23815
7859850;85,9;51,648217;39,315008
4677075;48,91;51,0902207;40,031849
5630910;30,77;51,651;39,17766
4889574;59,15;51,61088;39,36799
9416736;62,27;51,66149;39,25248
2703000;26,5;51,54828;39,09313
7251565;61,7;51,739372;39,315543
4114933,4;25,81;51,73024;39,19846
5632740;30,78;51,651;39,17766
3033844;36,29;51,61088;39,36799
3412083;20,45;51,669291;39,314332
12356750;80,5;51,72535;39,18228
10106880;71,68;51,68604;39,17548
6249402;39;51,73024;39,19846
7913814;44,61;51,67457;39,16875
4868057;40,29;51,74031;39,31684
10289600;59;51,66339;39,16472
3939180;23,23;51,65531;39,23815
7237500;57,9;51,67729;39,27827
7788799;42,16;51,728933;39,197652
4467110;20,6;51,67652;39,17553
6750000;60,29;51,68481;39,07371
5357800;67,79;51,00177002;39,49718094
9758320;57,2;51,72535;39,18228
9105865,6;64,48;51,65531;39,23815
6099600;55,25;51,60916;39,37138
9225350;60,09;51,71788;39,19044
5300000;41,5;51,646044;39,128907
5250946;48,52;51,574009;39,130905
3266100;36,29;51,61088;39,36799
4035575;41,66;49,93932323;40,53511803
10083398;94,69;51,73916;39,31545
6176975;37,54;51,65531;39,23815
12115336;59,93;51,699254;39,264036
12172297;118,34;51,67446;39,40254
3210000;28,7;51,685245;39,075692
4565477;40,5;51,60915;39,37122
3557620;20,6;51,569384;39,118105
10826782;43,74;51,699254;39,264036
14218672;90,22;51,728933;39,197652
3574890;20,7;51,56919;39,12012
5380876;64,48;51,0902207;40,031849
4193900;24,67;51,69545;39,20925
4452027;34,5;51,63587;39,25059
6576000;54,79;51,63587;39,25059
10811947;52,63;51,699254;39,264036
8841574;57,18;51,68598;39,176204
3548550;20,5;51,569384;39,118105
7031040;38,4;51,66339;39,16472
3574890;20,7;51,56919;39,12012
4954615;38,9;51,63587;39,25059
10388000;98;51,75425;39,00399
4341900;36,29;51,618781;39,248545
5110000;46;51,685245;39,075692
3666300;36,29;51,648217;39,315008
6666300;41,15;51,73024;39,19846
10995855;66,3;51,72535;39,18228
7219744;46,75;51,6401;39,18583
11218967;59,16;51,64109;39,14988
5159797;42,45;51,674317;39,403699
7225000;57,79;51,67729;39,27827
8907500;50,9;51,67768;39,2764
10657500;60,9;51,677954;39,275797
4565477;40,5;51,60916;39,37138
3980000;35,9;51,685245;39,075692
4572511;35,9;51,63587;39,25059
9731040;66,87;51,67457;39,16875
11615341;77,4;51,70412;39,27386
11325161;47,06;51,699254;39,264036
10187268;69,16;51,66149;39,25248
7408360;41,61;51,728933;39,197652
7850700;47,58;51,69545;39,20925
6750000;60,29;51,68481;39,07371
7068882;61,5;51,739372;39,315543
10797930;64,34;51,727726;39,195767
4354200;35,4;51,618781;39,248545
10992196,8;80,73;51,71788;39,19044
18274060;64,3;51,65898;39,18725
6228929;55,27;51,60978;39,381
4478445;20,7;51,6766;39,17552
8907500;50,9;51,67768;39,2764
4181760;36,13;51,718755;39,150166
10031802;89,41;51,674317;39,403699
4138360;24,55;51,65531;39,23815
11559600;77;51,70412;39,27386
7241780;41,86;51,651;39,17766
4501215;20,7;51,6766;39,17552
5350000;47,4;51,68464;39,07713
6112848;55,36;51,60915;39,37122
4480000;39,79;51,68481;39,07371
7839504;71,01;51,60978;39,381
5107200;39,9;51,61492;39,24134
5190274;29,38;51,68604;39,17548
3540350;20,5;51,569384;39,118105
3951548;40,25;51,0902207;40,031849
4480000;40;51,68481;39,07371
8682669;50,5;51,727726;39,195767
10311300;63,65;51,728933;39,197652
3531240;20,39;51,569384;39,118105
4464028,8;25,62;51,73024;39,19846
6047250;36,65;51,69545;39,20925
3933750;37,5;51,63616;39,27488
5290817;46,36;51,720427;39,14657
3557620;20,6;51,56919;39,12012
8242560;48,59;51,721709;39,183342
4975960;28,93;51,731404;39,194879
10573500;100,69;51,701773;39,2062
6429521;60,06;51,36854087;42,11685414
8594232;48,11;51,728933;39,197652
5200000;41,5;51,646044;39,128907
6070680;43,79;51,67446;39,40254
6819900;76,19;51,648217;39,315008
9129492;66,05;51,64088;39,16197
11107335;65,52;51,71033;39,23067
5242760;49,45;51,54828;39,09313
5014000;43,59;51,91159;39,32979
6099600;55,25;51,60915;39,37122
3744875;42,49;49,93932323;40,53511803
12195953;91,62;51,67446;39,40254
6580200;39,88;51,69545;39,20925
6774840;36,9;51,67652;39,17553
12369840;83,58;51,67519;39,244057
4765705;41,4;51,74031;39,31684
4565477;40,5;51,60915;39,37122
5091113;43,86;51,674317;39,403699
10097360;66,43;51,71788;39,19044
4501215;20,7;51,67652;39,17553
14446770;65,37;51,653969;39,177769
4839320;35,9;51,7203;39,13379
4892180;26,47;51,6401;39,18583
4675840;44,95;51,54828;39,09313
4985482;38,9;51,63587;39,25059
9555100;89,3;51,91133;39,33017
5325056;43;51,63587;39,25059
10949206;41,59;51,698978;39,263224
5067711;40,77;51,67446;39,40254
8246133;52,29;51,68598;39,176204
5490330;32,7;51,66149;39,25248
7721687;73,62;51,36854087;42,11685414
11822599,8;88,11;51,64088;39,16197
6500438;41,09;51,68604;39,17548
16250723;74,73;51,699254;39,264036
5328345;45,06;51,674317;39,403699
8542782;46,99;51,728933;39,197652
4565477;40,5;51,60915;39,37122
7701540,8;53,31;51,71788;39,19044
12740500;83;51,72535;39,18228
5485209;42,09;51,67729;39,27827
6566391;43,36;51,78249;39,1896
8107500;70,5;51,91159;39,32979
7839504;71,01;51,60978;39,381
4819335;38,59;51,63587;39,25059
22819732;107,09;51,699254;39,264036
11990000;55,49;51,67064;39,22223
7795450;46,54;51,65185;39,18399
6650017,6;46,04;51,71788;39,19044
12808000;80;51,66339;39,16472
5300000;41,5;51,646044;39,128907
7041650;38,5;51,66339;39,16472
8212800;51,33;51,69545;39,20925
3574890;20,7;51,56919;39,12012
11451289;46,24;51,699254;39,264036
5956000;35,5;51,70412;39,27386
7110819;45,66;51,651;39,17766
6606600;54,59;51,67729;39,27827
4480000;40,09;51,68481;39,07371
12116420;88,69;51,646044;39,128907
11030353;92,76;51,719593;39,145017
5376000;44,79;51,91159;39,32979
4489600;38,93;51,618985;39,247526
7098000;67,59;51,72046049;39,13798552
5249600;54,4;51,648217;39,315008
7082160;64,15;51,60978;39,381
4762800;44,09;51,72046049;39,13798552
4501215;20,7;51,6766;39,17552
6905490;38,29;51,72535;39,18228
9400000;90,69;51,646044;39,128907
5278352;60,79;51,610856;39,368789
4467110;20,6;51,67652;39,17553
6632160;40,43;51,71788;39,19044
3574890;20,7;51,56919;39,12012
6176975;37,54;51,65531;39,23815
10083398;94,69;51,73916;39,31545
5630910;30,77;51,651;39,17766
6492528;41,04;51,68604;39,17548
7169950;74,3;51,647951;39,315411
8617350;84,9;51,72046049;39,13798552
4205520;36,13;51,718755;39,150166
10300336;56,2;51,723514;39,180801
4675000;42,5;51,72046049;39,13798552
2719420;20,68;51,63616;39,27488
4217400;36,13;51,718755;39,150166
3824206;29,82;51,714458;39,277214
6343512;43,33;51,64088;39,16197
5223439;39;51,73024;39,19846
7210035;43,83;51,65531;39,23815
7963125;68,5;51,63587;39,25059
17160603;78,73;51,698978;39,263224
6752728,5;38,5;51,6401;39,18583
3548550;20,5;51,569384;39,118105
3694080;35,52;51,54828;39,09313
7244580;44,04;51,65531;39,23815
9194824;60,29;51,70412;39,27386
13628843,2;106,95;51,65531;39,23815
8500491;46,99;51,728933;39,197652
13406800;121,87;51,67813873;39,16810989
5559637,5;76,5;51,610856;39,368789
13225365;83,09;51,664464;39,252986
4136048,6;25,98;51,73024;39,19846
4784850;44,09;51,72046049;39,13798552
2346300;15,8;51,618781;39,248545
4856040;36,9;51,56919;39,12012
5805950;38,45;51,6992;39,18352
6947500;39,7;51,677954;39,275797
14237685;64,56;51,686039;39,228412
3371183;20,45;51,669291;39,314332
5473443;46,9;51,73916;39,31545
6048150;66,09;51,647951;39,315411
13187064;45,4;51,65898;39,18725
4560000;41;51,685245;39,075692
6325815;38,68;51,65531;39,23815
7005134;78,73;51,0902207;40,031849
2703000;26,5;51,54828;39,09313
10319256;59,58;51,728933;39,197652
4311411;41,7;49,93932323;40,53511803
12356750;80,5;51,72535;39,18228
4501215;20,7;51,6766;39,17552
4254450;25,1;51,65531;39,23815
8745950;82,9;51,72046049;39,13798552
3481350;37,38;49,93932323;40,53511803
5366787;43;51,63587;39,25059
9692661;46,18;51,64109;39,14988
8063132;77,98;51,674317;39,403699
4314938,4;33,84;51,574009;39,130905
5237400;40,59;51,569446;39,11907
4831200;40,36;51,618781;39,248545
8951389;91,52;51,36854087;42,11685414
7052718;41,45;51,65185;39,18399
8196573;54,38;51,66149;39,25248
4988850;39,5;51,56919;39,12012
4639080;40,29;51,74031;39,31684
4424625;34,5;51,63587;39,25059
7158057;43,65;51,6401;39,18583
4889250;43,45;51,719593;39,145017
4660000;42;51,685245;39,075692
8202405;53,09;51,68598;39,176204
2123550;14,3;51,618781;39,248545
10638600;104,3;51,75424;39,00424
10638600;104,3;51,75474;39,00362
12260640;85,44;51,65531;39,23815
3583170;20,7;51,56919;39,12012
6774840;36,9;51,67652;39,17553
4144275;41,88;51,0902207;40,031849
6430000;57,5;51,68481;39,07371
11878192,6;88,62;51,64088;39,16197
4501215;20,7;51,6766;39,17552
10150000;58;51,67732;39,2766
5593212;33,95;51,651;39,17766
3182400;31,2;51,648217;39,315008
4452027;34,5;51,63587;39,25059
6338078;60,06;51,36854087;42,11685414
10994920;80,75;51,71788;39,19044
8700000;77,8;51,68481;39,07371
13406800;121,87;51,67813873;39,16810989
6100000;54,9;51,685245;39,075692
7889250;47,09;51,65185;39,18399
4478445;20,7;51,6766;39,17552
9710000;106,09;51,81536;39,14698
5645550;30,85;51,651;39,17766
4667741;39,4;51,739372;39,315543
4856040;36,9;51,56919;39,12012
9624070;70,3;51,76077;39,17925
7837760,5;54,4;51,73024;39,19846
11775825;78,9;51,66149;39,25248
11527600;71,59;51,651;39,17766
4874490;36,9;51,56919;39,12012
2657380;20,68;51,63616;39,27488
10270013;49,86;51,723514;39,180801
4919040;42,13;51,718755;39,150166
6539486,5;79,58;51,61088;39,36799
3799299;23,9;51,73024;39,19846
9648765;46,18;51,64109;39,14988
13511540;46,84;51,65898;39,18725
2874875;21,1;51,739378;39,314012
4501215;20,7;51,6766;39,17552
4480000;40;51,68481;39,07371
4856390;37,09;51,56919;39,12012
5694000;44,38;51,718755;39,150166
6024000;50,2;51,701773;39,2062
3784000;23,64;51,66149;39,25248
4565500;39,7;51,91159;39,32979
2884200;34,5;51,61088;39,36799
5985000;34,2;51,67768;39,2764
4288346;31,03;51,714458;39,277214
19545520;80,8;51,653929;39,19561
8117975;88,59;51,619367;39,382813
13959990;58,4;51,653969;39,177769
5640060;30,81;51,651;39,17766
3490041;25,54;51,574009;39,130905
9899250;59,09;51,72535;39,18228
6452157,8;43,97;51,65531;39,23815
5249600;54,4;51,648217;39,315008
3960894;42,49;49,93932323;40,53511803
9290270,4;65,36;51,65531;39,23815
5242760;49,45;51,54828;39,09313
5717992;40,77;51,67446;39,40254
4329600;35,2;51,618781;39,248545
7210000;64,3;51,68481;39,07371
3574890;20,7;51,56919;39,12012
4405443;39,09;51,60916;39,37138
4484400;40,4;51,72046049;39,13798552
11016194;72,19;51,68598;39,176204
5515076;43,09;51,56919;39,12012
4933894;48,91;51,0902207;40,031849
9778034;39,79;51,698978;39,263224
6000000;54;51,685245;39,075692
2874875;21,1;51,739378;39,314012
11822599,8;88,11;51,64088;39,16197
4455000;27,5;51,71788;39,19044
4614400;41,2;51,72046049;39,13798552
10040352;94,69;51,739378;39,314012
9452800;84,4;51,91133;39,33017
7624122;65,08;51,67446;39,40254
4695600;36,4;51,569384;39,118105
11527600;71,59;51,651;39,17766
3609738;27,8;51,674317;39,403699
3450458;20,68;51,669291;39,314332
4975481,4;28,82;51,73024;39,19846
4988850;39,5;51,56919;39,12012
9504565;61,29;51,6401;39,18583
10552724,5;71,23;51,6401;39,18583
5533200;52,2;51,54828;39,09313
4254450;25,1;51,65531;39,23815
3591865;31,37;51,60978;39,381
7572210;43,77;51,651;39,17766
6347972,4;43,25;51,65531;39,23815
3395398;20,35;51,669291;39,314332
10215825;60,99;51,728933;39,197652
6996600;67,59;51,72046049;39,13798552
4405443;39,09;51,60915;39,37122
7990457;99,69;51,619367;39,382813
5644360;38,65;51,69545;39,20925
7012730;38,29;51,66339;39,16472
5342111;47,56;51,574009;39,130905
3033844;36,29;51,61088;39,36799
10268830;61,49;51,6847;39,22139
7049350;38,5;51,66339;39,16472
7005070;38,29;51,66339;39,16472
4587900;37,29;51,618781;39,248545
4480000;40,09;51,68481;39,07371
4560000;41;51,685245;39,075692
10508464;68,05;51,66149;39,25248
4730631;38,2;51,63587;39,25059
4470200;41,2;51,72046049;39,13798552
5656530;30,9;51,651;39,17766
7911800;71,59;51,91159;39,32979
14245240;89,19;51,72168;39,18229
4328830;26,68;51,674317;39,403699
5022400;64,05;51,00177002;39,49718094
6943300;63,7;51,72046049;39,13798552
8066659;69,8;51,739378;39,314012
5571665;59,59;51,66113;39,279135
4205800;24,73;51,69545;39,20925
6452157,8;43,97;51,65531;39,23815
4148335;36,22;51,60978;39,381
10091880;58,2;51,66339;39,16472
4655894;39,29;51,739372;39,315543
4484400;40,4;51,72046049;39,13798552
8537380;51,43;51,727726;39,195767
4328830;26,68;51,674317;39,403699
17996256;62,88;51,65898;39,18725
5524038;33,54;51,651;39,17766
8241282;71,69;51,739372;39,315543
5449620;30,36;51,71033;39,23067
5907527,5;76,3;51,610856;39,368789
6497700;39,38;51,69545;39,20925
2610600;22,79;51,60978;39,381
9242141;57,61;51,72542;39,18063
5069980;47,83;51,54828;39,09313
6575551;55,09;51,63587;39,25059
18668040;107,25;51,699254;39,264036
4488795;20,7;51,6766;39,17552
6020700;65,8;51,648217;39,315008
7085182;62,59;51,739378;39,314012
5290817;46,36;51,720427;39,14657
13530440;106,95;51,65531;39,23815
5356000;41,52;51,718755;39,150166
10847088;64,26;51,727726;39,195767
8340054;66,37;51,61492;39,24134
3903565;22,37;51,65531;39,23815
3903565;22,37;51,65531;39,23815
7017500;40,09;51,67768;39,2764
10100300;65,8;51,65531;39,23815
5987850;76,4;51,610856;39,368789
4978017;40,77;51,67446;39,40254
4979500;43,29;51,91159;39,32979
7621877;88,27;51,0902207;40,031849
8250000;75,4;51,68464;39,07713
14289840;89,19;51,72168;39,18229
4655894;39,29;51,739372;39,315543
4501215;20,7;51,6766;39,17552
4633100;43,29;51,72046049;39,13798552
11513110;71,51;51,651;39,17766
11615341;77,4;51,70412;39,27386
5356000;41,58;51,718755;39,150166
10348600;59;51,66339;39,16472
15539076;53,61;51,65898;39,18725
10106899;66,33;51,674317;39,403699
4517100;47,79;51,648217;39,315008
3548550;20,5;51,569384;39,118105
6633588;40,56;51,6401;39,18583
7092096;64,23;51,60978;39,381
15260000;87,19;51,67768;39,2764
6704989;72,2;51,0902207;40,031849
7859850;85,9;51,647951;39,315411
11382956;49,31;51,699254;39,264036
6506041,5;38,97;51,6401;39,18583
7689348;51,15;51,68604;39,17548
7210035;43,83;51,65531;39,23815
7158057;43,65;51,6401;39,18583
3672114;19,86;51,73024;39,19846
9290270,4;65,36;51,65531;39,23815
3557620;20,6;51,569384;39,118105
9847864;71,59;51,65531;39,23815
5645550;30,85;51,651;39,17766
12957175;44,45;51,65898;39,18725
14437250;73,09;51,686039;39,228412
4931919;50,22;51,0902207;40,031849
8255181,04;58,56;51,614616;39,240535
5208120;41,4;51,56919;39,12012
4480000;40,09;51,68481;39,07371
9200000;90,69;51,646044;39,128907
3581520;37,88;49,93932323;40,53511803
5207400;28,93;51,731404;39,194879
3881550;33,9;51,60978;39,381
3377777;20,48;51,669291;39,314332
7300000;65,9;51,68464;39,07713
6555000;38,2;51,63858;39,15943
5621541;33,4;51,70412;39,27386
7460961;70,26;49,93925258;40,5359376
6923277;46,33;51,78249;39,1896
7580000;60,04;51,69572;39,21061
6506041,5;38,97;51,6401;39,18583
7210035;43,83;51,65531;39,23815
9633894;89,3;51,739372;39,315543
5611952;64,38;51,0902207;40,031849
6525599;63,75;51,36846557;42,11676512
4501215;20,7;51,6766;39,17552
3507086;26,68;51,674317;39,403699
11191270,5;71,66;51,6401;39,18583
4060335;38,47;51,36854087;42,11685414
3666300;36,29;51,647951;39,315411
8356366;53,09;51,68598;39,176204
11191803;64,2;51,727726;39,195767
3574890;20,7;51,56919;39,12012
4915515;28,82;51,73024;39,19846
11455164;82,52;51,68604;39,17548
11209340;81,81;51,67519;39,244057
3175500;21,02;51,718755;39,150166
5074003;48,91;51,0902207;40,031849
13740540;65,4;51,653929;39,19561
13609740;65,4;51,653929;39,19561
10801800;105,9;51,75425;39,00399
4282600;38;51,60916;39,37138
5739255;29,96;51,783418;39,190156
10992196,8;80,73;51,71788;39,19044
10473300;64,65;51,727726;39,195767
8433600;50,2;51,727726;39,195767
4817800;43,59;51,91159;39,32979
4565477;40,5;51,60916;39,37138
4914900;38,09;51,6327;39,29841
11527600;71,59;51,651;39,17766
19317765;93,3;51,653929;39,19561
3490041;25,54;51,574009;39,130905
6048150;66,09;51,647951;39,315411
8672025;53,77;51,6401;39,18583
8279096;45,63;51,728933;39,197652
4068185;35,52;51,60978;39,381
10083398;94,69;51,73916;39,31545
4153800;52,13;51,00177002;39,49718094
3630640;34,9;51,54828;39,09313
5133375;45,63;51,719593;39,145017
6243750;67,5;51,648217;39,315008
12180000;69,59;51,67768;39,2764
7103365;61,79;51,739372;39,315543
5901750;64,5;51,647951;39,315411
13486040;46,59;51,65898;39,18725
3881495;40,25;51,0902207;40,031849
8132551;47,38;51,72542;39,18063
5424930;32,7;51,66149;39,25248
4889574;59,15;51,61088;39,36799
7881636;55,74;51,64088;39,16197
2610600;22,79;51,60978;39,381
23626350;109,88;51,6847;39,22139
7830900;47,45;51,69545;39,20925
4181760;36,13;51,718755;39,150166
5463711;41,22;51,674317;39,403699
8096000;70,4;51,701773;39,2062
13083105,65;88,51;51,6401;39,18583
6539486,5;79,58;51,61088;39,36799
8239000;74,9;51,701773;39,2062
9453190;56,13;51,72542;39,18063
4282600;38;51,60916;39,37138
6497700;39,38;51,69545;39,20925
8700000;77,8;51,68481;39,07371
7895000;60,04;51,69572;39,21061
5630910;30,77;51,651;39,17766
3579147;27,8;51,674317;39,403699
6271860;38,36;51,65531;39,23815
4501215;20,7;51,6766;39,17552
6099600;55,25;51,60916;39,37138
3884248;38,11;51,0902207;40,031849
13740540;65,4;51,653929;39,19561
9604250;90,19;51,74031;39,31684
2172258;16,79;51,618781;39,248545
10894821;64,3;51,72542;39,18063
14661351;51,56;51,65898;39,18725
8100000;42,65;51,666071;39,186478
4647107;45,91;49,93932323;40,53511803
5684800;60,79;51,647951;39,315411
4864200;40,79;51,618985;39,247526
8406244;77,98;51,674317;39,403699
2123550;14,3;51,618781;39,248545
3550800;26,39;51,73024;39,19846
4488795;20,7;51,6766;39,17552
9834315;57,9;51,67652;39,17553
7689000;69,9;51,701773;39,2062
8088205;62,59;51,73916;39,31545
6805200;64,19;51,72046049;39,13798552
6151377,6;40,77;51,71788;39,19044
12592510;82,9;51,71991;39,18952
14077011;96,48;51,783418;39,190156
3694080;35,52;51,54828;39,09313
6971640;42,63;51,65531;39,23815
5609937;63,86;51,0902207;40,031849
10372435;94,69;51,739372;39,315543
3881195;22,37;51,65531;39,23815
5343000;41,58;51,718755;39,150166
5910740;40,09;51,76077;39,17925
5366787;43;51,63587;39,25059
4450600;26,18;51,69545;39,20925
5356000;41,52;51,718755;39,150166
5237430;32,45;51,68604;39,17548
6606600;40,04;51,69545;39,20925
11043840,5;66,7;51,6401;39,18583
9639000;91,8;51,701773;39,2062
6497700;39,38;51,69545;39,20925
7289073;60,38;51,574009;39,130905
4591190;38,41;51,63616;39,27488
4850000;43;51,68464;39,07713
7140451,5;54,99;51,73024;39,19846
12129739;71,98;51,723514;39,180801
6743844;65,18;49,93932323;40,53511803
13248358;84,16;51,728933;39,197652
4587900;37,29;51,618781;39,248545
3666300;36,29;51,648217;39,315008
6500438;41,09;51,68604;39,17548
7169950;74,3;51,648217;39,315008
7580000;60,04;51,69572;39,21061
3033844;36,29;51,61088;39,36799
6043588;35,79;51,70412;39,27386
9400000;90,69;51,646044;39,128907
11185680;73,58;51,71788;39,19044
20588559;82,05;51,67366;39,19767
8296420;70,16;51,67446;39,40254
12180000;69,59;51,67768;39,2764
4930000;29;51,69545;39,20925
13696800;87,8;51,720158;39,186085
8878350;78,5;51,67058;39,31567
8250302;69,76;51,67446;39,40254
10574334;66,37;51,72542;39,18063
7012730;38,29;51,66339;39,16472
4633100;43,29;51,72046049;39,13798552
12285240;49,93;51,653969;39,177769
4501215;20,7;51,67652;39,17553
6099600;55,25;51,60916;39,37138
5370579;61,68;51,0902207;40,031849
11716614;80,86;51,651;39,17766
3513930;20,29;51,569384;39,118105
4742390;35,9;51,56919;39,12012
5223720;43,09;51,67058;39,31567
6072500;34,7;51,67768;39,2764
8472769;54,06;51,66149;39,25248
5758010;32,36;51,783418;39,190156
4501215;20,7;51,6766;39,17552
3939180;23,23;51,65531;39,23815
6048900;47;51,567674;39,112646
5641890;30,82;51,651;39,17766
3490041;25,54;51,574009;39,130905
10524000;60;51,66339;39,16472
4340236;41,15;51,0902207;40,031849
5884335;30,4;51,783418;39,190156
13225365;83,09;51,664464;39,252986
2797860;27,43;51,54828;39,09313
11971766;70,08;51,723514;39,180801
2935835;20,89;51,739372;39,315543
13035493,8;101,56;51,65531;39,23815
6043588;35,59;51,70412;39,27386
8405820;45,56;51,71033;39,23067
10536673;62,09;51,72542;39,18063
9871208;40,09;51,698978;39,263224
8004000;69,59;51,701773;39,2062
6112848;55,36;51,60916;39,37138
9947040;73,59;51,64088;39,16197
5287033,5;60,9;51,610856;39,368789
9194824;60,59;51,70412;39,27386
7457100;67;51,63616;39,27488
11705925;60,81;51,686039;39,228412
7169950;74,3;51,648217;39,315008
3853399;42,49;49,93932323;40,53511803
4790240;36,4;51,56919;39,12012
6919356,8;45,86;51,71788;39,19044
4675000;42,5;51,72046049;39,13798552
10928000;68,3;51,812668;39,225469
4271220;39,7;51,618781;39,248545
6427500;42,84;51,64669;39,17997
4022993,9;29,4;51,73024;39,19846
4900000;43,79;51,68464;39,07713
11800863;91,94;51,65531;39,23815
7567028;92,41;51,0902207;40,031849
4951880;28,79;51,731404;39,194879
3910088,7;26,67;51,66149;39,25248
11325598;49,06;51,699254;39,264036
8700000;77,8;51,68481;39,07371
7169950;74,3;51,648217;39,315008
9000000;85,9;51,646044;39,128907
5067711;40,77;51,67446;39,40254
5223439;39;51,73024;39,19846
9697965;62,77;51,65531;39,23815
9570908;52,5;51,72542;39,18063
8675665;49,22;51,699254;39,264036
9882500;59;51,72535;39,18228
16224660;77,59;51,67064;39,22223
7949128;70,16;51,674317;39,403699
7082160;64,15;51,60978;39,381
5401110;42,9;51,569384;39,118105
9536720;58,4;51,721709;39,183342
8093600;48,31;51,65185;39,18399
2678520;26,26;51,54828;39,09313
3513182,5;20,75;51,73024;39,19846
4480000;39,79;51,68481;39,07371
4205520;36,13;51,718755;39,150166
3630640;34,9;51,54828;39,09313
6734402,5;55,45;51,574009;39,130905
4732000;36,4;51,569384;39,118105
4329600;36,29;51,618781;39,248545
3540350;20,5;51,569384;39,118105
3618927,4;28,81;51,714458;39,277214
5901750;64,5;51,647951;39,315411
9637760;70,4;51,76077;39,17925
7023360;38,4;51,66339;39,16472
4380545;35,47;51,63616;39,27488
6497700;39,38;51,69545;39,20925
9532875;69,33;51,67457;39,16875
4551000;37;51,618781;39,248545
13797747;67,76;51,64086;39,15054
9905000;56,59;51,67768;39,2764
13530440;106,95;51,65531;39,23815
10361799;71,51;51,651;39,17766
3923175;30,77;51,63616;39,27488
3920000;35,2;51,685245;39,075692
8196330;58,13;51,71033;39,23067
14536125;79,65;51,686039;39,228412
5401818;43,18;51,720427;39,14657
8093647;50,4;51,70412;39,27386
10941000;60;51,664464;39,252986
6660718;66,54;49,93925258;40,5359376
13140636;74,62;51,699254;39,264036
7074650;67,69;51,72046049;39,13798552
24492170;127,09;51,653929;39,19561
6151377,6;40,77;51,71788;39,19044
6077940;34,9;51,646044;39,128907
4817800;44,2;51,72046049;39,13798552
4973924;48,91;51,0902207;40,031849
6151377,6;40,77;51,71788;39,19044
11775485;59,16;51,64109;39,14988
5681000;44,38;51,718755;39,150166
7166205;43,83;51,65531;39,23815
4565477;40,5;51,60916;39,37138
10790784;66,12;51,728933;39,197652
5410597,5;34,65;51,73024;39,19846
4790240;36,4;51,56919;39,12012
4517100;47,79;51,648217;39,315008
4565477;40,5;51,60916;39,37138
3105000;34,5;51,61088;39,36799
6020700;65,8;51,648217;39,315008
4282600;38;51,60916;39,37138
11601360;107,41;51,67813873;39,16810989
6853672,5;41,54;51,6401;39,18583
3548550;20,5;51,569384;39,118105
17933376;62,88;51,65898;39,18725
6631350;40,18;51,69545;39,20925
8956000;88,09;51,81536;39,14698
5054420;39,5;51,56919;39,12012
16681000;95,31;51,695251;39,232035
5535750;30,25;51,651;39,17766
6539486,5;79,58;51,61088;39,36799
7223472;65,43;51,60978;39,381
7142350;67,69;51,72046049;39,13798552
3470000;31,2;51,685245;39,075692
7759200;84,8;51,647951;39,315411
5242284;39,18;51,714458;39,277214
7277312;45,84;51,73024;39,19846
7962500;45,5;51,677954;39,275797
12419730;80,69;51,72535;39,18228
6530962;55,09;51,63587;39,25059
10941000;60;51,664464;39,252986
5069980;47,83;51,54828;39,09313
10100300;65,8;51,65531;39,23815
7023360;38,4;51,66339;39,16472
3540350;20,5;51,569384;39,118105
4360064,5;34,2;51,574009;39,130905
23938763;94,41;51,67366;39,19767
5098310;29,46;51,731404;39,194879
11534977;50,36;51,699254;39,264036
7458682;65,9;51,739378;39,314012
6519150;39,5;51,69545;39,20925
3543200;20,6;51,569384;39,118105
5556271;46,9;51,739372;39,315543
7211160;66,76;51,54828;39,09313
6000000;53,9;51,685245;39,075692
10373104;64,63;51,72542;39,18063
7300000;66;51,68464;39,07713
5046660;47,61;51,54828;39,09313
7308739,5;45,4;51,6401;39,18583
13035493,8;101,56;51,65531;39,23815
5515076;43,09;51,56919;39,12012
7041650;38,5;51,66339;39,16472
5006625;42,9;51,739378;39,314012
9281415;42,9;51,653929;39,19561
3210000;28,79;51,685245;39,075692
4390200;27,1;51,71788;39,19044
9518366;46,18;51,64109;39,14988
3182400;31,2;51,647951;39,315411
19829130;78,3;51,698978;39,263224
2158596;16,79;51,618781;39,248545
13356272,5;91,44;51,6401;39,18583
12999102;45,22;51,65898;39,18725
7651901;88,27;51,0902207;40,031849
4479470;20,6;51,67652;39,17553
2703000;26,5;51,54828;39,09313
7090992;64,23;51,60978;39,381
7820736;70,83;51,60978;39,381
4816560;36,59;51,56919;39,12012
5211600;40;51,67729;39,27827
6917680;44,91;51,71788;39,19044
8700000;77,8;51,68481;39,07371
4484600;26,37;51,69545;39,20925
12556285;79,9;51,664464;39,252986
4173390;39,83;51,618985;39,247526
3630640;34,9;51,54828;39,09313
5350000;47,4;51,68464;39,07713
6199050;37,56;51,69545;39,20925
4405443;39,09;51,60916;39,37138
4740450;42,9;51,91133;39,33017
4136048,6;25,98;51,73024;39,19846
5310900;56,2;51,647951;39,315411
6919356,8;45,86;51,71788;39,19044
13609740;65,4;51,653929;39,19561
7011840;38,4;51,66339;39,16472
6555000;38,2;51,63858;39,15943
4565477;40,5;51,60915;39,37122
13028928;81,83;51,728933;39,197652
8700000;77,9;51,68481;39,07371
4663800;25,9;51,66149;39,25248
4861410;39,29;51,569384;39,118105
11569475;89,86;51,64088;39,16197
14245240;89,19;51,72168;39,18229
7707384;51,27;51,68604;39,17548
5630910;30,77;51,651;39,17766
6112848;55,36;51,60916;39,37138
3565860;20,6;51,569384;39,118105
8639400;84,69;51,72046049;39,13798552
5410597,5;34,65;51,73024;39,19846
4027733,5;34,09;51,574009;39,130905
6112848;55,36;51,60916;39,37138
10690037;70,94;51,78249;39,1896
9194824;60,29;51,70412;39,27386
7087500;40,5;51,67768;39,2764
6931205;43,72;51,65531;39,23815
7458682;65,9;51,739378;39,314012
8721960;55,9;51,68598;39,176204
4907520;42,13;51,718755;39,150166
6347972,4;43,25;51,65531;39,23815
14334440;89,19;51,72168;39,18229
6634408;43,54;51,78249;39,1896
5326275;45,33;51,63616;39,27488
4763000;43,29;51,72046049;39,13798552
4159980;38,2;51,637237;39,27248
11638216;73,51;51,72542;39,18063
10612766;63,86;51,72542;39,18063
4541248,8;30,46;51,71788;39,19044
11043840,5;66,7;51,6401;39,18583
7210000;64,59;51,68481;39,07371
18466470;86,31;51,699254;39,264036
6084750;66,5;51,647951;39,315411
26822600;116,62;51,6733;39,20121
9749350;68,9;51,692872;39,130697
10348600;59;51,66339;39,16472
5310900;56,2;51,648217;39,315008
3361292;20,38;51,669291;39,314332
5566260;43,5;51,56919;39,12012
12944597,8;101,58;51,65531;39,23815
8155759;42,75;51,72542;39,18063
7050300;66,19;51,72046049;39,13798552
5069980;47,83;51,54828;39,09313
7675428;43,65;51,727726;39,195767
8599400;47,11;51,686039;39,228412
7974861;43,18;51,72542;39,18063
9899250;59,09;51,72535;39,18228
3565860;20,6;51,569384;39,118105
5250946;48,52;51,574009;39,130905
3881550;33,9;51,60978;39,381
14162040;48,59;51,65898;39,18725
7701540,8;53,31;51,71788;39,19044
7574070;73,62;51,36854087;42,11685414
4144275;41,88;51,0902207;40,031849
3920000;35,29;51,685245;39,075692
5080000;39,9;51,646044;39,128907
4411764;25,62;51,73024;39,19846
5656530;30,9;51,651;39,17766
7572576;64,63;51,674317;39,403699
10186600;96,09;51,75436;39,00293
4808440;36,4;51,56919;39,12012
4245975;25,04;51,65531;39,23815
5388377;36,97;51,67446;39,40254
8700000;77,8;51,68481;39,07371
16731260;81,19;51,653929;39,19561
7005079;59,09;51,63587;39,25059
4405443;39,09;51,60916;39,37138
9781992;71,59;51,65531;39,23815
4629890;21,39;51,6766;39,17552
7369512;46,31;51,73024;39,19846
4856040;36,9;51,56919;39,12012
4019778;25,62;51,73024;39,19846
5121200;43,4;51,739372;39,315543
9982626;89,41;51,674317;39,403699
3767200;22,15;51,69545;39,20925
13214985;69,37;51,686039;39,228412
8569312,2;76,91;51,714458;39,277214
6506041,5;38,97;51,6401;39,18583
9278570;58,09;51,68598;39,176204
6530962;55,09;51,63587;39,25059
10170000;60;51,72535;39,18228
6592209,5;38,63;51,6401;39,18583
4184460;39,83;51,618985;39,247526
5111524;39,38;51,674317;39,403699
13276250;81,69;51,728933;39,197652
11587816;59,16;51,64109;39,14988
4501215;20,7;51,67652;39,17553
21463600;93,31;51,6733;39,20121
11220900;67,8;51,71991;39,18952
5684800;60,79;51,647951;39,315411
12952082;82,33;51,72542;39,18063
4168094;29,54;51,714458;39,277214
7695150;84,09;51,648217;39,315008
8538600;79,8;51,72046049;39,13798552
7624122;65,08;51,67446;39,40254
4103935;25,72;51,73024;39,19846
10704200;71,59;51,65531;39,23815
4790240;36,4;51,56919;39,12012
4767704;38,2;51,63587;39,25059
5054420;39,5;51,56919;39,12012
8083700;45,79;51,728933;39,197652
7082160;64,15;51,60978;39,381
5891980,5;39,68;51,64088;39,16197
10620838,8;80,73;51,71788;39,19044
4892180;26,47;51,6401;39,18583
4556000;26,79;51,69545;39,20925
4148335;36,22;51,60978;39,381
14935061;96,13;51,72542;39,18063
13407610;80,11;51,723514;39,180801
4772740;51,09;51,547575;39,091301
3404085;29,72;51,60978;39,381
4660000;42;51,685245;39,075692
5515076;43,09;51,56919;39,12012
5356000;41,58;51,718755;39,150166
4838940;29,87;51,71788;39,19044
13740540;65,4;51,653929;39,19561
5920929,3;47,18;51,574009;39,130905
13512960;82,8;51,66339;39,16472
10481952;72,63;51,68604;39,17548
11441730;65,4;51,66339;39,16472
8086925;42;51,728933;39,197652
19488980;76,95;51,698978;39,263224
10941000;60;51,664464;39,252986
7385084;64,33;51,63616;39,27488
11678212;77,8;51,70412;39,27386
7223472;65,43;51,60978;39,381
4488795;20,7;51,6766;39,17552
4930000;29;51,69545;39,20925
5465600;42,11;51,718755;39,150166
3996918;30,29;51,63587;39,25059
15532300;74,62;51,699254;39,264036
3583170;20,7;51,56919;39,12012
10944004;72,19;51,68598;39,176204
8771030;53,81;51,651;39,17766
12135377;55,34;51,64086;39,15054
6367920;40,56;51,71788;39,19044
3694080;35,52;51,54828;39,09313
4742390;35,9;51,56919;39,12012
9252054;61,11;51,66149;39,25248
5194440;58,77;51,0902207;40,031849
4271220;39,7;51,618781;39,248545
4598159;39,4;51,739378;39,314012
7041650;38,5;51,66339;39,16472
10348600;59;51,66339;39,16472
5538428;31,21;51,692872;39,130697
7231400;41,79;51,651;39,17766
3630640;34,9;51,54828;39,09313
3680000;33,09;51,685245;39,075692
4019778;25,62;51,73024;39,19846
11716614;80,86;51,651;39,17766
8241282;71,69;51,739372;39,315543
4629890;21,39;51,67652;39,17553
11239815;70,02;51,783418;39,190156
19625772;83,93;51,65898;39,18725
19224465;93,3;51,653929;39,19561
4896000;42,13;51,718755;39,150166
4886300;37,29;51,714458;39,277214
4455000;27,5;51,71788;39,19044
4181760;36,13;51,718755;39,150166
4623445;29,17;51,73024;39,19846
6444474;61;51,36854087;42,11685414
2719420;20,68;51,63616;39,27488
6139425;37,54;51,65531;39,23815
6112848;55,36;51,60916;39,37138
14245240;89,19;51,72168;39,18229
3906740;34,11;51,60978;39,381
5046660;47,61;51,54828;39,09313
8143200;50,7;51,70412;39,27386
9982626;89,41;51,674317;39,403699
4452300;26,19;51,69545;39,20925
2123550;14,3;51,618781;39,248545
3387668;20,54;51,669291;39,314332
6343512;43,33;51,64088;39,16197
8060800;45,79;51,728933;39,197652
5778300;61,79;51,648217;39,315008
14334440;89,19;51,72168;39,18229
5229497;41,9;51,63587;39,25059
6072500;34,7;51,67768;39,2764
5229497;41,9;51,63587;39,25059
25032450;116,43;51,6733;39,20121
7806890;41,86;51,71033;39,23067
8939011;42,2;51,64058;39,15117
5300000;47,2;51,68464;39,07713
4700000;42;51,68464;39,07713
12694850;83;51,72535;39,18228
6077940;34,9;51,646044;39,128907
3275883;23,79;51,574009;39,130905
4129110;38,06;51,618781;39,248545
4720680;25,11;51,6992;39,18352
3900075;22,35;51,65531;39,23815
9126347,5;78,16;51,574009;39,130905
7083650;38,29;51,71033;39,23067
7997606,82;73,2;51,6568985;39,09962845
4856040;36,9;51,56919;39,12012
8218294;71,5;51,739372;39,315543
6815800;64,3;51,72046049;39,13798552
10730925;64,44;51,727726;39,195767
10135840;88,59;51,67446;39,40254
4765705;41,4;51,74031;39,31684
6483607,5;78,9;51,61088;39,36799
3882695;33,9;51,60978;39,381
5356000;41,52;51,718755;39,150166
8130923,2;53,88;51,71788;39,19044
8925000;51;51,67768;39,2764
7096512;64,27;51,60978;39,381
3179665;27,77;51,60978;39,381
11181339;45,88;51,699254;39,264036
7211160;66,76;51,54828;39,09313
12345006;42,81;51,65898;39,18725
4478445;20,7;51,67652;39,17553
3223200;31,6;51,647951;39,315411
12180000;69,59;51,67768;39,2764
4930560;42,13;51,718755;39,150166
7041650;38,5;51,66339;39,16472
17647900;78,16;51,698978;39,263224
3179665;27,77;51,60978;39,381
13068240;81,59;51,664464;39,252986
6768270;47,09;51,64088;39,16197
3592335;37,38;49,93932323;40,53511803
4311411;41,7;49,93932323;40,53511803
4184460;39,83;51,618985;39,247526
4856040;36,9;51,56919;39,12012
27557712;98,27;51,65898;39,18725
4771000;36,7;51,569384;39,118105
4282600;38;51,60915;39,37122
5242760;49,45;51,54828;39,09313
4889574;59,15;51,61088;39,36799
6002800;72,31;51,00177002;39,49718094
4808545;42,4;51,73916;39,31545
3204500;21,36;51,718755;39,150166
4652262;36,29;51,63587;39,25059
4114251;41,88;51,0902207;40,031849
2610600;22,79;51,60978;39,381
3409098;20,68;51,669291;39,314332
4538400;38,06;51,618781;39,248545
11179200;109,59;51,7542;39,00427
11966421;68,2;51,723514;39,180801
12116420;88,69;51,646044;39,128907
6411705,4;43,97;51,65531;39,23815
9679500;71,69;51,64088;39,16197
3574890;20,7;51,56919;39,12012
4830210;36,9;51,56919;39,12012
6519150;39,5;51,69545;39,20925
3611985,6;26,59;51,574009;39,130905
5762839;40,77;51,67446;39,40254
6452157,8;43,97;51,65531;39,23815
12310700;80,19;51,72535;39,18228
13349600;82;51,664464;39,252986
4010040;33,84;51,574009;39,130905
7758591;73,62;51,36854087;42,11685414
4628000;35,59;51,569384;39,118105
7859850;85,9;51,647951;39,315411
8210285,2;51,43;51,73024;39,19846
6719760;36,59;51,67652;39,17553
5083929;43,29;51,739372;39,315543
9424000;58,9;51,812668;39,225469
10088770;46,29;51,653929;39,19561
6002460;35,27;51,783418;39,190156
6412500;51,29;51,701773;39,2062
5242760;49,45;51,54828;39,09313
7012730;38,29;51,66339;39,16472
4027733,5;34,09;51,574009;39,130905
4585576;43,27;51,36846557;42,11676512
11568684;69,91;51,72542;39,18063
14787587;57,15;51,67366;39,19767
4671810;42,9;51,618781;39,248545
4170870;38,29;51,637237;39,27248
4111613;41,66;49,93932323;40,53511803
23860000;119,3;51,654467;39,201762
9117500;52,09;51,67768;39,2764
5321340;42,29;51,56919;39,12012
10270000;63,2;51,728933;39,197652
4565477;40,5;51,60916;39,37138
7142350;67,69;51,72046049;39,13798552
9028285;48,66;51,72542;39,18063
4280990;26,59;51,66149;39,25248
7031040;38,4;51,66339;39,16472
4282600;38;51,60915;39,37122
7913814;44,61;51,67457;39,16875
4724440;35,9;51,56919;39,12012
6353889;43,49;51,64088;39,16197
9459450;42,9;51,653929;39,19561
4478445;20,7;51,6766;39,17552
7835520;70,4;51,63616;39,27488
9467914,5;68,08;51,692872;39,130697
6530962;55,09;51,63587;39,25059
9963040;58,4;51,72535;39,18228
6530962;55,09;51,63587;39,25059
11127642;45,7;51,65898;39,18725
5249600;54,4;51,648217;39,315008
8256428;66,37;51,61492;39,24134
6307398;72,12;51,0902207;40,031849
4106970;38,06;51,618781;39,248545
5401818;43,18;51,720427;39,14657
18730000;84,95;51,67064;39,22223
6100000;55;51,685245;39,075692
4764000;39,7;51,91133;39,33017
5068206;39,38;51,674317;39,403699
9029400;60,59;51,675248;39,275346
3925284;28,81;51,714458;39,277214
3431700;38,13;51,61088;39,36799
5641890;30,82;51,651;39,17766
13551945;107,12;51,65531;39,23815
4779797;40,61;51,674317;39,403699
4565477;40,5;51,60915;39,37122
7810000;62,18;51,69572;39,21061
21920700;98,51;51,6733;39,20121
9867650;89,3;51,91133;39,33017
6774840;36,9;51,67652;39,17553
11718252;85,41;51,692872;39,130697
3412083;20,45;51,669291;39,314332
6378900;38,65;51,69545;39,20925
12048383;49,31;51,65898;39,18725
5452800;42,11;51,718755;39,150166
5268900;54,59;51,647951;39,315411
6257130;42,45;51,674317;39,403699
32533920;122,4;51,65898;39,18725
4703650;24,92;51,6401;39,18583
2797860;27,43;51,54828;39,09313
2935835;20,89;51,739372;39,315543
9498419;69,79;51,64088;39,16197
12589020;81,8;51,72535;39,18228
9000000;85,9;51,646044;39,128907
4479470;20,6;51,6766;39,17552
4405443;39,09;51,60915;39,37122
5455290;34,31;51,71788;39,19044
14367500;82,09;51,67732;39,2766
9261207,6;65,58;51,65531;39,23815
5145618;48,4;51,36846557;42,11676512
9604250;90,19;51,74031;39,31684
3204500;21,36;51,718755;39,150166
8731320;77,19;51,67058;39,31567
4479470;20,6;51,67652;39,17553
4277737;42,29;49,93932323;40,53511803
5581805;64,38;51,0902207;40,031849
6020700;65,8;51,648217;39,315008
6623478;42,54;51,651;39,17766
8606400;53,79;51,69545;39,20925
4978259;42,4;51,739372;39,315543
6250000;36,36;51,63666;39,23633
3179665;27,77;51,60978;39,381
5508352,8;34,4;51,71788;39,19044
4685125;40,7;51,74031;39,31684
4853092;36,38;51,714458;39,277214
10983336;78,95;51,692872;39,130697
9586500;91,3;51,701773;39,2062
8340054;66,37;51,61492;39,24134
7374564;50,58;51,68604;39,17548
8015400;87,59;51,648217;39,315008
3182400;31,2;51,647951;39,315411
4217700;24,8;51,69545;39,20925
5188833;41,9;51,63587;39,25059
11800863;91,94;51,65531;39,23815
7503955;66,3;51,739378;39,314012
10372435;94,69;51,739372;39,315543
11030353;92,76;51,719593;39,145017
5443530;43,09;51,56919;39,12012
3387668;20,54;51,669291;39,314332
3513182,5;20,75;51,73024;39,19846
4623458;36,29;51,63587;39,25059
6000000;54;51,685245;39,075692
10040352;94,69;51,739378;39,314012
11300000;83,58;51,67519;39,244057
6112848;55,36;51,60916;39,37138
4501215;20,7;51,6766;39,17552
7413330;40,5;51,728933;39,197652
6117850;39,47;51,62744;39,32813
5722200;61,2;51,647951;39,315411
8569357,5;64,65;51,64088;39,16197
4856040;36,9;51,56919;39,12012
6350265;61;51,36854087;42,11685414
4405443;39,09;51,60915;39,37122
5878066;64,47;51,0902207;40,031849
3900075;22,35;51,65531;39,23815
4454460;26,28;51,64088;39,16197
5080000;39,9;51,646044;39,128907
3543200;20,6;51,569384;39,118105
12531750;82,5;51,71991;39,18952
8613000;54;51,71788;39,19044
3914094;25,1;51,65531;39,23815
7174695;44,22;51,6401;39,18583
12298020;74,76;51,72542;39,18063
7162096;37,61;51,783418;39,190156
4685125;40,7;51,74031;39,31684
5067819;30,77;51,651;39,17766
14200640;89,19;51,72168;39,18229
4560000;41;51,685245;39,075692
9298248;54,75;51,72542;39,18063
7723152;92,41;51,0902207;40,031849
13442000;122,19;51,67813873;39,16810989
12789090;83,09;51,72535;39,18228
7810000;62,18;51,69572;39,21061
7962500;45,5;51,677954;39,275797
18112500;103,5;51,67768;39,2764
9882500;59;51,72535;39,18228
8785000;74,94;51,69572;39,21061
12490773;52,09;51,699254;39,264036
4565477;40,5;51,60916;39,37138
4193640;36,13;51,718755;39,150166
10263624;67,19;51,70412;39,27386
14142905;90,37;51,728933;39,197652
6400530;36,09;51,676764;39,176384
4456810;20,6;51,6766;39,17552
4640000;41,79;51,685245;39,075692
6850000;61,59;51,685245;39,075692
8915594;42,2;51,64058;39,15117
9981840;65,66;51,71788;39,19044
4456810;20,6;51,67652;39,17553
5641890;30,82;51,651;39,17766
8957489;42,2;51,64109;39,14988
4344543;26,67;51,66149;39,25248
5443530;43,09;51,56919;39,12012
8241282;71,69;51,739372;39,315543
5556271;46,9;51,739372;39,315543
3523080;20,39;51,569384;39,118105
7169950;74,3;51,648217;39,315008
4237922;41,15;51,0902207;40,031849
5006625;42,9;51,739378;39,314012
13300431;89,3;51,71779;39,18906
3980000;35,7;51,685245;39,075692
3557515;31,06;51,60978;39,381
9834315;57,9;51,67652;39,17553
10438810;65,86;51,728933;39,197652
12032425;69,62;51,723514;39,180801
7005070;38,29;51,66339;39,16472
7017500;40,09;51,67768;39,2764
10500625;66,25;51,728933;39,197652
6880100;64,3;51,72046049;39,13798552
6317325;66,15;51,66113;39,279135
6346542;43,4;51,64088;39,16197
5465600;42,11;51,718755;39,150166
31957600;148,63;51,6847;39,22139
14075600;73,12;51,686039;39,228412
5356000;41,52;51,718755;39,150166
15260000;87,19;51,67768;39,2764
5309447;45,11;51,674317;39,403699
8548331;53,77;51,6401;39,18583
7914750;86,5;51,647951;39,315411
4480000;39,9;51,68481;39,07371
7211256;63,75;51,63616;39,27488
7580000;60,04;51,69572;39,21061
6748600;41,15;51,73024;39,19846
11559600;77;51,70412;39,27386
7220669;37,63;51,783418;39,190156
2874875;21,1;51,739378;39,314012
6214680;33,95;51,651;39,17766
5141815;21,7;51,72168;39,18229
3743842;42,49;49,93932323;40,53511803
12806747;75,98;51,72542;39,18063
4772740;51,09;51,547575;39,091301
19203792;67,8;51,65898;39,18725
4484400;40,4;51,72046049;39,13798552
5466180;27,95;51,71033;39,23067
13566607,5;91,44;51,6401;39,18583
9350055;42,9;51,653929;39,19561
13128938,2;101,56;51,65531;39,23815
2361150;16,81;51,618781;39,248545
6036000;50,29;51,701773;39,2062
12604410;81,9;51,72535;39,18228
3583170;20,7;51,569384;39,118105
10388000;98;51,75443;39,004
10463286;44,56;51,699254;39,264036
5619930;30,7;51,651;39,17766
6734402,5;55,45;51,574009;39,130905
9606898;30,97;51,65898;39,18725
6960682;61,5;51,739378;39,314012
4565477;40,5;51,60916;39,37138
5183045;21,7;51,72168;39,18229
3347300;19,69;51,69545;39,20925
9635195;62,77;51,65531;39,23815
7256100;67;51,63616;39,27488
6993580;38,29;51,66339;39,16472
6750000;60,29;51,68481;39,07371
4341900;36,29;51,618781;39,248545
9758025;69,94;51,692872;39,130697
3565860;20,6;51,569384;39,118105
9371505;42,9;51,653929;39,19561
3377777;20,48;51,669291;39,314332
4855663;25,78;51,6401;39,18583
3911721;37,29;51,63616;39,27488
3980000;35,79;51,685245;39,075692
6551438,4;39,86;51,6401;39,18583
4787400;39,5;51,67058;39,31567
11170887;64,08;51,727726;39,195767
15002020;53,34;51,65898;39,18725
12710145;83,09;51,72535;39,18228
12942049,4;101,56;51,65531;39,23815
8050000;70;51,701773;39,2062
13309920;62,4;51,653929;39,19561
7883029,2;53,88;51,71788;39,19044
3574890;20,7;51,56919;39,12012
6391485;41,04;51,651;39,17766
6112848;55,36;51,60916;39,37138
4282600;38;51,60916;39,37138
5395400;50,9;51,72046049;39,13798552
5333801,2;36;51,71788;39,19044
13230707;77,12;51,723514;39,180801
4717905;39,52;51,674317;39,403699
3836328;26,79;51,714458;39,277214
4094146;41,7;49,93932323;40,53511803
9193344;52,54;51,72542;39,18063
11646720;107,83;51,67813873;39,16810989
3933750;37,5;51,63616;39,27488
4771000;36,7;51,569384;39,118105
4779140;28,79;51,731404;39,194879
22180000;106,02;51,67064;39,22223
7895000;60,04;51,69572;39,21061
4855663;25,78;51,6401;39,18583
8015400;87,59;51,648217;39,315008
9604250;90,19;51,74031;39,31684
4836720;28,79;51,731404;39,194879
4538400;38,06;51,618781;39,248545
11514766;48,52;51,65898;39,18725
9591642;85,06;51,67446;39,40254
4538400;38,06;51,618781;39,248545
5509215;33,45;51,651;39,17766
7686546;41,36;51,728933;39,197652
4282600;38;51,60915;39,37122
4480000;39,7;51,68481;39,07371
9000000;85,9;51,646044;39,128907
3939180;23,23;51,65531;39,23815
5183045;21,7;51,72168;39,18229
5163499;43,86;51,67446;39,40254
5452800;42,13;51,718755;39,150166
13712791;81,65;51,72542;39,18063
10994920;80,75;51,71788;39,19044
4823760;39,79;51,67058;39,31567
24693588;87,37;51,65898;39,18725
5916251;64,47;51,0902207;40,031849
4629890;21,39;51,67652;39,17553
4604072;37,04;51,674317;39,403699
7859850;85,9;51,647951;39,315411
6938146;72,33;51,0902207;40,031849
15701091;93,47;51,78249;39,1896
7007700;65,8;51,72046049;39,13798552
13270120;76,66;51,723514;39,180801
3915940;23,23;51,65531;39,23815
10990000;62,79;51,67732;39,2766
3565860;20,6;51,569384;39,118105
6454024,5;78,54;51,61088;39,36799
5209727;62,59;51,0902207;40,031849
11243849;46,72;51,699254;39,264036
4733600;38,79;51,618781;39,248545
4488795;20,7;51,67652;39,17553
5069980;47,83;51,54828;39,09313
9645555;61,29;51,6401;39,18583
13106000;96,75;51,63858;39,15943
8347500;66,25;51,65077;39,24391
5535200;59,2;51,648217;39,315008
14334440;89,19;51,72168;39,18229
4288346;31,03;51,714458;39,277214
7758591;73,62;51,36854087;42,11685414
6666300;41,15;51,73024;39,19846
8700000;77,8;51,68481;39,07371
5250042;39,9;51,67729;39,27827
10696976;71,83;51,66149;39,25248
9779029,87;71,55;51,614616;39,240535
11796264;59,16;51,64058;39,15117
12789090;83,09;51,72535;39,18228
4450600;26,18;51,69545;39,20925
4685125;40,7;51,74031;39,31684
3702416;41,36;51,0902207;40,031849
13083105,65;88,51;51,6401;39,18583
5465600;42,11;51,718755;39,150166
6686280;40,77;51,71788;39,19044
2172258;16,71;51,618781;39,248545
2532690;19,26;51,63616;39,27488
6867254;40,36;51,65185;39,18399
4921500;51;51,648217;39,315008
5004800;42,11;51,718755;39,150166
9933956;67,66;51,692872;39,130697
4314938,4;33,84;51,574009;39,130905
5388520;42,79;51,569384;39,118105
4988850;39,5;51,56919;39,12012
5963616,4;55,61;51,574009;39,130905
3548550;20,5;51,569384;39,118105
9105326;62,11;51,68604;39,17548
9236555;55,81;51,65185;39,18399
9843525;46,56;51,64109;39,14988
12406899,2;91,12;51,71788;39,19044
6099600;55,25;51,60915;39,37122
17685800;80,38;51,6733;39,20121
11678212;77,8;51,70412;39,27386
7211160;66,76;51,54828;39,09313
2462563;19,6;49,93932323;40,53511803
10434773;98;51,74031;39,31684
4890900;28,77;51,69545;39,20925
4271220;39,7;51,618781;39,248545
3666223;23,64;51,65531;39,23815
6430000;57,4;51,68481;39,07371
12404784;55,56;51,698978;39,263224
7211160;66,76;51,54828;39,09313
2532690;19,26;51,63616;39,27488
10650403;64,37;51,72542;39,18063
5356000;41,52;51,718755;39,150166
5200000;46,29;51,68464;39,07713
9598160;67,12;51,67519;39,244057
6094816;54,08;51,60978;39,381
13876950;78,18;51,686039;39,228412
13595760;82,8;51,66339;39,16472
3574890;20,7;51,56919;39,12012
5689755;46,81;51,67446;39,40254
8321905;47,68;51,728933;39,197652
14445000;77,04;51,686039;39,228412
6750000;60,29;51,68481;39,07371
5684800;60,79;51,647951;39,315411
4843400;39,7;51,618781;39,248545
8953477,5;67,65;51,64088;39,16197
2595715;22,67;51,60978;39,381
5201440;44,08;51,63616;39,27488
11016194;72,19;51,68598;39,176204
16477076;96,47;51,728933;39,197652
12638352;83,91;51,68598;39,176204
13122324;81,8;51,728933;39,197652
4204044;30,42;51,714458;39,277214
9076955;48,66;51,72542;39,18063
5223720;43,09;51,67058;39,31567
13106000;96,75;51,63858;39,15943
4504869;41,5;51,36854087;42,11685414
11678212;77,8;51,70412;39,27386
5619350;60,09;51,648217;39,315008
4817800;43,59;51,91159;39,32979
4985482;38,9;51,63587;39,25059
4193640;36,13;51,718755;39,150166
2871375;20,89;51,73916;39,31545
4560000;41;51,685245;39,075692
7695150;84,09;51,648217;39,315008
11432596;64,12;51,727726;39,195767
17607600;80,4;51,653929;39,19561
4667741;39,4;51,739372;39,315543
13074747;62,81;51,699254;39,264036
7683000;74,8;51,81536;39,14698
4200000;37,79;51,685245;39,075692
9633894;89,3;51,739372;39,315543
7350200;66,81;51,62798;39,32773
2797860;27,43;51,54828;39,09313
3881195;22,37;51,65531;39,23815
5003413;62,59;51,0902207;40,031849
3394262;20,59;51,669291;39,314332
12789090;83,09;51,72535;39,18228
26167500;116,3;51,67064;39,22223
10325588;69,16;51,66149;39,25248
5017000;47,29;51,81536;39,14698
4295728;30,63;51,7203;39,13379
9697965;62,77;51,65531;39,23815
14600077;56,45;51,67366;39,19767
15655068;94,87;51,72542;39,18063
4488795;20,7;51,67652;39,17553
6750000;60,29;51,68481;39,07371
3560960;34,24;51,54828;39,09313
4910746;40,77;51,67446;39,40254
3767200;22,15;51,69545;39,20925
13434780;46,59;51,65898;39,18725
11322924;47,06;51,699254;39,264036
7510700;59;51,56919;39,12012
4843280;46,56;51,66113;39,279135
6974935;43,72;51,65531;39,23815
4488795;20,7;51,6766;39,17552
10003520;58,15;51,71033;39,23067
7745300;53,04;51,69545;39,20925
10083398;94,69;51,73916;39,31545
7035703;41,34;51,65185;39,18399
6020700;65,8;51,648217;39,315008
6503360,5;38,63;51,6401;39,18583
2608310;22,78;51,60978;39,381
7695150;84,09;51,648217;39,315008
4501215;20,7;51,6766;39,17552
5704987,5;76,5;51,610856;39,368789
7722000;70,19;51,701773;39,2062
4921500;51;51,647951;39,315411
9760735;62,77;51,65531;39,23815
9340531;51,02;51,723514;39,180801
8015400;87,59;51,647951;39,315411
4927800;38,2;51,6327;39,29841
4767704;38,2;51,63587;39,25059
6715500;55,5;51,67729;39,27827
9007614;61,11;51,66149;39,25248
4410825;34,59;51,63587;39,25059
5110000;46;51,685245;39,075692
7695710;65,08;51,67446;39,40254
3881550;33,9;51,60978;39,381
18668130;90,59;51,653929;39,19561
6492528;41,04;51,68604;39,17548
17432000;80;51,653929;39,19561
7011840;38,4;51,66339;39,16472
4028445;41,66;49,93932323;40,53511803
11155970;67,9;51,71991;39,18952
7695150;84,09;51,648217;39,315008
8015400;87,59;51,647951;39,315411
13740540;65,4;51,653929;39,19561
13083105,65;88,51;51,6401;39,18583
4795980;39,9;51,67058;39,31567
9000000;85,9;51,646044;39,128907
3579147;27,8;51,674317;39,403699
10069296;67,66;51,692872;39,130697
4546500;43,29;51,72046049;39,13798552
4151455;28,7;51,66149;39,25248
3980000;35,9;51,685245;39,075692
18672094;86,04;51,699254;39,264036
7298424;62,59;51,739372;39,315543
6974935;43,72;51,65531;39,23815
7888650;47,81;51,69545;39,20925
15260000;87,19;51,67768;39,2764
12223627;56,13;51,699254;39,264036
8432479;47,02;51,728933;39,197652
5473443;46,9;51,73916;39,31545
3551108;26,68;51,674317;39,403699
9364110;51,16;51,727726;39,195767
5069980;47,83;51,54828;39,09313
3164000;22,6;51,61492;39,24134
6686280;40,77;51,71788;39,19044
3574890;20,7;51,569384;39,118105
12631770;73,87;51,71033;39,23067
4907520;42,13;51,718755;39,150166
6098400;36,95;51,69545;39,20925
6065920;25,6;51,721709;39,183342
6343512;43,33;51,64088;39,16197
6250000;39,11;51,69572;39,21061
3492412;26,68;51,674317;39,403699
9367718;63,2;51,70412;39,27386
9203651,5;69,91;51,64088;39,16197
9489812,5;69,65;51,64088;39,16197
4787400;39,5;51,67058;39,31567
17607600;80,4;51,653929;39,19561
4480000;40,09;51,68481;39,07371
7631568;54,24;51,64088;39,16197
8077050;46,5;51,72535;39,18228
18652590;82,16;51,6733;39,20121
5823790;54,2;51,574009;39,130905
12097038;54,93;51,698978;39,263224
6907260;43,79;51,66149;39,25248
4988850;39,5;51,56919;39,12012
4446204;25,81;51,73024;39,19846
21171150;90,08;51,6733;39,20121
13390630;81,69;51,728933;39,197652
41733393;168,89;51,67366;39,19767
4744971;40,59;51,720427;39,14657
4282600;38;51,60915;39,37122
5017000;47,29;51,81536;39,14698
10080977;89,41;51,674317;39,403699
6503360,5;38,63;51,6401;39,18583
8494526;54,54;51,73024;39,19846
9689688;68,43;51,692872;39,130697
7893600;65,77;51,574009;39,130905
4790240;36,4;51,56919;39,12012
4921500;51;51,647951;39,315411
4921500;51;51,648217;39,315008
9221300;44,43;51,686039;39,228412
16388430;92,58;51,64722698;39,1836482
5536856;56,18;51,36854087;42,11685414
4755619;44,56;51,574009;39,130905
4360064,5;34,2;51,574009;39,130905
9587592;64,26;51,66149;39,25248
10377684;55,79;51,723514;39,180801
6922800;64,09;51,72046049;39,13798552
6605748;39,18;51,68604;39,17548
11585502;59,16;51,64058;39,15117
6432081;59,29;49,93932323;40,53511803
4732000;36,4;51,569384;39,118105
4162920;24,55;51,65531;39,23815
3294230;20,2;51,61492;39,24134
6000000;53,9;51,685245;39,075692
4652262;36,29;51,63587;39,25059
6867254;40,36;51,65185;39,18399
5286346,9;39,52;51,73024;39,19846
11690783;55,4;51,64086;39,15054
3557515;31,06;51,60978;39,381
5533200;52,2;51,54828;39,09313
7177868;71,19;49,93925258;40,5359376
7211160;66,76;51,54828;39,09313
3881550;33,9;51,60978;39,381
8797248;50,9;51,727726;39,195767
9882500;59;51,72535;39,18228
12239238,4;91,12;51,71788;39,19044
3294230;20,2;51,61492;39,24134
8015400;87,59;51,647951;39,315411
2108700;14,19;51,618781;39,248545
13736526;67,76;51,64086;39,15054
4565477;40,5;51,60916;39,37138
5443530;43,09;51,56919;39,12012
4480000;39,9;51,68481;39,07371
6726876;40,56;51,6401;39,18583
3925935;22,37;51,65531;39,23815
7250000;58;51,67729;39,27827
4019778;25,62;51,73024;39,19846
6752728,5;38,5;51,6401;39,18583
9035550;87,3;51,72046049;39,13798552
8264271;71,9;51,739372;39,315543
3906740;34,11;51,60978;39,381
4526550;47,9;51,647951;39,315411
5058964,8;27,12;51,6401;39,18583
9633894;89,3;51,739372;39,315543
3924585;40,81;51,0902207;40,031849
4488795;20,7;51,6766;39,17552
4019778;25,62;51,73024;39,19846
5105604;39,9;51,56919;39,12012
6175934;70;51,0902207;40,031849
11601360;107,41;51,67813873;39,16810989
4193640;36,13;51,718755;39,150166
4742390;35,9;51,56919;39,12012
3557620;20,6;51,569384;39,118105
5109400;43,29;51,739372;39,315543
5619350;60,09;51,647951;39,315411
9223042,5;56,66;51,6401;39,18583
7064200;67,59;51,72046049;39,13798552
4565477;40,5;51,60915;39,37122
6043588;35,79;51,70412;39,27386
19195296;67,77;51,65898;39,18725
7052718;41,45;51,65185;39,18399
10166100;65,8;51,65531;39,23815
5823790;54,2;51,574009;39,130905
8107500;70,5;51,91159;39,32979
5280400;62,63;51,00177002;39,49718094
11678212;77,9;51,70412;39,27386
5985000;34,2;51,67768;39,2764
10483020;64,7;51,727726;39,195767
3655477;38,08;51,0902207;40,031849
12244955;66,73;51,64722698;39,1836482
7866000;68,4;51,91159;39,32979
8080492,22;57,2;51,614616;39,240535
4557700;26,8;51,69545;39,20925
4557700;26,8;51,69545;39,20925
3033844;36,29;51,61088;39,36799
5125428;39,59;51,67729;39,27827
4503000,5;30,01;51,73024;39,19846
3294230;20,2;51,61492;39,24134
4405443;39,09;51,60916;39,37138
6310220;38,36;51,65531;39,23815
9678450;57,09;51,72535;39,18228
10456068;98,19;51,74031;39,31684
5183045;21,7;51,72168;39,18229
3881550;33,9;51,60978;39,381
9731040;66,87;51,67457;39,16875
9000000;85,9;51,646044;39,128907
3573882;21,05;51,64088;39,16197
4879569,6;32,74;51,71788;39,19044
4479470;20,6;51,6766;39,17552
7228000;69,5;51,72046049;39,13798552
4889250;43,45;51,719593;39,145017
3877725;22,35;51,65531;39,23815
5082600;39,4;51,67729;39,27827
3958831;41,81;49,93932323;40,53511803
3565860;20,6;51,569384;39,118105
4724440;35,9;51,56919;39,12012
6974935;43,72;51,65531;39,23815
9867650;89,3;51,91133;39,33017
11179200;109,59;51,75443;39,00395
10699375;66,25;51,728933;39,197652
7096512;64,27;51,60978;39,381
4033016;29,82;51,714458;39,277214
10334066;42,72;51,699254;39,264036
13925900;88,69;51,71779;39,18906
4653617;43,27;51,36846557;42,11676512
8841574;57,18;51,68598;39,176204
6115293;43,02;51,64088;39,16197
6752500;73;51,648217;39,315008
13944648;48,52;51,65898;39,18725
4685125;40,7;51,74031;39,31684
5275314;58,81;51,0902207;40,031849
11787500;47,15;51,6733;39,20121
6998114,6;48,88;51,64088;39,16197
4501215;20,7;51,6766;39,17552
6912250;64,3;51,72046049;39,13798552
6113834;41,06;51,64088;39,16197
3630640;34,9;51,54828;39,09313
8305353;54,38;51,66149;39,25248
4280320;33,43;51,574009;39,130905
11678212;77,8;51,70412;39,27386
3224320;28,15;51,60978;39,381
3784170;38,11;51,0902207;40,031849
6974000;63,4;51,72046049;39,13798552
6350265;61;51,36854087;42,11685414
4350000;39,2;51,685245;39,075692
13035493,8;101,56;51,65531;39,23815
10891328;78,4;51,71788;39,19044
5846968;39,56;51,64088;39,16197
9940920;88,59;51,67446;39,40254
4374318;38;51,74031;39,31684
4540214;43,27;51,36846557;42,11676512
2935835;20,89;51,739372;39,315543
6367920;40,56;51,71788;39,19044
5232799;40,7;51,67729;39,27827
11179200;109,59;51,75474;39,00362
8676388;62,5;51,64088;39,16197
3395398;20,35;51,669291;39,314332
4675840;44,95;51,54828;39,09313
6492610,2;43,97;51,65531;39,23815
6774840;36,9;51,67652;39,17553
4790940;36,59;51,56919;39,12012
6367920;40,56;51,71788;39,19044
7097770,8;42,65;51,68598;39,176204
9570000;74,8;51,69572;39,21061
4733600;38,79;51,618781;39,248545
3687981;23,64;51,65531;39,23815
10468103;64,12;51,72542;39,18063
9847864;71,59;51,65531;39,23815
4565477;40,5;51,60916;39,37138
7086976;42,59;51,68598;39,176204
12607700;83;51,71991;39,18952
9290270,4;65,36;51,65531;39,23815
4647360;37,59;51,567674;39,112646
7176200;67,69;51,72046049;39,13798552
12180000;69,59;51,67768;39,2764
4802500;42,5;51,72046049;39,13798552
6412500;51,29;51,701773;39,2062
11243849;46,72;51,699254;39,264036
7054250;69,5;51,72046049;39,13798552
2847625;20,89;51,73916;39,31545
8413750;66,25;51,65077;39,24391
4282200;39,7;51,618781;39,248545
7005466;46,88;51,78249;39,1896
6287500;50,29;51,701773;39,2062
7031040;38,4;51,66339;39,16472
2657380;20,68;51,63616;39,27488
12119100;83,58;51,67519;39,244057
5300000;41,5;51,646044;39,128907
4565477;40,5;51,60915;39,37122
3711230;26,2;51,73024;39,19846
8234000;71,59;51,91159;39,32979
4611600;39,83;51,618985;39,247526
7169950;74,3;51,648217;39,315008
12115336;59,93;51,699254;39,264036
8862887;91,52;51,36854087;42,11685414
5069200;44,08;51,63616;39,27488
9035350;78,5;51,67058;39,31567
13684160;122,18;51,67813873;39,16810989
4742390;35,9;51,56919;39,12012
6470000;57,9;51,68481;39,07371
14755665;87,62;51,72542;39,18063
4348650;27,35;51,71788;39,19044
3417088;20,47;51,669291;39,314332
4282600;38;51,60916;39,37138
4503427;42,18;51,0902207;40,031849
6555000;38,2;51,63858;39,15943
4623445;29,17;51,73024;39,19846
5641890;30,82;51,651;39,17766
6312400;78,15;51,00177002;39,49718094
5051320;43,09;51,67058;39,31567
9604250;90,19;51,74031;39,31684
7258475;43,65;51,6401;39,18583
7893600;65,77;51,574009;39,130905
7041650;38,5;51,66339;39,16472
3538883;37,38;49,93932323;40,53511803
10963456;78,4;51,71788;39,19044
4117300;21,67;51,65185;39,18399
5325056;43;51,63587;39,25059
4565477;40,5;51,60916;39,37138
3666300;36,29;51,647951;39,315411
8218294;71,5;51,739372;39,315543
5533200;52,2;51,54828;39,09313
3680800;21,39;51,569384;39,118105
7049350;38,5;51,66339;39,16472
3980000;35,79;51,685245;39,075692
4497265;26,69;51,64088;39,16197
4523019;45,54;49,93932323;40,53511803
4767250;44,45;51,80987;39,173392
4259800;22,42;51,65185;39,18399
5188833;41,9;51,63587;39,25059
8016184;51,31;51,66149;39,25248
4193640;36,13;51,718755;39,150166
5822480;39,88;51,69545;39,20925
12473904;93,93;51,64088;39,16197
4565477;40,5;51,60916;39,37138
8015400;87,59;51,648217;39,315008
10270500;68,47;51,6992;39,18352
4976280;41,4;51,67058;39,31567
4790240;36,4;51,56919;39,12012
8721960;55,9;51,68598;39,176204
5180620;43,09;51,67058;39,31567
2678520;26,26;51,54828;39,09313
5308797;28,86;51,6401;39,18583
12715185;43,77;51,65898;39,18725
5619930;30,7;51,651;39,17766
4492216;22,78;51,67457;39,16875
7704300;84,19;51,647951;39,315411
3450458;20,68;51,669291;39,314332
12180000;69,59;51,67768;39,2764
3428768;20,54;51,669291;39,314332
12237470;55,56;51,698978;39,263224
4970471;43,86;51,67446;39,40254
7726764,1;54,4;51,73024;39,19846
7210000;64,59;51,68481;39,07371
8956000;88;51,81536;39,14698
5117580;31,59;51,71788;39,19044
2172258;16,79;51,618781;39,248545
4520880;36,4;51,67058;39,31567
3583170;20,7;51,56919;39,12012
11796264;59,16;51,64058;39,15117
5046660;47,61;51,54828;39,09313
4479470;20,6;51,6766;39,17552
3490041;25,54;51,574009;39,130905
5619350;60,09;51,647951;39,315411
10040352;94,69;51,739378;39,314012
4887500;42,5;51,72046049;39,13798552
3630640;34,9;51,54828;39,09313
8159604;43,31;51,72542;39,18063
10170000;60;51,72535;39,18228
12742550;82,2;51,728933;39,197652
9913736;71,59;51,65531;39,23815
3175500;21,02;51,718755;39,150166
13595760;82,8;51,66339;39,16472
13628843,2;106,95;51,65531;39,23815
13797747;67,76;51,64086;39,15054
3658500;27,03;51,718755;39,150166
4667741;39,4;51,739372;39,315543
5641890;30,82;51,651;39,17766
9781992;71,59;51,65531;39,23815
9250681;67,87;51,64088;39,16197
4623445;29,17;51,73024;39,19846
8948250;87,3;51,72046049;39,13798552
6982500;39,9;51,677954;39,275797
8920450;49;51,66339;39,16472
4800000;42,79;51,68464;39,07713
2847625;20,89;51,73916;39,31545
12097716;54,93;51,698978;39,263224
4630937;43,27;51,36846557;42,11676512
4467110;20,6;51,6766;39,17552
3630640;34,9;51,54828;39,09313
5933400;38,27;51,731404;39,194879
8343000;54;51,71788;39,19044
5042856;43,86;51,674317;39,403699
13477940;83,3;51,664464;39,252986
8956850;78,5;51,67058;39,31567
7005070;38,29;51,66339;39,16472
3719600;21,87;51,69545;39,20925
10592075;70,84;51,65531;39,23815
4973924;48,91;51,0902207;40,031849
6595672,5;38,97;51,6401;39,18583
6492610,2;43,97;51,65531;39,23815
5064977;43,4;51,739378;39,314012
8248320;46,08;51,6847;39,22139
4350000;39,09;51,685245;39,075692
4205520;36,13;51,718755;39,150166
9367718;63,2;51,70412;39,27386
7241780;41,86;51,651;39,17766
11631059;110,19;51,614616;39,240535
6715500;55,5;51,67729;39,27827
12580841;52,43;51,65898;39,18725
4501215;20,7;51,67652;39,17553
6944842;78,73;51,0902207;40,031849
4501215;20,7;51,6766;39,17552
7503955;66,3;51,739378;39,314012
10640000;60,79;51,67768;39,2764
7226210;41,77;51,651;39,17766
4865899;40,77;51,67446;39,40254
8465000;62,08;51,69572;39,21061
4660920;42,79;51,618781;39,248545
3385387;20,29;51,669291;39,314332
12638352;83,91;51,68598;39,176204
9126347,5;78,16;51,574009;39,130905
10216471;66,9;51,70412;39,27386
6974935;43,72;51,65531;39,23815
4488795;20,7;51,67652;39,17553
4368195;35,36;51,63616;39,27488
6250000;50;51,701773;39,2062
3164000;22,6;51,61492;39,24134
9275257,8;73,93;51,680576;39,248383
8200000;73,8;51,685245;39,075692
9400000;90,69;51,646044;39,128907
4138360;24,55;51,65531;39,23815
3404085;29,72;51,60978;39,381
5023153;42,4;51,739372;39,315543
8676388;62,5;51,64088;39,16197
4768905;57,7;51,61088;39,36799
7683000;74,8;51,81536;39,14698
9224154;53,65;51,727726;39,195767
7094925;41,13;51,727726;39,195767
6099600;55,25;51,60916;39,37138
5270090;61,68;51,0902207;40,031849
9224989;60,09;51,646044;39,128907
4162920;24,55;51,65531;39,23815
4099519;38,47;51,36854087;42,11685414
6686280;40,77;51,71788;39,19044
3548550;20,5;51,569384;39,118105
14245240;89,19;51,72168;39,18229
7211160;66,76;51,54828;39,09313
9117500;52,09;51,67768;39,2764
13089382;64,98;51,64086;39,15054
7795552;41,29;51,728933;39,197652
4575000;39,83;51,618985;39,247526
18488250;82,16;51,6733;39,20121
10139798,4;72,51;51,71788;39,19044
4951880;28,79;51,731404;39,194879
8459850;73,5;51,67058;39,31567
5737146;32,25;51,783418;39,190156
9371505;42,9;51,653929;39,19561
2979600;22,89;51,66113;39,279135
7420743;65,18;51,674317;39,403699
13512960;82,8;51,66339;39,16472
9590741;88,9;51,739372;39,315543
21408433;90,86;51,65898;39,18725
3884248;38,11;51,0902207;40,031849
19021388;80,41;51,65898;39,18725
6411705,4;43,97;51,65531;39,23815
8015400;87,59;51,647951;39,315411
3589955;37,38;49,93932323;40,53511803
3771947;42,49;49,93932323;40,53511803
14101668;48,65;51,65898;39,18725
4366500;36,29;51,618781;39,248545
5684800;60,79;51,648217;39,315008
11722963;59,16;51,64109;39,14988
7674632;90,01;49,93932323;40,53511803
4282600;38;51,60915;39,37122
4254100;22,38;51,65185;39,18399
6747320;35,88;51,614616;39,240535
13110574;44,93;51,65898;39,18725
4423120;42,52;51,66113;39,279135
5017000;47,29;51,81536;39,14698
12180000;69,59;51,67768;39,2764
5619350;60,09;51,647951;39,315411
4606500;41,5;51,72046049;39,13798552
4565500;39,7;51,91159;39,32979
4346134,1;34,09;51,574009;39,130905
3614032;37,88;49,93932323;40,53511803
4856040;36,9;51,56919;39,12012
4271220;39,7;51,618781;39,248545
11615341;77,4;51,70412;39,27386
5315760;42,79;51,569384;39,118105
22167000;98,51;51,6733;39,20121
3294230;20,2;51,61492;39,24134
4850000;43;51,68464;39,07713
10593375;65,19;51,727726;39,195767
5019712;42,45;51,674317;39,403699
7647879;73,62;51,36854087;42,11685414
9740960;73,59;51,64088;39,16197
7211160;66,76;51,54828;39,09313
10372435;94,69;51,739372;39,315543
5505921;33,43;51,651;39,17766
2678520;26,26;51,54828;39,09313
7983481;88,59;51,619367;39,382813
4667741;39,4;51,739372;39,315543
5920929,3;47,18;51,574009;39,130905
5619350;60,09;51,648217;39,315008
13551945;107,12;51,65531;39,23815
6112848;55,36;51,60916;39,37138
5630910;30,77;51,651;39,17766
10525880;71,8;51,71033;39,23067
2797860;27,43;51,54828;39,09313
9891840;71,68;51,68604;39,17548
7212228;43,86;51,68598;39,176204
16731260;81,19;51,653929;39,19561
12449250;82,5;51,71991;39,18952
7226210;41,77;51,651;39,17766
12808000;80;51,66339;39,16472
7277312;45,84;51,73024;39,19846
5183045;21,7;51,72168;39,18229
6199050;37,56;51,69545;39,20925
10860000;60;51,664464;39,252986
4305216;41,7;49,93932323;40,53511803
8700000;77,8;51,68481;39,07371
9885002,4;78,95;51,692872;39,130697
9624070;70,3;51,76077;39,17925
6000000;53,9;51,685245;39,075692
5416804;61,68;51,0902207;40,031849
4933500;42,9;51,91133;39,33017
4680000;41,9;51,91159;39,32979
4896000;42,13;51,718755;39,150166
6483607,5;78,9;51,61088;39,36799
2678520;26,26;51,54828;39,09313
3179665;27,77;51,60978;39,381
6429960;40,43;51,71788;39,19044
11078840;66,4;51,72535;39,18228
9779029,87;71,55;51,614616;39,240535
4344420;36,59;51,67058;39,31567
8427553,2;64,48;51,66149;39,25248
10404000;60;51,66339;39,16472
8080492,22;57,2;51,614616;39,240535
4795700;44,2;51,72046049;39,13798552
9484429,5;70,48;51,6401;39,18583
5579790;63,86;51,0902207;40,031849
5325056;43;51,63587;39,25059
12623268;43,77;51,65898;39,18725
3299600;22,6;51,61492;39,24134
6920001;40,66;51,65185;39,18399
10106899;66,33;51,674317;39,403699
10640938;44,95;51,699254;39,264036
4708417;27,9;51,71033;39,23067
8210000;59,9;51,69572;39,21061
11181339;45,88;51,699254;39,264036
8925000;51;51,67768;39,2764
7350200;66,81;51,62798;39,32773
5303340;42,7;51,569384;39,118105
13141654;45,4;51,65898;39,18725
6539486,5;79,58;51,61088;39,36799
9570000;74,8;51,69572;39,21061
3490041;25,54;51,574009;39,130905
3523080;20,39;51,569384;39,118105
10818400;52,65;51,699254;39,264036
13453385,4;107,12;51,65531;39,23815
6100000;54,9;51,685245;39,075692
18645550;96,86;51,686039;39,228412
6845425;41,5;51,6401;39,18583
5086480;43,4;51,67058;39,31567
3591865;31,37;51,60978;39,381
11606526;59,16;51,64058;39,15117
12266590;80,19;51,72535;39,18228
4467110;20,6;51,67652;39,17553
10166100;65,8;51,65531;39,23815
4480000;40;51,68481;39,07371
13761016;67,76;51,64086;39,15054
9783870;64,58;51,67457;39,16875
3996918;30,29;51,63587;39,25059
4697000;38,5;51,618781;39,248545
12460140;80,91;51,728933;39,197652
11254012;65,88;51,728933;39,197652
4564350;48,29;51,647951;39,315411
7632094;66,4;51,739372;39,315543
3574890;20,7;51,56919;39,12012
4790940;36,59;51,56919;39,12012
4520880;36,4;51,67058;39,31567
10562409;65,87;51,72542;39,18063
12281087;69,16;51,723514;39,180801
4850000;43;51,68464;39,07713
7298424;62,59;51,739372;39,315543
4560000;41;51,685245;39,075692
19133160;67,8;51,65898;39,18725
5901750;64,5;51,648217;39,315008
6099600;55,25;51,60916;39,37138
14017080;91,01;51,728933;39,197652
5310900;56,2;51,647951;39,315411
9468018;64,54;51,651;39,17766
2797860;27,43;51,54828;39,09313
7005070;38,29;51,66339;39,16472
14044500;62,41;51,6733;39,20121
12148950;73,62;51,6847;39,22139
7695150;84,09;51,648217;39,315008
5920929,3;47,18;51,574009;39,130905
11885496;75,31;51,72542;39,18063
4203277;41,81;49,93932323;40,53511803
4295728;30,63;51,7203;39,13379
4675840;44,95;51,54828;39,09313
13241150;67,76;51,64086;39,15054
29387250;130,61;51,6733;39,20121
11223117,2;72,91;51,6401;39,18583
6111500;35,95;51,69545;39,20925
4503000,5;30,01;51,73024;39,19846
10963456;78,4;51,71788;39,19044
5366787;43;51,63587;39,25059
8470080;48,95;51,727726;39,195767
7049350;38,5;51,66339;39,16472
4405443;39,09;51,60916;39,37138
6976572;37;51,614616;39,240535
5260013;43,86;51,67446;39,40254
8097140;66,37;51,61492;39,24134
3573882;21,05;51,64088;39,16197
7821840;70,84;51,60978;39,381
14800989;52,43;51,65898;39,18725
6983318;61,7;51,73916;39,31545
6907260;43,79;51,66149;39,25248
8143200;50,7;51,70412;39,27386
5194530;44,54;51,674317;39,403699
5330000;41,52;51,718755;39,150166
6310220;38,36;51,65531;39,23815
4464028,8;25,62;51,73024;39,19846
13551945;107,12;51,65531;39,23815
12483600;82,4;51,71991;39,18952
9989478,53;73,09;51,614616;39,240535
4218000;22,2;51,65185;39,18399
7695150;84,09;51,648217;39,315008
3881550;33,9;51,60978;39,381
4151455;28,7;51,66149;39,25248
7074432;64,08;51,60978;39,381
5249600;54,4;51,648217;39,315008
4976280;41,4;51,67058;39,31567
7481318;66,09;51,739378;39,314012
4907520;42,13;51,718755;39,150166
10843653,6;80,73;51,71788;39,19044
22804855;107,02;51,699254;39,264036
7074432;64,08;51,60978;39,381
4931919;50,22;51,0902207;40,031849
8688290;51,4;51,727726;39,195767
6685800;40,52;51,69545;39,20925
4653617;43,27;51,36846557;42,11676512
9954261;94,69;51,739378;39,314012
5645550;30,85;51,651;39,17766
4837040;46,5;51,66113;39,279135
9501502,5;67,02;51,692872;39,130697
4850000;43,29;51,68464;39,07713
6950000;30,77;51,666071;39,186478
18812628;67,13;51,65898;39,18725
9710000;106,09;51,81536;39,14698
6947500;39,7;51,67768;39,2764
4928772;39,79;51,63587;39,25059
6947500;39,7;51,677954;39,275797
6861854;66,54;49,93925258;40,5359376
3666223;23,64;51,65531;39,23815
4219246;30,53;51,714458;39,277214
11418120;70,91;51,651;39,17766
3881550;33,9;51,60978;39,381
5014340;61,29;51,679768;39,033596
3210000;28,79;51,685245;39,075692
7314378;46,47;51,66149;39,25248
7231400;41,79;51,651;39,17766
5268900;54,59;51,647951;39,315411
3920000;35,2;51,685245;39,075692
9294350;102,69;51,648217;39,315008
3975440;34,72;51,60978;39,381
4526550;47,9;51,647951;39,315411
6020700;65,8;51,648217;39,315008
4978000;46,9;51,81536;39,14698
5533200;52,2;51,54828;39,09313
23378046;125,12;51,72542;39,18063
7016932;59,2;51,63587;39,25059
6098400;36,95;51,69545;39,20925
11438406;78,94;51,651;39,17766
7028535;69,83;49,93932323;40,53511803
4886300;37,29;51,714458;39,277214
7258475;43,65;51,6401;39,18583
14070030;83,84;51,72542;39,18063
5650000;39,18;51,69572;39,21061
8731943;43,95;51,72542;39,18063
7152444;46,79;51,78249;39,1896
10315978;56,11;51,723514;39,180801
7532987;51,49;51,68604;39,17548
9313344;66,59;51,71788;39,19044
5163499;43,86;51,67446;39,40254
8302848;45,52;51,728933;39,197652
6861854;66,54;49,93925258;40,5359376
4337520;27,28;51,71788;39,19044
17850800;81,13;51,6733;39,20121
4479470;20,6;51,67652;39,17553
11026429,5;71,66;51,6401;39,18583
4565477;40,5;51,60916;39,37138
4596659;38,79;51,739372;39,315543
4138703;38,47;51,36854087;42,11685414
15555607;79,66;51,723514;39,180801
11185680;73,58;51,71788;39,19044
4289238;41,5;51,36854087;42,11685414
10941000;60;51,664464;39,252986
12310700;80,19;51,72535;39,18228
4501215;20,7;51,6766;39,17552
9995695;68,23;51,692872;39,130697
4488795;20,7;51,67652;39,17553
4892400;30,2;51,71788;39,19044
4705932;37,04;51,674317;39,403699
5640060;30,81;51,651;39,17766
3881550;33,9;51,60978;39,381
4719659;41;51,74031;39,31684
5473443;46,9;51,739378;39,314012
5315760;42,79;51,569384;39,118105
5310900;56,2;51,647951;39,315411
13387500;76,5;51,67768;39,2764
3884248;38,11;51,0902207;40,031849
4988850;39,5;51,56919;39,12012
7089000;69,5;51,72046049;39,13798552
4480000;40,09;51,68481;39,07371
12531750;82,5;51,71991;39,18952
4366500;35,5;51,618781;39,248545
5078904;25,86;51,67457;39,16875
2797860;27,43;51,54828;39,09313
3920000;35,29;51,685245;39,075692
8498150;48,7;51,728933;39,197652
22780529;84,94;51,67366;39,19767
13047900;84,18;51,728933;39,197652
3280000;29,6;51,685245;39,075692
4914900;38,09;51,6327;39,29841
14042252;92,01;51,68598;39,176204
11218967;59,16;51,64109;39,14988
4985482;38,9;51,63587;39,25059
8241282;71,69;51,739372;39,315543
10924144;88,66;51,674317;39,403699
13609740;65,4;51,653929;39,19561
4445500;26,14;51,69545;39,20925
7108500;67,69;51,72046049;39,13798552
6620360,5;39,65;51,73024;39,19846
3219840;30,95;51,54828;39,09313
10240265;59,7;51,728933;39,197652
12789090;83,09;51,72535;39,18228
6000000;54;51,685245;39,075692
4019778;25,62;51,73024;39,19846
4896000;51;51,648217;39,315008
9240125;72,5;51,64088;39,16197
4514100;38,93;51,618985;39,247526
9933956;67,66;51,692872;39,130697
4675840;44,95;51,54828;39,09313
12571650;81,9;51,72535;39,18228
5193895;21,7;51,72168;39,18229
12808000;80;51,66339;39,16472
7169950;74,3;51,648217;39,315008
5947584;56,02;51,674317;39,403699
9783830;68,18;51,67457;39,16875
6228929;55,27;51,60978;39,381
6719680;36,79;51,67652;39,17553
9604250;90,19;51,74031;39,31684
11615341;77,4;51,70412;39,27386
23966000;118,62;51,67064;39,22223
4850000;43;51,68464;39,07713
4856040;36,9;51,56919;39,12012
18111799;76,95;51,698978;39,263224
5107200;45,59;51,91159;39,32979
12604410;81,9;51,72535;39,18228
6470000;57,9;51,68481;39,07371
11423500;68,19;51,72535;39,18228
11678212;77,9;51,70412;39,27386
10653379;86,86;51,631947;39,391667
8776075;45,59;51,686039;39,228412
4262085;35,36;51,63616;39,27488
5985000;34,2;51,67768;39,2764
3179665;27,77;51,60978;39,381
4249260;38,7;51,618781;39,248545
4181760;36,13;51,718755;39,150166
7355450;46,84;51,71788;39,19044
8250000;75,4;51,68464;39,07713
12134640;74,4;51,728933;39,197652
6768270;47,09;51,64088;39,16197
4843400;40,36;51,618781;39,248545
5619930;30,7;51,651;39,17766
5930736;37,15;51,68604;39,17548
4445500;26,14;51,69545;39,20925
12419730;80,69;51,72535;39,18228
3574890;20,7;51,56919;39,12012
18758730;90,59;51,653929;39,19561
7018665;43,72;51,65531;39,23815
3925284;28,81;51,714458;39,277214
18672094;86,04;51,699254;39,264036
10592075;70,84;51,65531;39,23815
7481318;66,09;51,739378;39,314012
12062428;54,93;51,698978;39,263224
4738750;42,5;51,72046049;39,13798552
4565477;40,5;51,60916;39,37138
8548331;53,77;51,6401;39,18583
7174695;44,22;51,6401;39,18583
11438406;78,94;51,651;39,17766
9940920;88,59;51,67446;39,40254
3565860;20,6;51,569384;39,118105
6645213;72,33;51,0902207;40,031849
3445900;20,27;51,64088;39,16197
2610600;22,79;51,60978;39,381
10205307;70,43;51,651;39,17766
9124120,5;66,76;51,64088;39,16197
12623268;43,77;51,65898;39,18725
11026663;46,61;51,699254;39,264036
9511110;68,18;51,67457;39,16875
6100000;55;51,685245;39,075692
13984068;56,27;51,67366;39,19767
3557620;20,6;51,56919;39,12012
5298461,7;47,11;51,574009;39,130905
10402877;62,33;51,728933;39,197652
8046192;74,63;51,63616;39,27488
2871375;20,89;51,73916;39,31545
11615341;77,4;51,70412;39,27386
12498750;82,5;51,71991;39,18952
13247520;62,4;51,653929;39,19561
6998114,6;48,88;51,64088;39,16197
6347972,4;43,25;51,65531;39,23815
3347300;19,69;51,69545;39,20925
4274720;42,29;49,93932323;40,53511803
6310220;38,36;51,65531;39,23815
3630640;34,9;51,54828;39,09313
4501215;20,7;51,67652;39,17553
4667741;39,4;51,739372;39,315543
8767500;50,09;51,677954;39,275797
6715500;55,5;51,67729;39,27827
9358706;65,86;51,680732;39,249048
10106880;71,68;51,68604;39,17548
2847318;20,89;51,739372;39,315543
11678212;77,9;51,70412;39,27386
7309104;60,95;51,67446;39,40254
9310000;53,2;51,677954;39,275797
6199050;37,56;51,69545;39,20925
10231912;73,93;51,680431;39,247754
12101424;60,31;51,699254;39,264036
11822599,8;88,11;51,64088;39,16197
5566260;43,5;51,56919;39,12012
3961928;42,49;49,93932323;40,53511803
17169244;78,73;51,698978;39,263224
13180022;45,22;51,65898;39,18725
4480000;39,9;51,68481;39,07371
5801276,2;48,52;51,574009;39,130905
3990000;36;51,685245;39,075692
5023153;42,4;51,739372;39,315543
13512960;82,8;51,66339;39,16472
4916400;28,92;51,69545;39,20925
7082160;64,15;51,60978;39,381
5183045;21,7;51,72168;39,18229
4565000;41,5;51,72046049;39,13798552
5041636;43,2;51,739378;39,314012
11451289;46,24;51,699254;39,264036
14245240;89,19;51,72168;39,18229
10521225;70,84;51,65531;39,23815
3543200;20,6;51,569384;39,118105
6072500;34,7;51,67768;39,2764
18467824;86,31;51,699254;39,264036
6077940;34,9;51,646044;39,128907
4797000;36,9;51,569384;39,118105
6690429;42,97;51,651;39,17766
3557515;31,06;51,60978;39,381
8200000;73,8;51,685245;39,075692
10263624;67,19;51,70412;39,27386
9350055;42,9;51,653929;39,19561
4480000;40;51,68481;39,07371
10963456;78,4;51,71788;39,19044
6850000;61,59;51,685245;39,075692
6426825,6;44,77;51,71788;39,19044
7934465;77,98;51,674317;39,403699
7837760,5;54,4;51,73024;39,19846
9615446;63,22;51,78249;39,1896
4488795;20,7;51,6766;39,17552
3533260;27,8;51,674317;39,403699
5248836;41,79;51,74031;39,31684
9689688;68,43;51,692872;39,130697
10048948;69,16;51,66149;39,25248
6686280;40,77;51,71788;39,19044
4750000;42,29;51,68464;39,07713
4545750;28,5;51,67729;39,27827
6203100;40,02;51,62787;39,32788
6534900;54,79;51,63587;39,25059
3557620;20,6;51,56919;39,12012
3767200;22,15;51,69545;39,20925
5013800;64,05;51,00177002;39,49718094
5390080;42,11;51,718755;39,150166
5621541;33,4;51,70412;39,27386
5165685;21,7;51,72168;39,18229
4820400;41,52;51,718755;39,150166
7212228;43,86;51,68598;39,176204
9637878;30,97;51,65898;39,18725
6003112,5;39,68;51,64088;39,16197
9689688;68,43;51,692872;39,130697
5328345;45,06;51,674317;39,403699
8242080;73,58;51,67813873;39,16810989
6099600;55,25;51,60915;39,37122
4721400;38,7;51,618781;39,248545
8956000;88,09;51,81536;39,14698
3557620;20,6;51,569384;39,118105
4565477;40,5;51,60916;39,37138
7821840;70,84;51,60978;39,381
8399678,12;58,56;51,614616;39,240535
9631866;52,15;51,723514;39,180801
2361150;16,71;51,618781;39,248545
6634647;72,2;51,0902207;40,031849
5452800;42,11;51,718755;39,150166
9292176;62,27;51,66149;39,25248
7076080;58,47;51,67446;39,40254
10817379;52,65;51,699254;39,264036
3179665;27,77;51,60978;39,381
5097025,5;61,66;51,61088;39,36799
6096141;36,09;51,70412;39,27386
8152074;56,25;51,651;39,17766
4467110;20,6;51,67652;39,17553
4655894;39,29;51,739372;39,315543
5443530;43,09;51,56919;39,12012
7031040;38,4;51,66339;39,16472
3275883;23,79;51,574009;39,130905
7683000;74,8;51,81536;39,14698
22830030;94,3;51,653929;39,19561
9277256;62,18;51,66149;39,25248
4374318;38;51,74031;39,31684
4599400;39,83;51,618985;39,247526
4724440;35,9;51,56919;39,12012
7170000;55,13;51,63666;39,23633
18597892;65,2;51,65898;39,18725
7632094;66,4;51,739372;39,315543
8345895;42,68;51,686039;39,228412
10992196,8;80,73;51,71788;39,19044
8015400;87,59;51,647951;39,315411
7844705;66,33;51,674317;39,403699
9604250;90,19;51,74031;39,31684
9220050;87,8;51,62798;39,32773
4200000;37,79;51,685245;39,075692
7457100;67;51,63616;39,27488
2158596;16,71;51,618781;39,248545
4731919;25,78;51,6401;39,18583
16539802;91,98;51,727726;39,195767
3179665;27,77;51,60978;39,381
6112848;55,36;51,60915;39,37122
6455840;41,11;51,71788;39,19044
4636800;41,4;51,72046049;39,13798552
9250500;88,09;51,62829;39,32708
12634860;80,4;51,664464;39,252986
3382927;33,45;51,0902207;40,031849
8229683,7;61,11;51,66149;39,25248
9981840;65,66;51,71788;39,19044
9052428;64,01;51,64088;39,16197
5643720;30,84;51,651;39,17766
6084300;35,79;51,69545;39,20925
3282850;33,45;51,0902207;40,031849
4624444;37,04;51,674317;39,403699
10576280;61,49;51,6847;39,22139
7210000;64,3;51,68481;39,07371
10854380,8;77,62;51,71788;39,19044
8889410;53,22;51,727726;39,195767
4488795;20,7;51,6766;39,17552
5366787;43;51,63587;39,25059
8613000;39,59;51,64722698;39,1836482
4501215;20,7;51,6766;39,17552
13200360;80,48;51,728933;39,197652
13390475;83,3;51,664464;39,252986
13185304;61,29;51,698978;39,263224
7775460;69,3;51,67446;39,40254
9225350;60,09;51,71788;39,19044
7911750;68,5;51,63587;39,25059
6112848;55,36;51,60915;39,37122
6099600;55,25;51,60915;39,37122
3939180;23,23;51,65531;39,23815
3219840;30,95;51,54828;39,09313
2874875;21,1;51,739378;39,314012
8314700;45,56;51,71033;39,23067
15945531;67,19;51,65898;39,18725
19557900;105,15;51,728933;39,197652
11471653;80,38;51,66149;39,25248
10592075;70,84;51,65531;39,23815
8038500;69,9;51,701773;39,2062
4724440;35,9;51,56919;39,12012
11137060;68,19;51,722887;39,183201
4919178;40,84;51,674317;39,403699
4546500;43,29;51,72046049;39,13798552
7821840;70,84;51,60978;39,381
9180000;74,87;51,69572;39,21061
6246165;41,5;51,6401;39,18583
5310219;62,59;51,0902207;40,031849
5017680;41,4;51,67058;39,31567
5485209;42,09;51,67729;39,27827
9604250;90,19;51,74031;39,31684
4802500;42,5;51,72046049;39,13798552
3187668;38,13;51,61088;39,36799
5410597,5;34,65;51,73024;39,19846
10920000;70,19;51,63858;39,15943
5971980;49,56;51,63616;39,27488
6243750;67,5;51,648217;39,315008
3611985,6;26,59;51,574009;39,130905
7726764,1;54,4;51,73024;39,19846
4480000;40;51,68481;39,07371
12734826;85,93;51,692872;39,130697
16238028;96,54;51,728933;39,197652
5110000;46;51,685245;39,075692
3219840;30,95;51,54828;39,09313
4560000;41;51,685245;39,075692
6206908;72,12;51,0902207;40,031849
17198320;60,04;51,65898;39,18725
9706000;84,4;51,91133;39,33017
5578981;48,7;51,36846557;42,11676512
4678200;41,4;51,72046049;39,13798552
11718252;85,41;51,692872;39,130697
3920000;35,29;51,685245;39,075692
5178470;28,93;51,731404;39,194879
4644816;37,04;51,674317;39,403699
3819867,5;20,75;51,73024;39,19846
3387668;20,54;51,669291;39,314332
5183045;21,7;51,72168;39,18229
7976475;39,38;51,686039;39,228412
4740750;44,09;51,72046049;39,13798552
8015400;87,59;51,648217;39,315008
6440000;57,7;51,68481;39,07371
8473344;47,2;51,72542;39,18063
16152780;74,76;51,699254;39,264036
4010040;33,84;51,574009;39,130905
7558200;68,4;51,91133;39,33017
4480000;39,9;51,68481;39,07371
5950800;55,09;51,547326;39,092364
8920450;49;51,66339;39,16472
12180000;69,59;51,67768;39,2764
5690072,5;76,3;51,610856;39,368789
11380503;63,66;51,783418;39,190156
15435000;88,19;51,67732;39,2766
3784170;38,11;51,0902207;40,031849
6690429;42,97;51,651;39,17766
5619350;60,09;51,647951;39,315411
4117300;21,67;51,65185;39,18399
3521760;26,68;51,674317;39,403699
8592696;56,83;51,68604;39,17548
9180680;78,19;51,56919;39,12012
3565860;20,6;51,569384;39,118105
4660000;42;51,685245;39,075692
4892400;30,2;51,71788;39,19044
9758025;69,94;51,692872;39,130697
13800000;84,47;51,666071;39,186478
5148000;42,9;51,91133;39,33017
12403520;74,72;51,72542;39,18063
4752650;36,7;51,569384;39,118105
5533200;52,2;51,54828;39,09313
9400000;90,69;51,646044;39,128907
3354698;20,35;51,669291;39,314332
5193895;21,7;51,72168;39,18229
3611985,6;26,59;51,574009;39,130905
3354698;20,35;51,669291;39,314332
8378000;80,9;51,816565;39,148016
6470000;57,79;51,68481;39,07371
4660000;41,9;51,685245;39,075692
12412070;42,58;51,65898;39,18725
4763000;43,29;51,72046049;39,13798552
3800432;40,25;51,0902207;40,031849
6430000;57,4;51,68481;39,07371
9805365;57,9;51,67652;39,17553
5017240;29,17;51,73024;39,19846
5901750;64,5;51,648217;39,315008
5069980;47,83;51,54828;39,09313
5974209;35,27;51,783418;39,190156
4295728;30,63;51,7203;39,13379
4479470;20,6;51,6766;39,17552
8327715;36,93;51,64722698;39,1836482
11753363;59,5;51,699254;39,264036
6347972,4;43,25;51,65531;39,23815
26822600;116,62;51,6733;39,20121
13267600;82;51,664464;39,252986
5967500;34,09;51,67768;39,2764
5369000;41,52;51,718755;39,150166
8991900;87,3;51,72046049;39,13798552
5228820;41,4;51,56919;39,12012
4724440;35,9;51,56919;39,12012
4738750;42,5;51,72046049;39,13798552
7016932;59,2;51,63587;39,25059
5163499;43,86;51,67446;39,40254
4976280;41,4;51,67058;39,31567
7053432;61,7;51,73916;39,31545
5300000;41,5;51,646044;39,128907
8350000;76,3;51,68464;39,07713
7102100;45,81;51,62744;39,32813
4148335;36,22;51,60978;39,381
11322924;47,06;51,699254;39,264036
7683282;52,59;51,73024;39,19846
10838648;64,2;51,727726;39,195767
22502971;110,41;51,699254;39,264036
6858700;64,09;51,72046049;39,13798552
4860240;28,93;51,731404;39,194879
5356000;41,52;51,718755;39,150166
6111500;35,95;51,69545;39,20925
7945000;45,4;51,677954;39,275797
11559600;77;51,70412;39,27386
9000000;85,9;51,646044;39,128907
7130557;61,7;51,739378;39,314012
4515750;40,5;51,72046049;39,13798552
5369000;41,52;51,718755;39,150166
18883206;85,77;51,698978;39,263224
7012730;38,29;51,66339;39,16472
2874875;21,1;51,739378;39,314012
12361416;83,91;51,68598;39,176204
4405443;39,09;51,60916;39,37138
5064540;39;51,67729;39,27827
8274000;47,27;51,728933;39,197652
7385084;64,33;51,63616;39,27488
19317765;93,3;51,653929;39,19561
4979500;43,29;51,91159;39,32979
9683445;57,95;51,728933;39,197652
8509160;46,59;51,66339;39,16472
2847625;20,89;51,73916;39,31545
14677555;51,4;51,65898;39,18725
7005134;78,73;51,0902207;40,031849
7169950;74,3;51,648217;39,315008
4629890;21,39;51,67652;39,17553
4200000;37,9;51,685245;39,075692
4205520;36,13;51,718755;39,150166
7925760;46,08;51,6847;39,22139
7210000;64,3;51,68481;39,07371
5069980;47,83;51,54828;39,09313
6867190;38,29;51,72535;39,18228
6641250;40,25;51,69545;39,20925
12604410;81,9;51,72535;39,18228
9194800;101,59;51,648217;39,315008
15260000;87,19;51,67768;39,2764
4865899;40,77;51,67446;39,40254
27655992;98,27;51,65898;39,18725
4502750;41,5;51,72046049;39,13798552
4652262;36,29;51,63587;39,25059
12975000;96,75;51,63858;39,15943
5300000;41,5;51,646044;39,128907
4479470;20,6;51,6766;39,17552
10325588;69,16;51,66149;39,25248
5548760;37,24;51,64088;39,16197
5281990;42,7;51,569384;39,118105
7211160;66,76;51,54828;39,09313
5473443;46,9;51,739378;39,314012
4200000;37,79;51,685245;39,075692
9016337;52,54;51,72542;39,18063
4560000;41;51,685245;39,075692
8085781;43,56;51,78249;39,1896
9679500;71,69;51,64088;39,16197
7274250;45;51,6401;39,18583
5612610;30,67;51,651;39,17766
5023153;42,4;51,739372;39,315543
4565477;40,5;51,60916;39,37138
6853672,5;41,54;51,6401;39,18583
7341972,5;43,15;51,65185;39,18399
3557515;31,06;51,60978;39,381
4907520;42,13;51,718755;39,150166
4452300;26,19;51,69545;39,20925
7458682;65,9;51,739378;39,314012
11315550;47,02;51,699254;39,264036
7049350;38,5;51,66339;39,16472
3750000;33,7;51,685245;39,075692
13035493,8;101,56;51,65531;39,23815
8378000;80,9;51,816565;39,148016
11653840;76,66;51,71788;39,19044
10837644,5;71,23;51,6401;39,18583
6755000;38,59;51,67768;39,2764
4544250;41,5;51,72046049;39,13798552
5901750;64,5;51,648217;39,315008
9403011;44,72;51,64109;39,14988
13453985;62,74;51,699254;39,264036
7031040;38,4;51,66339;39,16472
5956000;35,5;51,70412;39,27386
10132320;66,87;51,67457;39,16875
11800863;91,94;51,65531;39,23815
17198320;60,04;51,65898;39,18725
6214680;33,95;51,651;39,17766
5630910;30,77;51,651;39,17766
6284850;38,09;51,69545;39,20925
4405443;39,09;51,60916;39,37138
7339113;92,41;51,0902207;40,031849
5822740;37,81;51,731404;39,194879
4034982;41,81;49,93932323;40,53511803
12343065;80,69;51,72535;39,18228
5641890;30,82;51,651;39,17766
4488795;20,7;51,6766;39,17552
8520496;32,43;51,65898;39,18725
7667109;32,5;51,64058;39,15117
6208950;37,63;51,69545;39,20925
6175800;43,79;51,64088;39,16197
13089382;64,98;51,64086;39,15054
5684800;60,79;51,647951;39,315411
5042856;43,86;51,674317;39,403699
7503955;66,3;51,739378;39,314012
4193640;36,13;51,718755;39,150166
14289840;89,19;51,72168;39,18229
20332000;119,59;51,654467;39,201762
4501215;20,7;51,67652;39,17553
5556271;46,9;51,739372;39,315543
5018295;43;51,739378;39,314012
7212228;43,86;51,68598;39,176204
6994636;61,79;51,739378;39,314012
4181760;36,13;51,718755;39,150166
6321000;78,15;51,00177002;39,49718094
8383110;36,93;51,64722698;39,1836482
4960100;51,4;51,647951;39,315411
12975000;96,75;51,63858;39,15943
13736616;67,76;51,64086;39,15054
4495500;40,5;51,72046049;39,13798552
4795353;58,02;51,61088;39,36799
12361416;83,91;51,68598;39,176204
3492000;19,39;51,66149;39,25248
8939011;42,2;51,64058;39,15117
8771030;53,81;51,651;39,17766
4972594;48,72;51,0902207;40,031849
4914900;38,09;51,6327;39,29841
7859850;85,9;51,648217;39,315008
9100000;52;51,67768;39,2764
2678520;26,26;51,54828;39,09313
6112848;55,36;51,60916;39,37138
5023153;42,4;51,739372;39,315543
5183045;21,7;51,72168;39,18229
4542195;38;51,63616;39,27488
13387500;76,5;51,67768;39,2764
8639400;84,69;51,72046049;39,13798552
12473904;93,93;51,64088;39,16197
4254100;22,38;51,65185;39,18399
6432081;59,29;49,93932323;40,53511803
9293564;60,09;51,646044;39,128907
8018830;45,18;51,72542;39,18063
3737949;38,13;51,0902207;40,031849
6000000;53,9;51,685245;39,075692
2874875;21,1;51,739378;39,314012
8015400;87,59;51,647951;39,315411
5901750;64,5;51,647951;39,315411
14289840;89,19;51,72168;39,18229
3565860;20,6;51,569384;39,118105
11016194;72,19;51,68598;39,176204
8330949;44,29;51,72542;39,18063
7169950;74,3;51,647951;39,315411
7818300;49,63;51,68604;39,17548
4629890;21,39;51,6766;39,17552
5473443;46,9;51,73916;39,31545
3881550;33,9;51,60978;39,381
4704955;24,19;51,692872;39,130697
22529370;107,02;51,699254;39,264036
5251197;58,81;51,0902207;40,031849
12715260;80,4;51,664464;39,252986
7431424;41,47;51,728933;39,197652
4916375;40,7;51,74031;39,31684
7164570;43,81;51,65531;39,23815
5876500;40,25;51,69545;39,20925
17138270;60,04;51,65898;39,18725
14337813;50,61;51,65898;39,18725
6633969,3;39,86;51,6401;39,18583
7012730;38,29;51,66339;39,16472
4823520;46,38;51,66113;39,279135
6982500;39,9;51,677954;39,275797
5105604;39,9;51,56919;39,12012
6551438,4;39,86;51,6401;39,18583
10344474;62,58;51,72542;39,18063
4019778;25,62;51,73024;39,19846
27459432;98,27;51,65898;39,18725
18112500;103,5;51,67768;39,2764
4886300;37,29;51,714458;39,277214
12479430;82,69;51,71991;39,18952
8469230,17;59,5;51,614616;39,240535
8861910;49,79;51,72168;39,18229
5183045;21,7;51,72168;39,18229
4455000;27,5;51,71788;39,19044
8341529;50,4;51,70412;39,27386
6774825;43,84;51,68604;39,17548
8842650;52,95;51,68598;39,176204
5188833;41,9;51,63587;39,25059
4193640;36,13;51,718755;39,150166
13417600;83,86;51,64669;39,17997
5505921;33,43;51,651;39,17766
10751112;66,12;51,728933;39,197652
4896000;42,13;51,718755;39,150166
4564350;48,29;51,647951;39,315411
4915515;28,82;51,73024;39,19846
9637760;70,4;51,76077;39,17925
6100000;55;51,685245;39,075692
8439666;53,18;51,66149;39,25248
5019712;42,45;51,674317;39,403699
7895000;60,04;51,69572;39,21061
6250000;39,11;51,69572;39,21061
9758320;57,2;51,72535;39,18228
5109400;43,29;51,739372;39,315543
17933376;62,88;51,65898;39,18725
6750000;60,5;51,68481;39,07371
4511400;41,2;51,72046049;39,13798552
13194656;59,29;51,64086;39,15054
3914094;25,1;51,65531;39,23815
10816066;52,65;51,699254;39,264036
6111500;35,95;51,69545;39,20925
4092522;42,5;51,0902207;40,031849
4606500;41,5;51,72046049;39,13798552
6099600;55,25;51,60916;39,37138
8897230;77,3;51,67058;39,31567
4988850;39,5;51,56919;39,12012
5336216;47,09;51,739378;39,314012
7106400;65,8;51,72046049;39,13798552
6038119;34,9;51,646044;39,128907
5533200;52,2;51,54828;39,09313
12848000;80;51,66339;39,16472
7212228;43,86;51,68598;39,176204
6853642;40,27;51,65185;39,18399
7031600;72,33;51,0902207;40,031849
6275000;36,5;51,63666;39,23633
4948273;42,4;51,73916;39,31545
6572814;38,45;51,692872;39,130697
12582500;71,9;51,677954;39,275797
13434386;84,06;51,728933;39,197652
4488795;20,7;51,6766;39,17552
5356000;41,52;51,718755;39,150166
8700000;77,8;51,68481;39,07371
9604250;90,19;51,74031;39,31684
9750000;56,63;51,63666;39,23633
5697530;76,4;51,610856;39,368789
4751500;44,2;51,72046049;39,13798552
5171705;46,54;51,67446;39,40254
4831200;40,36;51,618781;39,248545
6641250;40,25;51,69545;39,20925
8346750;46,5;51,66339;39,16472
5567306;46,9;51,739372;39,315543
6452157,8;43,97;51,65531;39,23815
11026429,5;71,66;51,6401;39,18583
4742682;41,2;51,74031;39,31684
8627916;48,11;51,728933;39,197652
7963125;68,5;51,63587;39,25059
5694000;44,38;51,718755;39,150166
9459450;42,9;51,653929;39,19561
3219840;30,95;51,54828;39,09313
4231770;36,34;51,36854087;42,11685414
9604250;90,19;51,74031;39,31684
4501215;20,7;51,67652;39,17553
5509215;33,45;51,651;39,17766
4976280;41,4;51,67058;39,31567
8469230,17;59,5;51,614616;39,240535
4907520;42,13;51,718755;39,150166
6414720;41,11;51,71788;39,19044
7785080;40,4;51,664464;39,252986
4856040;36,9;51,56919;39,12012
9401616;62,18;51,66149;39,25248
4501215;20,7;51,67652;39,17553
3694080;35,52;51,54828;39,09313
5151650;41;51,568683;39,121258
6805200;64,19;51,72046049;39,13798552
15435000;88,19;51,67732;39,2766
4565477;40,5;51,60916;39,37138
4795353;58,02;51,61088;39,36799
7821840;70,84;51,60978;39,381
29600000;135,57;51,67064;39,22223
11313381;47,02;51,699254;39,264036
11018016;64,31;51,727726;39,195767
3428768;20,54;51,669291;39,314332
5505921;33,43;51,651;39,17766
6774840;36,9;51,67652;39,17553
4896000;42,13;51,718755;39,150166
4156689;40,95;51,0902207;40,031849
3548550;20,5;51,569384;39,118105
3877725;22,35;51,65531;39,23815
4424625;34,5;51,63587;39,25059
8057868;45,4;51,72542;39,18063
4745800;38,9;51,618781;39,248545
3583170;20,7;51,56919;39,12012
12409321;69,05;51,723514;39,180801
6112848;55,36;51,60915;39,37122
3179665;27,77;51,60978;39,381
9400000;90,69;51,646044;39,128907
4414500;40,5;51,72046049;39,13798552
4536090;43,27;51,36846557;42,11676512
6099600;55,25;51,60915;39,37122
4203277;41,81;49,93932323;40,53511803
4964102;40,84;51,67446;39,40254
10453300;61,49;51,6847;39,22139
9614898;90,3;51,74031;39,31684
3179665;27,77;51,60978;39,381
6540267,5;39,65;51,73024;39,19846
5180620;43,09;51,67058;39,31567
7244580;44,04;51,65531;39,23815
11451289;46,24;51,699254;39,264036
5822480;39,88;51,69545;39,20925
2828390,4;14,88;51,73024;39,19846
7171884;48,59;51,68604;39,17548
11889610;48,84;51,65898;39,18725
8141473;44,65;51,72542;39,18063
3881550;33,9;51,60978;39,381
6888672;45,56;51,71033;39,23067
14383448;85,2;51,68598;39,176204
12182380;80,19;51,71991;39,18952
9117500;52,09;51,67768;39,2764
2874875;21,1;51,739378;39,314012
9614241;70,98;51,64088;39,16197
6077940;34,9;51,646044;39,128907
3814193;38,11;51,0902207;40,031849
6685800;40,52;51,69545;39,20925
4186712;40,95;51,0902207;40,031849
4889574;59,15;51,61088;39,36799
4563880,8;28,51;51,71788;39,19044
8943174;48,41;51,728933;39,197652
10992196,8;80,73;51,71788;39,19044
15689897;65,41;51,65898;39,18725
5315760;42,79;51,569384;39,118105
5310900;56,2;51,648217;39,315008
18524112;65,41;51,65898;39,18725
12102180;80,19;51,71991;39,18952
10729778;43,77;51,65898;39,18725
16924089;92,33;51,727726;39,195767
4056611;40,95;51,0902207;40,031849
8241282;71,69;51,739372;39,315543
4478445;20,7;51,67652;39,17553
4595400;41,4;51,72046049;39,13798552
11150000;67,19;51,63666;39,23633
8200000;73,9;51,685245;39,075692
12644811,2;106,95;51,65531;39,23815
11678212;77,8;51,70412;39,27386
2874875;21,1;51,739378;39,314012
9165187,2;64,48;51,65531;39,23815
4933500;42,9;51,91133;39,33017
6312400;78,15;51,00177002;39,49718094
10340000;70,19;51,63858;39,15943
9236555;55,81;51,65185;39,18399
16687324;61,29;51,698978;39,263224
6120950;39,49;51,62798;39,32773
4282600;38;51,60915;39,37122
4405443;39,09;51,60916;39,37138
13925900;88,69;51,71779;39,18906
13166509;62,74;51,699254;39,264036
8140000;62,18;51,69572;39,21061
7928380;44,91;51,783418;39,190156
13609740;65,4;51,653929;39,19561
5223720;43,09;51,67058;39,31567
9160996;56,83;51,68604;39,17548
4488795;20,7;51,6766;39,17552
11234680;59,16;51,64058;39,15117
7087500;40,5;51,67768;39,2764
4623458;36,29;51,63587;39,25059
4763000;43,29;51,72046049;39,13798552
4193640;36,13;51,718755;39,150166
22529370;107,02;51,699254;39,264036
4569559;41,5;51,36854087;42,11685414
6592209,5;38,63;51,6401;39,18583
5314800;64,01;51,00177002;39,49718094
5720000;44,38;51,718755;39,150166
14245240;89,19;51,72168;39,18229
4919040;42,13;51,718755;39,150166
13787703;56,38;51,698978;39,263224
10640938;44,95;51,699254;39,264036
4405443;39,09;51,60915;39,37122
13663250;66,65;51,64722698;39,1836482
10150080;58,2;51,66339;39,16472
7698757;66,33;51,674317;39,403699
4814475;27,9;51,71033;39,23067
8700000;77,8;51,68481;39,07371
11615341;77,4;51,70412;39,27386
16587732;76,36;51,699254;39,264036
19317765;93,3;51,653929;39,19561
8279125;61,9;51,64088;39,16197
4823616;35,88;51,61492;39,24134
14245240;89,19;51,72168;39,18229
5017000;47,29;51,81536;39,14698
9489812,5;69,65;51,64088;39,16197
4148335;36,22;51,60978;39,381
5310900;56,2;51,648217;39,315008
5684800;60,79;51,647951;39,315411
4523500;41,5;51,72046049;39,13798552
8841574;57,18;51,68598;39,176204
6962800;67,59;51,72046049;39,13798552
34821921;138,25;51,67366;39,19767
4629400;39,5;51,67058;39,31567
12399487;48,47;51,65898;39,18725
10775800;71,59;51,65531;39,23815
6176975;37,54;51,65531;39,23815
2871375;20,89;51,73916;39,31545
6632160;40,43;51,71788;39,19044
9633894;89,3;51,739372;39,315543
9872961,6;72,51;51,71788;39,19044
12964836;89,66;51,68604;39,17548
11615341;77,4;51,70412;39,27386
10205307;70,43;51,651;39,17766
22527016;87,72;51,67366;39,19767
4591190;38,41;51,63616;39,27488
6048150;66,09;51,647951;39,315411
10632600;71,59;51,65531;39,23815
12667038;43,77;51,65898;39,18725
4311061;42,29;49,93932323;40,53511803
4282600;38;51,60916;39,37138
3223200;31,6;51,647951;39,315411
3574890;20,7;51,56919;39,12012
8956850;78,5;51,67058;39,31567
7857500;44,9;51,677954;39,275797
5453217;33,11;51,651;39,17766
6084750;66,5;51,647951;39,315411
4488795;20,7;51,6766;39,17552
6606351;42,43;51,651;39,17766
5370579;61,68;51,0902207;40,031849
8745950;82,9;51,72046049;39,13798552
4967398;39,79;51,63587;39,25059
7223472;65,43;51,60978;39,381
4771000;36,7;51,569384;39,118105
10263624;67,19;51,70412;39,27386
5948409;64,47;51,0902207;40,031849
11800863;91,94;51,65531;39,23815
5237430;32,45;51,68604;39,17548
5305461;58,81;51,0902207;40,031849
4856040;36,9;51,56919;39,12012
4976280;41,4;51,67058;39,31567
10728300;65,01;51,727726;39,195767
5593212;33,95;51,651;39,17766
4159785;36,33;51,60978;39,381
9604250;90,19;51,74031;39,31684
13455633;67,76;51,64086;39,15054
5632740;30,78;51,651;39,17766
26239500;116,62;51,6733;39,20121
6131822,5;77,3;51,610856;39,368789
4747900;39,5;51,67058;39,31567
8015400;87,59;51,647951;39,315411
16113222;96,66;51,728933;39,197652
7018000;63,79;51,72046049;39,13798552
5310900;56,2;51,647951;39,315411
6112248;63,75;51,36846557;42,11676512
4501215;20,7;51,6766;39,17552
3371183;20,45;51,669291;39,314332
4333688;36,25;51,669291;39,314332
10994920;80,75;51,71788;39,19044
8918737;42,2;51,64109;39,14988
5571665;59,59;51,66113;39,279135
5248700;35,95;51,69545;39,20925
15674470;61,81;51,698978;39,263224
8465000;62,08;51,69572;39,21061
4200000;37,79;51,685245;39,075692
7090992;64,23;51,60978;39,381
5048100;42,59;51,63616;39,27488
8771030;53,81;51,651;39,17766
11714994,8;91,94;51,65531;39,23815
3881550;33,9;51,60978;39,381
14181286;99,94;51,783418;39,190156
6377168;41,09;51,68604;39,17548
11131890;64,05;51,727726;39,195767
3560960;34,24;51,54828;39,09313
7171884;48,59;51,68604;39,17548
4919040;42,13;51,718755;39,150166
17519160;80,4;51,653929;39,19561
13628843,2;106,95;51,65531;39,23815
4019778;25,62;51,73024;39,19846
3966172;30,29;51,63587;39,25059
4988850;39,5;51,56919;39,12012
5619350;60,09;51,647951;39,315411
6954200;63,79;51,72046049;39,13798552
17496912;60,88;51,65898;39,18725
7859850;85,9;51,648217;39,315008
10682179;61,59;51,71779;39,18906
3294230;20,2;51,61492;39,24134
5630910;30,77;51,651;39,17766
7031040;38,4;51,66339;39,16472
4708148;40,9;51,74031;39,31684
4501215;20,7;51,67652;39,17553
13038060,6;101,58;51,65531;39,23815
7039650;66,09;51,72046049;39,13798552
8140000;62,18;51,69572;39,21061
3736700;23,64;51,66149;39,25248
5018768;28,95;51,68604;39,17548
14287203;50,61;51,65898;39,18725
10261785;57,29;51,723514;39,180801
8655190;50,02;51,651;39,17766
7893600;65,77;51,574009;39,130905
11678212;77,8;51,70412;39,27386
7211160;66,76;51,54828;39,09313
12577320;82,8;51,71991;39,18952
9000000;85,9;51,646044;39,128907
2871375;20,89;51,73916;39,31545
10364841;33,2;51,65898;39,18725
4538400;38,06;51,618781;39,248545
4479470;20,6;51,67652;39,17553
5300000;41,5;51,646044;39,128907
6329400;38,36;51,69545;39,20925
7704300;84,19;51,647951;39,315411
10775800;71,59;51,65531;39,23815
9590741;88,9;51,739372;39,315543
10300000;65,33;51,63666;39,23633
11878449;83,7;51,68604;39,17548
10078777;66,33;51,78249;39,1896
5636400;30,79;51,651;39,17766
2346300;16,71;51,618781;39,248545
6176975;37,54;51,65531;39,23815
7090992;64,23;51,60978;39,381
5366930,4;36;51,71788;39,19044
6347972,4;43,25;51,65531;39,23815
3371183;20,45;51,669291;39,314332
4271220;39,7;51,618781;39,248545
5236000;30,79;51,69545;39,20925
10483020;64,7;51,727726;39,195767
15040715;86,69;51,727726;39,195767
12117270;80,3;51,71991;39,18952
8576594;55,9;51,68598;39,176204
7041650;38,5;51,66339;39,16472
8264271;71,9;51,739372;39,315543
4094640;37,59;51,637237;39,27248
8908746;50,81;51,727726;39,195767
2594338;19,6;49,93932323;40,53511803
11615400;107,55;51,67813873;39,16810989
7535800;93,65;51,00177002;39,49718094
4696250;42,5;51,72046049;39,13798552
3966172;30,29;51,63587;39,25059
3915940;23,23;51,65531;39,23815
7041650;38,5;51,66339;39,16472
4488795;20,7;51,6766;39,17552
7132720;43,36;51,65531;39,23815
10762146;64,29;51,728933;39,197652
4850000;43;51,68464;39,07713
9270910;59,61;51,67457;39,16875
3548550;20,5;51,569384;39,118105
6606351;42,43;51,651;39,17766
9200000;90,69;51,646044;39,128907
7030100;38,5;51,66339;39,16472
22167000;98,51;51,6733;39,20121
11128016;71,83;51,66149;39,25248
6965000;39,79;51,677954;39,275797
8399678,12;58,56;51,614616;39,240535
3021546;26,4;51,0902207;40,031849
6500438;41,09;51,68604;39,17548
5443530;43,09;51,56919;39,12012
23615658;86,22;51,65898;39,18725
5641890;30,82;51,651;39,17766
5656530;30,9;51,651;39,17766
5172255;42,56;51,63616;39,27488
4520000;40,4;51,68481;39,07371
7503000;93,54;51,00177002;39,49718094
4501215;20,7;51,67652;39,17553
9129834;61,11;51,66149;39,25248
3354698;20,35;51,669291;39,314332
7049350;38,5;51,66339;39,16472
7158500;69,5;51,72046049;39,13798552
3033844;36,29;51,61088;39,36799
12582500;71,9;51,677954;39,275797
3865650;41,13;51,0902207;40,031849
6545880;38,27;51,731404;39,194879
5183045;21,7;51,72168;39,18229
3630640;34,9;51,54828;39,09313
6764242;39,86;51,692872;39,130697
13471560;82,8;51,66339;39,16472
6387771,6;43,25;51,65531;39,23815
6099600;55,25;51,60916;39,37138
10208280;58,2;51,66339;39,16472
4784850;44,09;51,72046049;39,13798552
5054420;39,5;51,56919;39,12012
8880000;62,09;51,63191986;39,17570877
8026304;70,16;51,674317;39,403699
3557620;20,6;51,569384;39,118105
18190693;64,2;51,65898;39,18725
4501215;20,7;51,6766;39,17552
5089755;42,45;51,674317;39,403699
4501215;20,7;51,6766;39,17552
4480000;39,79;51,68481;39,07371
8770528;58,15;51,71033;39,23067
5180620;43,09;51,67058;39,31567
8058114,5;67,62;51,574009;39,130905
7533285;29,03;51,686039;39,228412
7284120;40,4;51,72535;39,18228
6258889;44,16;51,64088;39,16197
6000000;54;51,685245;39,075692
2828390,4;14,88;51,73024;39,19846
11443779,3;86,61;51,64088;39,16197
5205400;30,62;51,69545;39,20925
7192094;64,33;51,63616;39,27488
6072500;34,7;51,67768;39,2764
6131900;36,06;51,69545;39,20925
5228700;43,5;51,67058;39,31567
4446204;25,81;51,73024;39,19846
7250000;58;51,67729;39,27827
7689348;51,15;51,68604;39,17548
8050000;70;51,701773;39,2062
4771000;36,7;51,569384;39,118105
4380233;42,5;51,0902207;40,031849
4162320;39,83;51,618985;39,247526
4865899;40,77;51,67446;39,40254
9484400;104,8;51,648217;39,315008
5453217;33,11;51,651;39,17766
3881550;33,9;51,60978;39,381
11678212;77,9;51,70412;39,27386
11890120;88,59;51,67446;39,40254
4808440;36,4;51,56919;39,12012
7458682;65,9;51,739378;39,314012
6943300;63,7;51,72046049;39,13798552
5369000;41,52;51,718755;39,150166
10809954;52,63;51,699254;39,264036
7962500;45,5;51,677954;39,275797
6430000;57,5;51,68481;39,07371
6539486,5;79,58;51,61088;39,36799
4856280;42,45;51,674317;39,403699
4217400;36,13;51,718755;39,150166
10250000;65,2;51,63666;39,23633
10263624;67,19;51,70412;39,27386
9913736;71,59;51,65531;39,23815
6930490;38,29;51,71033;39,23067
11600000;73,91;51,666071;39,186478
5619350;60,09;51,647951;39,315411
5239780;28,79;51,731404;39,194879
8140000;62,18;51,69572;39,21061
18780828;86,55;51,699254;39,264036
5950000;39,18;51,69572;39,21061
7632094;66,4;51,739372;39,315543
5046660;47,61;51,54828;39,09313
3881550;33,9;51,60978;39,381
4565477;40,5;51,60915;39,37122
5518800;51,09;51,546935;39,092706
4705932;37,04;51,67446;39,40254
10464000;60;51,66339;39,16472
11363351;56,65;51,699254;39,264036
4405443;39,09;51,60915;39,37122
4467110;20,6;51,67652;39,17553
4217400;36,13;51,718755;39,150166
6384000;39,77;51,63191986;39,17570877
5478840;33,81;51,71788;39,19044
5232000;43,59;51,91159;39,32979
8860950;87,3;51,72046049;39,13798552
6685000;38,2;51,67768;39,2764
10350000;67,59;51,63666;39,23633
6338078;60,06;51,36854087;42,11685414
10404000;60;51,66339;39,16472
9400000;90,69;51,646044;39,128907
10170000;60;51,72535;39,18228
4488795;20,7;51,6766;39,17552
7414590;44,5;51,783418;39,190156
4162320;39,83;51,618985;39,247526
7018000;63,79;51,72046049;39,13798552
6099600;55,25;51,60916;39,37138
13309920;62,4;51,653929;39,19561
5556271;46,9;51,739372;39,315543
5316315;61,68;51,0902207;40,031849
11743188;59,16;51,64058;39,15117
14162040;48,59;51,65898;39,18725
15204000;108,59;51,812668;39,225469
6555808;41,43;51,68604;39,17548
5401818;43,18;51,720427;39,14657
7893600;65,77;51,574009;39,130905
10083398;94,69;51,73916;39,31545
4488795;20,7;51,67652;39,17553
3980000;35,79;51,685245;39,075692
5182200;28,79;51,731404;39,194879
5901750;64,5;51,647951;39,315411
6250000;39,06;51,69572;39,21061
4633100;43,29;51,72046049;39,13798552
4856040;36,9;51,56919;39,12012
5401818;43,18;51,720427;39,14657
9666443;46,18;51,64058;39,15117
8015066;45;51,72542;39,18063
8807701,8;81,44;51,6568985;39,09962845
8700000;77,8;51,68481;39,07371
4446204;25,81;51,73024;39,19846
4717500;42,5;51,72046049;39,13798552
3680000;33,09;51,685245;39,075692
6919356,8;45,86;51,71788;39,19044
7826390;42,09;51,728933;39,197652
9181721;54,9;51,72542;39,18063
4417759;42,29;49,93932323;40,53511803
9887500;56,5;51,677954;39,275797
14516511;74,41;51,699254;39,264036
5800000;60,9;51,679768;39,033596
7090992;64,23;51,60978;39,381
5376000;44,79;51,91159;39,32979
11542320;65,59;51,66339;39,16472
7726764,1;54,4;51,73024;39,19846
6953600;65,59;51,72046049;39,13798552
4488795;20,7;51,67652;39,17553
21920700;98,51;51,6733;39,20121
11313381;47,02;51,699254;39,264036
4763000;43,29;51,72046049;39,13798552
12395090;56,68;51,698978;39,263224
8241282;71,69;51,739372;39,315543
4501215;20,7;51,67652;39,17553
7881636;55,74;51,64088;39,16197
6099600;55,25;51,60915;39,37122
8096000;70,4;51,701773;39,2062
12848000;80;51,66339;39,16472
2847625;20,89;51,73916;39,31545
4921500;51;51,647951;39,315411
8785000;74,94;51,69572;39,21061
4560000;41,09;51,685245;39,075692
6597223;36,59;51,783418;39,190156
5350000;47,4;51,68464;39,07713
9052428;64,01;51,64088;39,16197
2704955;20,56;51,63616;39,27488
7132720;43,36;51,65531;39,23815
5009460;28,79;51,731404;39,194879
5641890;30,82;51,651;39,17766
7158057;43,65;51,6401;39,18583
8785000;74,94;51,69572;39,21061
8178111;66,37;51,61492;39,24134
13049100;80,55;51,728933;39,197652
2361150;15,89;51,618781;39,248545
6826650;64,09;51,72046049;39,13798552
4517100;47,79;51,648217;39,315008
5388377;36,97;51,67446;39,40254
6275000;50,2;51,701773;39,2062
6585005,5;37,13;51,6401;39,18583
10638600;104,3;51,75474;39,00362
4282600;38;51,60916;39,37138
8250000;75,4;51,68464;39,07713
10755072;34,56;51,65898;39,18725
4703650;24,92;51,6401;39,18583
9000000;85,9;51,646044;39,128907
9689688;68,43;51,692872;39,130697
10614165;73,05;51,68604;39,17548
11615341;77,4;51,70412;39,27386
8841574;57,18;51,68598;39,176204
4366500;36,29;51,618781;39,248545
4745000;36,5;51,569384;39,118105
12638352;83,91;51,68598;39,176204
4721400;38,7;51,618781;39,248545
6290585;65,87;51,66113;39,279135
7017500;40,09;51,67768;39,2764
8459500;48,34;51,728933;39,197652
4593600;28,79;51,67729;39,27827
13131523,4;101,58;51,65531;39,23815
2587500;22,26;51,618781;39,248545
5901750;64,5;51,647951;39,315411
6683160;36,59;51,67652;39,17553
10186600;96,09;51,75412;39,00416
11411016;63,81;51,727726;39,195767
17432000;80;51,653929;39,19561
10990000;62,79;51,67732;39,2766
4747900;39,5;51,67058;39,31567
24619485;87,76;51,65898;39,18725
6841301,5;38,5;51,6401;39,18583
12965781;82,01;51,72542;39,18063
6112848;55,36;51,60916;39,37138
4295728;30,63;51,7203;39,13379
3033844;36,29;51,61088;39,36799
4454460;26,28;51,64088;39,16197
4850000;43;51,68464;39,07713
6587260;41,56;51,65531;39,23815
11327085;49,06;51,699254;39,264036
4675840;44,95;51,54828;39,09313
4390200;27,1;51,71788;39,19044
3392613;20,57;51,669291;39,314332
5016700;45,4;51,91159;39,32979
5165685;21,7;51,72168;39,18229
4488795;20,7;51,6766;39,17552
13459820;63,4;51,653929;39,19561
6105591;70;51,0902207;40,031849
4280320;33,43;51,574009;39,130905
8130923,2;53,88;51,71788;39,19044
3614032;37,88;49,93932323;40,53511803
6099600;55,25;51,60915;39,37122
4606500;41,5;51,72046049;39,13798552
4967398;39,79;51,63587;39,25059
10300693;55,84;51,723514;39,180801
12264330;69,29;51,6847;39,22139
2213244;16,71;51,618781;39,248545
2874875;21,1;51,739378;39,314012
4689000;42,9;51,816565;39,148016
4529800;28,39;51,67729;39,27827
12217627;88,69;51,646044;39,128907
9092701,5;56,66;51,6401;39,18583
6112848;55,36;51,60915;39,37122
6737740;69,87;49,93925258;40,5359376
3418757;20,48;51,669291;39,314332
9614241;70,98;51,64088;39,16197
9604250;90,19;51,74031;39,31684
6040100;64,59;51,648217;39,315008
4930560;42,13;51,718755;39,150166
9805365;57,9;51,67652;39,17553
7023360;38,4;51,66339;39,16472
8729834,1;80,72;51,6568985;39,09962845
22689694;87,72;51,67366;39,19767
22830030;94,3;51,653929;39,19561
5248836;40,4;51,74031;39,31684
6631350;40,18;51,69545;39,20925
4667741;39,4;51,739372;39,315543
9863265;57,9;51,67652;39,17553
4667741;39,4;51,739372;39,315543
8058114,5;67,62;51,574009;39,130905
9271985;63,29;51,67457;39,16875
3565860;20,6;51,569384;39,118105
7350000;66,8;51,68464;39,07713
3395398;20,35;51,669291;39,314332
5694000;44,45;51,718755;39,150166
9290270,4;65,36;51,65531;39,23815
6750000;60,29;51,68481;39,07371
9100050;58,9;51,71033;39,23067
6675000;38,9;51,63858;39,15943
4874490;36,9;51,56919;39,12012
6228929;55,27;51,60978;39,381
4965120;42,13;51,718755;39,150166
9194800;101,59;51,648217;39,315008
2610600;22,79;51,60978;39,381
3557620;20,6;51,569384;39,118105
4405443;39,09;51,60915;39,37122
9496200;57;51,71991;39,18952
8937500;81,25;51,62829;39,32708
4740450;42,9;51,91133;39,33017
4341900;36,29;51,618781;39,248545
4424625;34,5;51,63587;39,25059
2610600;22,79;51,60978;39,381
5684800;60,79;51,647951;39,315411
7244580;44,04;51,65531;39,23815
4515750;40,5;51,72046049;39,13798552
5042610;39,09;51,721011;39,14593
10791218;64,3;51,727726;39,195767
6262500;50,09;51,701773;39,2062
4217700;24,8;51,69545;39,20925
4647015;27,9;51,71033;39,23067
6927227;61,7;51,739378;39,314012
4856040;36,9;51,56919;39,12012
5006625;42,9;51,739378;39,314012
3402072;20,38;51,669291;39,314332
12579000;83,86;51,64669;39,17997
3903565;22,37;51,65531;39,23815
8050224;43,68;51,72542;39,18063
8509160;46,59;51,66339;39,16472
6112848;55,36;51,60915;39,37122
7956694;42;51,728933;39,197652
12706370;53,34;51,65898;39,18725
5634570;30,79;51,651;39,17766
8085000;46,2;51,677954;39,275797
5684800;60,79;51,648217;39,315008
3881550;33,9;51,60978;39,381
2610600;22,79;51,60978;39,381
7289073;60,38;51,574009;39,130905
12006176;74,48;51,728933;39,197652
4220925;25,04;51,65531;39,23815
17432000;80;51,653929;39,19561
4700000;42;51,68464;39,07713
6000000;54;51,685245;39,075692
9789609;46,56;51,64058;39,15117
3523080;20,39;51,569384;39,118105
3820000;34,4;51,685245;39,075692
4295728;30,63;51,7203;39,13379
10963456;78,4;51,71788;39,19044
3929529;28,82;51,73024;39,19846
5630910;30,77;51,651;39,17766
3645000;27,03;51,718755;39,150166
5308797;28,86;51,6401;39,18583
25118060;89,9;51,65898;39,18725
3033844;36,29;51,61088;39,36799
5050087;44,81;51,60978;39,381
5621541;33,4;51,70412;39,27386
8991900;87,3;51,72046049;39,13798552
4520880;36,4;51,67058;39,31567
4282600;38;51,60916;39,37138
6944400;64,3;51,72046049;39,13798552
5017680;41,4;51,67058;39,31567
8700000;77,8;51,68481;39,07371
4129110;38,06;51,618781;39,248545
5630694;65,62;51,0902207;40,031849
5154864;45,06;51,674317;39,403699
9129492;66,05;51,64088;39,16197
10263624;67,19;51,70412;39,27386
13439800;122,18;51,67813873;39,16810989
4027733,5;34,09;51,574009;39,130905
9084142;91,52;51,36854087;42,11685414
4596659;38,79;51,739372;39,315543
13477940;83,3;51,664464;39,252986
3881550;33,9;51,60978;39,381
4488795;20,7;51,67652;39,17553
4405443;39,09;51,60916;39,37138
2847625;20,89;51,73916;39,31545
5080000;39,9;51,646044;39,128907
3187668;38,13;51,61088;39,36799
12642174;92,01;51,68604;39,17548
9029400;60,59;51,675248;39,275346
6576000;54,79;51,63587;39,25059
6631350;40,18;51,69545;39,20925
4068185;35,52;51,60978;39,381
6249402;39;51,73024;39,19846
4103935;25,72;51,73024;39,19846
7850700;47,58;51,69545;39,20925
16754075;102,9;51,72542;39,18063
4478445;20,7;51,6766;39,17552
5545102,5;76,3;51,610856;39,368789
4452027;34,5;51,63587;39,25059
3179665;27,77;51,60978;39,381
12896100;81,87;51,728933;39,197652
11653840;76,66;51,71788;39,19044
5046660;47,61;51,54828;39,09313
8760115,98;81;51,6568985;39,09962845
7580000;60,04;51,69572;39,21061
5221000;45,4;51,91159;39,32979
10591165;64,15;51,728933;39,197652
4563880,8;28,51;51,71788;39,19044
9035350;78,5;51,67058;39,31567
5039820;30,6;51,651;39,17766
7074432;64,08;51,60978;39,381
13582890;66,41;51,686039;39,228412
5800862,2;38,33;51,65531;39,23815
5069980;47,83;51,54828;39,09313
3881550;33,9;51,60978;39,381
4927800;38,2;51,6327;39,29841
4106970;38,06;51,618781;39,248545
3543200;20,6;51,569384;39,118105
8469230,17;59,5;51,614616;39,240535
4205800;24,73;51,69545;39,20925
4624444;37,04;51,674317;39,403699
3565860;20,6;51,569384;39,118105
5080000;39,9;51,646044;39,128907
2874875;21,1;51,739378;39,314012
7810000;62,18;51,69572;39,21061
8767500;50,09;51,677954;39,275797
7212500;57,7;51,67729;39,27827
4623458;36,29;51,63587;39,25059
9419385;68,01;51,692872;39,130697
4480000;39,9;51,68481;39,07371
5369000;41,52;51,718755;39,150166
3507086;26,68;51,674317;39,403699
7357341;62,59;51,739372;39,315543
4565477;40,5;51,60916;39,37138
8210000;59,9;51,69572;39,21061
10139798,4;72,51;51,71788;39,19044
4193640;36,13;51,718755;39,150166
2847625;20,89;51,73916;39,31545
12488103;55,56;51,698978;39,263224
6628820;41,56;51,65531;39,23815
10361799;71,51;51,651;39,17766
4856040;36,9;51,56919;39,12012
6099600;55,25;51,60916;39,37138
5100720;32,08;51,71788;39,19044
5081562,5;28,75;51,73024;39,19846
4480000;40;51,68481;39,07371
6774840;36,9;51,67652;39,17553
9000000;85,9;51,646044;39,128907
9697965;62,77;51,65531;39,23815
4474519;42,18;51,0902207;40,031849
4390200;27,1;51,71788;39,19044
12664360;74,62;51,6847;39,22139
5645550;30,85;51,651;39,17766
10434773;98;51,74031;39,31684
9013500;60,09;51,64669;39,17997
2847625;20,89;51,73916;39,31545
4467110;20,6;51,67652;39,17553
6444474;61;51,36854087;42,11685414
6750000;60,29;51,68481;39,07371
4162920;24,55;51,65531;39,23815
8340054;66,37;51,61492;39,24134
7821840;70,84;51,60978;39,381
4696250;42,5;51,72046049;39,13798552
10334066;42,72;51,699254;39,264036
4492216;22,78;51,67457;39,16875
3641022;41,81;49,93932323;40,53511803
9290270,4;65,36;51,65531;39,23815
5445038,4;34,4;51,71788;39,19044
6741000;64,19;51,72046049;39,13798552
6469320;38,27;51,731404;39,194879
10166100;65,8;51,65531;39,23815
3861635;30,77;51,63616;39,27488
9596690;70,09;51,76077;39,17925
9399678;46,18;51,64109;39,14988
9285738;65,66;51,692872;39,130697
12526605;81,9;51,72535;39,18228
7348000;66,8;51,62829;39,32708
4525000;40,9;51,816565;39,148016
27300150;117,41;51,686039;39,228412
5619930;30,7;51,651;39,17766
5350000;47,4;51,68464;39,07713
11322924;47,06;51,699254;39,264036
7631791;32,5;51,64058;39,15117
13131523,4;101,58;51,65531;39,23815
4872516;48,72;51,0902207;40,031849
7763497;42,16;51,728933;39,197652
8383110;36,93;51,64722698;39,1836482
3560960;34,24;51,54828;39,09313
10179328;89,41;51,674317;39,403699
13302615;69,83;51,686039;39,228412
4526550;47,9;51,647951;39,315411
9313344;66,59;51,71788;39,19044
4321733;36,15;51,669291;39,314332
8771030;53,81;51,651;39,17766
4703650;24,92;51,6401;39,18583
12751440;80,4;51,728933;39,197652
4801800;30,2;51,71788;39,19044
4773600;44,2;51,72046049;39,13798552
5619350;60,09;51,647951;39,315411
11680000;70,19;51,63858;39,15943
10187919;70,3;51,651;39,17766
4769938;51,06;51,547575;39,091301
12589020;81,8;51,72535;39,18228
4114933,4;25,81;51,73024;39,19846
8907500;50,9;51,67768;39,2764
3508800;20,39;51,569384;39,118105
13512960;82,8;51,66339;39,16472
4467110;20,6;51,67652;39,17553
8767500;50,09;51,677954;39,275797
4501700;41,29;51,72046049;39,13798552
6203100;40,02;51,62787;39,32788
6112848;55,36;51,60916;39,37138
5023153;42,4;51,739372;39,315543
5187627;43,86;51,674317;39,403699
6643275;43,84;51,68604;39,17548
4784650;43,29;51,91159;39,32979
19170193;80,72;51,65898;39,18725
14802925;66,52;51,686039;39,228412
10348600;59;51,66339;39,16472
7210035;43,83;51,65531;39,23815
7064839;59,2;51,63587;39,25059
4782400;39,2;51,618781;39,248545
4790240;36,4;51,56919;39,12012
3377777;20,48;51,669291;39,314332
7683000;74,8;51,81536;39,14698
5107200;45,59;51,91159;39,32979
5494050;43,5;51,56919;39,12012
8700000;77,8;51,68481;39,07371
12235536;83,91;51,68598;39,176204
2678520;26,26;51,54828;39,09313
6861222,6;48,88;51,64088;39,16197
4745000;36,5;51,569384;39,118105
4019778;25,62;51,73024;39,19846
8535128;48,43;51,728933;39,197652
3574890;20,7;51,56919;39,12012
4889329;44,56;51,574009;39,130905
6030946;39;51,68604;39,17548
4117300;21,67;51,65185;39,18399
6228929;55,27;51,60978;39,381
23029174;124,72;51,72542;39,18063
5401110;42,9;51,569384;39,118105
4541248,8;30,46;51,71788;39,19044
4295728;30,63;51,7203;39,13379
3819867,5;20,75;51,73024;39,19846
5066407;42,45;51,674317;39,403699
3574890;20,7;51,56919;39,12012
3557620;20,6;51,56919;39,12012
3881550;33,9;51,60978;39,381
4761388;39,52;51,674317;39,403699
3881550;33,9;51,60978;39,381
9404488;85,06;51,67446;39,40254
5969700;40,5;51,76077;39,17925
4458014;39,77;51,36846557;42,11676512
7772190;92,41;51,0902207;40,031849
4838940;29,87;51,71788;39,19044
8320466;77,98;51,674317;39,403699
5183045;21,7;51,72168;39,18229
15224136;103,98;51,66149;39,25248
29387250;130,61;51,6733;39,20121
4667741;39,4;51,739372;39,315543
14273243;53,68;51,67366;39,19767
17319900;78,3;51,698978;39,263224
4682623;28,56;51,674317;39,403699
4916400;28,92;51,69545;39,20925
6020000;34,4;51,67768;39,2764
5039820;30,6;51,651;39,17766
12848000;80;51,66339;39,16472
6261632,5;37,15;51,6401;39,18583
9117500;52,09;51,67768;39,2764
6884800;66,19;51,72046049;39,13798552
4978000;46,9;51,81536;39,14698
8015400;87,59;51,647951;39,315411
8047435;52,79;51,70412;39,27386
12184646;89,98;51,64088;39,16197
5248700;35,95;51,69545;39,20925
10195153;50,45;51,699254;39,264036
7052718;41,45;51,65185;39,18399
4480000;40;51,68481;39,07371
7639057;66,09;51,739378;39,314012
3881550;33,9;51,60978;39,381
19773945;78,16;51,698978;39,263224
7273404;50,58;51,68604;39,17548
3557620;20,6;51,56919;39,12012
4019778;25,62;51,73024;39,19846
7650000;51,16;51,63191986;39,17570877
2610500;22,26;51,618781;39,248545
2575158;19,6;49,93932323;40,53511803
5303340;42,7;51,569384;39,118105
6734402,5;55,45;51,574009;39,130905
6620000;38,2;51,63858;39,15943
4852100;40,79;51,618985;39,247526
8492519;90,18;49,93932323;40,53511803
10638600;104,3;51,75435;39,00428
8613000;54;51,71788;39,19044
15224136;103,98;51,66149;39,25248
10609666;64,33;51,728933;39,197652
3313590;20,36;51,669291;39,314332
7197878;50,02;51,64088;39,16197
11000400;53,4;51,6847;39,22139
4585750;41,5;51,72046049;39,13798552
5634570;30,79;51,651;39,17766
7608128;64,63;51,674317;39,403699
6976220;37;51,614616;39,240535
4802500;42,5;51,72046049;39,13798552
6947620;38,29;51,72535;39,18228
4456810;20,6;51,67652;39,17553
7321360;42,31;51,651;39,17766
9224250;87,84;51,62798;39,32773
8296420;70,16;51,67446;39,40254
15327600;63,59;51,653969;39,177769
12387450;80,69;51,72535;39,18228
3914094;25,1;51,65531;39,23815
5076665;38,29;51,7203;39,13379
5910891,7;47,11;51,574009;39,130905
9760735;62,77;51,65531;39,23815
5684800;60,79;51,648217;39,315008
4282600;38;51,60915;39,37122
5265260;28,93;51,731404;39,194879
7169950;74,3;51,648217;39,315008
10325588;69,16;51,66149;39,25248
6206200;40,04;51,62744;39,32813
6662884;42,52;51,66149;39,25248
5533200;52,2;51,54828;39,09313
17491512;80,26;51,698978;39,263224
5110000;46;51,685245;39,075692
6568052,5;55,45;51,574009;39,130905
8688775;49,29;51,699254;39,264036
3680000;33;51,685245;39,075692
12346080;85,44;51,65531;39,23815
4565477;40,5;51,60916;39,37138
12217627;88,69;51,646044;39,128907
11542320;65,59;51,66339;39,16472
7012730;38,29;51,66339;39,16472
5494050;43,5;51,56919;39,12012
4360064,5;34,2;51,574009;39,130905
4478445;20,7;51,67652;39,17553
3404153;20,64;51,669291;39,314332
12789090;83,09;51,72535;39,18228
5956000;35,5;51,70412;39,27386
7644568;56,47;51,64088;39,16197
6891075;40,5;51,65185;39,18399
6177045;39,65;51,73024;39,19846
7005070;38,29;51,66339;39,16472
5069980;47,83;51,54828;39,09313
13286678,65;88,51;51,6401;39,18583
6837940;45,79;51,73024;39,19846
4890900;28,77;51,69545;39,20925
12553515;80,73;51,71033;39,23067
4260240;39,7;51,618781;39,248545
10030930;66,43;51,71788;39,19044
7910540;70,16;51,674317;39,403699
5508352,8;34,4;51,71788;39,19044
4979500;43,29;51,91159;39,32979
11567021;59,16;51,64109;39,14988
5079348;30,84;51,651;39,17766
8272000;80,9;51,81536;39,14698
4667741;39,4;51,739372;39,315543
10524000;60;51,66339;39,16472
6580200;39,88;51,69545;39,20925
13179591;81,8;51,728933;39,197652
3526000;20,5;51,569384;39,118105
5107080;43,79;51,67446;39,40254
7211160;66,76;51,54828;39,09313
7962500;45,5;51,677954;39,275797
19545520;80,8;51,653929;39,19561
3275883;23,79;51,574009;39,130905
6112848;55,36;51,60916;39,37138
4478445;20,7;51,6766;39,17552
7132720;43,36;51,65531;39,23815
7250000;58;51,67729;39,27827
4816560;36,59;51,56919;39,12012
8956000;88;51,81536;39,14698
10464000;60;51,66339;39,16472
5031000;64,05;51,00177002;39,49718094
6175934;70;51,0902207;40,031849
19780200;109,88;51,6847;39,22139
2935835;20,89;51,739372;39,315543
10252800;53,4;51,6847;39,22139
6072500;34,7;51,67768;39,2764
4655894;39,29;51,739372;39,315543
6430000;57,4;51,68481;39,07371
10231900;65,8;51,65531;39,23815
13165759;62,74;51,699254;39,264036
8785000;74,94;51,69572;39,21061
4856040;36,9;51,56919;39,12012
9572307;89,8;51,74031;39,31684
5684800;60,79;51,648217;39,315008
11527680;75,83;51,68598;39,176204
4967398;39,79;51,63587;39,25059
2643245;20,56;51,63616;39,27488
9621908;64,48;51,66149;39,25248
7480660;40,7;51,727726;39,195767
4191198;36,34;51,36854087;42,11685414
7223472;65,43;51,60978;39,381
9633894;89,3;51,739372;39,315543
6065920;25,6;51,722887;39,183201
5533200;52,2;51,54828;39,09313
10992196,8;80,73;51,71788;39,19044
8035841,52;73,55;51,6568985;39,09962845
5355064;46,81;51,67446;39,40254
7005079;59,09;51,63587;39,25059
5453217;33,11;51,651;39,17766
9035550;87,3;51,72046049;39,13798552
11601360;107,41;51,67813873;39,16810989
6000000;53,9;51,685245;39,075692
3900075;22,35;51,65531;39,23815
3920000;35,09;51,685245;39,075692
4596659;38,79;51,739372;39,315543
4402200;26,68;51,674317;39,403699
18515460;86,55;51,699254;39,264036
3980000;35,79;51,685245;39,075692
24724674;87,48;51,65898;39,18725
4557700;26,8;51,69545;39,20925
4685125;40,7;51,74031;39,31684
13362757;64,98;51,64086;39,15054
6197539;39,5;51,78249;39,1896
5054420;39,5;51,56919;39,12012
4563300;37,09;51,618781;39,248545
3641264;40,45;51,0902207;40,031849
4565477;40,5;51,60916;39,37138
13018460;80,86;51,651;39,17766
9048060;54,18;51,727726;39,195767
10398051;33,2;51,65898;39,18725
6558367,2;46,29;51,71788;39,19044
12562130;82,69;51,71991;39,18952
4171000;51,18;51,00177002;39,49718094
5684800;60,79;51,647951;39,315411
6783650;64,3;51,72046049;39,13798552
15640096;103,98;51,66149;39,25248
7683000;74,8;51,81536;39,14698
11433400;103,94;51,67813873;39,16810989
5650000;39,18;51,69572;39,21061
3996918;30,29;51,63587;39,25059
6096141;35,79;51,70412;39,27386
4970196;25,4;51,67457;39,16875
7211160;66,76;51,54828;39,09313
5357800;67,79;51,00177002;39,49718094
5621541;33,4;51,70412;39,27386
5632740;30,78;51,651;39,17766
12779745;80,3;51,664464;39,252986
5473443;46,9;51,73916;39,31545
6743283;43,29;51,78249;39,1896
8538600;79,8;51,72046049;39,13798552
4452027;34,5;51,63587;39,25059
13530440;106,95;51,65531;39,23815
9459450;42,9;51,653929;39,19561
3583170;20,7;51,569384;39,118105
5249600;54,4;51,648217;39,315008
4600998;35,9;51,63587;39,25059
6931205;43,72;51,65531;39,23815
4061486;25,81;51,73024;39,19846
8256489;54,06;51,66149;39,25248
7087500;40,5;51,67768;39,2764
23173441;98,27;51,65898;39,18725
5779140;31,57;51,651;39,17766
4879569,6;32,74;51,71788;39,19044
6045710;58,29;51,637237;39,27248
6750000;60,29;51,68481;39,07371
13038060,6;101,58;51,65531;39,23815
6996600;67,59;51,72046049;39,13798552
3666300;36,29;51,648217;39,315008
4800000;42,9;51,68464;39,07713
4052333;41,15;51,0902207;40,031849
21647416;78,88;51,65898;39,18725
12419479;51,95;51,65898;39,18725
12571650;81,9;51,72535;39,18228
4819000;39,5;51,618781;39,248545
5250946;48,52;51,574009;39,130905
7576504;52,59;51,73024;39,19846
11654496;90,23;51,64088;39,16197
2361150;16,71;51,618781;39,248545
3565860;20,6;51,569384;39,118105
8847360;46,08;51,6847;39,22139
7064839;59,2;51,63587;39,25059
11615341;77,4;51,70412;39,27386
9223042,5;56,66;51,6401;39,18583
7089000;69,5;51,72046049;39,13798552
4816560;36,59;51,56919;39,12012
6468023,2;44,77;51,71788;39,19044
10166100;65,8;51,65531;39,23815
6275000;50,2;51,701773;39,2062
12374479;51,56;51,65898;39,18725
3361292;20,38;51,669291;39,314332
7097450;45,79;51,62787;39,32788
10618475;64,55;51,727726;39,195767
2639225;23,04;51,60915;39,37122
5630910;30,77;51,651;39,17766
4501215;20,7;51,67652;39,17553
16393770;95,87;51,727726;39,195767
4270182;41,15;51,0902207;40,031849
6249402;39;51,73024;39,19846
4629890;21,39;51,6766;39,17552
4855663;25,78;51,6401;39,18583
12116420;88,69;51,646044;39,128907
6200000;40;51,62744;39,32813
6685800;40,52;51,69545;39,20925
4843800;41,52;51,718755;39,150166
6096141;36,09;51,70412;39,27386
3968442;40,95;51,0902207;40,031849
10567720;60,56;51,783418;39,190156
6960682;61,5;51,739378;39,314012
4405443;39,09;51,60916;39,37138
4111617;41,66;49,93932323;40,53511803
12808000;80;51,66339;39,16472
6003112,5;39,68;51,64088;39,16197
4693590;43,09;51,618781;39,248545
9688624;64,11;51,78249;39,1896
10106880;71,68;51,68604;39,17548
5632740;30,78;51,651;39,17766
9052428;64,01;51,64088;39,16197
4596659;38,79;51,739372;39,315543
5878110;31,14;51,783418;39,190156
6644850;42,86;51,71033;39,23067
9419385;68,01;51,692872;39,130697
4761388;39,52;51,674317;39,403699
3565860;20,6;51,569384;39,118105
7072700;66,09;51,72046049;39,13798552
11716269;91,94;51,65531;39,23815
8414720;48,63;51,727726;39,195767
4405443;39,09;51,60916;39,37138
12994800;66,3;51,64722698;39,1836482
12724420;66,62;51,64722698;39,1836482
5950000;39,18;51,69572;39,21061
4488795;20,7;51,6766;39,17552
2828390,4;14,88;51,73024;39,19846
10524000;60;51,66339;39,16472
4405443;39,09;51,60916;39,37138
8386260,4;59,5;51,614616;39,240535
12740500;83;51,72535;39,18228
7839504;71,01;51,60978;39,381
6454024,5;78,54;51,61088;39,36799
3911721;37,29;51,63616;39,27488
5452800;42,11;51,718755;39,150166
2622000;22,26;51,618781;39,248545
2874875;21,1;51,739378;39,314012
7103650;45,83;51,62787;39,32788
10184570;88,59;51,67446;39,40254
7734425;42,84;51,728933;39,197652
3898923;41,66;49,93932323;40,53511803
8415960;46,59;51,66339;39,16472
11559600;77;51,70412;39,27386
2361150;16,81;51,618781;39,248545
7963125;68,5;51,63587;39,25059
9823450;88,9;51,91133;39,33017
5041636;43,2;51,739378;39,314012
10704200;71,59;51,65531;39,23815
5006625;42,9;51,739378;39,314012
3814193;38,11;51,0902207;40,031849
11722987;59,16;51,64109;39,14988
10238400;63,2;51,728933;39,197652
5656530;30,9;51,651;39,17766
6263086;39,31;51,78249;39,1896
10510500;100,09;51,701773;39,2062
7732978;68,86;51,63616;39,27488
3707927;38,13;51,0902207;40,031849
4846803;40,61;51,674317;39,403699
2874875;21,1;51,739378;39,314012
5249600;54,4;51,648217;39,315008
9681750;58,5;51,71991;39,18952
6347077,5;37,15;51,6401;39,18583
5630910;30,77;51,651;39,17766
8144516;48,75;51,72542;39,18063
5473443;46,9;51,739378;39,314012
9692661;46,18;51,64109;39,14988
10066732;57,59;51,72542;39,18063
11458658;46,27;51,699254;39,264036
11770324;48,34;51,65898;39,18725
6454441;34,9;51,646044;39,128907
4855663;25,78;51,6401;39,18583
6452157,8;43,97;51,65531;39,23815
4501215;20,7;51,6766;39,17552
9697965;62,77;51,65531;39,23815
4921490;29,46;51,731404;39,194879
3894561;40,81;51,0902207;40,031849
7250000;58;51,67729;39,27827
10466716;98,3;51,74031;39,31684
8455800;82,9;51,72046049;39,13798552
4704955;24,19;51,692872;39,130697
8985000;62,09;51,63191986;39,17570877
5915270;76,4;51,610856;39,368789
9079200;87,3;51,72046049;39,13798552
9400000;90,69;51,646044;39,128907
6701071;58,29;51,739372;39,315543
6920800;65,59;51,72046049;39,13798552
3929529;28,82;51,73024;39,19846
2897100;21,36;51,718755;39,150166
10388000;98;51,75433;39,0048
4890900;28,77;51,69545;39,20925
3540350;20,5;51,569384;39,118105
5109400;43,29;51,739372;39,315543
12094084;67,33;51,78249;39,1896
5109400;43,29;51,739372;39,315543
10180093;91,62;51,67446;39,40254
9200000;90,69;51,646044;39,128907
8785000;75,38;51,69572;39,21061
4980430;29,46;51,731404;39,194879
5121200;43,4;51,739372;39,315543
3490041;25,54;51,574009;39,130905
4802380;28,93;51,731404;39,194879
4114000;24,2;51,69545;39,20925
8465000;62,08;51,69572;39,21061
8233984;58,47;51,67446;39,40254
5046660;47,61;51,54828;39,09313
4488795;20,7;51,6766;39,17552
4346134,1;34,09;51,574009;39,130905
6189953;35,88;51,783418;39,190156
14289840;89,19;51,72168;39,18229
3591865;31,37;51,60978;39,381
7660800;68,4;51,91159;39,32979
5008995;42,27;51,63616;39,27488
5280071;62,59;51,0902207;40,031849
4560160;25,9;51,66149;39,25248
4900000;43,59;51,68464;39,07713
5548760;37,24;51,64088;39,16197
6541200;55,2;51,63587;39,25059
4633100;43,29;51,72046049;39,13798552
3548550;20,5;51,569384;39,118105
6048150;66,09;51,647951;39,315411
7965000;55,61;51,63191986;39,17570877
8897230;77,3;51,67058;39,31567
4245975;25,04;51,65531;39,23815
10935070;63,65;51,727726;39,195767
6815800;64,3;51,72046049;39,13798552
2847625;20,89;51,73916;39,31545
12529050;82,69;51,71991;39,18952
5552815;37,4;51,78601;39,18858
12111317;59,9;51,699254;39,264036
4430000;39,9;51,685245;39,075692
6540267,5;39,65;51,73024;39,19846
5465600;42,11;51,718755;39,150166
2678520;26,26;51,54828;39,09313
8008290;44,04;51,72542;39,18063
4060209;41,88;51,0902207;40,031849
9267420;60,09;51,67457;39,16875
12065800;49,45;51,653969;39,177769
7040800;67,69;51,72046049;39,13798552
5462265;45,33;51,63616;39,27488
6633588;40,56;51,6401;39,18583
24281049;103,34;51,65898;39,18725
7665256;32,5;51,64109;39,14988
4624444;37,04;51,67446;39,40254
11223117,2;72,91;51,6401;39,18583
3755555;38,08;51,0902207;40,031849
3760000;33,9;51,685245;39,075692
9165187,2;64,48;51,65531;39,23815
6900966;72,33;51,0902207;40,031849
8667200;54,16;51,69545;39,20925
12517100;62,9;51,64722698;39,1836482
6468023,2;44,77;51,71788;39,19044
4424625;34,5;51,63587;39,25059
4216510;42,18;51,0902207;40,031849
10037300;44,11;51,686039;39,228412
2587500;22,26;51,618781;39,248545
9709077;66,43;51,78249;39,1896
6787011;36,58;51,783418;39,190156
17702145;120,3;51,6401;39,18583
4629890;21,39;51,67652;39,17553
6555808;41,43;51,68604;39,17548
7625217,6;53,81;51,71788;39,19044
5223720;43,09;51,67058;39,31567
8488000;53,04;51,69545;39,20925
9850662;65,54;51,71033;39,23067
2889261;21,1;51,739378;39,314012
4969100;39,5;51,56919;39,12012
27262872;98,27;51,65898;39,18725
8181180;47,34;51,72542;39,18063
3574890;20,7;51,56919;39,12012
4800000;42,79;51,68464;39,07713
4517100;47,79;51,648217;39,315008
13135200;84,19;51,728933;39,197652
4086633;40,95;51,0902207;40,031849
4675840;44,95;51,54828;39,09313
5081562,5;28,75;51,73024;39,19846
4295728;30,63;51,7203;39,13379
9860402;67,69;51,78249;39,1896
5043060;42,45;51,674317;39,403699
6353889;43,49;51,64088;39,16197
3447810;24,98;51,36854087;42,11685414
16592747;76,37;51,699254;39,264036
3560960;34,24;51,54828;39,09313
3881550;33,9;51,60978;39,381
22670000;105,3;51,67064;39,22223
6136567;72,12;51,0902207;40,031849
6534900;54,79;51,63587;39,25059
11347160;76,66;51,71788;39,19044
12734625;75,58;51,723514;39,180801
5342111;47,56;51,574009;39,130905
6111500;35,95;51,69545;39,20925
4910746;40,77;51,67446;39,40254
9689688;68,43;51,692872;39,130697
12346080;85,44;51,65531;39,23815
5155260;43,79;51,67446;39,40254
5443530;43,09;51,56919;39,12012
4717500;42,5;51,72046049;39,13798552
3994639;40,81;51,0902207;40,031849
12363870;59,7;51,653929;39,19561
12268170;81,3;51,71991;39,18952
3179665;27,77;51,60978;39,381
7034958;59,7;51,63587;39,25059
13609740;65,4;51,653929;39,19561
9000000;85,9;51,646044;39,128907
4249260;38,7;51,618781;39,248545
11476720;65,59;51,66339;39,16472
5443530;43,09;51,56919;39,12012
9684194;46,18;51,64058;39,15117
9390810;65,66;51,692872;39,130697
13387500;76,5;51,67768;39,2764
7018665;43,72;51,65531;39,23815
8256489;54,06;51,66149;39,25248
7454778,5;51,43;51,73024;39,19846
5722200;61,2;51,647951;39,315411
9679500;71,69;51,64088;39,16197
29944803,9;103,29;51,686039;39,228412
3993079,04;18,01;51,692872;39,130697
7274250;45;51,6401;39,18583
6430000;57,4;51,68481;39,07371
5297544;41,4;51,56919;39,12012
6048150;66,09;51,647951;39,315411
7997606,82;73,2;51,6568985;39,09962845
6312400;78,15;51,00177002;39,49718094
7580000;60,04;51,69572;39,21061
9251550;62,29;51,67457;39,16875
5452800;42,11;51,718755;39,150166
7089360;43,36;51,65531;39,23815
12217627;88,69;51,646044;39,128907
5114972;45,91;49,93932323;40,53511803
8956000;88,09;51,81536;39,14698
4114000;24,2;51,69545;39,20925
6112848;55,36;51,60915;39,37122
4808440;36,4;51,56919;39,12012
4478445;20,7;51,67652;39,17553
9614898;90,3;51,74031;39,31684
17607600;80,4;51,653929;39,19561
4667741;39,4;51,739372;39,315543
10170000;60;51,72535;39,18228
13035493,8;101,56;51,65531;39,23815
5223720;43,09;51,67058;39,31567
7580000;60,04;51,69572;39,21061
5133375;45,63;51,719593;39,145017
6850000;61,59;51,685245;39,075692
4967398;39,79;51,63587;39,25059
8143200;50,7;51,70412;39,27386
3680000;33,09;51,685245;39,075692
3540350;20,5;51,569384;39,118105
6675000;38,9;51,63858;39,15943
5146920;59,15;51,61088;39,36799
13740540;65,4;51,653929;39,19561
3335976;28,54;51,0902207;40,031849
7007700;65,8;51,72046049;39,13798552
5985000;34,2;51,67768;39,2764
7005070;38,29;51,66339;39,16472
11394999;69,3;51,72542;39,18063
3591865;31,37;51,60978;39,381
11240236;64,12;51,727726;39,195767
4501215;20,7;51,67652;39,17553
3412083;20,45;51,669291;39,314332
4921500;51;51,648217;39,315008
18353550;78,94;51,6733;39,20121
19392795;105,11;51,728933;39,197652
22804855;107,02;51,699254;39,264036
6099600;55,25;51,60916;39,37138
3560960;34,24;51,54828;39,09313
11078840;66,4;51,72535;39,18228
5593212;33,95;51,651;39,17766
4309080;35,75;51,63616;39,27488
10999173;64,2;51,727726;39,195767
7256100;57;51,56919;39,12012
7820736;70,83;51,60978;39,381
4314938,4;33,84;51,574009;39,130905
7914750;86,5;51,647951;39,315411
5836557;56,93;51,36846557;42,11676512
7103365;61,79;51,739372;39,315543
6002800;72,31;51,00177002;39,49718094
17919380;78,94;51,6733;39,20121
8143200;50,7;51,70412;39,27386
5203440;43,79;51,67446;39,40254
12989493;80,62;51,728933;39,197652
3275883;23,79;51,574009;39,130905
7013190;44,66;51,71788;39,19044
3830865;30,77;51,63616;39,27488
9371505;42,9;51,653929;39,19561
7256100;67;51,63616;39,27488
9710000;106,09;51,81536;39,14698
5515076;43,09;51,56919;39,12012
3275883;23,79;51,574009;39,130905
9426749,8;77,05;51,68604;39,17548
4354200;35,4;51,618781;39,248545
8044094;50,2;51,70412;39,27386
8956000;88;51,81536;39,14698
9710000;106,09;51,81536;39,14698
3881550;33,9;51,60978;39,381
8907500;50,9;51,67768;39,2764
15435000;88,19;51,67732;39,2766
5641890;30,82;51,651;39,17766
5453217;33,11;51,651;39,17766
5448000;45,4;51,91159;39,32979
7893600;65,77;51,574009;39,130905
4295728;30,63;51,7203;39,13379
4919040;42,13;51,718755;39,150166
5031160;34,45;51,69545;39,20925
6112848;55,36;51,60916;39,37138
5443530;43,09;51,56919;39,12012
6492610,2;43,97;51,65531;39,23815
5638264;46,81;51,67446;39,40254
9697965;62,77;51,65531;39,23815
13370000;76,4;51,67768;39,2764
4972594;48,72;51,0902207;40,031849
4480000;39,9;51,68481;39,07371
7401752;39,75;51,717145;39,262024
2158596;16,71;51,618781;39,248545
13914835;64,56;51,686039;39,228412
5304600;29,46;51,731404;39,194879
8010400;58,9;51,71033;39,23067
8015400;87,59;51,648217;39,315008
5237430;32,45;51,68604;39,17548
5887346;34,27;51,783418;39,190156
10941000;60;51,664464;39,252986
4450600;26,18;51,69545;39,20925
5018768;28,95;51,68604;39,17548
6837300;64,19;51,72046049;39,13798552
6364505;38,68;51,65531;39,23815
5443530;43,09;51,56919;39,12012
7503955;66,3;51,739378;39,314012
6047250;36,65;51,69545;39,20925
6844351;78,73;51,0902207;40,031849
7052905;59,09;51,63587;39,25059
3881550;33,9;51,60978;39,381
5465600;42,13;51,718755;39,150166
9749350;68,9;51,692872;39,130697
4480000;40,09;51,68481;39,07371
11126020;63,65;51,727726;39,195767
4985482;38,9;51,63587;39,25059
5069980;47,83;51,54828;39,09313
6100000;54,9;51,685245;39,075692
10518660;64,93;51,728933;39,197652
10587840;64,55;51,727726;39,195767
11316000;47,15;51,6733;39,20121
6112848;55,36;51,60916;39,37138
7759200;84,8;51,647951;39,315411
4907520;42,13;51,718755;39,150166
5950800;55,09;51,547326;39,092364
5533200;52,2;51,54828;39,09313
7738947;51,49;51,68604;39,17548
7284120;40,4;51,72535;39,18228
5645550;30,85;51,651;39,17766
5901750;64,5;51,647951;39,315411
2884200;34,5;51,61088;39,36799
8541265;50,68;51,727726;39,195767
4954615;38,9;51,63587;39,25059
6000000;53,9;51,685245;39,075692
4479470;20,6;51,67652;39,17553
4403400;36,29;51,618781;39,248545
12577320;82,8;51,71991;39,18952
7005070;38,29;51,66339;39,16472
3560960;34,24;51,54828;39,09313
9847864;71,59;51,65531;39,23815
7074432;64,08;51,60978;39,381
12755850;83,09;51,72535;39,18228
6114750;39,45;51,62798;39,32773
10506551;43,77;51,65898;39,18725
7537024;64,63;51,674317;39,403699
4565477;40,5;51,60916;39,37138
6994636;61,79;51,739378;39,314012
7048500;76,19;51,648217;39,315008
8895950;49;51,66339;39,16472
3847188;24,52;51,73024;39,19846
3224320;28,15;51,60978;39,381
4663461,6;31,29;51,71788;39,19044
6072500;34,7;51,67768;39,2764
2703000;26,5;51,54828;39,09313
7212228;43,86;51,68598;39,176204
12804930;97,44;51,64088;39,16197
6008257;35,4;51,70412;39,27386
6606432;54,24;51,574009;39,130905
4742262;38,43;51,574009;39,130905
7089360;43,36;51,65531;39,23815
12419730;80,69;51,72535;39,18228
9995695;68,23;51,692872;39,130697
16973598;93,56;51,727726;39,195767
3581520;37,88;49,93932323;40,53511803
7000000;40;51,67768;39,2764
25212886;90,88;51,65898;39,18725
4948273;42,4;51,739378;39,314012
7963125;68,5;51,63587;39,25059
6750000;60,29;51,68481;39,07371
18112500;103,5;51,67768;39,2764
6604740;40,77;51,71788;39,19044
9947013;65,4;51,78249;39,1896
7107443;61,5;51,739378;39,314012
5985000;34,2;51,67768;39,2764
5024598;25,86;51,67457;39,16875
4782979;38,9;51,63587;39,25059
7220824;61,5;51,739372;39,315543
11420115;64,05;51,727726;39,195767
10464000;60;51,66339;39,16472
13038060,6;101,58;51,65531;39,23815
4667741;39,4;51,739372;39,315543
10794000;60;51,664464;39,252986
9635195;62,77;51,65531;39,23815
4762800;44,09;51,72046049;39,13798552
8700000;77,8;51,68481;39,07371
9376500;89,3;51,91133;39,33017
4501800;38,93;51,618985;39,247526
5478840;33,81;51,71788;39,19044
11837039;59,49;51,699254;39,264036
5234635;58,77;51,0902207;40,031849
7672111;92,41;51,0902207;40,031849
6347076;72,2;51,0902207;40,031849
8800000;85,9;51,646044;39,128907
5621541;33,4;51,70412;39,27386
4889250;43,45;51,719593;39,145017
3684496;42,49;49,93932323;40,53511803
4403600;40,4;51,72046049;39,13798552
10292721;57,29;51,723514;39,180801
3929529;28,82;51,73024;39,19846
7023360;38,4;51,66339;39,16472
14737563;90,47;51,728933;39,197652
3687981;23,64;51,65531;39,23815
4292627;36,34;51,36854087;42,11685414
4706450;38,41;51,63616;39,27488
9600000;54,79;51,666071;39,186478
12120000;54,56;51,67064;39,22223
3574890;20,7;51,56919;39,12012
6974000;63,4;51,72046049;39,13798552
11200518;64,26;51,727726;39,195767
7695150;84,09;51,648217;39,315008
10623470;80,75;51,71788;39,19044
10521225;70,84;51,65531;39,23815
4629890;21,39;51,6766;39,17552
3808004;38,13;51,0902207;40,031849
7049350;38,5;51,66339;39,16472
4501215;20,7;51,6766;39,17552
11497410;52,38;51,686039;39,228412
7232140;40,63;51,728933;39,197652
8841574;57,18;51,68598;39,176204
8862887;91,52;51,36854087;42,11685414
4574597;42,18;51,0902207;40,031849
6117690;33,43;51,651;39,17766
3395398;20,35;51,669291;39,314332
5946866,2;48,52;51,574009;39,130905
4562800;38,06;51,618781;39,248545
18243744;64,41;51,65898;39,18725
9769224;69,87;51,68604;39,17548
6099600;55,25;51,60915;39,37122
4945000;62,36;51,00177002;39,49718094
7040972;59;51,63587;39,25059
8015400;87,59;51,648217;39,315008
7486248;40,5;51,728933;39,197652
11633908;73,95;51,72542;39,18063
8667200;54,16;51,69545;39,20925
5071936;38,79;51,67729;39,27827
3881550;33,9;51,60978;39,381
5621541;33,4;51,70412;39,27386
6575551;55,09;51,63587;39,25059
7052718;41,45;51,65185;39,18399
3591865;31,37;51,60978;39,381
10350000;67,59;51,63666;39,23633
4450600;26,18;51,69545;39,20925
2874875;21,1;51,739378;39,314012
28713674;103,51;51,65898;39,18725
6237500;49,9;51,701773;39,2062
5684800;60,79;51,647951;39,315411
4675840;44,95;51,54828;39,09313
6043588;35,79;51,70412;39,27386
15858797;62,31;51,698978;39,263224
5450872;48,7;51,36846557;42,11676512
4653617;43,27;51,36846557;42,11676512
4103158;29,69;51,714458;39,277214
6176975;37,54;51,65531;39,23815
9587592;64,26;51,66149;39,25248
7897000;75,9;51,816565;39,148016
6199050;37,56;51,69545;39,20925
5026740;39,79;51,56919;39,12012
5901750;64,5;51,647951;39,315411
5684800;60,79;51,648217;39,315008
9224989;60,09;51,646044;39,128907
6020060;35,27;51,783418;39,190156
11559600;77;51,70412;39,27386
4889329;44,56;51,574009;39,130905
8169404;56,88;51,73024;39,19846
18758730;90,59;51,653929;39,19561
4856040;36,9;51,56919;39,12012
10542000;100,4;51,701773;39,2062
23173073;83,93;51,65898;39,18725
10786300;79,87;51,63191986;39,17570877
4921500;51;51,648217;39,315008
21696900;93,31;51,6733;39,20121
3836328;26,79;51,714458;39,277214
8107500;70,5;51,701773;39,2062
8126460;44,7;51,72542;39,18063
9518085;68,23;51,692872;39,130697
6353889;43,49;51,64088;39,16197
9105865,6;64,48;51,65531;39,23815
9710000;106,09;51,81536;39,14698
7941945;56,84;51,64088;39,16197
8540030;48,93;51,728933;39,197652
7132720;43,36;51,65531;39,23815
4488795;20,7;51,67652;39,17553
4480000;39,7;51,68481;39,07371
4655894;39,29;51,739372;39,315543
7031040;38,4;51,66339;39,16472
4675840;44,95;51,54828;39,09313
11918800;71,8;51,71033;39,23067
4708148;40,9;51,74031;39,31684
7276980;37,45;51,783418;39,190156
10483847;94,69;51,739372;39,315543
11878192,6;88,62;51,64088;39,16197
3585774;21,18;51,64088;39,16197
21017930;92,58;51,6733;39,20121
3680000;33,09;51,685245;39,075692
5153410;28,79;51,731404;39,194879
6454024,5;78,54;51,61088;39,36799
5684800;60,79;51,648217;39,315008
9922500;56,7;51,67768;39,2764
27524304;113,59;51,67366;39,19767
7023360;38,4;51,66339;39,16472
14113440;48,59;51,65898;39,18725
5593212;33,95;51,651;39,17766
6239640;38,27;51,731404;39,194879
19309712;88,23;51,699254;39,264036
8659800;84,9;51,72046049;39,13798552
8050000;70;51,701773;39,2062
5917343;39,11;51,73024;39,19846
4737705;36,97;51,67446;39,40254
3490041;25,54;51,574009;39,130905
8856000;65,59;51,71779;39,18906
4705932;37,04;51,67446;39,40254
8729834,1;80,72;51,6568985;39,09962845
9313344;66,59;51,71788;39,19044
4816560;36,59;51,56919;39,12012
6575388;55,79;51,63587;39,25059
11485787,5;89,2;51,64088;39,16197
11323837;49,06;51,699254;39,264036
5619930;30,7;51,651;39,17766
4808700;41,52;51,718755;39,150166
9181647;48,86;51,727726;39,195767
9525550;64,58;51,67457;39,16875
11442270;71,06;51,651;39,17766
13128938,2;101,56;51,65531;39,23815
17063514;60,2;51,65898;39,18725
2610600;22,79;51,60978;39,381
13453385,4;107,12;51,65531;39,23815
5046660;47,61;51,54828;39,09313
6076360,8;40,77;51,71788;39,19044
9614898;90,3;51,74031;39,31684
5110000;46;51,685245;39,075692
6020700;65,8;51,648217;39,315008
5050087;44,81;51,60978;39,381
8212920;44,5;51,783418;39,190156
6764242;39,86;51,692872;39,130697
7210000;64,59;51,68481;39,07371
10083398;94,69;51,73916;39,31545
9958400;62,24;51,64669;39,17997
4663461,6;31,29;51,71788;39,19044
5588505;30,29;51,71033;39,23067
10994920;80,75;51,71788;39,19044
8143200;50,7;51,70412;39,27386
7018665;43,72;51,65531;39,23815
6431040;38,27;51,731404;39,194879
13452075;73,7;51,686039;39,228412
10215300;60,09;51,64669;39,17997
4970070;44,09;51,60978;39,381
8165000;71;51,701773;39,2062
4305216;41,7;49,93932323;40,53511803
4526550;47,9;51,647951;39,315411
5619350;60,09;51,648217;39,315008
6719680;36,79;51,67652;39,17553
4162920;24,55;51,65531;39,23815
5555600;69,98;51,00177002;39,49718094
5632740;30,78;51,651;39,17766
9521458;76,91;51,714458;39,277214
5711051;32,27;51,783418;39,190156
4061486;25,81;51,73024;39,19846
6020700;65,8;51,648217;39,315008
4010040;33,84;51,574009;39,130905
4254100;22,38;51,65185;39,18399
2636575;20,04;51,63616;39,27488
5533200;52,2;51,54828;39,09313
3920000;35,2;51,685245;39,075692
3275883;23,79;51,574009;39,130905
7373520;39,9;51,727726;39,195767
4158295;38,47;51,36854087;42,11685414
4816560;36,59;51,56919;39,12012
2575158;19,6;49,93932323;40,53511803
8044094;50,2;51,70412;39,27386
5375000;67,79;51,00177002;39,49718094
3512486;38,08;51,0902207;40,031849
11800863;91,94;51,65531;39,23815
6366618;63,75;51,36846557;42,11676512
7909160;42,06;51,728933;39,197652
12125640;81,93;51,71788;39,19044
3507086;26,68;51,674317;39,403699
5559637,5;76,5;51,610856;39,368789
9365645;56,59;51,65185;39,18399
9697965;62,77;51,65531;39,23815
4295361;42,29;49,93932323;40,53511803
13711537;86,62;51,72542;39,18063
6452157,8;43,97;51,65531;39,23815
6237057;72,12;51,0902207;40,031849
4498876,8;25,81;51,73024;39,19846
9184800;53,4;51,6847;39,22139
3402072;20,38;51,669291;39,314332
5619350;60,09;51,647951;39,315411
5478840;33,81;51,71788;39,19044
7050000;63,5;51,68464;39,07713
3914094;25,1;51,65531;39,23815
10659360;67,04;51,728933;39,197652
9521458;76,91;51,714458;39,277214
5996595,6;42,52;51,66149;39,25248
3611508;40,06;51,0902207;40,031849
4480000;39,9;51,68481;39,07371
12464340;82,59;51,71991;39,18952
5018768;28,95;51,68604;39,17548
5956000;35,5;51,70412;39,27386
5645550;30,85;51,651;39,17766
4162920;24,55;51,65531;39,23815
5233298;58,56;51,0902207;40,031849
9151670;59,61;51,67457;39,16875
6774840;36,9;51,67652;39,17553
5946866,2;48,52;51,574009;39,130905
4655894;39,29;51,739372;39,315543
8613000;54;51,71788;39,19044
4416360;35,75;51,63616;39,27488
9194824;60,29;51,70412;39,27386
5384800;50,79;51,72046049;39,13798552
7087500;40,5;51,67768;39,2764
5008995;42,27;51,63616;39,27488
4948273;42,4;51,73916;39,31545
5200000;46,4;51,68464;39,07713
4282600;38;51,60916;39,37138
9710818;46,18;51,64058;39,15117
4488795;20,7;51,6766;39,17552
5779140;31,57;51,651;39,17766
4975960;28,93;51,731404;39,194879
4488795;20,7;51,67652;39,17553
6750000;60,29;51,68481;39,07371
9779029,87;71,55;51,614616;39,240535
8058114,5;67,62;51,574009;39,130905
3179665;27,77;51,60978;39,381
5297600;64,01;51,00177002;39,49718094
4921500;51;51,647951;39,315411
7041650;38,5;51,66339;39,16472
5228700;43,5;51,67058;39,31567
9645555;61,29;51,6401;39,18583
5026740;39,79;51,56919;39,12012
6244531;32,36;51,783418;39,190156
3371183;20,45;51,669291;39,314332
4816560;36,59;51,56919;39,12012
5920929,3;47,18;51,574009;39,130905
7041650;38,5;51,66339;39,16472
5156596,8;27,12;51,6401;39,18583
5681250;30,29;51,783418;39,190156
8700000;79,59;51,68464;39,07713
3881550;33,9;51,60978;39,381
4148335;36,22;51,60978;39,381
13180022;45,22;51,65898;39,18725
7068882;61,5;51,739372;39,315543
4254450;25,1;51,65531;39,23815
4794600;39,29;51,618781;39,248545
5717992;40,77;51,67446;39,40254
7050000;63,5;51,68464;39,07713
8956000;88;51,81536;39,14698
12479430;82,69;51,71991;39,18952
4605012;27,95;51,71033;39,23067
4068185;35,52;51,60978;39,381
6470000;57,9;51,68481;39,07371
3033844;36,29;51,61088;39,36799
5366930,4;36;51,71788;39,19044
8187200;73,09;51,67813873;39,16810989
8129000;73,9;51,701773;39,2062
5619350;60,09;51,648217;39,315008
4705225;38,4;51,63616;39,27488
6353889;43,49;51,64088;39,16197
4663461,6;31,29;51,71788;39,19044
15494322;94,41;51,68598;39,176204
6430000;57,4;51,68481;39,07371
7486600;93,54;51,00177002;39,49718094
6080000;54,79;51,685245;39,075692
3428768;20,54;51,669291;39,314332
5467106;42,09;51,67729;39,27827
4501215;20,7;51,6766;39,17552
10372435;94,69;51,739372;39,315543
9275257,8;73,93;51,680576;39,248383
4762800;44,09;51,72046049;39,13798552
9484400;104,8;51,648217;39,315008
14064840;48,59;51,65898;39,18725
2797860;27,43;51,54828;39,09313
5228820;41,4;51,56919;39,12012
7911750;68,5;51,63587;39,25059
3706700;36,7;51,647951;39,315411
6413575;38,29;51,71033;39,23067
10771082;64,19;51,727726;39,195767
2703000;26,5;51,54828;39,09313
3903565;22,37;51,65531;39,23815
6047250;36,65;51,69545;39,20925
2361150;16,81;51,618781;39,248545
8297183;90,18;49,93932323;40,53511803
4565000;41,5;51,72046049;39,13798552
11559600;77;51,70412;39,27386
4910614;43,29;51,73916;39,31545
2873000;22,1;51,66113;39,279135
15260000;87,19;51,67768;39,2764
6920001;40,66;51,65185;39,18399
7859850;85,9;51,647951;39,315411
5850000;50;51,91159;39,32979
13141383;74,62;51,699254;39,264036
4655894;39,29;51,739372;39,315543
12734826;85,93;51,692872;39,130697
3412083;20,45;51,669291;39,314332
9252054;61,11;51,66149;39,25248
7064200;67,59;51,72046049;39,13798552
6100000;54,9;51,685245;39,075692
7421227;66,09;51,739378;39,314012
5707000;44,38;51,718755;39,150166
8241282;71,69;51,739372;39,315543
6099600;55,25;51,60915;39,37122
10073089,2;72,51;51,71788;39,19044
9350055;42,9;51,653929;39,19561
21568836;85,88;51,698978;39,263224
7102100;45,81;51,62744;39,32813
5041636;43,2;51,739378;39,314012
4031531;34,18;51,574009;39,130905
7546000;68,59;51,701773;39,2062
13431625;67,76;51,64086;39,15054
4282200;39,7;51,618781;39,248545
7193942;42,27;51,65185;39,18399
7667109;32,5;51,64058;39,15117
7049350;38,5;51,66339;39,16472
8061500;70,09;51,701773;39,2062
3672114;19,86;51,73024;39,19846
4148335;36,22;51,60978;39,381
4660000;42;51,685245;39,075692
7735244;66,33;51,674317;39,403699
21726405;87,72;51,67366;39,19767
4470200;41,2;51,72046049;39,13798552
6727600;55,59;51,67729;39,27827
8506019;48,49;51,72542;39,18063
9805365;57,9;51,67652;39,17553
2884200;34,5;51,61088;39,36799
5290817;46,36;51,720427;39,14657
8790506;48,22;51,72542;39,18063
3224320;28,15;51,60978;39,381
5239780;28,79;51,731404;39,194879
6956746;72,33;51,0902207;40,031849
6747047;58,7;51,739372;39,315543
5242760;49,45;51,54828;39,09313
5636400;30,79;51,651;39,17766
6631109;65,18;49,93932323;40,53511803
5946866,2;48,52;51,574009;39,130905
5009026;40,84;51,67446;39,40254
3881550;33,9;51,60978;39,381
10040352;94,69;51,739378;39,314012
11438406;78,94;51,651;39,17766
5079348;30,84;51,651;39,17766
4477400;38,93;51,618985;39,247526
3719600;21,87;51,69545;39,20925
19133160;67,8;51,65898;39,18725
5910891,7;47,11;51,574009;39,130905
4565477;40,5;51,60916;39,37138
8202600;86,8;51,648217;39,315008
6519150;39,5;51,69545;39,20925
3182400;31,2;51,648217;39,315008
8399678,12;58,56;51,614616;39,240535
7251565;61,7;51,739372;39,315543
11062931;65,88;51,728933;39,197652
4501215;20,7;51,6766;39,17552
6947500;39,7;51,677954;39,275797
11095000;70;51,728933;39,197652
8734480;43,24;51,64722698;39,1836482
7945000;45,4;51,677954;39,275797
6704989;72,2;51,0902207;40,031849
6431488;41,43;51,68604;39,17548
6838800;55,59;51,67729;39,27827
10630789;64,38;51,727726;39,195767
4889250;43,45;51,719593;39,145017
5121200;43,4;51,739372;39,315543
5164293;58,77;51,0902207;40,031849
14949367;61,75;51,698978;39,263224
14366284;100,84;51,783418;39,190156
17167592;78,73;51,698978;39,263224
6750000;60,29;51,68481;39,07371
10325588;69,16;51,66149;39,25248
6415270,4;45,27;51,71788;39,19044
3996918;30,29;51,63587;39,25059
4306830;25,26;51,64088;39,16197
4850000;43;51,68464;39,07713
4511422,4;28,51;51,71788;39,19044
5024598;25,86;51,67457;39,16875
12789090;83,09;51,72535;39,18228
3663600;21,29;51,569384;39,118105
5219485;58,54;51,0902207;40,031849
8569312,2;76,91;51,714458;39,277214
5242760;49,45;51,54828;39,09313
12101104;50,61;51,65898;39,18725
5110000;46,09;51,685245;39,075692
5350066,8;34,4;51,71788;39,19044
6353889;43,49;51,64088;39,16197
11016194;72,19;51,68598;39,176204
6249402;39;51,73024;39,19846
4484480;36,4;51,67058;39,31567
7105750;66,09;51,72046049;39,13798552
13800155;84,01;51,78249;39,1896
3557620;20,6;51,56919;39,12012
4930000;29;51,69545;39,20925
9922500;56,7;51,67768;39,2764
7380185;66,19;51,63616;39,27488
10346283;56,11;51,723514;39,180801
5885260;40,31;51,69545;39,20925
4207939;42,29;49,93932323;40,53511803
18022051;110,38;51,72542;39,18063
7859850;85,9;51,647951;39,315411
7103365;61,79;51,739372;39,315543
4855663;25,78;51,6401;39,18583
21671315;85,91;51,698978;39,263224
7704300;84,19;51,647951;39,315411
4654000;35,79;51,569384;39,118105
9052428;64,01;51,64088;39,16197
4633100;43,29;51,72046049;39,13798552
4350000;39,2;51,685245;39,075692
6325815;38,68;51,65531;39,23815
3881550;33,9;51,60978;39,381
13826321;82,05;51,72542;39,18063
7855860;42,09;51,728933;39,197652
4391919;38,97;51,60916;39,37138
4890900;28,77;51,69545;39,20925
7210000;64,59;51,68481;39,07371
7911671;38,56;51,72542;39,18063
6114597;35,79;51,70412;39,27386
14558211;51,56;51,65898;39,18725
6701071;58,29;51,739372;39,315543
9569666;46,56;51,64058;39,15117
12094583;59,06;51,723514;39,180801
3299600;22,6;51,61492;39,24134
5443530;43,09;51,56919;39,12012
4730631;38,2;51,63587;39,25059
4501215;20,7;51,67652;39,17553
6994636;61,79;51,739378;39,314012
11653840;76,66;51,71788;39,19044
10263624;67,19;51,70412;39,27386
3033844;36,29;51,61088;39,36799
6003112,5;39,68;51,64088;39,16197
3033844;36,29;51,61088;39,36799
6470000;57,9;51,68481;39,07371
7738947;51,49;51,68604;39,17548
4295728;30,63;51,7203;39,13379
7859850;85,9;51,648217;39,315008
5917343;39,11;51,73024;39,19846
7006950;67,69;51,72046049;39,13798552
12822450;70,26;51,686039;39,228412
10130153;89,41;51,674317;39,403699
8824560;49,79;51,72168;39,18229
6038119;34,9;51,646044;39,128907
7624122;65,08;51,67446;39,40254
5305654;63,86;51,0902207;40,031849
6072500;34,7;51,67768;39,2764
4542195;38;51,63616;39,27488
2797860;27,43;51,54828;39,09313
5779140;31,57;51,651;39,17766
6100000;54,9;51,685245;39,075692
5242760;49,45;51,54828;39,09313
4195530;39,83;51,618985;39,247526
9422215;52,54;51,727726;39,195767
12638352;83,91;51,68598;39,176204
6771950;43,68;51,62787;39,32788
5453217;33,11;51,651;39,17766
12964836;89,66;51,68604;39,17548
4084847;41,81;49,93932323;40,53511803
4063740;22,82;51,66149;39,25248
7738947;51,49;51,68604;39,17548
9281240;56,08;51,65185;39,18399
4706450;38,41;51,63616;39,27488
4452027;34,5;51,63587;39,25059
5494050;43,5;51,56919;39,12012
7457755;44,5;51,783418;39,190156
6077940;34,9;51,646044;39,128907
3361292;20,38;51,669291;39,314332
4685125;40,7;51,74031;39,31684
4184460;39,83;51,618985;39,247526
4560000;41;51,685245;39,075692
3966172;30,29;51,63587;39,25059
7211256;63,75;51,63616;39,27488
12944597,8;101,58;51,65531;39,23815
4784650;43,29;51,91159;39,32979
5533200;52,2;51,54828;39,09313
4970768;37,04;51,674317;39,403699
7068882;61,5;51,739372;39,315543
5509449;63,86;51,0902207;40,031849
5024598;25,86;51,67457;39,16875
10145520;75,59;51,64088;39,16197
5180620;43,09;51,67058;39,31567
2935835;20,89;51,739372;39,315543
7438751;41,5;51,646044;39,128907
3179665;27,77;51,60978;39,381
6666300;41,15;51,73024;39,19846
11423500;68,19;51,72535;39,18228
6430000;57,4;51,68481;39,07371
12529050;82,69;51,71991;39,18952
15619206;94,98;51,72542;39,18063
2897795;23,09;51,574009;39,130905
9371505;42,9;51,653929;39,19561
4169880;36,13;51,718755;39,150166
3387668;20,54;51,669291;39,314332
8659800;84,9;51,72046049;39,13798552
7049350;38,5;51,66339;39,16472
3182400;31,2;51,647951;39,315411
13083105,65;88,51;51,6401;39,18583
5356000;41,58;51,718755;39,150166
13232474;45,4;51,65898;39,18725
13344443;46,61;51,65898;39,18725
12404340;80,59;51,72535;39,18228
4031531;34,18;51,574009;39,130905
8107403;52,86;51,783418;39,190156
6750000;60,29;51,68481;39,07371
6929000;67,59;51,72046049;39,13798552
4203277;41,81;49,93932323;40,53511803
9492928;64,48;51,66149;39,25248
2847625;20,89;51,73916;39,31545
3574890;20,7;51,56919;39,12012
4405443;39,09;51,60916;39,37138
6719680;36,79;51,67652;39,17553
3548550;20,5;51,569384;39,118105
13267391;88,69;51,646044;39,128907
5310900;56,2;51,648217;39,315008
5992695;77,4;51,610856;39,368789
6960682;61,5;51,739378;39,314012
9621802;61,9;51,723514;39,180801
3387668;20,54;51,669291;39,314332
2797860;27,43;51,54828;39,09313
11706930;52,38;51,686039;39,228412
7013190;44,66;51,71788;39,19044
4979500;43,29;51,91159;39,32979
5041636;43,2;51,739378;39,314012
10836570;43,77;51,699254;39,264036
10547823;63,91;51,72542;39,18063
5302447;58,81;51,0902207;40,031849
4480000;39,9;51,68481;39,07371
4484480;36,4;51,67058;39,31567
2062962;15,13;51,618985;39,247526
2639225;23,04;51,60915;39,37122
14736539;62,31;51,698978;39,263224
2935835;20,89;51,739372;39,315543
4479470;20,6;51,67652;39,17553
6099600;55,25;51,60915;39,37122
5245660;29,46;51,731404;39,194879
10142015;46,29;51,653929;39,19561
6111500;35,95;51,69545;39,20925
4282600;38;51,60916;39,37138
4245975;25,04;51,65531;39,23815
3611985,6;26,59;51,574009;39,130905
4964102;40,84;51,674317;39,403699
10388000;98;51,75425;39,00399
9367718;63,2;51,70412;39,27386
10090100;94,3;51,701773;39,2062
4405443;39,09;51,60915;39,37122
9445366,8;68,05;51,66149;39,25248
4864200;40,79;51,618985;39,247526
5110000;46,09;51,685245;39,075692
7017500;40,09;51,67768;39,2764
3404153;20,64;51,669291;39,314332
10145850;61,49;51,6847;39,22139
10040352;94,69;51,739378;39,314012
6750000;60,29;51,68481;39,07371
6112848;55,36;51,60915;39,37122
4031531;34,18;51,574009;39,130905
4501215;20,7;51,67652;39,17553
4738750;42,5;51,72046049;39,13798552
14321544;49,08;51,65898;39,18725
5459720;43,4;51,56919;39,12012
11716614;80,86;51,651;39,17766
3548550;20,5;51,569384;39,118105
7731800;46,15;51,65185;39,18399
4396902;39,77;51,36846557;42,11676512
5684800;60,79;51,648217;39,315008
3980000;35,79;51,685245;39,075692
7503955;66,3;51,739378;39,314012
5356000;41,58;51,718755;39,150166
5017240;29,17;51,73024;39,19846
6465350;67,69;51,66113;39,279135
5387880;47,2;51,669541;39,321699
11567021;59,16;51,64109;39,14988
6686410;57,09;51,57493;39,125797
2610600;22,79;51,60978;39,381
5413700;43;51,569384;39,118105
6719760;36,59;51,67652;39,17553
9604250;90,19;51,74031;39,31684
11991969;84,51;51,68604;39,17548
3382927;33,45;51,0902207;40,031849
5619350;60,09;51,648217;39,315008
11678212;77,8;51,70412;39,27386
7345825;65,5;51,669541;39,321699
4850000;43;51,68464;39,07713
7695150;84,09;51,648217;39,315008
8356366;53,09;51,68598;39,176204
4488795;20,7;51,6766;39,17552
6850000;61,59;51,685245;39,075692
9350055;42,9;51,653929;39,19561
19198000;85,33;51,698978;39,263224
8643960;46,79;51,728933;39,197652
11362694;45,88;51,699254;39,264036
7221900;57;51,56919;39,12012
10150080;58,2;51,66339;39,16472
3926195;41,81;49,93932323;40,53511803
6099600;55,25;51,60916;39,37138
10361799;71,51;51,651;39,17766
8210000;59,9;51,69572;39,21061
2825000;22,32;51,618781;39,248545
7158500;69,5;51,72046049;39,13798552
4478445;20,7;51,6766;39,17552
5110000;46;51,685245;39,075692
6597521;41,06;51,783418;39,190156
4295728;30,63;51,7203;39,13379
3980000;35,79;51,685245;39,075692
5946866,2;48,52;51,574009;39,130905
8110025;42,34;51,72542;39,18063
5014000;43,59;51,91159;39,32979
4675840;44,95;51,54828;39,09313
8920450;49;51,66339;39,16472
4577650;28,7;51,67729;39,27827
9225350;60,09;51,71788;39,19044
4921500;51;51,648217;39,315008
5619350;60,09;51,647951;39,315411
4685560;37,04;51,674317;39,403699
4928772;39,79;51,63587;39,25059
18731634;75,62;51,698978;39,263224
5517141;65,62;51,0902207;40,031849
3210000;28,89;51,685245;39,075692
5707000;44,38;51,718755;39,150166
4685125;40,7;51,74031;39,31684
4526550;47,9;51,647951;39,315411
6309278;61,72;51,36854087;42,11685414
13551945;107,12;51,65531;39,23815
6986100;63,79;51,72046049;39,13798552
10580800;62,24;51,64669;39,17997
4565477;40,5;51,60916;39,37138
7866000;68,4;51,91133;39,33017
3960894;42,49;49,93932323;40,53511803
5765598,6;38,33;51,65531;39,23815
4458014;39,77;51,36846557;42,11676512
5465600;42,11;51,718755;39,150166
3033844;36,29;51,61088;39,36799
8130923,2;53,88;51,71788;39,19044
7567268;40,5;51,728933;39,197652
3611985,6;26,59;51,574009;39,130905
4495500;40,5;51,72046049;39,13798552
15242500;87,09;51,67768;39,2764
6112848;55,36;51,60915;39,37122
10592075;70,84;51,65531;39,23815
5110000;46;51,685245;39,075692
4156689;40,95;51,0902207;40,031849
5121200;43,4;51,739372;39,315543
5807686;40,77;51,67446;39,40254
5496784;47,09;51,739378;39,314012
21266837;89,87;51,65898;39,18725
10944108;66,56;51,728933;39,197652
3179665;27,77;51,60978;39,381
11527680;75,83;51,68598;39,176204
6387771,6;43,25;51,65531;39,23815
5290817;46,36;51,720427;39,14657
12419928;94,51;51,64088;39,16197
9897925;69,94;51,692872;39,130697
5113102;42,45;51,674317;39,403699
9714648;51,97;51,723514;39,180801
6300000;50,4;51,701773;39,2062
4948273;42,4;51,73916;39,31545
5901750;64,5;51,648217;39,315008
8256489;54,06;51,66149;39,25248
5113102;42,45;51,674317;39,403699
13530440;106,95;51,65531;39,23815
13596928;61,75;51,698978;39,263224
4329600;35,2;51,618781;39,248545
6539486,5;79,58;51,61088;39,36799
8399678,12;58,56;51,614616;39,240535
5473443;46,9;51,73916;39,31545
6587260;41,56;51,65531;39,23815
8265680;44,31;51,72542;39,18063
9710000;106,09;51,81536;39,14698
2840400;21,6;51,63616;39,27488
4019778;25,62;51,73024;39,19846
3536434;26,68;51,674317;39,403699
6902928;41,04;51,68604;39,17548
7859850;85,9;51,648217;39,315008
4660920;42,79;51,618781;39,248545
4948273;42,4;51,73916;39,31545
9426749,8;77,05;51,68604;39,17548
7049350;38,5;51,66339;39,16472
3371183;20,45;51,669291;39,314332
9367718;63,2;51,70412;39,27386
8708490;48,29;51,728933;39,197652
4550826;40,38;51,60916;39,37138
6750000;60,5;51,68481;39,07371
2874875;21,1;51,739378;39,314012
4136600;52,13;51,00177002;39,49718094
5684800;60,79;51,648217;39,315008
2897795;23,09;51,574009;39,130905
4565477;40,5;51,60916;39,37138
15622728;64,9;51,65898;39,18725
5200000;46,4;51,68464;39,07713
7169950;74,3;51,647951;39,315411
3428768;20,54;51,669291;39,314332
9702271,39;71,55;51,614616;39,240535
7103650;45,83;51,62744;39,32813
16154066;74,76;51,699254;39,264036
11845881;71,27;51,72542;39,18063
5755100;30,29;51,71033;39,23067
4205520;36,13;51,718755;39,150166
4764000;39,7;51,91133;39,33017
7244580;44,04;51,65531;39,23815
19545520;80,8;51,653929;39,19561
4482900;26,37;51,69545;39,20925
3354698;20,35;51,669291;39,314332
6826650;64,09;51,72046049;39,13798552
5121200;43,4;51,739372;39,315543
11315200;68;51,72535;39,18228
4614282;39,29;51,739372;39,315543
5630910;30,77;51,651;39,17766
18060000;103,19;51,67768;39,2764
8032696;53,47;51,692872;39,130697
9350055;42,9;51,653929;39,19561
4790240;36,4;51,56919;39,12012
3680000;33,09;51,685245;39,075692
5473443;46,9;51,739378;39,314012
12789090;83,09;51,72535;39,18228
2346300;16,81;51,618781;39,248545
10936600;73,4;51,675248;39,275346
14245240;89,19;51,72168;39,18229
4249260;38,7;51,618781;39,248545
7850700;47,58;51,69545;39,20925
6212910;40,2;51,78249;39,1896
11223117,2;72,91;51,6401;39,18583
3210000;28,79;51,685245;39,075692
9492480;46,08;51,6847;39,22139
5356000;41,52;51,718755;39,150166
5310900;56,2;51,648217;39,315008
11607920;65,59;51,66339;39,16472
6099600;55,25;51,60916;39,37138
3033844;36,29;51,61088;39,36799
6199050;37,56;51,69545;39,20925
13134792;45,22;51,65898;39,18725
2874875;21,1;51,739378;39,314012
19602250;88,09;51,6733;39,20121
17519160;80,4;51,653929;39,19561
5925480;40,2;51,76077;39,17925
9117500;52,09;51,67768;39,2764
4501215;20,7;51,6766;39,17552
8270112;74,63;51,63616;39,27488
11559600;77;51,70412;39,27386
8489250;80,84;51,62829;39,32708
5242760;49,45;51,54828;39,09313
8059560;42,86;51,71033;39,23067
11419569;78,8;51,651;39,17766
5641890;30,82;51,651;39,17766
7745300;53,04;51,69545;39,20925
9117500;52,09;51,67768;39,2764
3490041;25,54;51,574009;39,130905
4501215;20,7;51,6766;39,17552
2158596;16,71;51,618781;39,248545
9604250;90,19;51,74031;39,31684
6919356,8;45,86;51,71788;39,19044
4282600;38;51,60915;39,37122
5328861;40,9;51,67729;39,27827
11248142;65,9;51,72542;39,18063
6271860;38,36;51,65531;39,23815
4750000;42,29;51,68464;39,07713
10234000;60,2;51,72535;39,18228
7012730;38,29;51,66339;39,16472
4282200;39,7;51,618781;39,248545
18589522;65,41;51,65898;39,18725
4806900;44,09;51,72046049;39,13798552
9498687;50,61;51,723514;39,180801
10466886;62,34;51,728933;39,197652
7139300;65,8;51,72046049;39,13798552
8264271;71,9;51,739372;39,315543
7632094;66,4;51,739372;39,315543
5326275;45,33;51,63616;39,27488
21843570;90,3;51,653929;39,19561
6099600;55,25;51,60916;39,37138
4663461,6;31,29;51,71788;39,19044
4488795;20,7;51,67652;39,17553
6452157,8;43,97;51,65531;39,23815
6492528;41,04;51,68604;39,17548
4405443;39,09;51,60916;39,37138
5790703;40,84;51,67446;39,40254
6072500;34,7;51,67768;39,2764
27866150;129,61;51,6733;39,20121
5912907;39,38;51,674317;39,403699
15294550;76,38;51,699254;39,264036
11013650;65,94;51,727726;39,195767
6100000;54,9;51,685245;39,075692
9468018;64,54;51,651;39,17766
4573980;46,02;51,36854087;42,11685414
10477364;98,4;51,74031;39,31684
5300000;41,5;51,646044;39,128907
4855663;25,78;51,6401;39,18583
8617536;49,86;51,727726;39,195767
4517100;47,79;51,648217;39,315008
10083398;94,69;51,73916;39,31545
10507480;64,06;51,727726;39,195767
3565860;20,6;51,569384;39,118105
5268900;54,59;51,647951;39,315411
5249600;54,4;51,648217;39,315008
4839320;35,9;51,7203;39,13379
7701540,8;53,31;51,71788;39,19044
13106000;96,75;51,63858;39,15943
5632740;30,78;51,651;39,17766
9604250;90,19;51,74031;39,31684
5080000;39,9;51,646044;39,128907
5183045;21,7;51,72168;39,18229
5684800;60,79;51,648217;39,315008
11527680;75,83;51,68598;39,176204
8871450;49;51,66339;39,16472
5356000;41,52;51,718755;39,150166
6595672,5;38,97;51,6401;39,18583
12364660;81,4;51,71991;39,18952
6382565;44,16;51,64088;39,16197
4979500;43,29;51,91159;39,32979
13692980;65,8;51,653929;39,19561
7925760;46,08;51,6847;39,22139
14367500;82,09;51,67732;39,2766
6430000;57,4;51,68481;39,07371
4797000;41,52;51,718755;39,150166
5350000;47,4;51,68464;39,07713
4191198;36,34;51,36854087;42,11685414
10752500;93,5;51,71779;39,18906
5333680;44,08;51,63616;39,27488
14113440;48,59;51,65898;39,18725
11451289;46,24;51,699254;39,264036
7808218;66,33;51,674317;39,403699
10704200;71,59;51,65531;39,23815
4803675;33,7;51,723278;39,260951
4675840;44,95;51,54828;39,09313
7250000;58;51,67729;39,27827
4411764;25,62;51,73024;39,19846
5310900;56,2;51,647951;39,315411
6455840;41,11;51,71788;39,19044
3980000;35,79;51,685245;39,075692
4802500;42,5;51,72046049;39,13798552
6741000;64,19;51,72046049;39,13798552
9426749,8;77,05;51,68604;39,17548
4675840;44,95;51,54828;39,09313
4675840;44,95;51,54828;39,09313
10413477;97,8;51,74031;39,31684
14334440;89,19;51,72168;39,18229
4414500;40,5;51,72046049;39,13798552
5684800;60,79;51,647951;39,315411
4159785;36,33;51,60978;39,381
11615341;77,09;51,70412;39,27386
6853672,5;41,54;51,6401;39,18583
2108700;14,19;51,618781;39,248545
8093647;50,4;51,70412;39,27386
11615341;77,4;51,70412;39,27386
4850000;42,9;51,68464;39,07713
8093647;50,4;51,70412;39,27386
6993580;38,29;51,66339;39,16472
5353635;46,9;51,669541;39,321699
9103900;61,09;51,675248;39,275346
11080250;47,15;51,6733;39,20121
6534900;54,79;51,63587;39,25059
4457285;39,54;51,60916;39,37138
5933005;64,47;51,0902207;40,031849
3882695;33,9;51,60978;39,381
20450430;90,08;51,6733;39,20121
6314270;37,81;51,731404;39,194879
9843525;46,56;51,64109;39,14988
5641890;30,82;51,651;39,17766
8700000;77,8;51,68481;39,07371
4412250;27,75;51,71788;39,19044
9310000;53,2;51,677954;39,275797
5200000;46,4;51,68464;39,07713
6430000;57,5;51,68481;39,07371
17761500;78,94;51,6733;39,20121
5823790;54,2;51,574009;39,130905
2703000;26,5;51,54828;39,09313
11049019;48,24;51,699254;39,264036
4526550;47,9;51,647951;39,315411
4437644;39,77;51,36846557;42,11676512
3813872;41,36;51,0902207;40,031849
8894099;65,47;51,67446;39,40254
6099600;55,25;51,60916;39,37138
16232688;68,4;51,65898;39,18725
13431625;67,76;51,64086;39,15054
4970768;37,04;51,674317;39,403699
10592075;70,84;51,65531;39,23815
4117300;21,67;51,65185;39,18399
3591865;31,37;51,60978;39,381
4403600;40,4;51,72046049;39,13798552
4565477;40,5;51,60916;39,37138
4405443;39,09;51,60916;39,37138
4590170;22,78;51,67457;39,16875
12667038;43,77;51,65898;39,18725
12667038;43,77;51,65898;39,18725
4914900;38,09;51,6327;39,29841
11407500;60,84;51,686039;39,228412
5533058;37,06;51,64088;39,16197
4720680;25,11;51,6992;39,18352
9224989;60,09;51,646044;39,128907
8143200;50,7;51,70412;39,27386
3683800;22,6;51,61492;39,24134
5645550;30,85;51,651;39,17766
4502750;41,5;51,72046049;39,13798552
9847864;71,59;51,65531;39,23815
5901750;64,5;51,647951;39,315411
5630910;30,77;51,651;39,17766
4927800;38,2;51,6327;39,29841
5473443;46,9;51,739378;39,314012
4477400;38,93;51,618985;39,247526
2185920;16,71;51,618781;39,248545
5529600;42,11;51,718755;39,150166
12167190;80,09;51,71991;39,18952
6944400;64,3;51,72046049;39,13798552
13035493,8;101,56;51,65531;39,23815
4721400;38,7;51,618781;39,248545
4587200;39,83;51,618985;39,247526
3711230;26,2;51,73024;39,19846
6551438,4;39,86;51,6401;39,18583
12835395;92,01;51,68604;39,17548
11043840,5;66,7;51,6401;39,18583
7231400;41,79;51,651;39,17766
10325588;69,16;51,66149;39,25248
8819930;77,3;51,67058;39,31567
7385084;64,33;51,63616;39,27488
9570000;74,8;51,69572;39,21061
12340724;85,63;51,68604;39,17548
8469230,17;59,5;51,614616;39,240535
3680000;33,09;51,685245;39,075692
4969100;39,5;51,56919;39,12012
5650000;39,18;51,69572;39,21061
4159980;38,2;51,637237;39,27248
7289029;69,83;49,93932323;40,53511803
5051320;43,09;51,67058;39,31567
4148335;36,22;51,60978;39,381
7503955;66,3;51,739378;39,314012
4245975;25,04;51,65531;39,23815
3400403;20,37;51,669291;39,314332
6325209;41,22;51,674317;39,403699
3311963;20,35;51,669291;39,314332
6641250;40,25;51,69545;39,20925
8055000;56,29;51,63191986;39,17570877
17092440;60,09;51,65898;39,18725
8218294;71,5;51,739372;39,315543
3294230;20,2;51,61492;39,24134
4031299;41,36;51,0902207;40,031849
18303405;64,11;51,65898;39,18725
11775825;78,9;51,66149;39,25248
5018768;28,95;51,68604;39,17548
13264924;67,76;51,64086;39,15054
13914835;64,56;51,686039;39,228412
3666300;36,29;51,647951;39,315411
7465650;42,06;51,728933;39,197652
4354200;35,4;51,618781;39,248545
3187668;38,13;51,61088;39,36799
4655894;39,29;51,739372;39,315543
4740750;44,09;51,72046049;39,13798552
9468018;64,54;51,651;39,17766
10984336;71,83;51,66149;39,25248
7178117,03;64,41;51,6568985;39,09962845
18887210;108,86;51,686039;39,228412
4520880;36,4;51,67058;39,31567
4117300;21,67;51,65185;39,18399
4565477;40,5;51,60916;39,37138
9882500;59;51,72535;39,18228
4162920;24,55;51,65531;39,23815
5443530;43,09;51,56919;39,12012
3551238;40,25;51,0902207;40,031849
8700000;77,8;51,68481;39,07371
9393022;50,29;51,723514;39,180801
8178020;45,56;51,71033;39,23067
5508352,8;34,4;51,71788;39,19044
3531240;20,39;51,569384;39,118105
6008180;77,59;51,610856;39,368789
4497265;26,69;51,64088;39,16197
8218294;71,5;51,739372;39,315543
8088205;62,59;51,73916;39,31545
8234000;71,59;51,91159;39,32979
6920001;40,66;51,65185;39,18399
8241282;71,69;51,739372;39,315543
3531240;20,39;51,569384;39,118105
13075425;64,56;51,686039;39,228412
6996600;67,59;51,72046049;39,13798552
7707384;51,27;51,68604;39,17548
11987320;76,23;51,72542;39,18063
6920001;40,66;51,65185;39,18399
7308739,5;45,4;51,6401;39,18583
10592075;70,84;51,65531;39,23815
8613000;54;51,71788;39,19044
6526944;41,91;51,651;39,17766
4616100;41,4;51,72046049;39,13798552
4526200;38,06;51,618781;39,248545
8316432;44,63;51,72542;39,18063
4994599;43,86;51,674317;39,403699
11166496;45,7;51,65898;39,18725
5080995;30,85;51,651;39,17766
6343512;43,33;51,64088;39,16197
3931221;41,36;51,0902207;40,031849
7655082;66,59;51,739372;39,315543
5110000;46;51,685245;39,075692
6575551;55,09;51,63587;39,25059
11043840,5;66,7;51,6401;39,18583
5151314;39,79;51,67729;39,27827
6009960;38,27;51,731404;39,194879
5509215;33,45;51,651;39,17766
3881550;33,9;51,60978;39,381
3906740;34,11;51,60978;39,381
3507771;38,13;51,0902207;40,031849
4565477;40,5;51,60915;39,37122
4606500;41,5;51,72046049;39,13798552
6130000;34,54;51,63666;39,23633
6575551;55,09;51,63587;39,25059
7859850;85,9;51,647951;39,315411
7049350;38,5;51,66339;39,16472
8015400;87,59;51,647951;39,315411
5039370;39,9;51,56919;39,12012
4184460;39,83;51,618985;39,247526
4405443;39,09;51,60915;39,37122
5443530;43,09;51,56919;39,12012
11796264;59,16;51,64058;39,15117
5822480;39,88;51,69545;39,20925
9052428;64,01;51,64088;39,16197
7013190;44,66;51,71788;39,19044
4501215;20,7;51,67652;39,17553
9817600;59;51,72535;39,18228
13362757;64,98;51,64086;39,15054
11325598;49,06;51,699254;39,264036
4742390;35,9;51,56919;39,12012
4874254;40,84;51,67446;39,40254
5645550;30,85;51,651;39,17766
10381679;91,62;51,67446;39,40254
5496784;47,09;51,739378;39,314012
10388000;98;51,75443;39,004
11633350;65,54;51,71033;39,23067
3583170;20,7;51,56919;39,12012
6650017,6;46,04;51,71788;39,19044
8241282;71,69;51,739372;39,315543
6906932;71,19;49,93925258;40,5359376
8509160;46,59;51,66339;39,16472
6994636;61,79;51,739378;39,314012
10087160;59,9;51,72535;39,18228
3565860;20,6;51,569384;39,118105
5473443;46,9;51,739378;39,314012
3882695;33,9;51,60978;39,381
5614044;56,9;51,36854087;42,11685414
12629652;84;51,71779;39,18906
11585502;59,16;51,64058;39,15117
6752728,5;38,5;51,6401;39,18583
11559600;77;51,70412;39,27386
2626965;20,12;51,574009;39,130905
6851780;46,93;51,69545;39,20925
8234688;77,98;51,674317;39,403699
9484429,5;70,48;51,6401;39,18583
2608310;22,78;51,60978;39,381
4193900;24,67;51,69545;39,20925
14245240;89,19;51,72168;39,18229
13595760;82,8;51,66339;39,16472
10334066;42,72;51,699254;39,264036
4919040;42,13;51,718755;39,150166
6993580;38,29;51,66339;39,16472
6455840;41,11;51,71788;39,19044
5619350;60,09;51,648217;39,315008
6343512;43,33;51,64088;39,16197
6993580;38,29;51,66339;39,16472
4254450;25,1;51,65531;39,23815
6054158;38,79;51,78249;39,1896
4795353;58,02;51,61088;39,36799
3903565;22,37;51,65531;39,23815
4190423;42,13;49,93932323;40,53511803
4501215;20,7;51,67652;39,17553
3611985,6;26,59;51,574009;39,130905
4480000;39,9;51,68481;39,07371
7624122;65,08;51,67446;39,40254
7413120;70,4;51,63616;39,27488
7446809;40;51,717145;39,262024
10212552;70,48;51,651;39,17766
9043053;52,52;51,699254;39,264036
9778652,5;63,18;51,6401;39,18583
3164000;22,6;51,61492;39,24134
4565477;40,5;51,60916;39,37138
12310700;80,19;51,72535;39,18228
3540350;20,5;51,569384;39,118105
5684800;60,79;51,648217;39,315008
6867190;38,29;51,72535;39,18228
4282600;38;51,60916;39,37138
6683160;36,59;51,67652;39,17553
3557620;20,6;51,569384;39,118105
7683000;74,8;51,81536;39,14698
5316315;61,68;51,0902207;40,031849
4295728;30,63;51,7203;39,13379
5333680;44,08;51,63616;39,27488
10444800;65,27;51,728933;39,197652
7223472;65,43;51,60978;39,381
9039890;91,52;51,36854087;42,11685414
9590741;88,9;51,739372;39,315543
3670495;39,86;51,0902207;40,031849
9326200;84,4;51,91159;39,32979
4572511;35,9;51,63587;39,25059
4470200;41,2;51,72046049;39,13798552
4886300;37,29;51,714458;39,277214
4529800;28,39;51,67729;39,27827
2840642,5;15,01;51,73024;39,19846
7683000;74,8;51,81536;39,14698
4498876,8;25,81;51,73024;39,19846
4831200;39,59;51,618781;39,248545
12777347;88,66;51,674317;39,403699
4655894;39,29;51,739372;39,315543
3565860;20,6;51,569384;39,118105
8492519;90,18;49,93932323;40,53511803
4027733,5;34,09;51,574009;39,130905
11542320;65,59;51,66339;39,16472
8592696;56,83;51,68604;39,17548
4411764;25,62;51,73024;39,19846
6262500;50,09;51,701773;39,2062
3939180;23,23;51,65531;39,23815
5443530;43,09;51,56919;39,12012
3645000;27,03;51,718755;39,150166
6497700;39,38;51,69545;39,20925
6727600;55,59;51,67729;39,27827
3377777;20,48;51,669291;39,314332
14289840;89,19;51,72168;39,18229
5310900;56,2;51,647951;39,315411
7859850;85,9;51,647951;39,315411
4740750;44,09;51,72046049;39,13798552
7110819;45,66;51,651;39,17766
11452060;55,34;51,723514;39,180801
6072500;34,7;51,67768;39,2764
4467110;20,6;51,6766;39,17552
4572511;35,9;51,63587;39,25059
9710000;106,09;51,81536;39,14698
7446612;59,25;51,61492;39,24134
4019778;25,62;51,73024;39,19846
6049600;37,81;51,731404;39,194879
6228929;55,27;51,60978;39,381
5440000;42,11;51,718755;39,150166
4088814;26,05;51,73024;39,19846
4479470;20,6;51,67652;39,17553
11920216;73,22;51,72542;39,18063
4193640;36,13;51,718755;39,150166
3431463;38,08;51,0902207;40,031849
4928772;39,79;51,63587;39,25059
3387668;20,54;51,669291;39,314332
15260000;87,19;51,67768;39,2764
5630910;30,77;51,651;39,17766
7695150;84,09;51,648217;39,315008
8378000;80,9;51,816565;39,148016
2172258;16,79;51,618781;39,248545
7752000;68;51,63587;39,25059
14289840;89,19;51,72168;39,18229
5132809;58,56;51,0902207;40,031849
4652262;36,29;51,63587;39,25059
8604596;70,06;51,68604;39,17548
5901750;64,5;51,648217;39,315008
6367920;40,56;51,71788;39,19044
10413477;97,8;51,74031;39,31684
3884248;38,11;51,0902207;40,031849
5932946;31,12;51,783418;39,190156
7082160;64,15;51,60978;39,381
4577650;28,7;51,67729;39,27827
7103365;61,79;51,739372;39,315543
4374318;38;51,74031;39,31684
12755850;83,09;51,72535;39,18228
11800863;91,94;51,65531;39,23815
7210000;64,3;51,68481;39,07371
6737940;36,9;51,67652;39,17553
5046660;47,61;51,54828;39,09313
7821840;70,84;51,60978;39,381
7826663;43,38;51,72542;39,18063
27361152;98,27;51,65898;39,18725
3526470;21,18;51,64088;39,16197
4488795;20,7;51,6766;39,17552
6814989;43,77;51,651;39,17766
5133375;45,63;51,719593;39,145017
4295728;30,63;51,7203;39,13379
5018295;43;51,739378;39,314012
15990734;67,13;51,65898;39,18725
8533052,54;59,5;51,614616;39,240535
3589955;37,38;49,93932323;40,53511803
7471200;42,45;51,727726;39,195767
9404488;85,06;51,67446;39,40254
8093647;50,4;51,70412;39,27386
8592696;56,83;51,68604;39,17548
30660000;121,73;51,67064;39,22223
6307398;72,12;51,0902207;40,031849
4405443;39,09;51,60915;39,37122
4480000;40;51,68481;39,07371
9300060;69,3;51,67446;39,40254
6912250;64,3;51,72046049;39,13798552
17925000;95,59;51,686039;39,228412
6193800;39,95;51,62798;39,32773
2678520;26,26;51,54828;39,09313
4724440;35,9;51,56919;39,12012
4483544;48,74;51,0902207;40,031849
4850000;43;51,68464;39,07713
6892372,5;41,2;51,6401;39,18583
6043588;35,79;51,70412;39,27386
3557620;20,6;51,569384;39,118105
9250681;67,87;51,64088;39,16197
9963040;58,4;51,72535;39,18228
7859850;85,9;51,647951;39,315411
9106848;55,25;51,72542;39,18063
4350000;39,2;51,685245;39,075692
13083105,65;88,51;51,6401;39,18583
7876000;71,59;51,701773;39,2062
4750000;42,29;51,68464;39,07713
4675840;44,95;51,54828;39,09313
9701289;67,23;51,68604;39,17548
10237600;61,11;51,728933;39,197652
14865093;95,33;51,72542;39,18063
11577170;76,66;51,71788;39,19044
11678212;77,8;51,70412;39,27386
4245975;25,04;51,65531;39,23815
4490800;41,2;51,72046049;39,13798552
6112848;55,36;51,60916;39,37138
5097025,5;61,66;51,61088;39,36799
4488795;20,7;51,67652;39,17553
4696250;42,5;51,72046049;39,13798552
4503000,5;30,01;51,73024;39,19846
13225365;83,09;51,664464;39,252986
4724440;35,9;51,56919;39,12012
6099600;55,25;51,60916;39,37138
9420445;44,72;51,64058;39,15117
9224989;60,09;51,646044;39,128907
9361123;44,72;51,64109;39,14988
5300000;41,5;51,646044;39,128907
4724440;35,9;51,56919;39,12012
4652262;36,29;51,63587;39,25059
7535800;93,65;51,00177002;39,49718094
4411764;25,62;51,73024;39,19846
8347500;66,25;51,65077;39,24391
7875000;52,5;51,71779;39,18906
9129492;66,05;51,64088;39,16197
27655992;98,27;51,65898;39,18725
6512325,6;43,65;51,6401;39,18583
10100800;94,4;51,671157;39,319336
6310220;38,36;51,65531;39,23815
2678520;26,26;51,54828;39,09313
4837040;46,5;51,66113;39,279135
5200000;46,4;51,68464;39,07713
11803662;85,41;51,692872;39,130697
14044500;62,41;51,6733;39,20121
6100000;54,9;51,685245;39,075692
9898800;58,4;51,72535;39,18228
5193895;21,7;51,72168;39,18229
15872211;74,62;51,699254;39,264036
8777422;49,31;51,699254;39,264036
4874254;40,84;51,67446;39,40254
4879569,6;32,74;51,71788;39,19044
5778300;61,79;51,648217;39,315008
7383268;45,13;51,68598;39,176204
4396902;39,77;51,36846557;42,11676512
3557620;20,6;51,56919;39,12012
12179068;74,8;51,72542;39,18063
5272200;43,5;51,67058;39,31567
4653813;45,54;49,93932323;40,53511803
4405443;39,09;51,60916;39,37138
3526000;20,5;51,569384;39,118105
3302198;20,29;51,669291;39,314332
7859850;85,9;51,647951;39,315411
7076773;59,29;51,63587;39,25059
4970768;37,04;51,674317;39,403699
6131900;36,06;51,69545;39,20925
5121200;43,4;51,739372;39,315543
9310000;53,2;51,677954;39,275797
7464468;46,31;51,73024;39,19846
3920000;35,2;51,685245;39,075692
3879314;40,95;51,0902207;40,031849
12388950;80,5;51,72535;39,18228
12562130;82,69;51,71991;39,18952
5342644;58,81;51,0902207;40,031849
5050087;44,81;51,60978;39,381
12789090;83,09;51,72535;39,18228
6750000;60,29;51,68481;39,07371
4002985;41,66;49,93932323;40,53511803
5132809;58,56;51,0902207;40,031849
9769224;69,87;51,68604;39,17548
7642944;44,22;51,727726;39,195767
6128639;43,86;51,67446;39,40254
8867040;78,4;51,67058;39,31567
7284120;40,4;51,72535;39,18228
9637878;30,97;51,65898;39,18725
5156596,8;27,12;51,6401;39,18583
7076773;59,29;51,63587;39,25059
4479470;20,6;51,6766;39,17552
4784000;36,79;51,569384;39,118105
5509215;33,45;51,651;39,17766
7089360;43,36;51,65531;39,23815
7073500;65,8;51,72046049;39,13798552
5356000;41,52;51,718755;39,150166
6214680;33,95;51,651;39,17766
3574890;20,7;51,56919;39,12012
4790240;36,4;51,56919;39,12012
4480000;40,09;51,68481;39,07371
12789090;83,09;51,72535;39,18228
11532962;66,5;51,723514;39,180801
8070300;88,19;51,647951;39,315411
18550900;78,94;51,6733;39,20121
4464028,8;25,62;51,73024;39,19846
7927920;69,3;51,67446;39,40254
5183045;21,7;51,72168;39,18229
3903565;22,37;51,65531;39,23815
5515076;43,09;51,56919;39,12012
3404153;20,64;51,669291;39,314332
5109400;43,29;51,739372;39,315543
14042252;92,01;51,68598;39,176204
5427477;45,06;51,674317;39,403699
4200674;34,45;51,714458;39,277214
4405443;39,09;51,60915;39,37122
8093647;50,4;51,70412;39,27386
6752500;73;51,648217;39,315008
8760000;78,5;51,68481;39,07371
3560960;34,24;51,54828;39,09313
6884667;47,9;51,64088;39,16197
7169950;74,3;51,647951;39,315411
3033844;36,29;51,61088;39,36799
4282600;38;51,60916;39,37138
3920000;35,29;51,685245;39,075692
3521760;26,68;51,674317;39,403699
12831435;81,98;51,728933;39,197652
5300000;41,5;51,646044;39,128907
8847360;46,08;51,6847;39,22139
3368702;20,19;51,669291;39,314332
4988850;39,5;51,56919;39,12012
9779029,87;71,55;51,614616;39,240535
4978000;46,9;51,81536;39,14698
4667741;39,4;51,739372;39,315543
5162956;58,56;51,0902207;40,031849
11742773;55,4;51,64086;39,15054
5083680;40,79;51,568683;39,121258
3219840;30,95;51,54828;39,09313
5388520;42,79;51,569384;39,118105
5504000;42,59;51,718755;39,150166
4356600;27,39;51,71788;39,19044
10083398;94,69;51,73916;39,31545
17940000;80,58;51,67064;39,22223
4118040;38,06;51,618781;39,248545
5478400;42,11;51,718755;39,150166
7910540;70,16;51,674317;39,403699
2874875;21,1;51,739378;39,314012
6468023,2;44,77;51,71788;39,19044
9706000;84,4;51,91133;39,33017
9204125;54,95;51,72542;39,18063
8264271;71,9;51,739372;39,315543
6190000;55,79;51,685245;39,075692
12562130;82,69;51,71991;39,18952
7963125;68,5;51,63587;39,25059
5353128;45,06;51,674317;39,403699
3694080;35,52;51,54828;39,09313
8805090;48,29;51,727726;39,195767
5511463;64,38;51,0902207;40,031849
9568000;59,79;51,812668;39,225469
7049350;38,5;51,66339;39,16472
7683000;74,8;51,81536;39,14698
2703000;26,5;51,54828;39,09313
3540350;20,5;51,569384;39,118105
3548550;20,5;51,569384;39,118105
8700000;77,8;51,68481;39,07371
9285738;65,66;51,692872;39,130697
10065000;99,65;51,80987;39,173392
4061486;25,81;51,73024;39,19846
4572124;50,22;51,0902207;40,031849
5039820;30,6;51,651;39,17766
5762839;40,77;51,67446;39,40254
4428165;38;51,63616;39,27488
6253505;39,38;51,78249;39,1896
9250681;67,87;51,64088;39,16197
7039650;66,09;51,72046049;39,13798552
5211756;43,86;51,67446;39,40254
4405443;39,09;51,60916;39,37138
10639428;44,95;51,699254;39,264036
7317654;48,59;51,68604;39,17548
9759017;63,95;51,78249;39,1896
6048150;66,09;51,647951;39,315411
4565477;40,5;51,60915;39,37122
13195000;75,4;51,67732;39,2766
4565477;40,5;51,60916;39,37138
4750000;42,29;51,68464;39,07713
2840642,5;15,01;51,73024;39,19846
9710000;106,09;51,81536;39,14698
4272341;36,34;51,36854087;42,11685414
3903565;22,37;51,65531;39,23815
5110000;46;51,685245;39,075692
4282600;38;51,60915;39,37122
3557515;31,06;51,60978;39,381
5443530;43,09;51,56919;39,12012
7580000;60,5;51,69572;39,21061
7116500;66,19;51,72046049;39,13798552
8169404;56,88;51,73024;39,19846
8234000;71,59;51,91159;39,32979
13387500;76,5;51,67768;39,2764
7193942;42,27;51,65185;39,18399
4295728;30,63;51,7203;39,13379
13148435;81,86;51,72542;39,18063
2062962;15,13;51,618985;39,247526
5129470;39,5;51,67729;39,27827
7040800;67,69;51,72046049;39,13798552
5505921;33,43;51,651;39,17766
3219840;30,95;51,54828;39,09313
11743160;82,12;51,71788;39,19044
7086976;42,59;51,68598;39,176204
7103650;45,83;51,62787;39,32788
4724440;35,9;51,56919;39,12012
3344807;20,29;51,669291;39,314332
7369512;46,31;51,73024;39,19846
5901750;64,5;51,648217;39,315008
6000000;53,9;51,685245;39,075692
2563454;20,2;49,93932323;40,53511803
9168942;44,72;51,64109;39,14988
5278352;60,79;51,610856;39,368789
13237656;55,56;51,698978;39,263224
4660000;42;51,685245;39,075692
18095000;103,4;51,67768;39,2764
7308739,5;45,4;51,6401;39,18583
8015400;87,59;51,647951;39,315411
8554606;45,47;51,727726;39,195767
7695150;84,09;51,648217;39,315008
11556918;55,4;51,64086;39,15054
7052718;41,45;51,65185;39,18399
2595715;22,67;51,60978;39,381
9043676;54,91;51,78249;39,1896
5888638;56,93;51,36846557;42,11676512
8212800;51,33;51,69545;39,20925
7820736;70,83;51,60978;39,381
4488795;20,7;51,67652;39,17553
7859850;85,9;51,648217;39,315008
18144624;64,06;51,65898;39,18725
4790940;36,59;51,56919;39,12012
3033844;36,29;51,61088;39,36799
3980000;35,9;51,685245;39,075692
5133375;45,63;51,719593;39,145017
5066407;42,45;51,674317;39,403699
11587816;59,16;51,64109;39,14988
4387350;26,59;51,66149;39,25248
8494526;54,54;51,73024;39,19846
5950800;55,09;51,547326;39,092364
4168094;29,54;51,714458;39,277214
5223720;43,09;51,67058;39,31567
2076624;15,13;51,618985;39,247526
8925000;51;51,67768;39,2764
6986400;65,59;51,72046049;39,13798552
10372435;94,69;51,739372;39,315543
4103935;25,72;51,73024;39,19846
10372435;94,69;51,739372;39,315543
9922500;56,7;51,67768;39,2764
4596659;38,79;51,739372;39,315543
4784000;36,79;51,569384;39,118105
5963616,4;55,61;51,574009;39,130905
5656530;30,9;51,651;39,17766
5619350;60,09;51,648217;39,315008
10122653;39,77;51,698978;39,263224
11615341;77,4;51,70412;39,27386
9426749,8;77,05;51,68604;39,17548
5054420;39,5;51,56919;39,12012
3219000;21,36;51,718755;39,150166
2376000;16,81;51,618781;39,248545
4664560;39,79;51,67058;39,31567
4282600;38;51,60916;39,37138
15368471;64,06;51,65898;39,18725
11878192,6;88,62;51,64088;39,16197
3428768;20,54;51,669291;39,314332
13471700;122,47;51,67813873;39,16810989
5967500;34,09;51,67768;39,2764
4480000;39,7;51,68481;39,07371
6632160;40,43;51,71788;39,19044
7132720;43,36;51,65531;39,23815
6430000;57,5;51,68481;39,07371
12125640;81,93;51,71788;39,19044
3560960;34,24;51,54828;39,09313
7385084;64,33;51,63616;39,27488
7096512;64,27;51,60978;39,381
3977258;41,36;51,0902207;40,031849
8107500;70,5;51,91159;39,32979
9000000;85,9;51,646044;39,128907
9000000;85,9;51,646044;39,128907
6878900;63,4;51,72046049;39,13798552
4173390;39,83;51,618985;39,247526
6983318;61,7;51,73916;39,31545
8218294;71,5;51,739372;39,315543
4852100;40,79;51,618985;39,247526
7621877;88,27;51,0902207;40,031849
6628820;41,56;51,65531;39,23815
9358706;65,86;51,680732;39,249048
3490041;25,54;51,574009;39,130905
6020700;65,8;51,648217;39,315008
7250000;58;51,67729;39,27827
4824468;40,61;51,674317;39,403699
5619350;60,09;51,647951;39,315411
4314938,4;33,84;51,574009;39,130905
13333641;54,93;51,698978;39,263224
12531750;82,5;51,71991;39,18952
6287460;61;51,36854087;42,11685414
4280320;33,43;51,574009;39,130905
5046660;47,61;51,54828;39,09313
5043060;42,45;51,674317;39,403699
5621541;33,4;51,70412;39,27386
13096244;45,4;51,65898;39,18725
15399654;64,19;51,65898;39,18725
12180000;69,59;51,67768;39,2764
4839320;35,9;51,7203;39,13379
4626024;39,4;51,739372;39,315543
3540000;31,79;51,685245;39,075692
17607600;80,4;51,653929;39,19561
2158596;16,79;51,618781;39,248545
19133160;67,8;51,65898;39,18725
8488000;53,04;51,69545;39,20925
10083398;94,69;51,73916;39,31545
6276422;70;51,0902207;40,031849
4446204;25,81;51,73024;39,19846
4488795;20,7;51,67652;39,17553
8756100;54,04;51,68598;39,176204
13272000;82,94;51,64669;39,17997
4467110;20,6;51,67652;39,17553
10803100;46,97;51,6733;39,20121
5621541;33,4;51,70412;39,27386
7683000;74,8;51,81536;39,14698
11001473,5;71,23;51,6401;39,18583
4927800;38,2;51,6327;39,29841
7136304;38,04;51,67457;39,16875
5427200;42,11;51,718755;39,150166
15848076;103,98;51,66149;39,25248
7572210;43,77;51,651;39,17766
5694000;44,38;51,718755;39,150166
7572210;43,77;51,651;39,17766
7309104;60,95;51,67446;39,40254
4136048,6;25,98;51,73024;39,19846
5109400;43,29;51,739372;39,315543
4933500;42,9;51,91133;39,33017
6884800;66,19;51,72046049;39,13798552
9863265;57,9;51,67652;39,17553
4561349;45,54;49,93932323;40,53511803
8598250;52,75;51,651;39,17766
9180000;74,94;51,69572;39,21061
7278838;73,62;51,36854087;42,11685414
7767298;65,08;51,67446;39,40254
4629890;21,39;51,6766;39,17552
3980000;35,79;51,685245;39,075692
5019420;39,9;51,56919;39,12012
11926777;83,94;51,783418;39,190156
4951880;28,79;51,731404;39,194879
10361799;71,51;51,651;39,17766
14289840;89,19;51,72168;39,18229
9400000;90,69;51,646044;39,128907
4565477;40,5;51,60915;39,37122
5915270;76,4;51,610856;39,368789
4465200;38,93;51,618985;39,247526
4800239;41,7;51,74031;39,31684
4892180;26,47;51,6401;39,18583
4964102;40,84;51,67446;39,40254
4159785;36,33;51,60978;39,381
8378000;80,9;51,816565;39,148016
10083398;94,69;51,73916;39,31545
2643245;20,56;51,63616;39,27488
4354200;35,4;51,618781;39,248545
10580800;62,24;51,64669;39,17997
3939180;23,23;51,65531;39,23815
5017600;44,79;51,91133;39,33017
4675840;44,95;51,54828;39,09313
2723535;20,87;51,63616;39,27488
6271860;38,36;51,65531;39,23815
5005200;64,05;51,00177002;39,49718094
13018460;80,86;51,651;39,17766
6575551;55,09;51,63587;39,25059
4830210;36,9;51,56919;39,12012
5938350;64,9;51,647951;39,315411
2703000;26,5;51,54828;39,09313
5630910;30,77;51,651;39,17766
4985482;38,9;51,63587;39,25059
4978000;46,9;51,81536;39,14698
8250302;69,76;51,67446;39,40254
9052428;64,01;51,64088;39,16197
7064839;59,2;51,63587;39,25059
10263624;67,19;51,70412;39,27386
9512300;88,9;51,91133;39,33017
5018768;28,95;51,68604;39,17548
4480000;40;51,68481;39,07371
7860400;93,54;51,00177002;39,49718094
10929000;72,86;51,64669;39,17997
8904600;87,3;51,72046049;39,13798552
6387771,6;43,25;51,65531;39,23815
4488795;20,7;51,6766;39,17552
7900091;69,8;51,739378;39,314012
9928000;58,4;51,72535;39,18228
18228588;64,13;51,65898;39,18725
12494520;82,8;51,71991;39,18952
7192094;64,33;51,63616;39,27488
3939180;23,23;51,65531;39,23815
7481318;66,09;51,739378;39,314012
3903565;22,37;51,65531;39,23815
5505921;33,43;51,651;39,17766
3557620;20,6;51,56919;39,12012
10139798,4;72,51;51,71788;39,19044
6631350;40,18;51,69545;39,20925
4565477;40,5;51,60916;39,37138
9166244;52,97;51,699254;39,264036
4569559;41,5;51,36854087;42,11685414
5342111;47,56;51,574009;39,130905
7017500;40,09;51,67768;39,2764
5343000;41,52;51,718755;39,150166
8721960;55,9;51,68598;39,176204
2361150;16,71;51,618781;39,248545
8613000;54;51,71788;39,19044
7023792;41,27;51,65185;39,18399
5200000;41,5;51,646044;39,128907
10782970,4;77,62;51,71788;39,19044
23089143;83,93;51,65898;39,18725
4282600;38;51,60916;39,37138
11678212;77,8;51,70412;39,27386
3920000;35,2;51,685245;39,075692
5113102;42,45;51,674317;39,403699
4254100;22,38;51,65185;39,18399
6151377,6;40,77;51,71788;39,19044
13040542;59,77;51,64086;39,15054
4948273;42,4;51,73916;39,31545
10826782;43,74;51,699254;39,264036
3744875;42,49;49,93932323;40,53511803
5041636;43,2;51,739378;39,314012
13128938,2;101,56;51,65531;39,23815
6048150;66,09;51,647951;39,315411
11678212;77,8;51,70412;39,27386
11500000;47,5;51,67064;39,22223
9035350;78,5;51,67058;39,31567
6920001;40,66;51,65185;39,18399
4205800;24,73;51,69545;39,20925
10090760;58,15;51,71033;39,23067
4114000;24,2;51,69545;39,20925
8107500;70,5;51,91159;39,32979
10990000;62,79;51,67732;39,2766
6084300;35,79;51,69545;39,20925
5300000;41,5;51,646044;39,128907
5046660;47,61;51,54828;39,09313
17996256;62,88;51,65898;39,18725
3591865;31,37;51,60978;39,381
10434773;98;51,74031;39,31684
5046660;47,61;51,54828;39,09313
4504869;41,5;51,36854087;42,11685414
5250946;48,52;51,574009;39,130905
3881550;33,9;51,60978;39,381
6425000;51,4;51,701773;39,2062
6750000;60,29;51,68481;39,07371
5612610;30,67;51,651;39,17766
8015400;87,59;51,647951;39,315411
10040352;94,69;51,739378;39,314012
4411764;25,62;51,73024;39,19846
10624296;59,41;51,728933;39,197652
8435280;50,2;51,727726;39,195767
16633476;102,9;51,72542;39,18063
5632740;30,78;51,651;39,17766
4034982;41,81;49,93932323;40,53511803
5110000;46;51,685245;39,075692
3560531;37,38;49,93932323;40,53511803
9882500;59;51,72535;39,18228
6857081,1;47,49;51,6401;39,18583
9200000;90,69;51,646044;39,128907
7833364;70,16;51,674317;39,403699
6430000;57,5;51,68481;39,07371
4850400;37,59;51,569446;39,11907
8038500;69,9;51,701773;39,2062
9421858;54,97;51,728933;39,197652
6430000;57,4;51,68481;39,07371
9426078,18;69,59;51,614616;39,240535
5100458,4;27,12;51,6401;39,18583
4282600;38;51,60915;39,37122
5985000;34,2;51,67768;39,2764
8347500;66,25;51,65077;39,24391
3474000;19,29;51,66149;39,25248
3210000;28,89;51,685245;39,075692
5139370;43,86;51,674317;39,403699
4740450;42,9;51,91133;39,33017
3591865;31,37;51,60978;39,381
7212228;43,86;51,68598;39,176204
7210000;64,59;51,68481;39,07371
12217627;88,69;51,646044;39,128907
7108470;41,56;51,727726;39,195767
11321882;49,06;51,699254;39,264036
12582500;71,9;51,677954;39,275797
16471840;93,58;51,727726;39,195767
3467143;20,78;51,669291;39,314332
10167371,42;96,94;51,6568985;39,09962845
3387668;20,54;51,669291;39,314332
4480000;39,9;51,68481;39,07371
3881550;33,9;51,60978;39,381
9614898;90,3;51,74031;39,31684
6163080;38,27;51,731404;39,194879
9419385;68,01;51,692872;39,130697
5610972;64,47;51,0902207;40,031849
7200540;44,04;51,65531;39,23815
28573600;129,88;51,6733;39,20121
6497700;39,38;51,69545;39,20925
5300000;41,5;51,646044;39,128907
5318886;46,9;51,73916;39,31545
13187064;45,4;51,65898;39,18725
12464340;82,59;51,71991;39,18952
8218294;71,5;51,739372;39,315543
3470000;31,2;51,685245;39,075692
9590741;88,9;51,739372;39,315543
7012730;38,29;51,66339;39,16472
9241794;66,05;51,64088;39,16197
7491000;68,09;51,701773;39,2062
7158500;69,5;51,72046049;39,13798552
5473443;46,9;51,739378;39,314012
9996720;54,33;51,727726;39,195767
3179665;27,77;51,60978;39,381
11285820;70,98;51,72542;39,18063
7481318;66,09;51,739378;39,314012
5619350;60,09;51,648217;39,315008
3565860;20,6;51,569384;39,118105
4933894;48,91;51,0902207;40,031849
6430000;57,4;51,68481;39,07371
6372300;61,72;51,36854087;42,11685414
8050000;70;51,701773;39,2062
7704300;84,19;51,647951;39,315411
9419385;68,01;51,692872;39,130697
6100000;55;51,685245;39,075692
4976280;41,4;51,67058;39,31567
4565477;40,5;51,60915;39,37122
22120756;78,88;51,65898;39,18725
6411705,4;43,97;51,65531;39,23815
7092096;64,23;51,60978;39,381
9697965;62,77;51,65531;39,23815
12715185;43,77;51,65898;39,18725
4764760;36,4;51,56919;39,12012
7169950;74,3;51,648217;39,315008
4488795;20,7;51,6766;39,17552
7401752;39,75;51,717145;39,262024
5593212;33,95;51,651;39,17766
6845106;58,29;51,739372;39,315543
5632740;30,78;51,651;39,17766
11800863;91,94;51,65531;39,23815
6250000;39,11;51,69572;39,21061
6125220;37,81;51,731404;39,194879
7169950;74,3;51,647951;39,315411
4501215;20,7;51,67652;39,17553
5401818;43,18;51,720427;39,14657
12916926;80,62;51,728933;39,197652
8479620;73,8;51,714458;39,277214
5504000;69,98;51,00177002;39,49718094
5394505;37,04;51,67446;39,40254
4295728;30,63;51,7203;39,13379
11606526;59,16;51,64058;39,15117
9668556;57,9;51,723514;39,180801
4455000;27,5;51,71788;39,19044
5643720;30,84;51,651;39,17766
8068710;44,91;51,783418;39,190156
7012730;38,29;51,66339;39,16472
11653840;76,66;51,71788;39,19044
2857950;21,36;51,718755;39,150166
11567640;78,95;51,692872;39,130697
5290380;60,59;51,610856;39,368789
6246688;72,22;51,0902207;40,031849
4245975;25,04;51,65531;39,23815
8142068;70,16;51,67446;39,40254
3694080;35,52;51,54828;39,09313
11548900;104,98;51,67813873;39,16810989
13974320;56,2;51,67366;39,19767
9706000;84,4;51,91159;39,32979
4636800;41,4;51,72046049;39,13798552
12406899,2;91,12;51,71788;39,19044
8200000;73,8;51,685245;39,075692
5684800;60,79;51,647951;39,315411
5183045;21,7;51,72168;39,18229
6518677;44,06;51,674317;39,403699
6727600;55,59;51,67729;39,27827
5619350;60,09;51,648217;39,315008
3523080;20,39;51,569384;39,118105
3557515;31,06;51,60978;39,381
11451289;46,24;51,699254;39,264036
6099600;55,25;51,60916;39,37138
18112500;103,5;51,67768;39,2764
6628820;41,56;51,65531;39,23815
4488795;20,7;51,67652;39,17553
9884275;89,41;51,674317;39,403699
4219246;30,53;51,714458;39,277214
2703000;26,5;51,54828;39,09313
6454024,5;78,54;51,61088;39,36799
6287500;50,29;51,701773;39,2062
2678520;26,26;51,54828;39,09313
14779440;57,2;51,67366;39,19767
8700000;79,59;51,68464;39,07713
6470000;57,9;51,68481;39,07371
14485314;53,54;51,67366;39,19767
7810000;62,52;51,69572;39,21061
7074432;64,08;51,60978;39,381
2797860;27,43;51,54828;39,09313
9570000;74,8;51,69572;39,21061
10104000;60;51,72535;39,18228
3354698;20,35;51,669291;39,314332
5985000;34,2;51,67768;39,2764
2750000;21,22;51,618781;39,248545
4282600;38;51,60915;39,37122
7893600;65,77;51,574009;39,130905
12222232;71,09;51,72542;39,18063
7005070;38,29;51,66339;39,16472
13038060,6;101,58;51,65531;39,23815
5117580;31,59;51,71788;39,19044
6100000;55;51,685245;39,075692
4703650;24,92;51,6401;39,18583
6099600;55,25;51,60916;39,37138
6235749;43,02;51,64088;39,16197
8088205;62,59;51,73916;39,31545
5650000;39,18;51,69572;39,21061
4816560;36,59;51,56919;39,12012
6611550;40,06;51,69545;39,20925
7092096;64,23;51,60978;39,381
7470200;93,54;51,00177002;39,49718094
11199595;64,84;51,723514;39,180801
4978000;46,9;51,81536;39,14698
11615341;77,4;51,70412;39,27386
6284850;38,09;51,69545;39,20925
10083398;94,69;51,73916;39,31545
7465920;64,63;51,674317;39,403699
7021146;45,97;51,68604;39,17548
8565266;50,06;51,727726;39,195767
3548550;20,5;51,569384;39,118105
4689000;42,9;51,816565;39,148016
5656530;30,9;51,651;39,17766
6353889;43,49;51,64088;39,16197
4129110;38,06;51,618781;39,248545
9845917;63,91;51,78249;39,1896
7169950;74,3;51,647951;39,315411
4501215;20,7;51,67652;39,17553
6850000;61,59;51,685245;39,075692
3694080;35,52;51,54828;39,09313
3574890;20,7;51,56919;39,12012
4205520;36,13;51,718755;39,150166
2874875;21,1;51,739378;39,314012
6729910;42,45;51,65531;39,23815
12233865;74,37;51,728933;39,197652
8148910;77,98;51,674317;39,403699
3412083;20,45;51,669291;39,314332
4488795;20,7;51,6766;39,17552
6974935;43,72;51,65531;39,23815
7893600;65,77;51,574009;39,130905
5630910;30,77;51,651;39,17766
10482138;59,49;51,728933;39,197652
7106400;65,8;51,72046049;39,13798552
6814989;43,77;51,651;39,17766
9018825;63,29;51,67457;39,16875
6395000;36,09;51,63666;39,23633
7889250;47,09;51,65185;39,18399
3557515;31,06;51,60978;39,381
3920000;35,2;51,685245;39,075692
5299393;43,09;51,63587;39,25059
8210000;59,86;51,69572;39,21061
3808004;38,13;51,0902207;40,031849
8925000;51;51,67768;39,2764
11458658;46,27;51,699254;39,264036
3344807;20,29;51,669291;39,314332
9230139,2;65,36;51,65531;39,23815
3210000;28,79;51,685245;39,075692
5237700;30,8;51,69545;39,20925
10208280;58,2;51,66339;39,16472
5500440;37,04;51,674317;39,403699
7212500;57,7;51,67729;39,27827
7096512;64,27;51,60978;39,381
6675000;38,9;51,63858;39,15943
9746000;88,59;51,67446;39,40254
3565860;20,6;51,56919;39,12012
7743450;46,93;51,69545;39,20925
2847625;20,89;51,73916;39,31545
4477400;38,93;51,618985;39,247526
4480000;40,09;51,68481;39,07371
4856040;36,9;51,56919;39,12012
2639225;23,04;51,60915;39,37122
14542500;83,09;51,67732;39,2766
5110000;46,09;51,685245;39,075692
4229350;25,1;51,65531;39,23815
4034982;41,81;49,93932323;40,53511803
7210000;64,3;51,68481;39,07371
6131900;36,06;51,69545;39,20925
5452800;42,11;51,718755;39,150166
5249600;54,4;51,648217;39,315008
6632160;40,43;51,71788;39,19044
8954764;52,36;51,72542;39,18063
6587260;41,56;51,65531;39,23815
4600998;35,9;51,63587;39,25059
9887500;56,5;51,67768;39,2764
5300000;41,5;51,646044;39,128907
9000000;85,9;51,646044;39,128907
6454024,5;78,54;51,61088;39,36799
8491000;48,52;51,728933;39,197652
8785000;75,13;51,69572;39,21061
5473443;46,9;51,73916;39,31545
7700000;70;51,701773;39,2062
4501215;20,7;51,6766;39,17552
12327770;80,59;51,72535;39,18228
5515076;43,09;51,56919;39,12012
4256767;40,95;51,0902207;40,031849
6012000;50,09;51,701773;39,2062
9105326;62,11;51,68604;39,17548
16008815;96,73;51,728933;39,197652
4030000;36,29;51,685245;39,075692
6000000;53,9;51,685245;39,075692
12346080;85,44;51,65531;39,23815
6112848;55,36;51,60916;39,37138
7223472;65,43;51,60978;39,381
7889250;47,09;51,65185;39,18399
11443779,3;86,61;51,64088;39,16197
4200000;37,79;51,685245;39,075692
4738750;42,5;51,72046049;39,13798552
12634860;80,4;51,664464;39,252986
5473443;46,9;51,739378;39,314012
6874497;78,73;51,0902207;40,031849
8143200;50,7;51,70412;39,27386
6492528;41,04;51,68604;39,17548
7169950;74,3;51,647951;39,315411
7503955;66,3;51,739378;39,314012
9092701,5;56,66;51,6401;39,18583
4589995;38,4;51,63616;39,27488
12531750;82,5;51,71991;39,18952
6919356,8;45,86;51,71788;39,19044
3994639;40,81;51,0902207;40,031849
7270000;65,19;51,68481;39,07371
12531750;82,5;51,71991;39,18952
7746746;43,56;51,727726;39,195767
17996256;62,88;51,65898;39,18725
11615625;73,75;51,728933;39,197652
24707255;87,76;51,65898;39,18725
4790240;36,4;51,56919;39,12012
5159484;39,59;51,67729;39,27827
4916400;28,92;51,69545;39,20925
5272302;58,81;51,0902207;40,031849
7103650;45,83;51,62787;39,32788
9697746;56,08;51,72542;39,18063
11542320;65,59;51,66339;39,16472
3891002;25,1;51,65531;39,23815
13110708;66,75;51,64086;39,15054
9129492;66,05;51,64088;39,16197
4557144;36,5;51,63587;39,25059
11602438;50,36;51,699254;39,264036
4480000;39,7;51,68481;39,07371
9467676;66,58;51,692872;39,130697
3574890;20,7;51,56919;39,12012
11287100;68,19;51,71991;39,18952
17370160;60,65;51,65898;39,18725
13551945;107,12;51,65531;39,23815
6631350;40,18;51,69545;39,20925
4621221;45,54;49,93932323;40,53511803
5242760;49,45;51,54828;39,09313
10816066;52,65;51,699254;39,264036
6112848;55,36;51,60916;39,37138
6468023,2;44,77;51,71788;39,19044
4763000;43,29;51,72046049;39,13798552
7030400;67,59;51,72046049;39,13798552
4168094;29,54;51,714458;39,277214
4556000;26,79;51,69545;39,20925
10695000;105,94;51,80987;39,173392
3914094;25,1;51,65531;39,23815
7210000;64,3;51,68481;39,07371
18570000;80,04;51,67064;39,22223
3687981;23,64;51,65531;39,23815
11325161;47,06;51,699254;39,264036
9834240;59,09;51,72535;39,18228
12180000;69,59;51,67768;39,2764
7040600;65,8;51,72046049;39,13798552
5586200;52,7;51,72046049;39,13798552
10698700;64,44;51,727726;39,195767
15435000;88,19;51,67732;39,2766
8700000;77,8;51,68481;39,07371
8654670;51,06;51,727726;39,195767
7074432;64,08;51,60978;39,381
2123550;14,3;51,618781;39,248545
4704955;24,19;51,692872;39,130697
5473443;46,9;51,73916;39,31545
11043840,5;66,7;51,6401;39,18583
5223720;43,09;51,67058;39,31567
4501215;20,7;51,67652;39,17553
12694850;83;51,72535;39,18228
6112848;55,36;51,60916;39,37138
4832100;41,52;51,718755;39,150166
6094816;54,08;51,60978;39,381
6020700;65,8;51,648217;39,315008
3505810;20,29;51,569384;39,118105
3387668;20,54;51,669291;39,314332
8729834,1;80,72;51,6568985;39,09962845
7525776;65,47;51,67446;39,40254
9867650;89,3;51,91133;39,33017
4948273;42,4;51,73916;39,31545
7169950;74,3;51,647951;39,315411
6100000;54,9;51,685245;39,075692
9220050;87,8;51,62798;39,32773
8956000;88,09;51,81536;39,14698
5310900;56,2;51,647951;39,315411
3881550;33,9;51,60978;39,381
17880000;85,88;51,67064;39,22223
3900075;22,35;51,65531;39,23815
8700000;77,8;51,68481;39,07371
8512614;32,4;51,65898;39,18725
3920000;35,29;51,685245;39,075692
8771030;53,81;51,651;39,17766
9404488;85,06;51,67446;39,40254
12582500;71,9;51,677954;39,275797
4200000;37,7;51,685245;39,075692
8187048;44,9;51,72542;39,18063
16786458;93,56;51,727726;39,195767
5097025,5;61,66;51,61088;39,36799
13740540;65,4;51,653929;39,19561
7052718;41,45;51,65185;39,18399
4249260;38,7;51,618781;39,248545
9680000;58,7;51,63858;39,15943
5722500;32,7;51,67768;39,2764
4699844;48,72;51,0902207;40,031849
6048150;66,09;51,647951;39,315411
12582500;71,9;51,677954;39,275797
8212800;51,33;51,69545;39,20925
11369455;65,52;51,71033;39,23067
6998114,6;48,88;51,64088;39,16197
4819000;39,5;51,618781;39,248545
8107500;70,5;51,91159;39,32979
9994240;78,08;51,7203;39,13379
4629890;21,39;51,6766;39,17552
5800862,2;38,33;51,65531;39,23815
7090992;64,23;51,60978;39,381
8415960;46,59;51,66339;39,16472
13431625;67,76;51,64086;39,15054
5973945;26,61;51,64722698;39,1836482
4557700;26,8;51,69545;39,20925
7503955;66,3;51,739378;39,314012
13388180;46,59;51,65898;39,18725
4217400;36,13;51,718755;39,150166
11585753;77;51,70412;39,27386
4821477;48,72;51,0902207;40,031849
9165187,2;64,48;51,65531;39,23815
4010040;33,84;51,574009;39,130905
5067819;30,77;51,651;39,17766
8226946;53,18;51,66149;39,25248
5950000;39,11;51,69572;39,21061
10325588;69,16;51,66149;39,25248
5080995;30,85;51,651;39,17766
2594338;19,6;49,93932323;40,53511803
8015400;87,59;51,648217;39,315008
13740540;65,4;51,653929;39,19561
5619350;60,09;51,647951;39,315411
7308600;46,84;51,71788;39,19044
7040972;59;51,63587;39,25059
12589020;81,8;51,72535;39,18228
2797860;27,43;51,54828;39,09313
4295361;42,29;49,93932323;40,53511803
4488795;20,7;51,67652;39,17553
2874875;21,1;51,739378;39,314012
3881550;33,9;51,60978;39,381
3663600;21,29;51,569384;39,118105
10837644,5;71,23;51,6401;39,18583
7704300;84,19;51,647951;39,315411
5428495;27,9;51,71033;39,23067
5242760;49,45;51,54828;39,09313
12986640;81,59;51,664464;39,252986
4772740;51,09;51,547575;39,091301
9922500;56,7;51,67768;39,2764
4501215;20,7;51,6766;39,17552
6099600;55,25;51,60916;39,37138
4501215;20,7;51,6766;39,17552
11418104;64,51;51,723514;39,180801
4784000;36,79;51,569384;39,118105
3560960;34,24;51,54828;39,09313
12740500;83;51,72535;39,18228
7458682;65,9;51,739378;39,314012
6862050;44,84;51,68604;39,17548
7377700;67,06;51,62798;39,32773
9973472;72,63;51,68604;39,17548
5533200;52,2;51,54828;39,09313
5533200;52,2;51,54828;39,09313
9816064;46,56;51,64058;39,15117
13650504,6;107,12;51,65531;39,23815
4984665;32,74;51,64088;39,16197
8785684;48,22;51,728933;39,197652
6443385;67,47;51,66113;39,279135
9000000;85,9;51,646044;39,128907
10305842;73,93;51,680732;39,249048
10083398;94,69;51,73916;39,31545
4820400;41,52;51,718755;39,150166
5334257;45,11;51,674317;39,403699
10270120;60,2;51,72535;39,18228
10270120;60,2;51,72535;39,18228
5395000;41,58;51,718755;39,150166
4010040;33,84;51,574009;39,130905
11016194;72,19;51,68598;39,176204
3565860;20,6;51,569384;39,118105
5600000;62,59;51,679768;39,033596
5969700;40,5;51,76077;39,17925
6994636;61,79;51,739378;39,314012
34973046;138,85;51,67366;39,19767
17607600;80,4;51,653929;39,19561
12986640;81,59;51,664464;39,252986
4784000;36,79;51,569384;39,118105
6308173,2;43,25;51,65531;39,23815
5621541;33,4;51,70412;39,27386
3210000;28,79;51,685245;39,075692
5542655;58,54;51,0902207;40,031849
4186117;41,15;51,0902207;40,031849
3514914;21,05;51,64088;39,16197
11404009;66,26;51,723514;39,180801
4282600;38;51,60916;39,37138
3903565;22,37;51,65531;39,23815
13490000;59,91;51,67064;39,22223
7053689;47,04;51,78249;39,1896
12388950;80,5;51,72535;39,18228
5046660;47,61;51,54828;39,09313
4366500;35,5;51,618781;39,248545
5051320;43,09;51,67058;39,31567
4374318;38;51,74031;39,31684
4703650;24,92;51,6401;39,18583
5026740;39,79;51,56919;39,12012
2874875;21,1;51,739378;39,314012
8031765,6;53,88;51,71788;39,19044
4068185;35,52;51,60978;39,381
5630910;30,77;51,651;39,17766
4933114;62,61;51,0902207;40,031849
4577101,2;31,29;51,71788;39,19044
12259000;47,15;51,6733;39,20121
9593925;47,84;51,686039;39,228412
5121200;43,4;51,739372;39,315543
11442270;71,06;51,651;39,17766
6947500;39,7;51,677954;39,275797
4169880;36,13;51,718755;39,150166
2185920;16,71;51,618781;39,248545
12690000;70,5;51,654467;39,201762
9579240;73,8;51,714458;39,277214
7683000;74,8;51,81536;39,14698
6851780;46,93;51,69545;39,20925
5500000;61,4;51,679768;39,033596
9884275;89,41;51,674317;39,403699
8304288;47,34;51,72542;39,18063
7559695,7;51,43;51,73024;39,19846
3646400;21,2;51,569384;39,118105
4019778;25,62;51,73024;39,19846
9649500;91,9;51,701773;39,2062
7695150;84,09;51,648217;39,315008
11987594;68,75;51,723514;39,180801
8058114,5;67,62;51,574009;39,130905
7810000;62,18;51,69572;39,21061
3881550;33,9;51,60978;39,381
3376128;20,47;51,669291;39,314332
14948670;53,34;51,65898;39,18725
28573600;129,88;51,6733;39,20121
7212659;42,38;51,65185;39,18399
3719600;21,87;51,69545;39,20925
11012440;66,4;51,72535;39,18228
4721400;38,7;51,618781;39,248545
6606600;54,59;51,67729;39,27827
7225000;57,79;51,67729;39,27827
4249260;38,7;51,618781;39,248545
3462138;20,75;51,669291;39,314332
8700000;77,8;51,68481;39,07371
12404106;55,56;51,698978;39,263224
8212800;51,33;51,69545;39,20925
9400000;90,69;51,646044;39,128907
5692835;33,4;51,70412;39,27386
8015400;87,59;51,648217;39,315008
3219000;21,36;51,718755;39,150166
3187668;38,13;51,61088;39,36799
7211160;66,76;51,54828;39,09313
10087160;59,9;51,72535;39,18228
7745300;53,04;51,69545;39,20925
5443530;43,09;51,56919;39,12012
12880702;64,98;51,64086;39,15054
5297544;41,4;51,56919;39,12012
8956000;88;51,81536;39,14698
11779506;73,52;51,728933;39,197652
15587350;76,06;51,698978;39,263224
4560000;41;51,685245;39,075692
3881550;33,9;51,60978;39,381
9913736;71,59;51,65531;39,23815
3474000;19,29;51,66149;39,25248
12957360;83,05;51,727726;39,195767
3398300;19,98;51,69545;39,20925
17432000;80;51,653929;39,19561
8140000;62,11;51,69572;39,21061
4772200;44,59;51,72046049;39,13798552
6048150;66,09;51,647951;39,315411
5511463;64,38;51,0902207;40,031849
2622000;22,26;51,618781;39,248545
5249600;54,4;51,648217;39,315008
12312475;80,5;51,72535;39,18228
10683716;59,41;51,728933;39,197652
5152000;44,79;51,91133;39,33017
4970070;44,09;51,60978;39,381
18628875;65,25;51,65898;39,18725
5494050;43,5;51,56919;39,12012
7028785;59,29;51,63587;39,25059
3557620;20,6;51,56919;39,12012
2797860;27,43;51,54828;39,09313
6025980;35,5;51,70412;39,27386
7800000;70,8;51,68464;39,07713
5901750;64,5;51,648217;39,315008
5225619;42,5;51,63587;39,25059
9899250;59,09;51,72535;39,18228
6737940;36,9;51,67652;39,17553
3977258;41,36;51,0902207;40,031849
6982500;39,9;51,677954;39,275797
5535750;30,25;51,651;39,17766
2376000;16;51,618781;39,248545
5183045;21,7;51,72168;39,18229
8800000;85,9;51,646044;39,128907
10361799;71,51;51,651;39,17766
2049300;15,13;51,618985;39,247526
8899985;42,2;51,64058;39,15117
8492519;90,18;49,93932323;40,53511803
3591865;31,37;51,60978;39,381
2847625;20,89;51,73916;39,31545
4282600;38;51,60915;39,37122
14609781;51,56;51,65898;39,18725
5228820;41,4;51,56919;39,12012
4700000;42;51,68464;39,07713
11007738;64,26;51,727726;39,195767
7169950;74,3;51,647951;39,315411
4405443;39,09;51,60915;39,37122
5346448;40,9;51,67729;39,27827
9887500;56,5;51,67768;39,2764
5619350;60,09;51,648217;39,315008
3980000;35,79;51,685245;39,075692
17844432;63;51,65898;39,18725
10829072;59,24;51,728933;39,197652
8767500;50,09;51,677954;39,275797
4403600;40,4;51,72046049;39,13798552
7510543,5;47,49;51,6401;39,18583
20106000;89,36;51,6733;39,20121
8956000;88,09;51,81536;39,14698
2172258;16,79;51,618781;39,248545
3884248;38,11;51,0902207;40,031849
7797245;43,5;51,646044;39,128907
4488795;20,7;51,67652;39,17553
10854380,8;77,62;51,71788;39,19044
3630640;34,9;51,54828;39,09313
5031516;39,79;51,67729;39,27827
14334440;89,19;51,72168;39,18229
6413070;61;51,36854087;42,11685414
